"No","Tip","Mahkeme/Daire","Esas","Karar","Tarih","ID (Sinerji)","URL","Anahtar Kelimeler","Snippet"
"1","Anayasa","Bölüm","2022/42654","2026/","2026-03-03","WjJkMno2UmpEY3FyOHZUZktZR1JGSkRUdlFEeG1mUGc","https://mevzuat.sinerjias.com.tr/ictihat/yuksek-mahkeme/yargitay%20karari/WjJkMno2UmpEY3FyOHZUZktZR1JGSkRUdlFEeG1mUGc","boğazına, boğazını, travmatik","memurunun kolunu bırakmaması üzerine başvurucunun boştaki sol eli ile kendisine eşlik eden polis memurunun boğazına ... sarılarak boğazını sıktığı ve ""Şerefsizsiniz"" diyerek polis memuruna hakaret ettiği tutanakta ... raporuna ilişkin olarak alınan 11/11/2019 tarihli adli tıp raporunda 'kişinin vücudunda haricen travmatik ... memurunun kolunu bırakmaması üzerine başvurucunun boştaki sol eli ile kendisine eşlik eden polis memurunun boğazına ... sarılarak boğazını sıktığı ve ""Şerefsizsiniz"" diyere"
"2","Yargıtay","Hukuk Dairesi","2024/11965","2026/1658","2026-02-16","cDBBRlJkbjlUV2NHd3FQU3RKS01GSjBOQTBYL0lNY2M","https://mevzuat.sinerjias.com.tr/ictihat/yuksek-mahkeme/yargitay%20karari/cDBBRlJkbjlUV2NHd3FQU3RKS01GSjBOQTBYL0lNY2M","boğaz, travmatoloji","yedi uzman tarafından düzenlenmesi gerekirken, sunulan raporun bir adli tıp uzmanı, bir kulak burun boğaz ... uzmanı ve bir ortopedi ve travmatoloji uzmanı tarafından hazırlandığı, ayrıca skar izi nedeniyle heyette ... ikametine en yakın Üniversite Hastanesinin Adli Tıp Anabilim Dalı bölümünden içerisinde Ortopedi ve Travmatoloji"
"3","Yargıtay","Hukuk Dairesi","2025/3387","2026/281","2026-01-21","VEEyelNISjV0Y3dCLzY5TjBMeFRCQ3pOSzZ3MUtRZ2Q","https://mevzuat.sinerjias.com.tr/ictihat/yuksek-mahkeme/yargitay%20karari/VEEyelNISjV0Y3dCLzY5TjBMeFRCQ3pOSzZ3MUtRZ2Q","hamileliğinin, hamileler, hamile, travma, gebeliğinin, gebelik","nın hamileliğinin ilk günlerinden itibaren davalı hastanenin dava dışı kadın doğum doktoruna giderek ... doktorun ertesi sabah bebeğin down sendromlu olduğunu söylediğini, down sendromu testinin 35 yaş üstü hamileler ... için zorunlu olduğunu, müvekkili ... 37 yaşında hamile kaldığından down sendromu testi yapılması gerektiğini ... nın down sendromlu olduğunu öğrendikleri günden bu yana korkunç bir travma yaşadıklarını, ...' ... nın gebeliğinin 7. haftasında kalp atımının tespit edildiğini,12. h"
"4","Anayasa","Bölüm","2021/62686","2026/","2026-01-07","eWdhSkFhcXptRDVkQmR2MG12SmZZNUxKS1N5MFJVMXA","https://mevzuat.sinerjias.com.tr/ictihat/yuksek-mahkeme/yargitay%20karari/eWdhSkFhcXptRDVkQmR2MG12SmZZNUxKS1N5MFJVMXA","travmatoloji, boğaz","Ortopedi ve Travmatoloji Ana Bilim Dalı tarafından düzenlenen 21/12/2018 tarihli raporda ""cilt kesisi ... Kulak, Burun ve Boğaz Hastalıkları Ana Bilim Dalı Başkanlığınca düzenlenen 5/12/2018 tarihli raporda,"
"5","Bölge Adliye Mahkemesi","43. Hukuk Dairesi","2024/353","2025/1878","2025-12-11","cFdYVnlTUThHRjhqZ0FhMGZ2Y2dOQT09","https://mevzuat.sinerjias.com.tr/ictihat/yuksek-mahkeme/yargitay%20karari/cFdYVnlTUThHRjhqZ0FhMGZ2Y2dOQT09","hamileliği, hamilelikte, travma, gebelikte, gebelik, gebe","(baba)ın müşterek çocuğu olduğunu, müvekkili ... ...ın hamileliği boyunca davalının sigortalısı doktor ... tarafından takip edildiğini, anılan doktorun genel olarak tıbbi kötü uygulaması sonucu down sendromunun hamilelikte ... sürecin ağır ve meşakkatli bir süreç olduğu bu durumun çocuk yanı sıra anne ve baba içinde ciddi bir travma ... Gebelikte ise, hem anne sağlığı hem de çocuğun sağlığı söz konusudur. ... Gebelik süresi, on haftadan fazla ise rahim ancak gebelik, annenin hayatını tehdit etti"
"6","Bölge Adliye Mahkemesi","43. Hukuk Dairesi","2022/1571","2025/1879","2025-12-11","Tk5neFdjUGFmYlVxRDlPUXZlVzZBdz09","https://mevzuat.sinerjias.com.tr/ictihat/yuksek-mahkeme/yargitay%20karari/Tk5neFdjUGFmYlVxRDlPUXZlVzZBdz09","hamileliği, hamilelikte, travma, gebeliğe, gebelik, gebe","Katı nın hamileliği boyunca davalının sigortalısı doktor tarafından takip edildiğini, ne var ki anılan ... toktorun genel olarak tıbbi kötü uygulaması sonucu down sendomu hamilelikte teşhis edilemediğini, küçük ... edeceğini, davalının sigortalısı doktorun tibbi kötü uygulaması sonucu bebeğin down sendromlu olduğu hamilelikte ... sürecin ağır ve meşakkatli bir süreç olduğu bu durumun çocuk yanısıra anne ve baba içinde ciddi bir travma ... Gebeliğe ve bebeğe müdahale gerektiren (gebelik sıvısı ve"
"7","Yargıtay","Hukuk Dairesi","2024/10262","2025/16176","2025-12-03","bEc5eW1Yb0xPZkhpditlM3Y0NUFpNnRCbW1sSUU5WFg","https://mevzuat.sinerjias.com.tr/ictihat/yuksek-mahkeme/yargitay%20karari/bEc5eW1Yb0xPZkhpditlM3Y0NUFpNnRCbW1sSUU5WFg","travmatoloji, boğaz","mululiyet raporunun yönetmeliğe uygun düzenlenmediğini, sigorta şirketi tarafından aldırılan ortopedi ve travmatoloji ... Anabilim Dalı Başkanlığı'nın bir adli tıp uzmanı, bir beyin ve sinir cerrahisi uzmanı, bir ortopedi ve travmatoloji ... %15, çiğneme yutma zorluğuna bağlı olarak %10, toplam %24 olarak belirlendiği, ancak kulak burun boğaz ... Uyuşmazlık Hakem Heyeti tarafından içinde kulak burun boğaz uzmanı ve cildiye/ plastik cerrahisi uzmanı ... Hakkında Yönetmelik hükümlerine uygun olara"
"8","Yargıtay","Hukuk Dairesi","2024/10227","2025/16175","2025-12-03","MW5XMlp2elBxY0lsTCtzTjRHSW9MZWM5cU1OUHI3dWw","https://mevzuat.sinerjias.com.tr/ictihat/yuksek-mahkeme/yargitay%20karari/MW5XMlp2elBxY0lsTCtzTjRHSW9MZWM5cU1OUHI3dWw","boğaz, travmatoloji","hükümlerine göre sürekli iş göremezlik oranının %5 olarak belirlendiği, maluliyet raporunun kulak burun boğaz ... uzmanı, ortopedi ve travmatoloji uzmanı ve adli tıp uzmanından oluşan 3 kişilik hekim heyetince düzenlendiği"
"9","Yargıtay","Hukuk Dairesi","2025/10653","2025/16015","2025-12-01","c3l0QStDRDU1cGxYQ1V2VVRIbFFoSEN0b0xzeTVDczU","https://mevzuat.sinerjias.com.tr/ictihat/yuksek-mahkeme/yargitay%20karari/c3l0QStDRDU1cGxYQ1V2VVRIbFFoSEN0b0xzeTVDczU","boğaz, travmatoloji","raporu arasındaki çelişkiyi giderecek şekilde STK bilirkişi listesinden bir ortopedi, bir kulak burun boğaz ... çelişkiyi giderecek şekilde Sigorta Tahkim Komisyonu bilirkişi listesinden bir ortopedi, bir kulak burun boğaz ... ikametine en yakın Üniversite Hastanesinin Adli Tıp Anabilim Dalı bölümünden içerisinde ortopedi ve travmatoloji ... uzmanı, nöroloji uzmanı, kulak burun boğaz uzmanının da bulunduğu heyetten rapor alınıp, davacıda tespit"
"10","Yargıtay","Hukuk Dairesi","2025/14638","2025/16174","2025-11-27","bUNtSG5kcFNFMmpReVBEaHdUeS9qaVp3RFh6ZkRURS8","https://mevzuat.sinerjias.com.tr/ictihat/yuksek-mahkeme/yargitay%20karari/bUNtSG5kcFNFMmpReVBEaHdUeS9qaVp3RFh6ZkRURS8","travma, boğaz, travmatoloji","İdare Mahkemesine açılan davanın görev yönünden reddedildiğini, davacılar murisinin travma sonrası stres ... sonra, en son verilen ...Şehir Hastanesinin 16.04.2019 gün ve 1109 sayılı Sağlık Kurulu Raporu ile “travma ... işitme kaybı yönünden ise hiçbir araştırma ve inceleme yaptırılmadığını, ... hastanelerinin Kulak Burun Boğaz ... yaralanması olayı nedeniyle vücudunda meydana gelen tüm hastalık ve arızalar (Psikiyatri, Kulak Burun Boğaz ... , Ortopedi ve Travmatoloji, Kas ve İskelet Sistemi ve "
"11","Yargıtay","Ceza Dairesi","2021/6621","2025/8181","2025-11-25","MEpJNWhjY3hGZXVIeDFrRHpRT3dROFJ5MllMeXVGdDg","https://mevzuat.sinerjias.com.tr/ictihat/yuksek-mahkeme/yargitay%20karari/MEpJNWhjY3hGZXVIeDFrRHpRT3dROFJ5MllMeXVGdDg","boğazını, travmanın","tartışma sonucu sanığın, maktulün bulunduğu banyodan içeriye girip maktulü eliyle ittiği, maktulün boğazını ... maktulün dengesini kayıp edip yere düştüğü ve adli tıp raporuna göre maktulün ölümünün maruz kaldığı travmanın ... işinin kaldığını, sonra çıkacağını söylemesi üzerine, banyoya girip maktulü eliyle ittiği, maktulün boğazını ... tıbbi müdahale ile giderilebilecek ölçüde hafif nitelikte olduğunun, maktulün ölümünün maruz kaldığı travmanın"
"12","Yargıtay","Hukuk Dairesi","2024/9544","2025/15694","2025-11-25","ZDdBdThXTVR3aVRNbGF6dzBBVk15akwxUjI0SmRudFI","https://mevzuat.sinerjias.com.tr/ictihat/yuksek-mahkeme/yargitay%20karari/ZDdBdThXTVR3aVRNbGF6dzBBVk15akwxUjI0SmRudFI","travmatoloji, boğaz","yaralanmanın niteliği gözetildiğinde raporu hazırlayan heyet teşekkülünün yetersiz olduğu, heyette ortopedi ve travmatoloji ... şekilde yerleşim yerine en yakın üniversite adli tıp anabilim dalı başkanlığından içinde ortopedi ve travmatoloji ... Yönetmelik hükümlerinin esas alındığı ve 2 adli tıp uzmanı, 1 nöroloji, 1 üroloji, 1 kulak burun ve boğaz"
"13","Yargıtay","Hukuk Dairesi","2024/8260","2025/15161","2025-11-06","ZmFpWmNNQ3hsM2h0YTFNbmVJV1JRVHdHN0daU3A1MEw","https://mevzuat.sinerjias.com.tr/ictihat/yuksek-mahkeme/yargitay%20karari/ZmFpWmNNQ3hsM2h0YTFNbmVJV1JRVHdHN0daU3A1MEw","travmaları, boğaz","skar ve keloid niteliğinde olmadığı, bu nedenle skar dokusunun maluliyete neden olmadığı, yine yüz travmaları ... uygun şekilde davacının maluliyet tayinine neden olarak rahatsızlıkları da gözetilerek kulak burun boğaz"
"14","Yargıtay","Hukuk Dairesi","2024/6849","2025/15000","2025-11-03","aWpNSWlBUzhuNEMwb3Z3a2IyVG1aajBDbHd4bFlyYTc","https://mevzuat.sinerjias.com.tr/ictihat/yuksek-mahkeme/yargitay%20karari/aWpNSWlBUzhuNEMwb3Z3a2IyVG1aajBDbHd4bFlyYTc","travmatoloji, boğaz","Üniversitesi Tıp Fakültesi Adli Tıp Ana Bilim Dalı Başkanlığınca (2 ortopedi ve travmatoloji uzmanı, ... 1 adli tıp uzmanı, 1 kulak burun boğaz uzmanı) düzenlenen 08.05.2023 tarihli maluliyet raporunda burun ... Uyuşmazlık Hakem Heyetince, dosyada alınan maluliyet raporu yeterli görülmeyerek içerisinde kulak burun boğaz"
"15","Bölge Adliye Mahkemesi","35. Hukuk Dairesi","2024/1042","2025/1302","2025-10-23","bzBkR2k4SHB5RjlidEJCeXhrNS9sdz09","https://mevzuat.sinerjias.com.tr/ictihat/yuksek-mahkeme/yargitay%20karari/bzBkR2k4SHB5RjlidEJCeXhrNS9sdz09","boğaz, travması, travma, travmasına","cetveller esas alınmak kaydıyla bedensel engel oranı hesaplandığında; a) Burun deviasyonu için: Kulak-Burun-Boğaz ... fiziksel görünümü bozan burun eğriliği maddesine göre %2 olduğu, b) Kaza nedeniyle meydana gelen kafa travması ... Epilepsi — 7- Nöbeti olmayan ancak nöbet geçirme riski olan maddesine göre %5 olduğu, c) Sol gözde travma ... oranının %9(yüzde dokuz)olduğu, sekel halini aldığı ve sürekli olduğu,denilmiş olup, davacının kafa travmasına"
"16","Danıştay","Daire","2022/3801","2025/4763","2025-10-23","bDEzVm9rUHMrZXc4TzNhSlFlV09sUnB5Z0xWV0VlVks","https://mevzuat.sinerjias.com.tr/ictihat/yuksek-mahkeme/yargitay%20karari/bDEzVm9rUHMrZXc4TzNhSlFlV09sUnB5Z0xWV0VlVks","gebe, gebeliği, gebeye, travmanın","Devlet Hastanesine adet tarihine göre 39 hafta 3 günlük suları gelen gebe olarak başvurduğu, 2. gebeliği ... tarafından takipde ÇKS(kalp atımları)|95-98 atım/dk olarak tespit edildiği, uzman hekime haber verildiği, gebeye ... Devlet Hastanesinde adet tarihine göre 39 hafta 3 günlük suları gelen gebe olarak başvurduğu,2. gebeliği ... tarafından takipde ÇKS(kalp atımları)|95-98 atım/dk olarak tespit edildiği,uzman hekime haber verildiği, gebeye ... girdiği sezaryen ile doğum sonrasında bebeğinin v"
"17","Yargıtay","Hukuk Dairesi","2024/7288","2025/14301","2025-10-16","TUZXaDBSSnU1VnNuaGh5Smx1OWw1Z3g5bnNoKzZ3RW0","https://mevzuat.sinerjias.com.tr/ictihat/yuksek-mahkeme/yargitay%20karari/TUZXaDBSSnU1VnNuaGh5Smx1OWw1Z3g5bnNoKzZ3RW0","boğaz, travmatoloji","Raporları Hakkında Yönetmelik hükümlerine göre %5 olarak hesaplandığı, raporun adli tıp uzmanı, kulak burun boğaz ... hastalıkları uzmanı ile ortopedi ve travmatoloji uzmanı tarafından hazırlandığı, Uyuşmazlık Hakem Heyeti"
"18","Yargıtay","Hukuk Dairesi","2025/906","2025/4746","2025-10-09","Snh5QWN4Y3N0QjNPdDFrbmZYZ2hkdXN1Z2VsQ1MvSmg","https://mevzuat.sinerjias.com.tr/ictihat/yuksek-mahkeme/yargitay%20karari/Snh5QWN4Y3N0QjNPdDFrbmZYZ2hkdXN1Z2VsQ1MvSmg","travmatik, boğazına","ortamında ve doktor takibinde iken kaybedilmesi tıp bilgisi olmayan ailesinin bakış açısı ile anlaşılmaz ve travmatik ... hastası olduğu sabahtan beri aralıklarla 10-15 dk sürüp geçen mide ağrısı olduğunu akşam yemek yerken boğazına"
"19","Yargıtay","Hukuk Dairesi","2024/6070","2025/13234","2025-09-29","TTk3UEFCZHNrRllMdU9KK0ZFcUVUVFVidHUxK25aT2M","https://mevzuat.sinerjias.com.tr/ictihat/yuksek-mahkeme/yargitay%20karari/TTk3UEFCZHNrRllMdU9KK0ZFcUVUVFVidHUxK25aT2M","boğaz, travmatoloji","az yedi daimi üyeden oluşur: a) İç hastalıkları uzmanı, b) Göz hastalıkları uzmanı, c) Kulak burun boğaz ... Bulunmaması durumunda varsa ortopedi ve travmatoloji uzmanı kurula katılır.(4) Hastanın teşhis ve tedavisinde"
"20","Bölge Adliye Mahkemesi","35. Hukuk Dairesi","2024/865","2025/1099","2025-09-25","dklUQWllM09STlcyMGx1NFIyQlFwQT09","https://mevzuat.sinerjias.com.tr/ictihat/yuksek-mahkeme/yargitay%20karari/dklUQWllM09STlcyMGx1NFIyQlFwQT09","travma, boğaz","geçirdiğini, kalçasına çok sayıda çivi ve vida takıldığını, yaralanmaları sebebiyle ağır psikolojik travma ... bölümü Tablo3.3e göre kişinin engel oranı; % 5, sol kulak heliksindeki şekil bozukluğu için Kulak Burun Boğaz"
"21","Bölge Adliye Mahkemesi","13. Hukuk Dairesi","2022/2008","2025/1424","2025-09-18","RkFpQUZyN0FnbUlRMHZ6OHA2ZkNudz09","https://mevzuat.sinerjias.com.tr/ictihat/yuksek-mahkeme/yargitay%20karari/RkFpQUZyN0FnbUlRMHZ6OHA2ZkNudz09","gebelik, gebelikte, gebeliğinin, hamileliğin, travma","A.Ş tarafından düzenlendiğini, sigortalı doktorun gebelik takibinde davacı anneyi down sendromunu tespit ... takibinin hukuka aykırı olduğunu, Yargıtayın, gebelikte saptanmayan özürlere ilişkin davaların nasıl ... çözümlenmesi gerektiğini hükme bağladığını, yapılması gerekenlerin, gebelikte tam sonuç vermeyen ve ... Davacı annenin sigortalı doktor tarafından gebelik muayenesi 25/06/2017 tarihinde davacı annenin gebeliğinin ... Hukuk Dairesinin E. 2012/7843 K. 2013/5023 T. 4.3.2013 sayılı kararın"
"22","Anayasa","Bölüm","2021/42882","2025/","2025-09-17","K3JUUGFnNUVjSGo0cDdGSGVkVHlPZjdBNUp5akI2cWg","https://mevzuat.sinerjias.com.tr/ictihat/yuksek-mahkeme/yargitay%20karari/K3JUUGFnNUVjSGo0cDdGSGVkVHlPZjdBNUp5akI2cWg","boğazına, travmatik","Personel ayrıca A.C.nin elinde tülbent benzeri bir yazma tuttuğunu ve eşinin boğazına bu yazmanın kaçtığını ... Adli Tıp İhtisas Kurulu, ölüm nedeni hakkında hazırladığı raporda kişinin travmatik tesirle veya zehirlenerek"
"23","Yargıtay","Ceza Genel Kurulu","2024/322","2025/300","2025-07-02","dXYvSGMyWDZiZlN0bzU4eE1DN3dKQ3hqVXpmbkVMMWE","https://mevzuat.sinerjias.com.tr/ictihat/yuksek-mahkeme/yargitay%20karari/dXYvSGMyWDZiZlN0bzU4eE1DN3dKQ3hqVXpmbkVMMWE","boğazda, boğazını, gebelik, hamile, gebeliğini, travmaya, travma","duhul şekilde acile getirilen bebeğin tüm müdahalelere rağmen kalp atımı ve solunumun sağlanamadığı, boğazda ... sanığın, banyo yaparken bebeğin geldiğini, bebeği öldürmek istediğini, neden yaptığını bilmediğini, boğazını ... , sanığa yeniden gebelik durumunu sorduğunu, sanığın ağrıdan cevap veremediğini, son kez sorduğunda hamile ... hamile olduğunu sekiz aylık iken öğrendiğini, karnı da çok büyümediğinden son gebeliğini fark edemediğini ... gebelik ve doğum açısından kayda değer bir risk tablo"
"24","Yargıtay","Hukuk Dairesi","2025/192","2025/3719","2025-07-01","UjNwS1hEU2VMbDVxc0I3bkRSbm5VRHNIS29YY2ROTzY","https://mevzuat.sinerjias.com.tr/ictihat/yuksek-mahkeme/yargitay%20karari/UjNwS1hEU2VMbDVxc0I3bkRSbm5VRHNIS29YY2ROTzY","travmatik, boğaz","ödemin tamamen korunaksız olan görme sinirini sıkıştırarak zarar verdiğini, konulan teşhisin \""travmatik ... halde İlk Derece Mahkemesince, tam teşekküllü Üniversite Hastanelerinde görevli, içerisinde kulak burun boğaz"
"25","Anayasa","Bölüm","2021/13900","2025/","2025-06-24","UzNlRUJsYkt4OVFzblBoS3J4ZWQvUTMvRWU4UVhKbGg","https://mevzuat.sinerjias.com.tr/ictihat/yuksek-mahkeme/yargitay%20karari/UzNlRUJsYkt4OVFzblBoS3J4ZWQvUTMvRWU4UVhKbGg","boğazının, travma","gelen bir kıdemli başçavuş ve yine orada bulunan bir kişi tarafından yan odaya alınarak tokatlandığını, boğazının ... tarafından ibraz edilen 6/8/2013 tarihli raporunda; alınan öykü ve yapılan ruhsal durum muayenesi bulguları travma ... psikometrik testlerde beck depresyon ölçeği (39 puan), beck anksiyete envanteri (33 puan), MMPI ve travma ... Hastanesince verilen psikiyatrik muayene raporları ve hasta gözlem ve epikriz formlarına göre başvurucuda travma"
"26","Yargıtay","Ceza Genel Kurulu","2023/169","2025/254","2025-06-11","RWdDcHFRaEpSWGZGaUh2dnJTNkNrUm42ckFmSSswVXk","https://mevzuat.sinerjias.com.tr/ictihat/yuksek-mahkeme/yargitay%20karari/RWdDcHFRaEpSWGZGaUh2dnJTNkNrUm42ckFmSSswVXk","travma, boğazına","olanları düşünmesinin derse odaklanmasını azalttığı\"" tespitlerine yer verildiği ve katılan mağdureye travma ... \"" diyerek cinsel organının üzerine oturmasını istediğini, badisini boğazına kadar yukarı kaldırdığını"
"27","Yargıtay","Hukuk Dairesi","2022/8709","2025/9117","2025-06-03","bUxRMGJKVWdyendxQ0RsaTVOWUVwWXVQTzJsZ2lKSS8","https://mevzuat.sinerjias.com.tr/ictihat/yuksek-mahkeme/yargitay%20karari/bUxRMGJKVWdyendxQ0RsaTVOWUVwWXVQTzJsZ2lKSS8","hamile, travma","dilekçesinde; davacının davalı tarafından 2014 yılında defalarca tecavüze uğradığını, bu tecavüzler esnasında hamile ... edildiğini, Adli Tıp Kurumu Kütahya şubesinin 24.07.2014 tarihli raporunda mağdur davacının geçirdiği travma"
"28","Danıştay","Daire","2022/4532","2025/3006","2025-06-03","VWJLS1drSUZSeW9lTzV1SlBWdnB0UUVzWnJKSE9IazI","https://mevzuat.sinerjias.com.tr/ictihat/yuksek-mahkeme/yargitay%20karari/VWJLS1drSUZSeW9lTzV1SlBWdnB0UUVzWnJKSE9IazI","travmatoloji, boğaz","Hastanesinin Ortopedi ve Travmatoloji bölümünden (dorsalji teşhisli) ... tarihinden itibaren 10 gün süreli ... Hastanesinin Kulak, Burun, Boğaz Hastalıkları bölümünden (burun ve nazal sinüslerin diğer tanımlanmış"
"29","Anayasa","Bölüm","2021/53214","2025/","2025-05-27","TG1JT0lDTmtoajRWeDlBcndXWS9aWUMxMTFMYTJKSkM","https://mevzuat.sinerjias.com.tr/ictihat/yuksek-mahkeme/yargitay%20karari/TG1JT0lDTmtoajRWeDlBcndXWS9aWUMxMTFMYTJKSkM","gebelik, travması, gebe, hamileliğin","tarihinde düzenlenen bir üyenin muhalif kaldığı raporda; annenin daha önce normal doğum yapmış olduğu, gebelik ... Başvurucular; anılan rapora itirazlarında, annenin gebelik sürecinde beşinci aydan itibaren düzenli bir ... ve doğuma ait tıbbi belgelerin temin edilememesi nedeniyle doğum öncesi yapılan kontroller ve doğum travması ... bulunmamasına karşın özel hastane tarafından Göztepe SSK Hastanesine yazılan yazıda düzenli takibi olup gebe ... Annenin gebelik süresince kan şekerlerinin normal o"
"30","Yargıtay","Hukuk Dairesi","2024/4040","2025/3058","2025-05-27","RC9YZ095bndkTmlFeWJuTU5zWGVjMXNzSHhzZ1Q0L2w","https://mevzuat.sinerjias.com.tr/ictihat/yuksek-mahkeme/yargitay%20karari/RC9YZ095bndkTmlFeWJuTU5zWGVjMXNzSHhzZ1Q0L2w","hamilelik, travması","in hamilelik sürecinde de aynı hastaneye muayeneye gittiğini, son aylarında yapılan muayenesinde her ... ihtimalinin devredışı bırakılmasına, pediatri açısından önemli olanın doğum sürecinde bebeğin doğum travması"
"31","Danıştay","Daire","2023/4355","2025/2700","2025-05-26","WlloT0p0bEdpR051SWZsRG1uU3RlZUFSOGlkZ0JrN2w","https://mevzuat.sinerjias.com.tr/ictihat/yuksek-mahkeme/yargitay%20karari/WlloT0p0bEdpR051SWZsRG1uU3RlZUFSOGlkZ0JrN2w","travmatik, gebe, gebelerde","fonksiyonlarını etkileyen bir hastalığı, sakatlığı olanlar ile doğuştan (konjenital) veya sonradan (cerrahi-travmatik ... fonksiyonlarını etkileyen bir hastalığı, sakatlığı olanlar ile doğuştan (konjenital) veya sonradan (cerrahi-travmatik ... aneminin, 15 yaşın üzerindeki yetişkin erkeklerde Hgb değerinin 13 gr/dl altında, 15 yaşın üstünde ve gebe ... olmayan kadınlarda 12 g/dl nin altında, gebelerde ise 11gr/dl’nin altında olması şeklinde tanımlandığı"
"32","Yargıtay","Hukuk Dairesi","2024/1955","2025/8460","2025-05-26","alZYYkM2NzRaWFdtM3A3dmQ3bnd5bDVXcUhGTUhTaDA","https://mevzuat.sinerjias.com.tr/ictihat/yuksek-mahkeme/yargitay%20karari/alZYYkM2NzRaWFdtM3A3dmQ3bnd5bDVXcUhGTUhTaDA","travma, boğaz","cetvelinin \""Kas İskelet Sistemi\"" başlığında Yaralanma Modeli veya Tanı İlişkili Değerlendirme bölümünde \""Travma ... bir değerlendirme de yapılmadığı ayrıca maluliyet raporunu düzenleyen kurulun içerisinde kulak burun boğaz ... İçin Engellilik Değerlendirmesi Hakkında Yönetmelik hükümlerine uygun olarak içerisinde kulak burun boğaz"
"33","Yargıtay","Hukuk Dairesi","2024/5321","2025/3471","2025-05-20","UXJSYy82cUsxSzVWajF1c1Z3bHplNVpSVk5hVTNuYzE","https://mevzuat.sinerjias.com.tr/ictihat/yuksek-mahkeme/yargitay%20karari/UXJSYy82cUsxSzVWajF1c1Z3bHplNVpSVk5hVTNuYzE","gebelik, gebelikte, gebeliğin, gebeliğe, hamilelik, travma","ın annesi olduğunu, gebelik takibinin dava dışı doktor tarafından yapıldığını, Tıbbi Kötü Uygulamaya ... İlişkin Zorunlu Mali Sorumluluk Sigorta poliçesinin davalı ... tarafından düzenlendiğini, doktorun gebelik ... nin down sendromlu olarak doğmasına sebebiyet verdiğini, down sendromunun gebelikte tespitinin mümkün ... olduğunu, tespiti halinde gebeliğin sonlandırılmasına izin veren bir özür olduğunu, hastayı aydınlatmayan ... kusur atfedilemeyeceğini, anne babanın çocuğun down sendromlu olarak"
"34","Yargıtay","Hukuk Dairesi","2025/1259","2025/7457","2025-05-08","bWVPdmF1cjU2ZGhqQTNPNkRtNElQS2dHeWJ4YURMM3I","https://mevzuat.sinerjias.com.tr/ictihat/yuksek-mahkeme/yargitay%20karari/bWVPdmF1cjU2ZGhqQTNPNkRtNElQS2dHeWJ4YURMM3I","travmatik, boğaz","düzenlenen 03.09.2021 tarihli raporda, davacının trafik kazası sonucu yaralanması nedeniyle oluşan epilepsi, travmatik ... göremezlik durumunun tespitine ilişkin heyette bulunması gerekli görülen nöroloji uzmanı, kulak burun boğaz ... Değerlendirmesi Hakkında Yönetmelik hükümlerine uygun olarak ve içerisinde nöroloji uzmanı, kulak burun boğaz"
"35","Danıştay","Daire","2022/445","2025/2475","2025-05-08","akEzUmtKNm02YlJpUzhEcE9wc2tKdzB6Y3FlQ0dQQi8","https://mevzuat.sinerjias.com.tr/ictihat/yuksek-mahkeme/yargitay%20karari/akEzUmtKNm02YlJpUzhEcE9wc2tKdzB6Y3FlQ0dQQi8","gebe, gebeliği, gebelikte, gebelik, travmatik, travması","Hastanesine miadında suları gelen ağrılı gebe olarak başvurduğu, ilk gebeliği olduğu, saat 12.51’de erken ... membran rüptürü (gebelikte erken su gelişi) tanısı ile yatırıldığı, vajinal muayenede, kollum açıklığı ... : 1cm, silinme: %10, ÇKS:142 olduğu, su kesesi (-) olduğu tespitinin yapıldığı, gebelik USG tetkiki yapıldığı ... multifaktöryel ve çok sebepli bir bozukluk olup (doğumsal, genetik, enflamatuar, enfeksiyöz, anoksik, travmatik ... oluşabildiği, bebeklerin %75-80 gibi büyük bir bölümü"
"36","Danıştay","Daire","2025/550","2025/2265","2025-05-07","dWxqTTZPbEJkQUl6S1dFZ3NMcFRQTUt5U0dtNnZ4TWE","https://mevzuat.sinerjias.com.tr/ictihat/yuksek-mahkeme/yargitay%20karari/dWxqTTZPbEJkQUl6S1dFZ3NMcFRQTUt5U0dtNnZ4TWE","boğaz, travmatik","sayılı Resmi Gazete'de yayınlanan Yönetmelik ile değişik- Ek-3-6 maddesinde; A Dilimi Kulak burun boğaz ... fonksiyonlarını etkileyen bir hastalığı, sakatlığı olanlar ile doğuştan (konjenital) veya sonradan (cerrahi-travmatik ... maddesinin ikinci fıkrasının (a) bendi gereği aday mevcut sağlık durumu ile değerlendirilir. (1) Kulak burun boğaz"
"37","Yargıtay","Hukuk Dairesi","2024/677","2025/7176","2025-05-06","eS9mR1EwU24valFvVVNsTUNVdWVjVVdvOGorcFZ3U3E","https://mevzuat.sinerjias.com.tr/ictihat/yuksek-mahkeme/yargitay%20karari/eS9mR1EwU24valFvVVNsTUNVdWVjVVdvOGorcFZ3U3E","boğaz, travmatoloji","deformitesinin mevcut olduğu, tam kapanmadan ön dişlerini temas ettiremediği, yönetmelikte bu arazın kulak burun boğaz ... edilebileceğinin düzenlendiği, başvuran tarafından sunulan raporun, 2 adli tıp uzmanı, 1 ortopedi ve travmatoloji ... uzmanı, 1 beyin ve sinir cerrahisi uzmanı, 1 kulak burun boğaz hastalıkları uzmanı ve 1 deri ve zührevi"
"38","Anayasa","Bölüm","2021/6156","2025/","2025-04-30","YXJOUFNVcVNaaC9EOUlRcGl2ek9UOVF5UVpKMFVqL2o","https://mevzuat.sinerjias.com.tr/ictihat/yuksek-mahkeme/yargitay%20karari/YXJOUFNVcVNaaC9EOUlRcGl2ek9UOVF5UVpKMFVqL2o","boğaz, travma, travmatik","Raporda Ö.Ç.nin psikolojik olarak bipolar bozukluğu olduğu, kulak burun boğaz, kardiyoloji bakımından ... lezyonların yeri ve ağırlığı itibarıyla ölüme sebep olacak nitelikte olmadığı, iç muayenede kırık ya da travma ... , damar yaralanması bulunmadığı, bünyede toksik maddeye rastlanmadığı, bu bağlamda kişinin ölümünün travmatik ... gerekçesinde kronik akciğer hastalığı bulunan Ö.Ç.nin ölümünün kalp damar hastalığı sonucu oluştuğunu, travmatik"
"39","Bölge Adliye Mahkemesi","3. Hukuk Dairesi","2023/1399","2025/616","2025-04-24","eCtjTFhiRXgwVlYwemFMU1IxSkhwUT09","https://mevzuat.sinerjias.com.tr/ictihat/yuksek-mahkeme/yargitay%20karari/eCtjTFhiRXgwVlYwemFMU1IxSkhwUT09","boğaz, travma","bulguları stabil olduğu, hastaya takip kararı verildiği, burun kemiğinde kırık olduğu, kulak burun boğaz ... Çocuk Kliniğinde düzenlenen 17.09.... yatış tarihli .... dosya nolu epikriz raporunda; hasta çok sayıda travma"
"40","Danıştay","Daire","2023/3481","2025/1987","2025-04-24","STIvNG0yd25PTkdpZGx5S2tBQUxwVjc4WVJlVEgyZlA","https://mevzuat.sinerjias.com.tr/ictihat/yuksek-mahkeme/yargitay%20karari/STIvNG0yd25PTkdpZGx5S2tBQUxwVjc4WVJlVEgyZlA","boğaz, travmatik","Sosyal Hizmetler ve Sağlık Daire Başkanlığı Sağlık Komisyonunca incelenmesi neticesinde, Kulak Burun Boğaz ... Sağlık Şartları Yönetmeliği'nin eklerinde yapılan değişiklikle, EK-3-6-A maddesi; Kulak burun boğaz ... fonksiyonlarını etkileyen bir hastalığı, sakatlığı olanlar ile doğuştan (konjenital) veya sonradan (cerrahi-travmatik ... (1) Kulak burun boğaz hastalıkları yönünden; a) Patolojik durumun iki kulakta da aynı anda bulunması"
"41","Danıştay","Daire","2021/7513","2025/2144","2025-04-21","OVVOSFc5dkk5Y3VyV3U3TU1Ya2p3NDlEV1FRMlNOVG4","https://mevzuat.sinerjias.com.tr/ictihat/yuksek-mahkeme/yargitay%20karari/OVVOSFc5dkk5Y3VyV3U3TU1Ya2p3NDlEV1FRMlNOVG4","travmaya, gebe, gebenin","geç müdahale edilmesi sonucu bebeğin oksijensiz kaldığı ve rahminin alındığı, bebeğin doğumda yaşanan travmaya ... nün normal gebe değil riskli gebe olduğu, bütün çocuklarının sezaryen ile doğduğu, risk var denilerek ... ensefalopati ve gelişen komplikasyonlar sonucu meydana gelmiş olduğunun kabülü gerektiği, ... suyu gelen gebenin ... sezaryen ve polihidroamniyos tanısı ile Nizip Devlet Hastanesinden sevkinin uygun görülmesi, 35 haftalık gebe"
"42","Bölge Adliye Mahkemesi","8. Hukuk Dairesi","2021/2409","2025/535","2025-04-17","RzJWaDlYVCtJSkswcWpwRk5XaTVWUT09","https://mevzuat.sinerjias.com.tr/ictihat/yuksek-mahkeme/yargitay%20karari/RzJWaDlYVCtJSkswcWpwRk5XaTVWUT09","hamile, travma, travmanın","müvekkilinin yaralandığını, kaza nedeniyle vücüdunda bel fıtığı oluştuğunu, müvekkilinin kaza esnasında hamile ... olduğunu, büyük bir travma yaşadığını, manevi zarara uğradığını ileri sürerek, fazlaya ilişkin hakları ... konusu olamamasına; kaza tarihi, kusur durumu (%100 davalı kusuru), davacının kaza tarihinde 6 haftalık hamile ... olması, yaşadığı travmanın boyutu, maluliyet oranı, yarlanmasının niteliği (dalağının alınması-organ"
"43","Yargıtay","Ceza Dairesi","2023/8747","2025/3000","2025-04-17","RGRNVkRIdHRPb2wrNi9KZ1h3bFpId0NWT2VxdnhueVQ","https://mevzuat.sinerjias.com.tr/ictihat/yuksek-mahkeme/yargitay%20karari/RGRNVkRIdHRPb2wrNi9KZ1h3bFpId0NWT2VxdnhueVQ","travmasının, travmatik, travmasına, hamile","maruz kalması sebebiyle öldüğünün belirtilmesi karşısında maktulün maruz kaldığı kafa travmasının sanığın ... bağlı oluşan travmatik değişimlerin asgari 3 hafta öncesiyle 12/10/2021 tarihleri arasında birden fazla ... künt kafa travmasına maruz kalması sebebiyle gerçekleşmiş olduğunun tespit edildiğinin belirtilmesi, ... ın maktulün üvey evlat olması veya kendisinin hamile olmasının psikolojik etkileri veya olay tarihi itibariyle ... Adlî Tıp İhtisas Kurulu tarafından düzenlenen raporda özetle; "
"44","Yargıtay","Hukuk Dairesi","2023/10741","2025/5441","2025-04-09","cVg2cjd1R1hoanhpZjUzZy9rTHJkWXdoekg1ejYxTkY","https://mevzuat.sinerjias.com.tr/ictihat/yuksek-mahkeme/yargitay%20karari/cVg2cjd1R1hoanhpZjUzZy9rTHJkWXdoekg1ejYxTkY","boğaz, travmatoloji","Söz konusu maluliyet raporunu düzenleyen kurul içerisinde kulak burun boğaz uzmanı ve plastik cerrahi ... Değerlendirmesi Hakkında Yönetmelik hükümlerine uygun olarak ve içerisinde plastik cerrahi uzmanı, ortopedi ve travmatoloji ... uzmanı ile kulak burun boğaz uzmanının da bulunduğu üniversite hastanelerinin adli tıp anabilim dalı"
"45","Yargıtay","Hukuk Dairesi","2023/10473","2025/4890","2025-03-24","RzZ5eVJhSW1GRFVPWE5KSDgxdTdDcVVMRFc3UUZCbmM","https://mevzuat.sinerjias.com.tr/ictihat/yuksek-mahkeme/yargitay%20karari/RzZ5eVJhSW1GRFVPWE5KSDgxdTdDcVVMRFc3UUZCbmM","travmatoloji, boğaz","yerine en yakın Üniversite Hastanelerinin Adli Tıp Anabilim Dalı bölümlerinden içerisinde ortopedi ve travmatoloji ... edilen davacının bizzat muayene edildiği, 1 adli tıp uzmanı ve 1 ortopedi uzmanı ile 1 kulak burun boğaz"
"46","Bölge Adliye Mahkemesi","26. Hukuk Dairesi","2023/358","2025/349","2025-03-14","K2pUeWJZNzdLZXU4dEErRTdNK1I5Zz09","https://mevzuat.sinerjias.com.tr/ictihat/yuksek-mahkeme/yargitay%20karari/K2pUeWJZNzdLZXU4dEErRTdNK1I5Zz09","boğaz, travma","tedavisi yapıldıktan sonra 24.09.2018 tarihinde taburcu edildiği, 27.09.2018 tarihinde Kulak Burun Boğaz ... yaşadığı öykü ile beraber değerlendirildiğinde şu anda işlevselliği hafif düzeyde etkileyen kronik travma ... olduğunun görüldüğü, alt ekstremite muayenelerinde patolojik bir bulgu saptanmadığı ve hastanın Kulak Burun Boğaz ... Hastalıkları ile Psikiyatri bölümlerine konsülte edildiği ,adı geçenin 01.02.2022 tarihinde Kulak Burun Boğaz ... durum muayenesi birlikte değerlendirildiğinde has"
"47","Bölge Adliye Mahkemesi","14. Hukuk Dairesi","2021/1653","2025/415","2025-03-13","WHlGaWhsYVl4TjdEaW91OE9NcnVhQT09","https://mevzuat.sinerjias.com.tr/ictihat/yuksek-mahkeme/yargitay%20karari/WHlGaWhsYVl4TjdEaW91OE9NcnVhQT09","hamilelikte, gebelik, hamilelik, travma, gebeye","bulunduğunu, davalının sigortalısı doktorun genel olarak tıbbi kötü uygulaması sonucu down sendromunun hamilelikte ... Davalı vekili, savunmasında özetle; davacının gebelik takibinde sigortalı hekim tarafından takip edildiği ... bulunmadığını, mevcut tıbbi yöntemlerle down sendromu gibi anomolilerin %100 tespitinin mümkün olmadığını, hamilelik ... bilirkişi raporları ile davacı annenin 07/10/2016 tarihinde down sendromlu olarak ...ı dünyaya getirdiği, hamilelik ... sonlandırma hakkının elinden a"
"48","Yargıtay","Hukuk Dairesi","2023/7684","2025/4232","2025-03-12","SmpyMmFIR200RFoyMFNOenI3ZzIyOUZNNDdSU3hwd0o","https://mevzuat.sinerjias.com.tr/ictihat/yuksek-mahkeme/yargitay%20karari/SmpyMmFIR200RFoyMFNOenI3ZzIyOUZNNDdSU3hwd0o","travmaları, boğaz","Başkanlığı tarafından düzenlenen 27.04.2022 tarihli raporda, davacıda mevcut arızaların skar ile kafa travmaları ... kullanılmış ise de raporu düzenleyen heyetin içinde maluliyetin niteliğine göre plastik cerrahi, kulak burun boğaz ... toplanması; daha sonra, yaralanmanın mahiyeti nazara alınarak içerisinde plastik cerrahi, kulak burun boğaz"
"49","Yargıtay","Hukuk Dairesi","2024/3252","2025/1654","2025-03-10","N2VPRi8wRzV0d2h1anJROTgxa3NtZUVPT2VvQytOTWU","https://mevzuat.sinerjias.com.tr/ictihat/yuksek-mahkeme/yargitay%20karari/N2VPRi8wRzV0d2h1anJROTgxa3NtZUVPT2VvQytOTWU","gebelik, hamilelikte, gebelikte, gebeliğin, travma, hamileliğin","ın gebelik takibinin davalının Tıbbi Kötü Uygulamaya İlişkin Zorunlu Mali Sorumluluk Sigorta poliçesini ... Dr. ... tarafından yapıldığını, doktorun genel olarak tıbbi kötü uygulaması sonucu, down sendromunun hamilelikte ... ın down sendromlu olarak doğduğunu, sigortalı doktorun müvekkilini gebelikte olabilecek hastalıklar, ... bilgilendirmediğini, aydınlatılmış onamının alınmadığını, birkaç basit test ile saptanabilecek down sendromunu gebelikte ... saptayamayarak, anne ve babanın gebeliğin son"
"50","Bölge Adliye Mahkemesi","14. Hukuk Dairesi","2022/58","2025/374","2025-03-06","YWpzUkpEYktGQXh0MHdOVlRvbmd6UT09","https://mevzuat.sinerjias.com.tr/ictihat/yuksek-mahkeme/yargitay%20karari/YWpzUkpEYktGQXh0MHdOVlRvbmd6UT09","hamileliği, hamilelikte, travmaya, gebelikte","sorumluluğunu geriye dönük olarak 10 yıl, zamanaşımı süresinin ise 10 yıl olduğunu, müvekkili ...nun hamileliği ... şirketinin sigortalısı tarafından takip edildiğini, doktorun kötü uygulaması sonucunda down sendromunun hamilelikte ... zorluklara katlanmak zorunda kalacağı gibi davacıların, manevi yönden sürekliliği bulunan ağır bir travmaya ... Tıp Merkezinde hamileliği ile ilgili olarak takip yaptırdığı konularında herhangi bir uyuşmazlık mevcut ... izlem ve doğum kayıtları incelendiğinde 22.1"
"51","Yargıtay","Ceza Dairesi","2024/9824","2025/1659","2025-03-03","K1BWSW1DODFTeTQ2THhWV2lWS285V2dNc2x5TzlZbkE","https://mevzuat.sinerjias.com.tr/ictihat/yuksek-mahkeme/yargitay%20karari/K1BWSW1DODFTeTQ2THhWV2lWS285V2dNc2x5TzlZbkE","hamile, travmalar, gebe","Vekilinin Temyiz İstemi Özetle suçun işleniş biçimi, meydana gelen zararın ağırlığı, katılan mağdurenin hamile ... kalması, eylemin katılan mağdure üzerindeki etkileri ve yaşadığı travmalar dikkate alınarak sanık hakkında ... Ecrin tüm yargılama aşamasında sanık ...’ın kendisini cinsel istismar ettiğini beyan ettiği, mağdurenin hamile ... kanıtlandığı, mağdure Ecrin’in beden muayene sonucunda alınan raporu incelendiğinde, mağdurenin yirmi haftalık gebe"
"52","Yargıtay","Hukuk Dairesi","2025/919","2025/1220","2025-02-27","azJNVlpjemdFSTlrZVBPdTVTRGYrWEJsbEV4SUNadmo","https://mevzuat.sinerjias.com.tr/ictihat/yuksek-mahkeme/yargitay%20karari/azJNVlpjemdFSTlrZVBPdTVTRGYrWEJsbEV4SUNadmo","hamile, gebenin, travması, travmasına",".'ya hamile iken suyunun gelmesi üzerine ... ... , serebral palsi tanısı ile tedavi gördüğü, genel uygulamalarda travayda (doğum eyleminde) olan bir gebenin ... değerlendirilmelerinde; mikrosefali, multikistik beyin, sırtında “cafe au lait” lekeleri gibi doğrudan doğum travması ... nörolojik problemlerin, dosyada doğum süreci ile ilgili yeterli bilgi bulunmamasına rağmen, doğrudan doğum travmasına"
"53","A.İ.H.M.","A.İ.H.M.","2022/8875","2025/","2025-02-25","S1d5UFk3dVRLTjZnLzhiby9GVW5qeXBBV2ZsdDBramo","https://mevzuat.sinerjias.com.tr/ictihat/yuksek-mahkeme/yargitay%20karari/S1d5UFk3dVRLTjZnLzhiby9GVW5qeXBBV2ZsdDBramo","boğazında, boğazındaki, travmaya","Boğazında da yine siyah renkte yüzünü kapatmak için kullandığı bez vardı. ... Ambulans gelince görevliler şahsın boğazındaki siyah renkli bezi keserek çıkarttılar. ... sayıda kaburga kırığı ve geniş akciğer hasarından kaynaklanan iç kanamayla ilişkili genel bedensel travmaya"
"54","Yargıtay","Hukuk Dairesi","2023/7598","2025/2882","2025-02-20","UVZpZXJ0Qm10aVZoQ2FNYndhZzA0ZmhNYmFmczZlOUE","https://mevzuat.sinerjias.com.tr/ictihat/yuksek-mahkeme/yargitay%20karari/UVZpZXJ0Qm10aVZoQ2FNYndhZzA0ZmhNYmFmczZlOUE","travmatoloji, boğaz","Değerlendirmesi Hakkında Yönetmelik hükümleri uygulanmış ise de raporu düzenleyen heyetin iki ortopedi ve travmatoloji ... davacının yaralanması sonucu oluşan maluliyet durumuna göre plastik cerrahi uzmanı ile kulak burun boğaz ... üniversite adli tıp anabilim dalı başkanlığından içinde plastik cerrahi uzmanı hekim ile kulak burun boğaz"
"55","Yargıtay","Ceza Dairesi","2023/2438","2025/1794","2025-02-19","d3RHN0ErY2pqZG5qbDNOdHRSMC9sY2JjWjF3eldKcjA","https://mevzuat.sinerjias.com.tr/ictihat/yuksek-mahkeme/yargitay%20karari/d3RHN0ErY2pqZG5qbDNOdHRSMC9sY2JjWjF3eldKcjA","boğaz, travmasına, travma","yı çağırdığı ve ayrıca hastanın çene bölgesinde bulunan ekimozlar nedeniyle kulak burun boğaz uzmanı, ... yapılan parasentezde batın içerisinden kan geldiği de dikkate alındığında kişinin ölümünün genel beden travmasına ... yapılan parasentezde batın içerisinden kan geldiği de dikkate alındığında kişinin ölümünün genel beden travmasına ... yapılan parasentezde batın içerisinden kan geldiği de dikkate alındığında kişinin ölümünün genel beden travmasına ... arasında kesin illiyet bağının varlığına"
"56","Yargıtay","Ceza Genel Kurulu","2022/613","2025/43","2025-02-05","bVprNnBlNURKMi9LaGhSKzN5b0pIZ09aT29HU3RtY3I","https://mevzuat.sinerjias.com.tr/ictihat/yuksek-mahkeme/yargitay%20karari/bVprNnBlNURKMi9LaGhSKzN5b0pIZ09aT29HU3RtY3I","boğazına, travmasının, gebertecekler, boğazını","ın boğazına sarıldığı, mağduru boğmaya çalıştığı, sonrasında ise mağduru sürükleyerek olay yerinden uzaklaştırmaya ... in telefonu kapatıp ön cebine koyduğunu ve elleriyle kendisinin boğazına sarıldığını, bağırmaması için ... kasına kadar uzanan kesici delici alet yaralanması ile trapezius kasında hematom oluşturan yumuşak doku travmasının ... hayatınızı kurtarın, ölümlerden ölüm beğen, ben senin ecelinim, s.ktir len köpek o orospu ...’ı da seni de gebertecekler ... doğrultusunda kendisini boğar"
"57","Yargıtay","Hukuk Dairesi","2023/2725","2025/1038","2025-01-27","eTBrYkxZcm5PcVdWQnJ5V3BIZWJiNXBYTGdFVWl1Z0I","https://mevzuat.sinerjias.com.tr/ictihat/yuksek-mahkeme/yargitay%20karari/eTBrYkxZcm5PcVdWQnJ5V3BIZWJiNXBYTGdFVWl1Z0I","boğaz, travmatoloji","nedenlerle oluşan burun eğriliğinden kaynaklandığı, tespit edilen maluliyetin, deri ve kulak burun boğaz ... Adli Tıp Anabilim Dalı Başkanlığının 20.12.2021 tarihli raporunu düzenleyen heyetin ise, ortopedi ve travmatoloji ... Adli Tıp Anabilim Dalı bölümlerinden içerisinde Cildiye/Plastik Cerrahi Bölümü uzmanı ile kulak-burun-boğaz"
"58","Yargıtay","Ceza Dairesi","2023/5486","2025/355","2025-01-14","RGV4SjdrbHNJNm9rUW1DUmxMZVpQNmFFVkdIRlNpTDY","https://mevzuat.sinerjias.com.tr/ictihat/yuksek-mahkeme/yargitay%20karari/RGV4SjdrbHNJNm9rUW1DUmxMZVpQNmFFVkdIRlNpTDY","boğazına, travmasına","gelerek \""senin ananı avradını sinkaf ederim, sen bu kadına ne yaptın\"" diyerek elinde bulunan bıçağı boğazına ... maktulün tedavi gördüğü hastanede 23.05.2020 tarihinde otopsi raporuna göre \""künt kafa ve genel beden travmasına"
"59","Bölge Adliye Mahkemesi","3. Hukuk Dairesi","2023/2076","2025/59","2025-01-10","bGhxSDJESFpZdlJEMWEvWGlyZXI1dz09","https://mevzuat.sinerjias.com.tr/ictihat/yuksek-mahkeme/yargitay%20karari/bGhxSDJESFpZdlJEMWEvWGlyZXI1dz09","travma, hamile","müvekkillerinin aranmadığını, müvekkillerinin kaza sonrasında çok sıkıntılı bir süreç geçirmiş olup kaza sonrası travma ... zararın artmasına neden olduğunu, müvekkillerden ...in kaza sebebiyle beyin kanaması geçirmiş olup hamile"
"60","Danıştay","Daire","2023/1080","2024/7514","2024-12-30","REUwT3dERFI1cHJrVU1wN0xJcDVNeTVOTXcyOUU0bFQ","https://mevzuat.sinerjias.com.tr/ictihat/yuksek-mahkeme/yargitay%20karari/REUwT3dERFI1cHJrVU1wN0xJcDVNeTVOTXcyOUU0bFQ","boğaz, travmatoloji","dallarından 7 branş (Kadın Hastalıkları ve Doğum, Plastik Rekonstrüktif ve Estetik Cerrahi, Kulak Burun ve Boğaz ... Hastalıkları, Genel Cerrahi, Ortopedi ve Travmatoloji, Göz Hastalıkları, Beyin ve Sinir Cerrahisi) seçilerek"
"61","Danıştay","Daire","2023/881","2024/7523","2024-12-30","VCtoZUxEQzZnMk52Q0dQc25qeDVUNmk5VVJsRWdQTkY","https://mevzuat.sinerjias.com.tr/ictihat/yuksek-mahkeme/yargitay%20karari/VCtoZUxEQzZnMk52Q0dQc25qeDVUNmk5VVJsRWdQTkY","boğaz, travmatoloji","dallarından 7 branş (Kadın Hastalıkları ve Doğum, Plastik Rekonstrüktif ve Estetik Cerrahi, Kulak Burun ve Boğaz ... Hastalıkları, Genel Cerrahi, Ortopedi ve Travmatoloji, Göz Hastalıkları, Beyin ve Sinir Cerrahisi) seçilerek"
"62","Danıştay","Daire","2023/3317","2024/7650","2024-12-30","Rm8xQmEvZ0EvQ2VPWDRqRnlFRk9Ua3FoUExNR1J2RTc","https://mevzuat.sinerjias.com.tr/ictihat/yuksek-mahkeme/yargitay%20karari/Rm8xQmEvZ0EvQ2VPWDRqRnlFRk9Ua3FoUExNR1J2RTc","boğaz, travmatoloji","dallarından 7 branş (Kadın Hastalıkları ve Doğum, Plastik Rekonstrüktif ve Estetik Cerrahi, Kulak Burun ve Boğaz ... Hastalıkları, Genel Cerrahi, Ortopedi ve Travmatoloji, Göz Hastalıkları, Beyin ve Sinir Cerrahisi) seçilerek"
"63","Danıştay","Daire","2022/8912","2024/7489","2024-12-30","UWhSd1ZGQm9LQjBiOWZjQkxyWGdpa0JuSnJRMTYyRmM","https://mevzuat.sinerjias.com.tr/ictihat/yuksek-mahkeme/yargitay%20karari/UWhSd1ZGQm9LQjBiOWZjQkxyWGdpa0JuSnJRMTYyRmM","boğaz, travmatoloji","dallarından 7 branş (Kadın Hastalıkları ve Doğum, Plastik Rekonstrüktif ve Estetik Cerrahi, Kulak Burun ve Boğaz ... Hastalıkları, Genel Cerrahi, Ortopedi ve Travmatoloji, Göz Hastalıkları, Beyin ve Sinir Cerrahisi) seçilerek"
"64","Danıştay","Daire","2023/1073","2024/7513","2024-12-30","dkpJM3NERmdSQU1EWHVjY0YrQTJZdFhvcjVjTjZBUW4","https://mevzuat.sinerjias.com.tr/ictihat/yuksek-mahkeme/yargitay%20karari/dkpJM3NERmdSQU1EWHVjY0YrQTJZdFhvcjVjTjZBUW4","boğaz, travmatoloji","dallarından 7 branş (Kadın Hastalıkları ve Doğum, Plastik Rekonstrüktif ve Estetik Cerrahi, Kulak Burun ve Boğaz ... Hastalıkları, Genel Cerrahi, Ortopedi ve Travmatoloji, Göz Hastalıkları, Beyin ve Sinir Cerrahisi) seçilerek"
"65","Danıştay","Daire","2023/2985","2024/7613","2024-12-30","ZkdBQkZoVktYV202bEtmbm1waGpWcGJkejZQQW10SVk","https://mevzuat.sinerjias.com.tr/ictihat/yuksek-mahkeme/yargitay%20karari/ZkdBQkZoVktYV202bEtmbm1waGpWcGJkejZQQW10SVk","travmatloji, boğaz, travmatoloji","DÜŞÜNCESİ : Dava, Kadın Hastalıkları ve Doğum Uzmanı ve Ortopedi ve Travmatloji Uzmanı olarak mesleğini ... dallarından 7 branş (Kadın Hastalıkları ve Doğum, Plastik Rekonstrüktif ve Estetik Cerrahi, Kulak Burun ve Boğaz ... Hastalıkları, Genel Cerrahi, Ortopedi ve Travmatoloji, Göz Hastalıkları, Beyin ve Sinir Cerrahisi) seçilerek"
"66","Danıştay","Daire","2023/1245","2024/7517","2024-12-30","SUYxR0V0U3MvUE1NZWJJc2sxc3VtMFZ0THZXNWZaR3Y","https://mevzuat.sinerjias.com.tr/ictihat/yuksek-mahkeme/yargitay%20karari/SUYxR0V0U3MvUE1NZWJJc2sxc3VtMFZ0THZXNWZaR3Y","boğaz, travmatoloji","dallarından 7 branş (Kadın Hastalıkları ve Doğum, Plastik Rekonstrüktif ve Estetik Cerrahi, Kulak Burun ve Boğaz ... Hastalıkları, Genel Cerrahi, Ortopedi ve Travmatoloji, Göz Hastalıkları, Beyin ve Sinir Cerrahisi) seçilerek"
"67","Danıştay","Daire","2023/919","2024/7516","2024-12-30","aFRVRUlxS1lXcjg5YUx6cGJhSDluR0xObVpIVEp4d2c","https://mevzuat.sinerjias.com.tr/ictihat/yuksek-mahkeme/yargitay%20karari/aFRVRUlxS1lXcjg5YUx6cGJhSDluR0xObVpIVEp4d2c","boğaz, travmatoloji","dallarından 7 branş (Kadın Hastalıkları ve Doğum, Plastik Rekonstrüktif ve Estetik Cerrahi, Kulak Burun ve Boğaz ... Hastalıkları, Genel Cerrahi, Ortopedi ve Travmatoloji, Göz Hastalıkları, Beyin ve Sinir Cerrahisi) seçilerek"
"68","Danıştay","Daire","2022/6852","2024/7320","2024-12-27","ZEZjcnc4bUMrQkxHOW1CUDErQTdrem1ha1hCY010LzA","https://mevzuat.sinerjias.com.tr/ictihat/yuksek-mahkeme/yargitay%20karari/ZEZjcnc4bUMrQkxHOW1CUDErQTdrem1ha1hCY010LzA","boğaz, travmatoloji","DÜŞÜNCESİ : Dava, Kulak Burun Boğaz Hastalıkları Uzmanı olarak mesleğini serbest olarak icra etmek üzere ... dallarından 7 branş (Kadın Hastalıkları ve Doğum, Plastik Rekonstrüktif ve Estetik Cerrahi, Kulak Burun ve Boğaz ... Hastalıkları, Genel Cerrahi, Ortopedi ve Travmatoloji, Göz Hastalıkları, Beyin ve Sinir Cerrahisi) seçilerek"
"69","Danıştay","Daire","2022/7296","2024/7351","2024-12-27","WUlnN3llb1hyQThZQWVzd3dXS2hwdHBJMTVHSXd3TjI","https://mevzuat.sinerjias.com.tr/ictihat/yuksek-mahkeme/yargitay%20karari/WUlnN3llb1hyQThZQWVzd3dXS2hwdHBJMTVHSXd3TjI","boğaz, travmatoloji","dallarından 7 branş (Kadın Hastalıkları ve Doğum, Plastik Rekonstrüktif ve Estetik Cerrahi, Kulak Burun ve Boğaz ... Hastalıkları, Genel Cerrahi, Ortopedi ve Travmatoloji, Göz Hastalıkları, Beyin ve Sinir Cerrahisi) seçilerek"
"70","Danıştay","Daire","2022/7623","2024/7361","2024-12-27","VjNkdkUxcC9yTUpEbVpPNDdxNngveHBLV1piMk9QQ2U","https://mevzuat.sinerjias.com.tr/ictihat/yuksek-mahkeme/yargitay%20karari/VjNkdkUxcC9yTUpEbVpPNDdxNngveHBLV1piMk9QQ2U","boğaz, travmatoloji","dallarından 7 branş (Kadın Hastalıkları ve Doğum, Plastik Rekonstrüktif ve Estetik Cerrahi, Kulak Burun ve Boğaz ... Hastalıkları, Genel Cerrahi, Ortopedi ve Travmatoloji, Göz Hastalıkları, Beyin ve Sinir Cerrahisi) seçilerek"
"71","Danıştay","Daire","2022/6745","2024/7409","2024-12-27","dUFGR1pRbTV6ZjFwcFRpL21aRytuczJKWlpRT05QYkI","https://mevzuat.sinerjias.com.tr/ictihat/yuksek-mahkeme/yargitay%20karari/dUFGR1pRbTV6ZjFwcFRpL21aRytuczJKWlpRT05QYkI","boğaz, travmatoloji","dallarından 7 branş (Kadın Hastalıkları ve Doğum, Plastik Rekonstrüktif ve Estetik Cerrahi, Kulak Burun ve Boğaz ... Hastalıkları, Genel Cerrahi, Ortopedi ve Travmatoloji, Göz Hastalıkları, Beyin ve Sinir Cerrahisi) seçilerek"
"72","Danıştay","Daire","2022/8891","2024/7314","2024-12-27","NXl3U3BBcEpOeFhhaVc3aitrWDhQZGwrbUh5dVVCUkc","https://mevzuat.sinerjias.com.tr/ictihat/yuksek-mahkeme/yargitay%20karari/NXl3U3BBcEpOeFhhaVc3aitrWDhQZGwrbUh5dVVCUkc","boğaz, travmatoloji","DÜŞÜNCESİ :Dava, Kulak Burun ve Boğaz Hastalıkları uzmanı olarak mesleğini serbest olarak icra etmek ... dallarından 7 branş (Kadın Hastalıkları ve Doğum, Plastik Rekonstrüktif ve Estetik Cerrahi, Kulak Burun ve Boğaz ... Hastalıkları, Genel Cerrahi, Ortopedi ve Travmatoloji, Göz Hastalıkları, Beyin ve Sinir Cerrahisi) seçilerek"
"73","Danıştay","Daire","2022/8142","2024/7366","2024-12-27","aWlMR2JrV053R3FKcXY4dVAwcnhwekc4N01EeERyN0E","https://mevzuat.sinerjias.com.tr/ictihat/yuksek-mahkeme/yargitay%20karari/aWlMR2JrV053R3FKcXY4dVAwcnhwekc4N01EeERyN0E","boğaz, travmatoloji","dallarından 7 branş (Kadın Hastalıkları ve Doğum, Plastik Rekonstrüktif ve Estetik Cerrahi, Kulak Burun ve Boğaz ... Hastalıkları, Genel Cerrahi, Ortopedi ve Travmatoloji, Göz Hastalıkları, Beyin ve Sinir Cerrahisi) seçilerek"
"74","Danıştay","Daire","2022/7968","2024/7364","2024-12-27","cWpQTlhrQjRIMkY5S0diNWh4dmZNQ0xuSjVCNzVkQ1U","https://mevzuat.sinerjias.com.tr/ictihat/yuksek-mahkeme/yargitay%20karari/cWpQTlhrQjRIMkY5S0diNWh4dmZNQ0xuSjVCNzVkQ1U","boğaz, travmatoloji","dallarından 7 branş (Kadın Hastalıkları ve Doğum, Plastik Rekonstrüktif ve Estetik Cerrahi, Kulak Burun ve Boğaz ... Hastalıkları, Genel Cerrahi, Ortopedi ve Travmatoloji, Göz Hastalıkları, Beyin ve Sinir Cerrahisi) seçilerek"
"75","Danıştay","Daire","2022/7970","2024/7365","2024-12-27","cFFobERRT2tTNSt6YWIvcGlteUdhTFJyNk9JZFpyZDY","https://mevzuat.sinerjias.com.tr/ictihat/yuksek-mahkeme/yargitay%20karari/cFFobERRT2tTNSt6YWIvcGlteUdhTFJyNk9JZFpyZDY","boğaz, travmatoloji","dallarından 7 branş (Kadın Hastalıkları ve Doğum, Plastik Rekonstrüktif ve Estetik Cerrahi, Kulak Burun ve Boğaz ... Hastalıkları, Genel Cerrahi, Ortopedi ve Travmatoloji, Göz Hastalıkları, Beyin ve Sinir Cerrahisi) seçilerek"
"76","Danıştay","Daire","2022/8003","2024/7352","2024-12-27","cE1hancvL1E3Zk1aV255OURiSzBveVZWNDczV0JRa2Q","https://mevzuat.sinerjias.com.tr/ictihat/yuksek-mahkeme/yargitay%20karari/cE1hancvL1E3Zk1aV255OURiSzBveVZWNDczV0JRa2Q","boğaz, travmatoloji","dallarından 7 branş (Kadın Hastalıkları ve Doğum, Plastik Rekonstrüktif ve Estetik Cerrahi, Kulak Burun ve Boğaz ... Hastalıkları, Genel Cerrahi, Ortopedi ve Travmatoloji, Göz Hastalıkları, Beyin ve Sinir Cerrahisi) seçilerek"
"77","Danıştay","Daire","2022/7281","2024/7350","2024-12-27","bVZoYTVTWkZVQlF2bTBxWklkaU1FU2R5VllNa3kwVTA","https://mevzuat.sinerjias.com.tr/ictihat/yuksek-mahkeme/yargitay%20karari/bVZoYTVTWkZVQlF2bTBxWklkaU1FU2R5VllNa3kwVTA","boğaz, travmatoloji","dallarından 7 branş (Kadın Hastalıkları ve Doğum, Plastik Rekonstrüktif ve Estetik Cerrahi, Kulak Burun ve Boğaz ... Hastalıkları, Genel Cerrahi, Ortopedi ve Travmatoloji, Göz Hastalıkları, Beyin ve Sinir Cerrahisi) seçilerek"
"78","Danıştay","Daire","2022/7531","2024/7310","2024-12-27","S3VkSitBY00zMFBrV01uYWI4Uis1elVIRFo0ODRkNXg","https://mevzuat.sinerjias.com.tr/ictihat/yuksek-mahkeme/yargitay%20karari/S3VkSitBY00zMFBrV01uYWI4Uis1elVIRFo0ODRkNXg","boğaz, travmatoloji","dallarından 7 branş (Kadın Hastalıkları ve Doğum, Plastik Rekonstrüktif ve Estetik Cerrahi, Kulak Burun ve Boğaz ... Hastalıkları, Genel Cerrahi, Ortopedi ve Travmatoloji, Göz Hastalıkları, Beyin ve Sinir Cerrahisi) seçilerek"
"79","Danıştay","Daire","2022/6727","2024/7345","2024-12-27","T0RndEplWEx6cm96MlNRQnQwWTdTbSt2azZMbWpOdkI","https://mevzuat.sinerjias.com.tr/ictihat/yuksek-mahkeme/yargitay%20karari/T0RndEplWEx6cm96MlNRQnQwWTdTbSt2azZMbWpOdkI","boğaz, travmatoloji","dallarından 7 branş (Kadın Hastalıkları ve Doğum, Plastik Rekonstrüktif ve Estetik Cerrahi, Kulak Burun ve Boğaz ... Hastalıkları, Genel Cerrahi, Ortopedi ve Travmatoloji, Göz Hastalıkları, Beyin ve Sinir Cerrahisi) seçilerek"
"80","Danıştay","Daire","2023/2011","2024/7324","2024-12-27","eFJoVzVKdjZIQ3VFVFg4QTVRRks1SFFaTFBtMXU2c04","https://mevzuat.sinerjias.com.tr/ictihat/yuksek-mahkeme/yargitay%20karari/eFJoVzVKdjZIQ3VFVFg4QTVRRks1SFFaTFBtMXU2c04","boğaz, travmatoloji","dallarından 7 branş (Kadın Hastalıkları ve Doğum, Plastik Rekonstrüktif ve Estetik Cerrahi, Kulak Burun ve Boğaz ... Hastalıkları, Genel Cerrahi, Ortopedi ve Travmatoloji, Göz Hastalıkları, Beyin ve Sinir Cerrahisi) seçilerek"
"81","Danıştay","Daire","2022/7743","2024/7321","2024-12-27","bFM3SmUydnQ5V1hiQ2pCNHJnNDB5MllqOG1FOU9LWDM","https://mevzuat.sinerjias.com.tr/ictihat/yuksek-mahkeme/yargitay%20karari/bFM3SmUydnQ5V1hiQ2pCNHJnNDB5MllqOG1FOU9LWDM","boğaz, travmatoloji","dallarından 7 branş (Kadın Hastalıkları ve Doğum, Plastik Rekonstrüktif ve Estetik Cerrahi, Kulak Burun ve Boğaz ... Hastalıkları, Genel Cerrahi, Ortopedi ve Travmatoloji, Göz Hastalıkları, Beyin ve Sinir Cerrahisi) seçilerek"
"82","Danıştay","Daire","2022/7106","2024/7349","2024-12-27","dVhZR3NuV0hTVEtvR2MwSFE5SC9FUjlscUlMUUhhVnc","https://mevzuat.sinerjias.com.tr/ictihat/yuksek-mahkeme/yargitay%20karari/dVhZR3NuV0hTVEtvR2MwSFE5SC9FUjlscUlMUUhhVnc","boğaz, travmatoloji","dallarından 7 branş (Kadın Hastalıkları ve Doğum, Plastik Rekonstrüktif ve Estetik Cerrahi, Kulak Burun ve Boğaz ... Hastalıkları, Genel Cerrahi, Ortopedi ve Travmatoloji, Göz Hastalıkları, Beyin ve Sinir Cerrahisi) seçilerek"
"83","Danıştay","Daire","2022/6819","2024/7348","2024-12-27","anNLUEZOVTRGL0hmVzN4MWdHakdJOHFPSkVkdkR1QmM","https://mevzuat.sinerjias.com.tr/ictihat/yuksek-mahkeme/yargitay%20karari/anNLUEZOVTRGL0hmVzN4MWdHakdJOHFPSkVkdkR1QmM","boğaz, travmatoloji","dallarından 7 branş (Kadın Hastalıkları ve Doğum, Plastik Rekonstrüktif ve Estetik Cerrahi, Kulak Burun ve Boğaz ... Hastalıkları, Genel Cerrahi, Ortopedi ve Travmatoloji, Göz Hastalıkları, Beyin ve Sinir Cerrahisi) seçilerek"
"84","Danıştay","Daire","2023/2140","2024/7283","2024-12-27","YlA3WjEvR0JvRWRIMzI5T1lJMjlJOCswS2dtMjV1VXc","https://mevzuat.sinerjias.com.tr/ictihat/yuksek-mahkeme/yargitay%20karari/YlA3WjEvR0JvRWRIMzI5T1lJMjlJOCswS2dtMjV1VXc","boğaz, travmatoloji","dallarından 7 branş (Kadın Hastalıkları ve Doğum, Plastik Rekonstrüktif ve Estetik Cerrahi, Kulak Burun ve Boğaz ... Hastalıkları, Genel Cerrahi, Ortopedi ve Travmatoloji, Göz Hastalıkları, Beyin ve Sinir Cerrahisi) seçilerek"
"85","Danıştay","Daire","2022/6740","2024/7346","2024-12-27","NVRoT3djYnQ0WS9yYUcvcFFiMGphV1VUMVdxM1puQWU","https://mevzuat.sinerjias.com.tr/ictihat/yuksek-mahkeme/yargitay%20karari/NVRoT3djYnQ0WS9yYUcvcFFiMGphV1VUMVdxM1puQWU","boğaz, travmatoloji","dallarından 7 branş (Kadın Hastalıkları ve Doğum, Plastik Rekonstrüktif ve Estetik Cerrahi, Kulak Burun ve Boğaz ... Hastalıkları, Genel Cerrahi, Ortopedi ve Travmatoloji, Göz Hastalıkları, Beyin ve Sinir Cerrahisi) seçilerek"
"86","Danıştay","Daire","2022/7937","2024/7363","2024-12-27","KzJiU2MwOTJoZWFXV1BQWDloS2tMNTd1Zm9NWXlyenA","https://mevzuat.sinerjias.com.tr/ictihat/yuksek-mahkeme/yargitay%20karari/KzJiU2MwOTJoZWFXV1BQWDloS2tMNTd1Zm9NWXlyenA","boğaz, travmatoloji","dallarından 7 branş (Kadın Hastalıkları ve Doğum, Plastik Rekonstrüktif ve Estetik Cerrahi, Kulak Burun ve Boğaz ... Hastalıkları, Genel Cerrahi, Ortopedi ve Travmatoloji, Göz Hastalıkları, Beyin ve Sinir Cerrahisi) seçilerek"
"87","Danıştay","Daire","2022/6668","2024/7344","2024-12-27","Wm04Qk50QzBvWDdzNDhoMTBvNEJkNXYzRXBqdnBIam8","https://mevzuat.sinerjias.com.tr/ictihat/yuksek-mahkeme/yargitay%20karari/Wm04Qk50QzBvWDdzNDhoMTBvNEJkNXYzRXBqdnBIam8","boğaz, travmatoloji","dallarından 7 branş (Kadın Hastalıkları ve Doğum, Plastik Rekonstrüktif ve Estetik Cerrahi, Kulak Burun ve Boğaz ... Hastalıkları, Genel Cerrahi, Ortopedi ve Travmatoloji, Göz Hastalıkları, Beyin ve Sinir Cerrahisi) seçilerek"
"88","Danıştay","Daire","2022/7624","2024/7362","2024-12-27","dEJ5Ry9qTkFXM0IzQXkrWHZxVURhbDV5MTlmcGFFZlc","https://mevzuat.sinerjias.com.tr/ictihat/yuksek-mahkeme/yargitay%20karari/dEJ5Ry9qTkFXM0IzQXkrWHZxVURhbDV5MTlmcGFFZlc","boğaz, travmatoloji","dallarından 7 branş (Kadın Hastalıkları ve Doğum, Plastik Rekonstrüktif ve Estetik Cerrahi, Kulak Burun ve Boğaz ... Hastalıkları, Genel Cerrahi, Ortopedi ve Travmatoloji, Göz Hastalıkları, Beyin ve Sinir Cerrahisi) seçilerek"
"89","Danıştay","Daire","2022/6887","2024/7327","2024-12-27","VVl0WC91ZHV4SXNldUNpZk1HK3VCR1BrRERlaDJXVG4","https://mevzuat.sinerjias.com.tr/ictihat/yuksek-mahkeme/yargitay%20karari/VVl0WC91ZHV4SXNldUNpZk1HK3VCR1BrRERlaDJXVG4","boğaz, travmatoloji","dallarından 7 branş (Kadın Hastalıkları ve Doğum, Plastik Rekonstrüktif ve Estetik Cerrahi, Kulak Burun ve Boğaz ... Hastalıkları, Genel Cerrahi, Ortopedi ve Travmatoloji, Göz Hastalıkları, Beyin ve Sinir Cerrahisi) seçilerek"
"90","Danıştay","Daire","2022/6797","2024/7347","2024-12-27","c3NOZTNzR1ZpTFZuOGZmK0JoKzY0eEZWS1RWc3pDTks","https://mevzuat.sinerjias.com.tr/ictihat/yuksek-mahkeme/yargitay%20karari/c3NOZTNzR1ZpTFZuOGZmK0JoKzY0eEZWS1RWc3pDTks","boğaz, travmatoloji","dallarından 7 branş (Kadın Hastalıkları ve Doğum, Plastik Rekonstrüktif ve Estetik Cerrahi, Kulak Burun ve Boğaz ... Hastalıkları, Genel Cerrahi, Ortopedi ve Travmatoloji, Göz Hastalıkları, Beyin ve Sinir Cerrahisi) seçilerek"
"91","Danıştay","Daire","2022/6993","2024/7136","2024-12-26","UGhEMi81SEw1OVdybEkvUm5XU3V6a1hLbHpzM1JiTlU","https://mevzuat.sinerjias.com.tr/ictihat/yuksek-mahkeme/yargitay%20karari/UGhEMi81SEw1OVdybEkvUm5XU3V6a1hLbHpzM1JiTlU","boğaz, travmatoloji","dallarından 7 branş (Kadın Hastalıkları ve Doğum, Plastik Rekonstrüktif ve Estetik Cerrahi, Kulak Burun ve Boğaz ... Hastalıkları, Genel Cerrahi, Ortopedi ve Travmatoloji, Göz Hastalıkları, Beyin ve Sinir Cerrahisi) seçilerek"
"92","Danıştay","Daire","2022/6871","2024/7128","2024-12-26","d1VBeFMyczZvN2N0SVlLb3l3aTEzbEo0c1d5cEUvOG8","https://mevzuat.sinerjias.com.tr/ictihat/yuksek-mahkeme/yargitay%20karari/d1VBeFMyczZvN2N0SVlLb3l3aTEzbEo0c1d5cEUvOG8","boğaz, travmatoloji","dallarından 7 branş (Kadın Hastalıkları ve Doğum, Plastik Rekonstrüktif ve Estetik Cerrahi, Kulak Burun ve Boğaz ... Hastalıkları, Genel Cerrahi, Ortopedi ve Travmatoloji, Göz Hastalıkları, Beyin ve Sinir Cerrahisi) seçilerek"
"93","Danıştay","Daire","2022/6875","2024/7132","2024-12-26","SmUzK0E2eFI0M2dyZlBJSzU0K3M5VHV5OGYzYzJScWI","https://mevzuat.sinerjias.com.tr/ictihat/yuksek-mahkeme/yargitay%20karari/SmUzK0E2eFI0M2dyZlBJSzU0K3M5VHV5OGYzYzJScWI","boğaz, travmatoloji","dallarından 7 branş (Kadın Hastalıkları ve Doğum, Plastik Rekonstrüktif ve Estetik Cerrahi, Kulak Burun ve Boğaz ... Hastalıkları, Genel Cerrahi, Ortopedi ve Travmatoloji, Göz Hastalıkları, Beyin ve Sinir Cerrahisi) seçilerek"
"94","Danıştay","Daire","2022/6952","2024/7135","2024-12-26","Nlo1N0lKd0RhRnorSzVNRmJzREF2VUdXUWpxd0NFUHQ","https://mevzuat.sinerjias.com.tr/ictihat/yuksek-mahkeme/yargitay%20karari/Nlo1N0lKd0RhRnorSzVNRmJzREF2VUdXUWpxd0NFUHQ","boğaz, travmatoloji","dallarından 7 branş (Kadın Hastalıkları ve Doğum, Plastik Rekonstrüktif ve Estetik Cerrahi, Kulak Burun ve Boğaz ... Hastalıkları, Genel Cerrahi, Ortopedi ve Travmatoloji, Göz Hastalıkları, Beyin ve Sinir Cerrahisi) seçilerek"
"95","Danıştay","Daire","2022/8274","2024/7014","2024-12-26","RnVXQ2FUL2JhNGUycGN4SFlFbTJ2Q1NFcHpuaEtBdTc","https://mevzuat.sinerjias.com.tr/ictihat/yuksek-mahkeme/yargitay%20karari/RnVXQ2FUL2JhNGUycGN4SFlFbTJ2Q1NFcHpuaEtBdTc","boğaz, travmatoloji","dallarından 7 branş (Kadın Hastalıkları ve Doğum, Plastik Rekonstrüktif ve Estetik Cerrahi, Kulak Burun ve Boğaz ... Hastalıkları, Genel Cerrahi, Ortopedi ve Travmatoloji, Göz Hastalıkları, Beyin ve Sinir Cerrahisi) seçilerek"
"96","Danıştay","Daire","2022/6787","2024/7115","2024-12-26","Ty9tTGd6VkREWnN1aS8wemkyQ1ExTEhIeStlRnpNOWw","https://mevzuat.sinerjias.com.tr/ictihat/yuksek-mahkeme/yargitay%20karari/Ty9tTGd6VkREWnN1aS8wemkyQ1ExTEhIeStlRnpNOWw","boğaz, travmatoloji","dallarından 7 branş (Kadın Hastalıkları ve Doğum, Plastik Rekonstrüktif ve Estetik Cerrahi, Kulak Burun ve Boğaz ... Hastalıkları, Genel Cerrahi, Ortopedi ve Travmatoloji, Göz Hastalıkları, Beyin ve Sinir Cerrahisi) seçilerek"
"97","Danıştay","Daire","2022/6873","2024/7130","2024-12-26","NDlkVlBmenRjVkV2VzZScXgyWVl6b3A1dU5aTzBUZEU","https://mevzuat.sinerjias.com.tr/ictihat/yuksek-mahkeme/yargitay%20karari/NDlkVlBmenRjVkV2VzZScXgyWVl6b3A1dU5aTzBUZEU","boğaz, travmatoloji","dallarından 7 branş (Kadın Hastalıkları ve Doğum, Plastik Rekonstrüktif ve Estetik Cerrahi, Kulak Burun ve Boğaz ... Hastalıkları, Genel Cerrahi, Ortopedi ve Travmatoloji, Göz Hastalıkları, Beyin ve Sinir Cerrahisi) seçilerek"
"98","Danıştay","Daire","2022/6866","2024/7125","2024-12-26","Y1Q0M1RzRTh4MmE2WkZNQ1h0Z2dpWmxGbmtLYmdUTys","https://mevzuat.sinerjias.com.tr/ictihat/yuksek-mahkeme/yargitay%20karari/Y1Q0M1RzRTh4MmE2WkZNQ1h0Z2dpWmxGbmtLYmdUTys","boğaz, travmatoloji","dallarından 7 branş (Kadın Hastalıkları ve Doğum, Plastik Rekonstrüktif ve Estetik Cerrahi, Kulak Burun ve Boğaz ... Hastalıkları, Genel Cerrahi, Ortopedi ve Travmatoloji, Göz Hastalıkları, Beyin ve Sinir Cerrahisi) seçilerek"
"99","Danıştay","Daire","2022/6786","2024/7114","2024-12-26","dTZJdXY5eTM3OU9TQmJvU1FyS0tDMCtRTUxLNkhxRHc","https://mevzuat.sinerjias.com.tr/ictihat/yuksek-mahkeme/yargitay%20karari/dTZJdXY5eTM3OU9TQmJvU1FyS0tDMCtRTUxLNkhxRHc","boğaz, travmatoloji","dallarından 7 branş (Kadın Hastalıkları ve Doğum, Plastik Rekonstrüktif ve Estetik Cerrahi, Kulak Burun ve Boğaz ... Hastalıkları, Genel Cerrahi, Ortopedi ve Travmatoloji, Göz Hastalıkları, Beyin ve Sinir Cerrahisi) seçilerek"
"100","Danıştay","Daire","2022/7055","2024/7137","2024-12-26","MVpTNFJpcm1sMm5OVVh1ME9XRjNMdVRpSmZvVGFMcmY","https://mevzuat.sinerjias.com.tr/ictihat/yuksek-mahkeme/yargitay%20karari/MVpTNFJpcm1sMm5OVVh1ME9XRjNMdVRpSmZvVGFMcmY","boğaz, travmatoloji","dallarından 7 branş (Kadın Hastalıkları ve Doğum, Plastik Rekonstrüktif ve Estetik Cerrahi, Kulak Burun ve Boğaz ... Hastalıkları, Genel Cerrahi, Ortopedi ve Travmatoloji, Göz Hastalıkları, Beyin ve Sinir Cerrahisi) seçilerek"
"101","Danıştay","Daire","2022/6789","2024/7117","2024-12-26","bDczdmpiYlpCdnRnTWlJTFV0Rzd5MnhGUUVac01JWU4","https://mevzuat.sinerjias.com.tr/ictihat/yuksek-mahkeme/yargitay%20karari/bDczdmpiYlpCdnRnTWlJTFV0Rzd5MnhGUUVac01JWU4","boğaz, travmatoloji","dallarından 7 branş (Kadın Hastalıkları ve Doğum, Plastik Rekonstrüktif ve Estetik Cerrahi, Kulak Burun ve Boğaz ... Hastalıkları, Genel Cerrahi, Ortopedi ve Travmatoloji, Göz Hastalıkları, Beyin ve Sinir Cerrahisi) seçilerek"
"102","Danıştay","Daire","2022/6872","2024/7129","2024-12-26","cEZ3SEJySjVmKzJaY1Q0L09oYzBiWEtPdk00WWNFMG8","https://mevzuat.sinerjias.com.tr/ictihat/yuksek-mahkeme/yargitay%20karari/cEZ3SEJySjVmKzJaY1Q0L09oYzBiWEtPdk00WWNFMG8","boğaz, travmatoloji","dallarından 7 branş (Kadın Hastalıkları ve Doğum, Plastik Rekonstrüktif ve Estetik Cerrahi, Kulak Burun ve Boğaz ... Hastalıkları, Genel Cerrahi, Ortopedi ve Travmatoloji, Göz Hastalıkları, Beyin ve Sinir Cerrahisi) seçilerek"
"103","Danıştay","Daire","2022/6915","2024/7148","2024-12-26","enRLWGs1STE1cXhVMmtWWkxtT040UmJuTDlZaDFWdW0","https://mevzuat.sinerjias.com.tr/ictihat/yuksek-mahkeme/yargitay%20karari/enRLWGs1STE1cXhVMmtWWkxtT040UmJuTDlZaDFWdW0","boğaz, travmatoloji","dallarından 7 branş (Kadın Hastalıkları ve Doğum, Plastik Rekonstrüktif ve Estetik Cerrahi, Kulak Burun ve Boğaz ... Hastalıkları, Genel Cerrahi, Ortopedi ve Travmatoloji, Göz Hastalıkları, Beyin ve Sinir Cerrahisi) seçilerek"
"104","Danıştay","Daire","2022/6919","2024/7150","2024-12-26","UXU0VlJUV1RRTDl2dXA4ZkZUN1NTdG9zc09wRWFXdFo","https://mevzuat.sinerjias.com.tr/ictihat/yuksek-mahkeme/yargitay%20karari/UXU0VlJUV1RRTDl2dXA4ZkZUN1NTdG9zc09wRWFXdFo","boğaz, travmatoloji","dallarından 7 branş (Kadın Hastalıkları ve Doğum, Plastik Rekonstrüktif ve Estetik Cerrahi, Kulak Burun ve Boğaz ... Hastalıkları, Genel Cerrahi, Ortopedi ve Travmatoloji, Göz Hastalıkları, Beyin ve Sinir Cerrahisi) seçilerek"
"105","Danıştay","Daire","2022/6825","2024/7121","2024-12-26","SUJnZUF4Y1p6V2V0Z2FVUEpGK3NsekxMbTZZZTVCOFc","https://mevzuat.sinerjias.com.tr/ictihat/yuksek-mahkeme/yargitay%20karari/SUJnZUF4Y1p6V2V0Z2FVUEpGK3NsekxMbTZZZTVCOFc","boğaz, travmatoloji","dallarından 7 branş (Kadın Hastalıkları ve Doğum, Plastik Rekonstrüktif ve Estetik Cerrahi, Kulak Burun ve Boğaz ... Hastalıkları, Genel Cerrahi, Ortopedi ve Travmatoloji, Göz Hastalıkları, Beyin ve Sinir Cerrahisi) seçilerek"
"106","Danıştay","Daire","2022/8220","2024/7140","2024-12-26","YWVhVGkyb1lmUC9DaVI2Y1NDbVBveTFhMHhVK3RiL3I","https://mevzuat.sinerjias.com.tr/ictihat/yuksek-mahkeme/yargitay%20karari/YWVhVGkyb1lmUC9DaVI2Y1NDbVBveTFhMHhVK3RiL3I","boğaz, travmatoloji","dallarından 7 branş (Kadın Hastalıkları ve Doğum, Plastik Rekonstrüktif ve Estetik Cerrahi, Kulak Burun ve Boğaz ... Hastalıkları, Genel Cerrahi, Ortopedi ve Travmatoloji, Göz Hastalıkları, Beyin ve Sinir Cerrahisi) seçilerek"
"107","Danıştay","Daire","2022/6860","2024/7122","2024-12-26","dnRmQUZySWVzNGdnMHZVVVZ1YitzYS9UZ1QyUFVscVM","https://mevzuat.sinerjias.com.tr/ictihat/yuksek-mahkeme/yargitay%20karari/dnRmQUZySWVzNGdnMHZVVVZ1YitzYS9UZ1QyUFVscVM","boğaz, travmatoloji","dallarından 7 branş (Kadın Hastalıkları ve Doğum, Plastik Rekonstrüktif ve Estetik Cerrahi, Kulak Burun ve Boğaz ... Hastalıkları, Genel Cerrahi, Ortopedi ve Travmatoloji, Göz Hastalıkları, Beyin ve Sinir Cerrahisi) seçilerek"
"108","Danıştay","Daire","2022/6828","2024/7147","2024-12-26","T0xicU9aQUF5Vy8vLzBPUXFSd2prM0ZNRkRUbWJvYVg","https://mevzuat.sinerjias.com.tr/ictihat/yuksek-mahkeme/yargitay%20karari/T0xicU9aQUF5Vy8vLzBPUXFSd2prM0ZNRkRUbWJvYVg","travmatoloji, boğaz","DÜŞÜNCESİ : Dava, Ortopedi ve Travmatoloji Uzmanı olarak mesleğini serbest olarak icra etmek üzere özel ... dallarından 7 branş (Kadın Hastalıkları ve Doğum, Plastik Rekonstrüktif ve Estetik Cerrahi, Kulak Burun ve Boğaz ... Hastalıkları, Genel Cerrahi, Ortopedi ve Travmatoloji, Göz Hastalıkları, Beyin ve Sinir Cerrahisi) seçilerek"
"109","Danıştay","Daire","2022/7358","2024/7153","2024-12-26","UWF4SCtKeG1UT1RWNVFuVHpOdnhZakE1RkRmalhwaU8","https://mevzuat.sinerjias.com.tr/ictihat/yuksek-mahkeme/yargitay%20karari/UWF4SCtKeG1UT1RWNVFuVHpOdnhZakE1RkRmalhwaU8","boğaz, travmatoloji","dallarından 7 branş (Kadın Hastalıkları ve Doğum, Plastik Rekonstrüktif ve Estetik Cerrahi, Kulak Burun ve Boğaz ... Hastalıkları, Genel Cerrahi, Ortopedi ve Travmatoloji, Göz Hastalıkları, Beyin ve Sinir Cerrahisi) seçilerek"
"110","Danıştay","Daire","2022/7357","2024/7152","2024-12-26","K0JuVTRjY05ERHNLWHR5Z3lWQ1ZkZzkzYW1GQ1NEdDY","https://mevzuat.sinerjias.com.tr/ictihat/yuksek-mahkeme/yargitay%20karari/K0JuVTRjY05ERHNLWHR5Z3lWQ1ZkZzkzYW1GQ1NEdDY","boğaz, travmatoloji","dallarından 7 branş (Kadın Hastalıkları ve Doğum, Plastik Rekonstrüktif ve Estetik Cerrahi, Kulak Burun ve Boğaz ... Hastalıkları, Genel Cerrahi, Ortopedi ve Travmatoloji, Göz Hastalıkları, Beyin ve Sinir Cerrahisi) seçilerek"
"111","Danıştay","Daire","2022/7355","2024/7151","2024-12-26","T2dkN3JtVGRJemdoMURhSTM1SGhUeUNtSER3QTBjUjI","https://mevzuat.sinerjias.com.tr/ictihat/yuksek-mahkeme/yargitay%20karari/T2dkN3JtVGRJemdoMURhSTM1SGhUeUNtSER3QTBjUjI","boğaz, travmatoloji","dallarından 7 branş (Kadın Hastalıkları ve Doğum, Plastik Rekonstrüktif ve Estetik Cerrahi, Kulak Burun ve Boğaz ... Hastalıkları, Genel Cerrahi, Ortopedi ve Travmatoloji, Göz Hastalıkları, Beyin ve Sinir Cerrahisi) seçilerek"
"112","Danıştay","Daire","2022/6917","2024/7149","2024-12-26","YVIycThlUlYxOWRzOXpWdU5TdDJGREtUb0tUZmQxRlI","https://mevzuat.sinerjias.com.tr/ictihat/yuksek-mahkeme/yargitay%20karari/YVIycThlUlYxOWRzOXpWdU5TdDJGREtUb0tUZmQxRlI","boğaz, travmatoloji","dallarından 7 branş (Kadın Hastalıkları ve Doğum, Plastik Rekonstrüktif ve Estetik Cerrahi, Kulak Burun ve Boğaz ... Hastalıkları, Genel Cerrahi, Ortopedi ve Travmatoloji, Göz Hastalıkları, Beyin ve Sinir Cerrahisi) seçilerek"
"113","Danıştay","Daire","2023/577","2024/7156","2024-12-26","V1QvNjNoUGhicGtYVXMweGMyK0hpd3dPYzdYcC9DVUs","https://mevzuat.sinerjias.com.tr/ictihat/yuksek-mahkeme/yargitay%20karari/V1QvNjNoUGhicGtYVXMweGMyK0hpd3dPYzdYcC9DVUs","boğaz, travmatoloji","dallarından 7 branş (Kadın Hastalıkları ve Doğum, Plastik Rekonstrüktif ve Estetik Cerrahi, Kulak Burun ve Boğaz ... Hastalıkları, Genel Cerrahi, Ortopedi ve Travmatoloji, Göz Hastalıkları, Beyin ve Sinir Cerrahisi) seçilerek"
"114","Yargıtay","Hukuk Dairesi","2024/1786","2024/4425","2024-12-18","aWxXdE5NbXFWVmswTWFHMkdwSVJpZFk3MnNKam80TjE","https://mevzuat.sinerjias.com.tr/ictihat/yuksek-mahkeme/yargitay%20karari/aWxXdE5NbXFWVmswTWFHMkdwSVJpZFk3MnNKam80TjE","hamileliğinin, travmasına","DAVA Davacılar vekili; müvekkili Esra'nın hamileliğinin başından itibaren düzenli olarak davalı hastanede ... bebek sağlığına tam olarak kavuşmadan taburcu edilmesi nedeniyle bebeğin 02.03.2010 tarihinde doğum travmasına"
"115","Yargıtay","Ceza Dairesi","2023/6719","2024/7980","2024-12-02","WHl2dUhFUlViL05MczFjM01lWU1QNjVrd3hQeTFuNnA","https://mevzuat.sinerjias.com.tr/ictihat/yuksek-mahkeme/yargitay%20karari/WHl2dUhFUlViL05MczFjM01lWU1QNjVrd3hQeTFuNnA","boğazını, travmatik","gelen sanığın maktulle ailevi nedenlerle tartışmaya başladığı, tartışma sırasında maktulün sanığın boğazını ... sonra alınan adli rapora göre sanığın vücudunda tıbben yaralanma olarak tarif edilebilecek herhangi travmatik ... yaraladığı, maktulün bu yaralar nedeniyle hayatını kaybettiği olayda, maktulun hafif şekilde sanığın boğazını"
"116","Anayasa","Bölüm","2021/17102","2024/","2024-11-27","ZEJPcjVvbWh4ODdWNkd4Qkh0emNBOWU4TWJOMjFhZVA","https://mevzuat.sinerjias.com.tr/ictihat/yuksek-mahkeme/yargitay%20karari/ZEJPcjVvbWh4ODdWNkd4Qkh0emNBOWU4TWJOMjFhZVA","travması, boğaz","Kafa ve boyun travması olması nedeniyle beyin cerrahisi ve kulaktaki şikayeti nedeniyle kulak burun boğaz"
"117","Bölge Adliye Mahkemesi","35. Hukuk Dairesi","2023/780","2024/1305","2024-10-31","aTBzSkVBaXJwR1YwdTdJMkQvYW05Zz09","https://mevzuat.sinerjias.com.tr/ictihat/yuksek-mahkeme/yargitay%20karari/aTBzSkVBaXJwR1YwdTdJMkQvYW05Zz09","boğaz, travmatoloji, travmatik","sağlığı ve hastalıkları uzmanları ya da yan dal uzmanları, b) Göz hastalıkları uzmanı, c) Kulak burun boğaz ... ergen ruh sağlığı ve hastalıkları uzmanı, f) Fiziksel tıp ve rehabilitasyon uzmanı, g) Ortopedi ve travmatoloji ... kapsamına sundukları medikal firma raporunda da açıkça belirtildiği üzere, posttravmatik stres sendromu, travmatik"
"118","Yargıtay","Hukuk Dairesi","2024/7036","2024/7903","2024-10-24","bDBIdi9ZeXRXblBPRVRiK3ZENjkvL1h3aHhFTk1wa1M","https://mevzuat.sinerjias.com.tr/ictihat/yuksek-mahkeme/yargitay%20karari/bDBIdi9ZeXRXblBPRVRiK3ZENjkvL1h3aHhFTk1wa1M","hamile, travmanın","nın hamile kaldığını, ancak ...' ... yaşadıkları, biyolojik annenin çocuğu tesliminde bir nakliye şoförünün cinsel istismara maruz kalarak hamile ... bu güne kadar biyolojik anne babasını tanımaması sebebi ile davacılara teslimi halinde küçük ... da travmanın"
"119","Yargıtay","Hukuk Dairesi","2023/9249","2024/7414","2024-10-15","eGxRY0wxaS9xZGpoWWNLZFZnblEzNmkwR0J2bk82d3A","https://mevzuat.sinerjias.com.tr/ictihat/yuksek-mahkeme/yargitay%20karari/eGxRY0wxaS9xZGpoWWNLZFZnblEzNmkwR0J2bk82d3A","travma, hamile, gebeliğini, gebelik, gebeliği","kaldığını, kadının kürtaj olmasına erkek onay vermişse de hiç bir zaman gönüllü olmadığını, sonrasında da travma ... sebep olduğunu, evliliğine sahip çıkmadığı ve ihanet ettiğini, en sonda başka bir kadının erkekten hamile ... kullanılmasına yönelik talebin ve tercihin, talep eden eş yönünden kusur olarak değerlendirilemeyeceği, kadın gebeliğini ... sonlandırırken, erkeğin de onamını almış olması ve gebelik sonlandıktan sonra da tarafların birlikte ... yaşamayı sürdürmüş olmaları nedeniyle gebel"
"120","Yargıtay","Ceza Genel Kurulu","2021/415","2024/284","2024-10-09","SkhMV21VdkJKNkVEZno4WkthTHNrVDFyWXpocVlyRm4","https://mevzuat.sinerjias.com.tr/ictihat/yuksek-mahkeme/yargitay%20karari/SkhMV21VdkJKNkVEZno4WkthTHNrVDFyWXpocVlyRm4","travma, travmaya, hamile, boğazını","Mağdurenin psikolojik incelemesinde; olaydan etkilenme sonucu travma sonrası stres bozukluğu tespit ... Travma sonrası stres bozukluğunun belirtilerinden birisi de çabuk sinirlenmedir. ... (https://www.psikiyatri.org.tr/halka-yonelik/28/travma-sonrasi-stres-bozuklugu) Bu nedenle mağdurun bu ... eşlik etmiş düşünce ve duygulardan kaçınma, travmaya ilişkin etkinlik ve ortamdan kaçınma, insanlardan ... idrar yaparken yanmam, vajinal akıntım hiç olmadı, doğum kontrol hapı gibi bir ilaç hiç kullanmad"
"121","Yargıtay","Hukuk Dairesi","2023/4597","2024/2735","2024-10-02","YXFBK1Y2ZEZrNnN3dzUrWU9UUVkzME9uSnpka2ZoVTM","https://mevzuat.sinerjias.com.tr/ictihat/yuksek-mahkeme/yargitay%20karari/YXFBK1Y2ZEZrNnN3dzUrWU9UUVkzME9uSnpka2ZoVTM","travma, hamile","geçirmek zorunda kaldığını, \""Histerektomi\"" operasyonu ile tamamen alındığını, geçirmiş olduğu ağır travma ... Sebepleri Davacı vekili; davalı doktor tarafından bebeğin uygun kiloda olmasından dolayı 36 haftalık hamile"
"122","Danıştay","Daire","2021/2773","2024/3125","2024-09-19","QWgxWUlmSkp3L2tUM202R2RZKzJENzR3TkdUK3lQc2Y","https://mevzuat.sinerjias.com.tr/ictihat/yuksek-mahkeme/yargitay%20karari/QWgxWUlmSkp3L2tUM202R2RZKzJENzR3TkdUK3lQc2Y","boğaz, travmatoloji","düzenleme izninin verilebilmesi için özel sağlık hizmet sunucularında İç Hastalıkları, Kulak Burun Boğaz ... , Genel Cerrahi, Göz Hastalıkları, Ortopedi ve Travmatoloji veya Fizik Tedavi ve Rehabilitasyon, Nöroloji"
"123","Yargıtay","Ceza Dairesi","2024/2650","2024/9226","2024-09-16","dmVPWWkwVUovb0ozR0h5am4wWHdNdHdDYUJJSnJSSEo","https://mevzuat.sinerjias.com.tr/ictihat/yuksek-mahkeme/yargitay%20karari/dmVPWWkwVUovb0ozR0h5am4wWHdNdHdDYUJJSnJSSEo","boğazını, travma","sırada önüne geçerek durdurduğu, aralarında tartışma yaşandığının ve suça sürüklenen çocuğun katılanın boğazını ... raporu ile de darp olayı sonrası oluşan konuşma bozukluğu (yavaşlama-duraksama), somatoform bozukluğu travma"
"124","Yargıtay","Hukuk Dairesi","2023/3596","2024/2209","2024-09-12","VHZnNDkxVEt1RWxQUWY1RWRuWnUvbzU3VlF5OVVzVmY","https://mevzuat.sinerjias.com.tr/ictihat/yuksek-mahkeme/yargitay%20karari/VHZnNDkxVEt1RWxQUWY1RWRuWnUvbzU3VlF5OVVzVmY","boğaz, travma","in diğer davalı Vakfa ait hastanede Kulak Burun Boğaz uzmanı olarak görev yaptığı, davacının işitme ... oranında meslekte kazanma gücünü kaybetmesi nedeniyle derin üzüntü, acı ve ızdırap duyduğu, psikolojik travma"
"125","Yargıtay","Ceza Dairesi","2023/3474","2024/5486","2024-09-12","MG4rQXM3ZnNna3VrbU5pd2xualVGd256RTFrQmFkbTY","https://mevzuat.sinerjias.com.tr/ictihat/yuksek-mahkeme/yargitay%20karari/MG4rQXM3ZnNna3VrbU5pd2xualVGd256RTFrQmFkbTY","hamile, travmasına","aylarında sanığın müştekinin ikametinde müştekiyle cinsel birliktelik yaşadıkları, yaklaşık 3 ay sonra hamile ... in bu durumu doğruladığı, sanığın hamile olduğu süre içerisinde çocuğu aldıralım diye söylediği, müştekinin ... kabiliyetini haiz olduğunun mütalaa edildiği, yaşama kabiliyetini haiz olan bebeğe sanık tarafından, künt kafa travmasına ... bağlı subaraknoidal beyin kanaması ile künt karın travmasına bağlı mezenter yaralanması ve karın içi"
"126","Yargıtay","Ceza Dairesi","2021/6496","2024/9381","2024-07-17","L3lsU0Z4c1NNQkxhRmRpM0gxMXFuLzZXQWk2VTNWTkM","https://mevzuat.sinerjias.com.tr/ictihat/yuksek-mahkeme/yargitay%20karari/L3lsU0Z4c1NNQkxhRmRpM0gxMXFuLzZXQWk2VTNWTkM","travmalar, boğaziçi, boğazın, boğaz, travmatik","Size gelen çarpan, toslayan, vuran, sizde travmalar meydana getiren, her gün farklı bir şoku ile yaşadığınız ... zalimlerin eliyle şefkat tokadı, hatta hiddet tokadı, hatta hikmet tokatı, hatta her gün çok farklı travmalar ... ı aradığı ve durumu öğrendiği, saat 21.50 sıralarında Boğaziçi Köprüsü üzerindeki 2 askeri aracın yolu ... kapattığı ve durumun ciddi olduğunu ve Boğaziçi Köprüsü'nün Anadolu ayağında buluşmak üzere aracı ile ... hareket ettiği, olay bölgesine intikal ettikleri, İl Emniyet"
"127","Yargıtay","Ceza Dairesi","2024/365","2024/5217","2024-07-10","cEwzMmRac0lzOU53U1hKd1BXalZvZy9HcXAzNHNVenI","https://mevzuat.sinerjias.com.tr/ictihat/yuksek-mahkeme/yargitay%20karari/cEwzMmRac0lzOU53U1hKd1BXalZvZy9HcXAzNHNVenI","boğazı, boğaz, travmatik, travmalar, travma, boğaziçi, boğazda","yaptırmak için İstanbul’a geldiğini örgüt mensuplarına söylediği 15 Kasım 1979 tarihinde, İstanbul Boğazı ... Mehdi’nin İstanbul’da çıkacağı, İlk tebliğini Karaköy’de yapacağı, İstanbul’un boğaz semtinde oturacağı ... tanıştıktan sonra da örgütün turnike sisteminde yer almaya devam eden kadının/kız çocuğunun, yaşadığı travmatik ... örgüt lideri ... tarafından “eğer benim olursan sana kimse dokunamaz” teklifinde bulunulduğu ve yaşanan travmalar ... içerisine sokulan kadınların/kız çocuklarının ki"
"128","Yargıtay","Ceza Genel Kurulu","2022/141","2024/215","2024-07-03","c2NXZk9rQU9xR3NBcUprZUFnYkc1U0haUzIxV1R4QXQ","https://mevzuat.sinerjias.com.tr/ictihat/yuksek-mahkeme/yargitay%20karari/c2NXZk9rQU9xR3NBcUprZUFnYkc1U0haUzIxV1R4QXQ","travma, boğazına","mukavemete muktedir olduğu, mağdurda, olaydan kaynaklanan ve ruh sağlığını bozacak mahiyet ve derecede olan travma ... tepeye aracı çektiğini, kendisine soyunmasını söyleyip silah doğrulttuğunu, arka koltuğa gelerek eliyle boğazına"
"129","Yargıtay","Ceza Genel Kurulu","2021/407","2024/205","2024-06-26","VU9qdVBKL0p4clpQNXI0a05ubytoaEFZVHkrTE5DcWw","https://mevzuat.sinerjias.com.tr/ictihat/yuksek-mahkeme/yargitay%20karari/VU9qdVBKL0p4clpQNXI0a05ubytoaEFZVHkrTE5DcWw","gebe, travma, hamile","katılanın, sanığın arkadaşı olan ... ile cinsel ilişkide bulunmasından 4 ay sonra yaklaşık 16 haftalık gebe ... 18.03.2011 tarihli rapora göre; yapılan psikiyatrik muayene sonucunda katılanda söz konusu olay nedeniyle travma ... söyleyemediğini, uzun bir süre adet olmayınca annesi ile birlikte hastaneye gittiğini, hastanede 16 haftalık gebe ... yakınına bıraktığını, ailesine bir şey anlatamadığını, adetinin gecikmesi nedeniyle hastaneye gidince hamile"
"130","Yargıtay","Ceza Dairesi","2023/696","2024/4568","2024-06-24","V1cwU1YvcWhIeE5PRWxkZFhXdGFiaExqL0lMaTB2OE0","https://mevzuat.sinerjias.com.tr/ictihat/yuksek-mahkeme/yargitay%20karari/V1cwU1YvcWhIeE5PRWxkZFhXdGFiaExqL0lMaTB2OE0","travmaya, boğazına",".\"" belirtilen bulgulara, travmaya maruz kalan mağdurun yaşamının tehlikeye düşürülmesine, sanık ... ... ın boğazına doğru saplayacağı sırada katılan ...'"
"131","Bölge Adliye Mahkemesi","43. Hukuk Dairesi","2023/964","2024/889","2024-06-06","SFlDSlpQZzlML3hFRlF2dDUzWnk2dz09","https://mevzuat.sinerjias.com.tr/ictihat/yuksek-mahkeme/yargitay%20karari/SFlDSlpQZzlML3hFRlF2dDUzWnk2dz09","gebelik, gebelikte, gebeliğin, hamileliğin, hamilelik, travma","Zorunlu Mali Sorumluluk Sigorta poliçesinin davalı ... tarafından düzenlendiğini, sigortalı doktorun gebelik ... aydınlatmadığını, küçük ...in down sendromlu olarak doğmasına sebebiyet verdiğini, down sendromunun gebelikte ... tespitinin mümkün olduğunu, tespiti halinde 2827 SKna göre gebeliğin sonlandırılmasına izin veren bir ... son verecek olup olmadıkları konusu üzerinde durulması gerektiğini, ikili testin hamileliğin 11-14.haftalarında ... bilirkişi raporları ile davacı annenin 27/03/2017 t"
"132","Anayasa","Bölüm","2019/31440","2024/","2024-06-05","bFJKT21qdmhRVGNtblRtL1hFcmVERGJLYmNSUXBEaXY","https://mevzuat.sinerjias.com.tr/ictihat/yuksek-mahkeme/yargitay%20karari/bFJKT21qdmhRVGNtblRtL1hFcmVERGJLYmNSUXBEaXY","travmatik, travma, boğazında, boğaz","Çocuğun travmatik ... /01/2017 tarihinde evinde ölü olarak bulunduğu, ölü muayene ve otopsisinde ölümüne neden olabilecek travmatik ... - Hastanın şikâyeti forma “Hastanın ateşi varmış, öksürük yok, kusma yok, travma ... baktım ışık refleksi vardı, solunum sesleri doğaldı, batın ve karın muayenesi doğaldı, sadece hastanın boğazında ... -Bunun üzerine çocuğun ağzını açmasını söyledim,... bende boğaz ... [O.C.Ç.nin] muayene ettiği, ateşinin 37,1 derece, öksürük yok, ishal yok, kusma yok, travma ök"
"133","Yargıtay","Ceza Dairesi","2024/6653","2024/9291","2024-06-04","eVR0amVJRjVrRWxoRElzSnFpVkFGbW9qUE8zbjY4cHI","https://mevzuat.sinerjias.com.tr/ictihat/yuksek-mahkeme/yargitay%20karari/eVR0amVJRjVrRWxoRElzSnFpVkFGbW9qUE8zbjY4cHI","boğazımı, boğazını, travması","sonrası saat 20.50'de kollukça alınan ifadesinde \""..kapıyı açar açmaz...benim üzerime saldırdı ve boğazımı ... ve hemen yanına gittiğimde kendisini tanıdığım aynı zamanda komşumuz olan ... isimli şahsı annemin boğazını ... katta babaannem ... ile oturuyorduk, bağırma sesleri üzerine yukarıya çıktık, sanık Abdülmenaf annemin boğazını ... O anda boğazını falan sıktı. Ona zor kullandı. O sırada torunum polisi aradı sonra karokola gittik. ... mevcut, sol elin yüzük parmağında orta falanksta şişlik "
"134","Yargıtay","Ceza Dairesi","2024/17204","2024/4682","2024-05-30","VFFNNU11eTFLMU51Ly9ZRDlSZ2dQZWdZbVNYaDk3MWI","https://mevzuat.sinerjias.com.tr/ictihat/yuksek-mahkeme/yargitay%20karari/VFFNNU11eTFLMU51Ly9ZRDlSZ2dQZWdZbVNYaDk3MWI","boğazına, travmatik","ın boğazına bıçak dayadığı ve sürücü koltuğunda bulunan Turgay'ın kendisine silah çıkartıp İzci Kampı ... hafif nitelikte olduğu, kemik kırığı tanımlanmadığı, yüz sınırları içerisinde cilt bütünlüğünü bozan travmatik ... ın daveti üzerine rızası ile araca binen katılanı, sanıkların araç içerisinde silah göstermek ve boğazına"
"135","Danıştay","Daire","2020/1620","2024/2213","2024-05-28","ZmdLS092U1h3RHFpNktBSEU2UkJhSW1nWVBIL2FIQUs","https://mevzuat.sinerjias.com.tr/ictihat/yuksek-mahkeme/yargitay%20karari/ZmdLS092U1h3RHFpNktBSEU2UkJhSW1nWVBIL2FIQUs","gebeliğinin, travmanın, gebelik, gebe, gebelerde","nın gebeliğinin yakından takip edilmesine rağmen, anneye iri bebek (makrozomi) için risk faktörlerinin ... yaptırılması gerekirken normal doğum yaptırıldığı, doğum esnasında da bebeğin kolundan asılma sonucu travmanın ... esnasında gebelik şekeri tanısı aldığı, doğumdan önce davalı Üniversite Hastanesinde 4 gün yatarak insülin ... doğumdan bir gün önce 08/11/2006 tarihinde yapılan kontrol muayenesinde, 39 hafta 6 günlük diabetik gebe ... FKA +, tahmini fetal ağırlığı 4000 gr olarak belirtildiği,"
"136","Yargıtay","Ceza Genel Kurulu","2024/2","2024/164","2024-05-22","aDA3QXQyWm53TkZUL283R3FaQ2Q5bDF1NVZxWjhlbCs","https://mevzuat.sinerjias.com.tr/ictihat/yuksek-mahkeme/yargitay%20karari/aDA3QXQyWm53TkZUL283R3FaQ2Q5bDF1NVZxWjhlbCs","hamile, travmatik","dosya kapsamından; Suç tarihlerinde 33-34 yaşlarında olan katılan mağdurenin 30.05.2013 tarihinde hamile ... Hastalıkları Hastanesinin 31.10.2013 tarihli sağlık kurulu raporunda; hafif mental retardasyon ve post travmatik"
"137","Yargıtay","Hukuk Dairesi","2023/1669","2024/4009","2024-05-16","WHBpNjY4aFhIamkrY3QzV3ZWMW5JZ25qelNDUEw4STQ","https://mevzuat.sinerjias.com.tr/ictihat/yuksek-mahkeme/yargitay%20karari/WHBpNjY4aFhIamkrY3QzV3ZWMW5JZ25qelNDUEw4STQ","gebelik, gebelikte, gebeliğin, hamileliği, travmaya","un diğer müvekkillerinin müşterek çocuğu olduğunu, anne Şengül'ün gebelik takibinin en az 11 farklı ... tarihte kadın doğum uzmanı Dr. ... tarafından yapıldığını, sigortalı doktorun gebelik takibinde davacı ... ın down sendromlu olarak doğmasına sebebiyet verdiğini, oysa down sendromunun gebelikte tespiti mümkün ... nın müvekkili tarafından 17.08.2018-2019 vadeli poliçe ile sigortalandığını, davacının gebelik takibinde ... haftasında gebeliğin tahliyesi imkanının da ortadan kalktığını, hastada a"
"138","Yargıtay","Ceza Dairesi","2023/8609","2024/3476","2024-05-14","UzNQR3pxdXdRc2pHa21CZ0ZmZXpZK3FlVVo0aVpjWHI","https://mevzuat.sinerjias.com.tr/ictihat/yuksek-mahkeme/yargitay%20karari/UzNQR3pxdXdRc2pHa21CZ0ZmZXpZK3FlVVo0aVpjWHI","boğazına, travmasına","nin kolunda bulunan sargının boğazına dolandığını, nefes almakta güçlük çektiğini görerek telaşla maktulü ... ın düştüğü, maktulün düşmeye bağlı, künt kafa travmasına bağlı kafatası kaide kırığı ve beyin kanaması ... boynuna dolanması sonucu meydana gelmediği ve fiziksel istismara maruz kalması nedeniyle künt kafa travmasına"
"139","Yargıtay","Ceza Dairesi","2022/13130","2024/3444","2024-05-13","am45QVVLY3NwUUFhT0NSWHgxVlVMTGRJVmxOV0w5Yk0","https://mevzuat.sinerjias.com.tr/ictihat/yuksek-mahkeme/yargitay%20karari/am45QVVLY3NwUUFhT0NSWHgxVlVMTGRJVmxOV0w5Yk0","boğazını, travmatik","un mağdurun boğazını sıktığı, ... ve ...' ... yüz bölgesinde yumuşak doku lezyonlarına ve burun kemiğinde parçalı, ayrıklı kırığa neden olan künt travmatik"
"140","Yargıtay","Hukuk Dairesi","2024/2240","2024/4218","2024-05-06","M1BzZm9mTnhoRGZiYVArZmVzY05aQWUyMWNhcTh4cXU","https://mevzuat.sinerjias.com.tr/ictihat/yuksek-mahkeme/yargitay%20karari/M1BzZm9mTnhoRGZiYVArZmVzY05aQWUyMWNhcTh4cXU","travma, hamile","yıllarca kendisine bakıp büyüten kişinin biyolojik babası olmadığını öğrenmesi nedeniyle psikolojik travma ... tecavüzüne uğradığını, yaşadığı olayı korktuğundan kimseyle paylaşamadığını, müvekkilinin bir süre sonra hamile ... olduğunu anladığını, ancak o dönemde eşiyle de birçok kez birlikte olduğundan eşinden hamile kaldığını ... müvekkilinin, evli ve eşiyle birlikte yaşadığı dönemde kendi rızası ile başkası ile birlikte olması, hamile ... kaldığında hamile kaldığı çocuğun babasının birlikte o"
"141","Bölge Adliye Mahkemesi","26. Hukuk Dairesi","2022/753","2024/621","2024-05-03","a3ZVNWkxdnAwUVdZNUY2Y3ZpWmsxUT09","https://mevzuat.sinerjias.com.tr/ictihat/yuksek-mahkeme/yargitay%20karari/a3ZVNWkxdnAwUVdZNUY2Y3ZpWmsxUT09","travma, gebe, gebelik","raporda kazadan önce davacıda psikolojik sorun olmadığı, kazaya bağlı olarak ve kaza tarihinden sonra travma ... kadar bir kez de ATKdan rapor alınmaya çalışılmış ise de, davacının kazaya bağlı olarak meydana gelen travma ... sonrası stres bozukluğunun ortaya çıktığı, davacıda sürekli çalışma gücü kaybının kazaya bağlı travma ... olarak bulunduğunu, kolunda fraktür oluştuğunu, şu an da fiziksel sekelinin olmadığını, 2016 yılında travma ... sonrası stres bozukluğu tanısı konduğunu, o zamandan ber"
"142","Bölge Adliye Mahkemesi","26. Hukuk Dairesi","2022/941","2024/595","2024-05-02","RmJCWnRtdGVNYm9aTzF0TWVvWGRMZz09","https://mevzuat.sinerjias.com.tr/ictihat/yuksek-mahkeme/yargitay%20karari/RmJCWnRtdGVNYm9aTzF0TWVvWGRMZz09","travmatik, travmaya, travması, gebe","konsültasyon notunda; genel durumu kötü, entübe, bilinci kapalı olduğu, BTsinde solda pubik fraktür travmatik ... ortopedi tarafından atele alındığı, sol iskium fraktürü ve sağ sakroiliak eklemde fraktür saptandığı, travmaya ... tam, algı tabii, düşünce akışı yavaşlamış olup amacına geç varıyor olduğu, düşünce içeriği yaşadığı travmatik ... anlaşıldığı, (%40 ) Hastanın depresif nöbet, anksiyete bozukluğu, humerus şaft kırığı, strabismus ve travmatik ... hasta ile kimlik kontrolü yapılarak görüşü"
"143","Yargıtay","Ceza Dairesi","2022/9481","2024/3065","2024-05-02","akw1SzRGUUZXRklIWkx3a2JpdVoxZ1NBaTBzVXcvTlQ","https://mevzuat.sinerjias.com.tr/ictihat/yuksek-mahkeme/yargitay%20karari/akw1SzRGUUZXRklIWkx3a2JpdVoxZ1NBaTBzVXcvTlQ","boğaz, travmasına","tokat ve itme suretiyle darp ettiği, çocuğun kusması üzerine götürüldüğü hastanede 21.02.2017 tarihinde boğaz ... rağmen 27.02.2017 tarihinde beyin ölümünün meydana geldiği, otopsi raporuna göre ölümünün genel beden travmasına"
"144","Danıştay","Daire","2020/6612","2024/1768","2024-05-02","YmNoMTh3T054RE40SEl5b2xSVkcvOEhVVE1rSW1XeDc","https://mevzuat.sinerjias.com.tr/ictihat/yuksek-mahkeme/yargitay%20karari/YmNoMTh3T054RE40SEl5b2xSVkcvOEhVVE1rSW1XeDc","gebe, gebeliği, gebelik, gebenin, travmatik","un 14/12/2013 tarihinde saat 04.00 sıralarında Hakkari Devlet Hastanesine miadında ağrılı gebe olarak ... başvurduğu, 4. gebeliği olduğu, yapılan gebelik USG tetkikinde fetal kalp atışı pozitif olan 37 haftalık ... gebelik tespit edildiği, vajinal muayenede açıklık 2cm, silinme %70. su kesesi (+) olduğu, gebe servise ... yatırıldığı, gebe seri NST takibine alındığı, kişinin takipte vajinal muayenede açıklık 3 cm, silinme ... %80 olduğu, gebenin lavabayo gittiği, gizli gizli ıkınan gebe ayakta be"
"145","Yargıtay","Ceza Dairesi","2023/9329","2024/3019","2024-04-30","eGRySXJoOWtJV2IwblBDTjZqWWFFYXpjcTA0SVRteTg","https://mevzuat.sinerjias.com.tr/ictihat/yuksek-mahkeme/yargitay%20karari/eGRySXJoOWtJV2IwblBDTjZqWWFFYXpjcTA0SVRteTg","boğazını, travmanın, travmaya","un maktulün boğazını sıktığı, bu sırada önce hükümlü ...'un sonra da sanık ...' ... in beyanlarıyla örtüşen ifadeleri, cinsel travmanın dışlanmadığını, maktulün travmaya maruz kaldığı yönünde"
"146","Yargıtay","Hukuk Dairesi","2023/3460","2024/1396","2024-04-25","VENlNFdXUW5PR0hkVkZPSS8zM05kQUNsdTJsalJlSkQ","https://mevzuat.sinerjias.com.tr/ictihat/yuksek-mahkeme/yargitay%20karari/VENlNFdXUW5PR0hkVkZPSS8zM05kQUNsdTJsalJlSkQ","hamileliği, hamile, travma","Davacı vekili; müvekkilinin hamileliği ... sonraki hayatını mesanesinin yarısından fazlası kesilmiş halde ikame etmek zorunda kalacağını ve bir daha hamile ... alınması gerektiğini davalılar aleyhine kusur tespit edilmemiş olsa dahi müvekilinin yaşamış olduğu bunca travma"
"147","Bölge Adliye Mahkemesi","23. Hukuk Dairesi","2024/592","2024/627","2024-04-24","SGU5QWZDN05RdmZoQVJtN1JjTis1Zz09","https://mevzuat.sinerjias.com.tr/ictihat/yuksek-mahkeme/yargitay%20karari/SGU5QWZDN05RdmZoQVJtN1JjTis1Zz09","hamile, hamilelik, travma, gebelik","vekili Asliye Hukuk Mahkemesine sunduğu dava dilekçesinde; müvekkilinin 2008 yılında ikinci çocuğuna hamile ... kaldığını ve hamilelik süresince gerekli muayene ve takibin ... ... açıldığını, müvekkilinin şikayetinden vazgeçmesi sebebiyle davanın düştüğünü, müvekkilinin yaşadığı travma ... sorumluluktan söz edilemeyeceğini, Davalı hekim ...ın idari soruşturma sırasında verdiği ifadede; Hasta ...ın gebelik"
"148","Yargıtay","Ceza Dairesi","2022/15138","2024/2648","2024-04-18","ZEVBc3ZMZW5ZMDJKQ3ZLOWpBamR1elBxMEkxbmJTM0k","https://mevzuat.sinerjias.com.tr/ictihat/yuksek-mahkeme/yargitay%20karari/ZEVBc3ZMZW5ZMDJKQ3ZLOWpBamR1elBxMEkxbmJTM0k","travmatik, boğaz","ancak küçüğün götürüldüğü sağlık kuruluşunda vücudunda haricen yaralanma olarak nitelendirilebilecek travmatik ... olarak işitme kaybı yaşayıp kulağının ağrıdığı, bu nedenle katılanın sanık tarafından bir kulak burun boğaz"
"149","Yargıtay","Hukuk Dairesi","2023/6175","2024/2504","2024-04-17","OU5raHp1MlpxUmRoTVhCaGJOaEtTU0VOWk9aTHdlUHU","https://mevzuat.sinerjias.com.tr/ictihat/yuksek-mahkeme/yargitay%20karari/OU5raHp1MlpxUmRoTVhCaGJOaEtTU0VOWk9aTHdlUHU","boğazına, travma","gün bu bayanı aramasıyla durumdan haberdar olduğunu, davacının kapıcının ve çocukların gözü önünde boğazına ... nın üzerine defalarca eşyalar fırlattığını, tekme-tokat kızını dövdüğünü ve travma yaşamasına neden olduğunu"
"150","Yargıtay","Ceza Dairesi","2022/9571","2024/2466","2024-04-15","YjVuMEhTSmkvVGw4N0x1aFdKLzM3VlY3Y3pDbTMxaFU","https://mevzuat.sinerjias.com.tr/ictihat/yuksek-mahkeme/yargitay%20karari/YjVuMEhTSmkvVGw4N0x1aFdKLzM3VlY3Y3pDbTMxaFU","boğazına, travmatik","sırada maktulle aralarında tartışma yaşandığı, tartışma esnasında eline geçirdiği bıçakla maktulün boğazına ... İhtisas Kurulunun raporunda da belirtildiği üzere maktulde tespit edilen travmatik bulguların tek başına"
"151","Yargıtay","Ceza Dairesi","2021/4903","2024/2814","2024-03-28","aG1GM3VLRitMY3NLeTdPSklDMHNXMmNOK0ZubDg2dGc","https://mevzuat.sinerjias.com.tr/ictihat/yuksek-mahkeme/yargitay%20karari/aG1GM3VLRitMY3NLeTdPSklDMHNXMmNOK0ZubDg2dGc","boğazlıyan, travmadan, travmaya","ve 116 ncı maddesinin birinci fıkrası uyarınca açılan kamu davasının yapılan yargılaması sonucunda, Boğazlıyan ... için bu durum dayanılmaz bir hal alınca olayı anlattığına, katılanın cinsel saldırı nedeniyle ağır travmadan ... KARAR Gerekçe bölümünde açıklanan nedenlerle Boğazlıyan Ağır Ceza Mahkemesinin, 13.05.2015 tarihli ... değerlendirme esnasında; mağdur eylemlerine değil, fail eylemlerine odaklanmalı, mağdurun yaşadığı travmaya ... bağlı psikolojik durumunu gözönünde bulundurulmalı, mağdu"
"152","Bölge Adliye Mahkemesi","26. Hukuk Dairesi","2022/5","2024/396","2024-03-21","STNlbVlScjA2TFdReUt5QWV1MzdUUT09","https://mevzuat.sinerjias.com.tr/ictihat/yuksek-mahkeme/yargitay%20karari/STNlbVlScjA2TFdReUt5QWV1MzdUUT09","gebe, travmatik, hamile, hamileliğin","haftalık embriyoya küretaj uygulandığı, adli dosyada kayıtlı bilgilerde, kişinin 5 veya 6 haftalık gebe ... kırığı oluştuğu, annede baş dönmesi oluşması üzerine İnebolu Devlet Hastanesine götürüldüğü, vücudunda travmatik ... kazasına maruz kalmayan davacı ...in dava konusu kaza tarihi 10.03.2016 tarihinde 5 hafta 3 günlük hamile ... başladığı 18.03.2016 tarihinde 6 hafta 4 günlük embriyonun kalp atımının negatif olması nedeniyle kürtajla hamileliğin ... sonlandırıldığı anlaşılmaktadır. 5 hafta 3"
"153","Yargıtay","Hukuk Dairesi","2022/14046","2024/2940","2024-03-20","dWErTXpZTWw4eEhrVkJkUUtjQzhRZk5iMGlqcUlDc2E","https://mevzuat.sinerjias.com.tr/ictihat/yuksek-mahkeme/yargitay%20karari/dWErTXpZTWw4eEhrVkJkUUtjQzhRZk5iMGlqcUlDc2E","travmatik, hamile, travma","sigortalı otobüsün 24.10.2010 tarihinde yaptığı kaza neticesinde müvekkilinin depresif bozukluk ve post travmatik ... Davalı vekili; davacının maluliyet oranının hatalı ve fahiş derecede yüksek olduğunu, davacının post travmatik ... psikopatoloji olmadığı, Ekim 2010 tarihinde geçirdiği kazada 4 kişinin vefat ettiği, kendisinin 7 aylık hamile ... 03.08.2011 tarihinde takiplerine başlandığı, 06.03.2013 tarihine kadar 1-2 ay aralıklarla düzenli izlendiği, travma"
"154","Yargıtay","Ceza Genel Kurulu","2021/81","2024/135","2024-03-20","VTBPYkdYRXFTWjR6T3FONDZxTnN1bFdUeFRjTDZiU3k","https://mevzuat.sinerjias.com.tr/ictihat/yuksek-mahkeme/yargitay%20karari/VTBPYkdYRXFTWjR6T3FONDZxTnN1bFdUeFRjTDZiU3k","travmatik, boğazını","sağlık kurulu raporuna göre; sol diz üst dış kısmına yakın 2 cm'lik skar izi bulunan katılanda post travmatik ... bacaklarını birbirinden ayırması amacıyla bacağını ve kollarını ısırdığını, yüzüne tokat attığını, boğazını ... katılanın pantolonunu çıkartıp iç çamaşırını yırttığı, bacağını ve kollarını ısırdığı, yüzüne tokat attığı, boğazını"
"155","Danıştay","Daire","2023/4185","2024/1518","2024-03-07","bzJRR2VzUlgvQUJoYTBBWlJWcFRZaHoyc2ZPMk0wQzc","https://mevzuat.sinerjias.com.tr/ictihat/yuksek-mahkeme/yargitay%20karari/bzJRR2VzUlgvQUJoYTBBWlJWcFRZaHoyc2ZPMk0wQzc","travmatik, boğaz","fonksiyonlarını etkileyen bir hastalığı, sakatlığı olanlar ile doğuştan (konjenital) veya sonradan (cerrahi-travmatik ... Söz konusu Yönetmeliğin Ek-3-6 maddesinde A Dilimi Kulak burun boğaz ve ağız ve diş hastalıkları yönünden ... fonksiyonlarını etkileyen bir hastalığı, sakatlığı olanlar ile doğuştan (konjenital) veya sonradan (cerrahi-travmatik ... maddesinin ikinci fıkrasının (a) bendi gereği aday mevcut sağlık durumu ile değerlendirilir. (1) Kulak burun boğaz ... Uyuşmazlık; davacının Emniy"
"156","Yargıtay","Hukuk Dairesi","2022/10450","2024/1471","2024-03-05","SmFJVk9sSElFcE92RFpicy94WFROU1BuZ01qVm9iTnI","https://mevzuat.sinerjias.com.tr/ictihat/yuksek-mahkeme/yargitay%20karari/SmFJVk9sSElFcE92RFpicy94WFROU1BuZ01qVm9iTnI","hamile, travmanın","nın hamile kaldığını, ancak Fatma'nın ailesinin baskı ve tehditleri ile zorla Antalya'ya gönderildiği ... yaşadıkları, biyolojik annenin çocuğu tesliminde bir nakliye şoförünün cinsel istismara maruz kalarak hamile ... bu güne kadar biyolojik anne babasını tanımaması sebebi ile davacılara teslimi halinde küçük ... da travmanın"
"157","Yargıtay","Ceza Dairesi","2021/17416","2024/1947","2024-02-29","dmpBSThYSUJXdDRwYm03OWo3RHdDYmQ3YkZEUFVHMFQ","https://mevzuat.sinerjias.com.tr/ictihat/yuksek-mahkeme/yargitay%20karari/dmpBSThYSUJXdDRwYm03OWo3RHdDYmQ3YkZEUFVHMFQ","travmatik, hamile, gebelik, gebeliğinin","vajinal muayenede çentik rastlanmadığı, esnek, saçaklı görünümde olduğu, anal ve vajinal muayenede akut travmatik ... bulgu tespit edilemediği, 26.06.2018 tarihli raporda, katılanın 30-31 haftalık hamile olduğu ve 30.05.2019 ... tarihli raporda, kemik yaşının, 18 yaş +/- 6 ay ile uyumlu olduğu, 11.09.2018 tarihinde 40 haftalık gebelik ... nun gebeliğinin öğrenilmesi sonrasında, katılanın yakınları tarafından sanığın yaralanması hadisesi de"
"158","Yargıtay","Hukuk Dairesi","2024/1048","2024/1305","2024-02-28","Y25sTG5XQjZnVzdVVkI4MXFJTWFYNkRsRGJVU1hkK2g","https://mevzuat.sinerjias.com.tr/ictihat/yuksek-mahkeme/yargitay%20karari/Y25sTG5XQjZnVzdVVkI4MXFJTWFYNkRsRGJVU1hkK2g","boğazını, travma","önüne bırakması, bir yaşındaki çocuğu bırakıp tek başına yurt dışına tatile gitmesi, ayağı ile çocuğun boğazını ... sıkarak nefessiz bırakarak çocukta travma yaratması, çocuğun arkadaşlarına şiddet uygulayıp çocuğun"
"159","Danıştay","Daire","2020/1324","2024/785","2024-02-21","MGI0NzkwOEc1eFJiRkVCc0d0UlZ3MUN4eExVQ0lZdy8","https://mevzuat.sinerjias.com.tr/ictihat/yuksek-mahkeme/yargitay%20karari/MGI0NzkwOEc1eFJiRkVCc0d0UlZ3MUN4eExVQ0lZdy8","travmaya, travma, travmatik, gebelik","sürdürülebilirliğinin olumsuz etkilenmemesinin amaçlandığı, pelvik ektopik böbreğin hafif düzeyde bir travmaya ... maruz kalması durumunda bile, travma etkisini azaltacak koruyucu bir tabakasının olmaması nedeniyle ... dolayısıyla eşitlik ilkesine aykırı olarak değerlendirilemeyeceği, pelvik ektopik böbreğin hafif düzeyde bir travmaya ... maruz kalması durumunda travma etkisini azaltacak koruyucu bir tabakasının olmaması nedeniyle böbrek ... fonksiyonlarını etkileyen bir hastalığı, sakatlığı ola"
"160","Yargıtay","Ceza Dairesi","2022/7784","2024/1122","2024-02-21","bFgwc3J5cHhBcmtqMjdmNloxS3BGZkZBdHdhd2t4OUg","https://mevzuat.sinerjias.com.tr/ictihat/yuksek-mahkeme/yargitay%20karari/bFgwc3J5cHhBcmtqMjdmNloxS3BGZkZBdHdhd2t4OUg","hamile, travmasına","nin de hamile olduğunu öğrenmeleri üzerine 07.02.2020 tarihinde gece saatlerinde oğulları suça sürüklenen ... bağlayıp üzerine benzin dökerek yaktıkları ve ellerindeki sopalar ile darp ettikleri, maktulün künt kafa travmasına ... nin hamile kaldığı bunları duyan sanıkların ve suça sürüklenen çocuğun kapıldıkları hiddetle maktulü"
"161","Yargıtay","Ceza Dairesi","2022/11115","2024/1090","2024-02-20","ZGtHNmN1N0RKZk9oOXJyTjRjMCt1aEdROEhyUTl0S1Y","https://mevzuat.sinerjias.com.tr/ictihat/yuksek-mahkeme/yargitay%20karari/ZGtHNmN1N0RKZk9oOXJyTjRjMCt1aEdROEhyUTl0S1Y","hamile, hamilelik, hamileyken, travmaya, travma","Sanık ile mağdurun gayrıresmi birlikte yaşadıkları, sanığın hamile olan mağduru beyzbol sopası ile gözlerinden ... yargılamanın 01.03.2018 tarihli celsesinde sanığın aynı zamanda gözünü kör ettiğini ve bunu da kendisi 6 aylık hamile ... ameliyat edildiği, mevcut davaya konu darp iddiasında mağdurun suç tarihini 15.06.2015 olarak (6 aylık hamilelik ... zamanı) olarak anlattığı, bu tarihin hamilelik süreci ile de uyumlu olduğu dolayısıyla mağdurun gözünde ... ederek sanıkla yaşamaya başladığını, s"
"162","Yargıtay","Ceza Genel Kurulu","2023/523","2024/61","2024-02-14","eHZxdHBBWEV4TUhtMXZOdzBGbTYzODJtRGhDZ3FVNGQ","https://mevzuat.sinerjias.com.tr/ictihat/yuksek-mahkeme/yargitay%20karari/eHZxdHBBWEV4TUhtMXZOdzBGbTYzODJtRGhDZ3FVNGQ","travmatik, hamile","aralıklarında olmadığı, maktulün vücudunda bir adet kesici delici alet yarası, baş bölgesinde çok sayıda künt travmatik ... kenarının künt olduğu, baş bölgesinde tanımlanan lezyonlar ve sağ kaş üzerinde tanımlanan lezyonun künt travmatik ... eylemi ile uyumlu olduğu, maktulün ölümünün kesici delici aletle perikard ve kalp yaralanması, künt travmatik ... almışsın, burada ne işin var, seninle hesabımız bitmedi.\"" şeklinde konuştuğunu, bu sırada üç aylık hamile ... bindirdiği sanıkla birlikte orada"
"163","Bölge Adliye Mahkemesi","11. Hukuk Dairesi","2021/991","2024/262","2024-02-09","b1A0WW9EVmM2bFZqRllYWEk4WURaZz09","https://mevzuat.sinerjias.com.tr/ictihat/yuksek-mahkeme/yargitay%20karari/b1A0WW9EVmM2bFZqRllYWEk4WURaZz09","boğaz, travma","olduğunun hesaplandığı, işitme cihazının kaç yılda bir yenilenmesi gerektiği hususunun Kulak Burun ve Boğaz ... hastanesine başvurduğu, özgeçmişinde olay öncesi işitme kaybı olduğunu gösterecek bir özellik belirtilmediği, travma ... ve mevcut işitme kaybı arasındaki illiyet bağını kesecek başka bir travma öyküsünün bulunmadığı, bu ... nedenlerle dava konusu travma ile mevcut işitme kaybı arasında illiyet bağı kurulduğunun belirtildiği"
"164","Anayasa","Bölüm","2019/21898","2024/","2024-02-08","S3h6MmRQL2YwdFI1V2c3RlI0eGw0RWt3TlZpRUlaS0c","https://mevzuat.sinerjias.com.tr/ictihat/yuksek-mahkeme/yargitay%20karari/S3h6MmRQL2YwdFI1V2c3RlI0eGw0RWt3TlZpRUlaS0c","geberteceğiz, travma, travmatik","Sizi ezeceğiz, geberteceğiz, leşinizi sereriz gibi tehdit sözleri duydum. ... darbedildiğini iddia ettiği olay sonrası herhangi bir sağlık kuruluşuna müracaat etmediğini, vücudunda bir travma ... hareketlerinin kısıtlı ve ağrılı olduğunu, ayrıca sağ göğsünde ağrı tarif ettiğini ancak kişide haricî travmatik ... Adli tıp raporunda haricî travmatik lezyon tespit edilmediği, sol omuz hareketlerinde kısıtlılığın"
"165","Yargıtay","Hukuk Dairesi","2023/2829","2024/733","2024-02-08","cGFwekJWNEU4NFZQK0NaR0dnbkdDTWNodFpNaDlZS20","https://mevzuat.sinerjias.com.tr/ictihat/yuksek-mahkeme/yargitay%20karari/cGFwekJWNEU4NFZQK0NaR0dnbkdDTWNodFpNaDlZS20","travmalar, hamile","şiddet uyguladığını, hakaret, tehdit ve aşağılamalarda bulunduklarını, yaşadığı bedensel ve ruhsal travmalar ... kabulü ile tarafların boşanmalarına karar vermek gerektiği, erkeğin kadına fiziksel şiddet uygulaması, hamile ... göstermediği ancak her ne kadar İlk Derece Mahkemesince erkeğe, kadına fiziksel şiddet uyguladığı, hamile"
"166","Yargıtay","Ceza Dairesi","2023/8512","2024/767","2024-02-07","QXo4ZzBYbXQvWHVDVnd4UGlkcXppRWVmN0F3ZFFFbUU","https://mevzuat.sinerjias.com.tr/ictihat/yuksek-mahkeme/yargitay%20karari/QXo4ZzBYbXQvWHVDVnd4UGlkcXppRWVmN0F3ZFFFbUU","hamile, travmasına, hamileliğini","nin istismar sonucu hamile kaldığı, bu ilişkinin birden fazla kez yaşandığı, ...' ... bıraktıkları, bebeğin bir kaç saat sonra hastane görevlilerince bulunduğu, tedavi altına alındığı ancak kafa travmasına ... nin maruz kaldığı cinsel istismar suçu nedeniyle hamile kaldığı, ...' ... nin hamileliğini gizlediği, ancak olay günü ...' ... vermeden oradan annesi sanık ... ve babası ... ... ile ayrıldığı, tuvalette terk edilen bebeğin kafa travmasına"
"167","Yargıtay","Ceza Dairesi","2022/4300","2024/1534","2024-02-07","aXlhaWMrdjBaVjJ6dHRteHRoTkIwUmNvNGt0elNPeU0","https://mevzuat.sinerjias.com.tr/ictihat/yuksek-mahkeme/yargitay%20karari/aXlhaWMrdjBaVjJ6dHRteHRoTkIwUmNvNGt0elNPeU0","boğazımın, travma, boğazımı, boğazına","göğüs ve diz kısmıma oturup darp ettiler, ben bu sırada kendimden geçmişim, akabinde kendime geldiğimde boğazımın ... olmadığını aracımın anahtarının olmadığını ve gözlüğümün de olmadığını farkettim,..ben çok ciddi bir travma ... mücadele etmeye çalıştı, daha sonra yolumuzu bulmak amacıyla bir istasyona sığındık burada da benim boğazımı ... polis gelmeden hakaret ettiği için olay yerinden ayrılıp gittim, bana sen beni kaçırıyormusun deyip boğazımı ... yapmamak ve şahıstan kurtulmak için aracı du"
"168","Yargıtay","Ceza Dairesi","2023/13662","2024/882","2024-02-06","clR5QUhyRklZWDFuSTFLeU93UEJBNHBiQUovTW9rZG4","https://mevzuat.sinerjias.com.tr/ictihat/yuksek-mahkeme/yargitay%20karari/clR5QUhyRklZWDFuSTFLeU93UEJBNHBiQUovTW9rZG4","hamileliğinin, travma, hamile","dilekçe ve mektuplarında olayın kendi eylemi sebebiyle olduğunu beyan ettiğine, mağdurenin yaşadığı hamileliğinin ... mağdurede panik ve travma yarattığına, intikam almak için başkalarının yönlendirmesi ile asılsız şikayette ... işlenmesi sırasında kastın yoğunluğu, olayın mağdurede yarattığı etki, mağdurenin saldırı sonucunda hamile"
"169","Yargıtay","Ceza Genel Kurulu","2019/197","2024/33","2024-01-24","NGtLakk3c2RLYXpIREptSUhiMnBGaXBlSTFHNWtVbUM","https://mevzuat.sinerjias.com.tr/ictihat/yuksek-mahkeme/yargitay%20karari/NGtLakk3c2RLYXpIREptSUhiMnBGaXBlSTFHNWtVbUM","travmasına, travmatik, boğazını, boğazına","ın dosya kapsamında bulunan Adli Tıp Kurumu raporunda belirtildiği üzere genel beden travmasına bağlı ... bilincinin kapalı olduğu, entübe edildiği, yapılan tetkiklerinde çok sayıda kafa kemik kırığı, yaygın travmatik ... Niğde Devlet Hastanesi'ndeki muayene bulguları, takip ve görüntüleme raporları ile otopside tanımlanan travmatik ... değişimlerin lokalizasyonu, ağırlığı ve nitelikleri birlikte değerlendirildiğinde, ölenin ölümüne neden olan travmatik ... gittiklerini, sanık, ölen ve tanık ..."
"170","Yargıtay","Hukuk Dairesi","2023/2354","2024/338","2024-01-23","T0RqRHhVcUNJR3pUeHplMDFIc0h5YjRidzJnMUtoVnA","https://mevzuat.sinerjias.com.tr/ictihat/yuksek-mahkeme/yargitay%20karari/T0RqRHhVcUNJR3pUeHplMDFIc0h5YjRidzJnMUtoVnA","hamile, hamilelikte, travma","Bakım Merkezine yerleştirildiğini, kısıtlının bakım merkezinde kalırken 25 haftalık hamile olduğunu belirleyen ... olması nedeniyle bebeğin sakat ya da anomali ya da erken doğum tehlikesi olduğunun bilinmesine rağmen hamilelikte ... eylem neticesinde endişe hali içerisinde olduğu, ruhsal ve bedeni bütünlüğünün ihlal edilmesi nedeniyle travma ... vücudunda meydana gelen değişikliklerden şüphelenerek sağlık kurumuna götürüp kontrol ettirdiğini, hamile"
"171","Yargıtay","Hukuk Dairesi","2023/2156","2024/214","2024-01-17","MmE4REkzT2tnK2tnVDhvU0NmT2taWHR4Umh2bTBqU0Q","https://mevzuat.sinerjias.com.tr/ictihat/yuksek-mahkeme/yargitay%20karari/MmE4REkzT2tnK2tnVDhvU0NmT2taWHR4Umh2bTBqU0Q","boğazının, boğaz, boğazından, travmasının","ameliyatın başarısızlığı nedeniyle nefes alamadığını, yoğun bakıma alındığını ve hiç uyuşturulmadan boğazının ... Göğüs Hastalıkları Hastanesine sevk edildiğini, bu hastanede de boğazının yanları delinerek tedavi edilmeye ... Davalı ...; kulak burun boğaz doktoru olduğunu, davacının yapılan muayenesi sonunda bademcik üzerinde ... hastalıkları uzmanı hem de kendisi tarafından ameliyatın aynı anda gerçekleştirilmesinin kararlaştırıldığını, boğazından ... anlaşıldığı belirtilerek, davacı hastada en"
"172","Yargıtay","Hukuk Dairesi","2023/2427","2024/221","2024-01-17","b3NkZmFjVmx5MU85NVA0UnVWVHoxaFI1eUtrTG5WcXg","https://mevzuat.sinerjias.com.tr/ictihat/yuksek-mahkeme/yargitay%20karari/b3NkZmFjVmx5MU85NVA0UnVWVHoxaFI1eUtrTG5WcXg","hamileliğinin, travmasına","nın hamileliğinin başından itibaren düzenli olarak davalı hastanede çalışan diğer davalı doktor Yeşim ... bebek sağlığına tam olarak kavuşmadan taburcu edilmesi nedeniyle bebeğin 02.03.2010 tarihinde doğum travmasına"
"173","Yargıtay","Ceza Dairesi","2023/1698","2024/276","2024-01-15","a2xMSHU5UDIwS0dmdTV3WEhiNi9nWmtNUE5IWVZaajE","https://mevzuat.sinerjias.com.tr/ictihat/yuksek-mahkeme/yargitay%20karari/a2xMSHU5UDIwS0dmdTV3WEhiNi9nWmtNUE5IWVZaajE","boğazına, boğazını, travma","katılanın üzerine atlayan sanığın bir eliyle katılanın ağzını kapattığı, diğer elindeki bıçağı da katılanın boğazına ... dayayarak \""Sakın kafanı kaldırma, yoksa boğazını keserim.\"" diyerek tehdit ettiği, daha sonra sanığın ... vermeyerek direndiği, bunun üzerine sanığın elindeki bıçağı yatağın ucuna fırlatarak iki eliyle katılanın boğazına ... 29.05.2012 tarihinde mağduru bulunduğu olaydan kaynaklanmış ruh sağlığını bozacak mahiyet ve derecede olan (Travma"
"174","Yargıtay","Ceza Dairesi","2023/13268","2024/108","2024-01-10","cGwwVzdxTjMzMkVHV1FXMU8rcE5WeDhMTTZ3MkV2SjM","https://mevzuat.sinerjias.com.tr/ictihat/yuksek-mahkeme/yargitay%20karari/cGwwVzdxTjMzMkVHV1FXMU8rcE5WeDhMTTZ3MkV2SjM","boğazını, travmatik, boğazımı","sokakta oynamakta iken bisikletine bindirip herhangi bir kimsenin bulunmadığı bir binaya götürdüğü, boğazını ... 2)Görüşme sırasında kaygı nedeniyle kendini ifade etmekte zaman zaman güçlük çektiği ve bu durumun travmatik ... Beni yakaladı uzaktaki bir binaya götürdü, sonra boğazımı sıktı. Bana tecavüz etti. ... tüm dosya kapsamı birlikte değerlendirildiğinde cezai ehliyeti tam olan sanığın 6 yaşındaki mağdurun boğazını"
"175","Yargıtay","Ceza Dairesi","2023/4773","2023/8539","2023-12-27","ZDc3VElxSkovVjFqRnZHME9MRUJHMzhkOElRbUhUbmQ","https://mevzuat.sinerjias.com.tr/ictihat/yuksek-mahkeme/yargitay%20karari/ZDc3VElxSkovVjFqRnZHME9MRUJHMzhkOElRbUhUbmQ","boğazına, travmatik","ın Mehmet'in boğazına sarılarak ''orospu çocukları bizi niye içeriye almıyorsunuz'' şeklinde hakaret ... '' demek suretiyle birden fazla kişiye karşı tek bir eylemle hakaret ettiği, polis memuru Mehmet'in boğazına ... Kişide kafatası kemiklerinde kırık, kafa içi travmatik değişim, herhangi bir merkezi sinir sistemi patolojisi"
"176","Yargıtay","Ceza Dairesi","2023/10460","2023/8866","2023-12-26","RWZLanRWOEJrTUxGR0owdDU5UFZqYVMxeXJ4bTgvUTE","https://mevzuat.sinerjias.com.tr/ictihat/yuksek-mahkeme/yargitay%20karari/RWZLanRWOEJrTUxGR0owdDU5UFZqYVMxeXJ4bTgvUTE","travma, hamile","Sanık hakkında alt sınırdan ceza verilmemesi gerektiğine, katılan mağdurenin yaşadığı psikolojik travma ... eden süreçte de aralıklarla sürdüğü son olarak katılan mağdurenin 2021 yılı mayıs-haziran aylarında hamile ... Hastanesinin genel adlî muayene raporuna göre, 12.10.2021 tarihinde katılan mağdurenin 19 hafta 1 günlük hamile ... içerisinde katılan mağdureyle vajinal yoldan cinsel ilişki gerçekleştirdiği bu nedenle katılan mağdurenin hamile"
"177","Yargıtay","Ceza Dairesi","2022/7781","2023/8285","2023-12-21","THBHd2lTRjBNV25QcmdOZU8rZEM5dGpXNjIrNHhhNUM","https://mevzuat.sinerjias.com.tr/ictihat/yuksek-mahkeme/yargitay%20karari/THBHd2lTRjBNV25QcmdOZU8rZEM5dGpXNjIrNHhhNUM","boğazına, travma, travmatik","maktulün bagajın içine düştüğü, sanığın maktulün üzerine yüklenerek maktulün elinden kılıcı alıp maktulün boğazına ... kesilmiş olduğu, üst ön alveollerde (üst ön 3 adet kesici diş ile uyumlu alanda) kırık olduğu (künt travma ... - Kişinin ölümünün kesici ezici alet yaralanmasına bağlı kafa kemik kırığı ile birlikte kafa içi travmatik"
"178","Yargıtay","Hukuk Dairesi","2023/2160","2023/3834","2023-12-20","b3lsMHBPd2dTdWRTaW9YdWFya0pReUk2RS85SFUreEo","https://mevzuat.sinerjias.com.tr/ictihat/yuksek-mahkeme/yargitay%20karari/b3lsMHBPd2dTdWRTaW9YdWFya0pReUk2RS85SFUreEo","hamileyken, travmalar, boğazı","un hamileyken davalı şirkete ait ... Hastanesinde Op.Dr ...' ... doğum süresinin çok uzun olması üzerine davalı doktorun, kordonun dolanması nedeniyle bebeğin kritik travmalar ... yapılmasında ısrarcı bebeğin boynuna kordonun dolandığını, bunun üzerine vakum uygulanarak kordonun boğazı"
"179","Yargıtay","Ceza Dairesi","2023/11407","2023/8711","2023-12-20","SDZveHdmdzRISmtua0VCaXNTRGFUbGRxTEp2Wnd2cDI","https://mevzuat.sinerjias.com.tr/ictihat/yuksek-mahkeme/yargitay%20karari/SDZveHdmdzRISmtua0VCaXNTRGFUbGRxTEp2Wnd2cDI","hamile, travma","eylemlerde bulunduğu ve raporlarda da belirtilen şekilde vurduğu ve sanığın da kendi beyanlarında mağdurenin hamile ... Meriç Toplum Sağlığı Merkezi'nin raporundaki durumuna göre mağdurenin birden fazla yerinde şiddetli travma"
"180","Yargıtay","Ceza Dairesi","2023/9513","2023/8719","2023-12-20","NWRBRThkQVBqdUxucVRkdzExL2hWMXkwMmZoSkFwNlE","https://mevzuat.sinerjias.com.tr/ictihat/yuksek-mahkeme/yargitay%20karari/NWRBRThkQVBqdUxucVRkdzExL2hWMXkwMmZoSkFwNlE","boğazına, travmatik",".'den aracın bagajındaki sallama diye tabir olunan bıçağı istediği, arabaya yaslayıp boğazına bıçak ... yönünden Sivas Cumhuriyet Hastanesi tarafından tanzim edilen adli rapor formunda; 'dış muayenesinde travmatik ... rastlanmadığı ancak iddia edilen olay tarihleri ile muayene tarihi arasındaki geçen süre dikkate alındığında travmatik"
"181","Yargıtay","Ceza Genel Kurulu","2020/35","2023/664","2023-12-13","ZDRJU2FVV2FUY1ptMU9OYUp2eTlNSXh2ZnVERUh2R3Q","https://mevzuat.sinerjias.com.tr/ictihat/yuksek-mahkeme/yargitay%20karari/ZDRJU2FVV2FUY1ptMU9OYUp2eTlNSXh2ZnVERUh2R3Q","travmatik, boğaz, hamilelik","tarihinde \""Otitis media, tanımlanmamış\"" ve \""Akut sinüzit, taımlanmamış\""; 20.04.2015 tarihinde ise \""Travmatik ... in oğlu ile birlikte kulak burun boğaz polikliniğine gelmesi üzerine hemşireden hastayı kayıt etmesini ... ve tedavileri söyleyip ameliyat günü olması sebebiyle diğer hastalarının kontrolü için kulak burun boğaz ... ın yardımı ile çıkartıp patoloji kabına koyduktan sonra kliniğe geri döndüğünü, kulak, burun, boğaz, ... edilmeden muayene ve tedavi edilmelerinin söz konusu olmadığı"
"182","Yargıtay","Ceza Dairesi","2023/10585","2023/8418","2023-12-13","ZFhJaG9CSkUyT3MvWExYK0pmdG9SYjJ1dFhRNnVHckY","https://mevzuat.sinerjias.com.tr/ictihat/yuksek-mahkeme/yargitay%20karari/ZFhJaG9CSkUyT3MvWExYK0pmdG9SYjJ1dFhRNnVHckY","travma, hamile","Mağdure üzerinde oluşan travma ... mağdure ... ...'nın sanık ...'un eşinin yeğeni olduğu, olay tarihinde sanığın eşi ... ...'un hamile"
"183","Yargıtay","Ceza Dairesi","2023/11253","2023/8243","2023-12-11","V2xqVmd5UmVETFNSeUVFNFhIVjlyVkpTM0Ruam1qSUs","https://mevzuat.sinerjias.com.tr/ictihat/yuksek-mahkeme/yargitay%20karari/V2xqVmd5UmVETFNSeUVFNFhIVjlyVkpTM0Ruam1qSUs","hamile, travmanın, hamilelik","un tespit edilebildiği kadarıyla hamile kaldığı andan doğum sonrası eve izinli olarak döndüğü sürece ... un mağdura yönelik cinsel istismarda bulunduğu, her ne kadar mağdur yaşadığı travmanın etkisiyle organ ... kapsamında mağdurenin babası olması nedeniyle cezasında yarı oranında arttırım yapılmasına, Sanığın hamilelik"
"184","Yargıtay","Hukuk Dairesi","2022/5566","2023/12812","2023-11-29","QTlQODAyUHZaZ0pHeFRKd3F5dXNuQ2tjcVN0Vy9NYnU","https://mevzuat.sinerjias.com.tr/ictihat/yuksek-mahkeme/yargitay%20karari/QTlQODAyUHZaZ0pHeFRKd3F5dXNuQ2tjcVN0Vy9NYnU","gebe, travmatoloji","Raporda kaza tarihinde davacının gebe olması nedeniyle grafilerinin çekilemediği, davacıdaki sekelin ... nedeniyle uğradığı çalışma gücü kaybı bulunup bulunmadığı ve varsa oranı konusunda içerisinde ortopedi ve travmatoloji"
"185","Yargıtay","Ceza Dairesi","2022/9061","2023/7106","2023-11-22","TXh4ZkpzbWsyYVdvZEo0M3lOVzVLNmtZNzk0OVBkZTc","https://mevzuat.sinerjias.com.tr/ictihat/yuksek-mahkeme/yargitay%20karari/TXh4ZkpzbWsyYVdvZEo0M3lOVzVLNmtZNzk0OVBkZTc","boğazını, travmasına, boğazlama","sanık arasında boğuşma başladığı, sanığın maktulü evde alıkoyarak ele geçirdiği bıçak ile maktulün boğazını ... kestiği, darp ettiği, anal yoldan cinsel istismarda bulunduğu, maktulün künt kafa travmasına ... bağlı kafatası ve omur kırığıyla birlikte beyin kanaması, beyin doku hasarı ve boğazlama kesisine"
"186","Yargıtay","Ceza Dairesi","2023/2393","2023/7110","2023-11-22","eWk5ditOTzUzZlpxYTZxSTRjdDFLMVJiSERBdWZ4NHk","https://mevzuat.sinerjias.com.tr/ictihat/yuksek-mahkeme/yargitay%20karari/eWk5ditOTzUzZlpxYTZxSTRjdDFLMVJiSERBdWZ4NHk","boğazına, travmaya","maktulün yüzüne ve başının arka kısmına sopa ile vurarak yere düşürdüğü, darp eylemine devam ederek boğazına ... Adlî Tıp Grup Başkanlığının, 04.12.2019 tarihli otopsi raporuna göre, maktulün, künt travmaya bağlı yüz ... kemik kırıklarıyla birlikte beyin kanaması ve boyuna uygulanan travmaya bağlı boyun kemik kırıklarıyla"
"187","Yargıtay","Ceza Dairesi","2023/3519","2023/7060","2023-11-21","Zk5BUWR4dVlFZzBqSGh2NDFTT3VyNmdmd0RyTmUzalg","https://mevzuat.sinerjias.com.tr/ictihat/yuksek-mahkeme/yargitay%20karari/Zk5BUWR4dVlFZzBqSGh2NDFTT3VyNmdmd0RyTmUzalg","boğazını, travması","yerden çıkarak yanında getirdiği çekiç ve tornavidayla maktulün başına vurarak, elleri ile de maktulün boğazını ... Adli Tıp Şube Müdürlüğünün, 15/10/2019 tarihli otopsi raporuna göre; \""Maktulün kafa travması sonucu"
"188","Yargıtay","Ceza Dairesi","2021/8991","2023/7515","2023-11-20","K1lNcTJvdUhCeVQwSUhqYUlKQjBSRnA4YTBJOUlXeFQ","https://mevzuat.sinerjias.com.tr/ictihat/yuksek-mahkeme/yargitay%20karari/K1lNcTJvdUhCeVQwSUhqYUlKQjBSRnA4YTBJOUlXeFQ","gebe, travma","mağdurenin rahatsızlanması ile 01.07.2013 tarihinde sağlık kuruluşundaki muayenesinde yedi haftalık gebe ... katılan mağdurede, mağduru bulunduğu olaydan kaynaklanmış ruh sağlığını bozacak mahiyet ve derecede olan travma"
"189","Yargıtay","Ceza Dairesi","2020/5135","2023/5083","2023-11-16","OFd5N2JhRjVpT2syVTc0Sks1MU1pbXdhK0wwUzZLN1M","https://mevzuat.sinerjias.com.tr/ictihat/yuksek-mahkeme/yargitay%20karari/OFd5N2JhRjVpT2syVTc0Sks1MU1pbXdhK0wwUzZLN1M","gebeş, travması","ile Bartın ilinden Cide istikametine gelmekte olduğu, takriben sabah 07:30 sıralarında Cide ilçesi Gebeş ... ın künt kafa travması, boyun kırığı, iç kanamaya bağlı multiple organ yaralanması sebebiyle öldüğü ... Saat 07.30 civarında Gebeş ayrımından Cide ye doğru giderken kaza oldu."
"190","Anayasa","Bölüm","2019/769","2023/","2023-11-15","RWtyakQ0MDlrMGlsS25jMnp5d2dMWXZvQ3Q4RGFTMkE","https://mevzuat.sinerjias.com.tr/ictihat/yuksek-mahkeme/yargitay%20karari/RWtyakQ0MDlrMGlsS25jMnp5d2dMWXZvQ3Q4RGFTMkE","travma, travmasına, boğaz","tarihli sağlık kurulu raporunda başvurucunun şizofreni rahatsızlığının çalışmasına olanak vermediğinin, travma ... anlaşıldığı, dolayısıyla bu durumun meydana gelen patlamayla bir ilgisinin olmadığı, 13/10/2015 tarihinde ses travmasına ... reçete verildiği anlaşılmakta ise de 23/1/2018 tarihli sağlık kurulu raporunda başvurucunun kulak burun boğaz ... kaybı yaşadığını, etrafında yaralanan ve hayatını kaybeden insanlara şahit olduğunu, olay nedeniyle travma"
"191","Danıştay","Daire","2020/3570","2023/6822","2023-11-14","N3JVMFUzeWJGaG94QnRoNXloV0MwWG11UHQzRnFCTGw","https://mevzuat.sinerjias.com.tr/ictihat/yuksek-mahkeme/yargitay%20karari/N3JVMFUzeWJGaG94QnRoNXloV0MwWG11UHQzRnFCTGw","boğaz, travmatoloji","Tam teşekküllü devlet hastaneleri ile devlete ait üniversite hastanelerinden en az göz, kulak burun boğaz ... , dahiliye, nöroloji, genel cerrahi, psikiyatri, ortopedi ve travmatoloji, kardiyoloji branşlarında periyodik"
"192","Danıştay","Daire","2020/3571","2023/6818","2023-11-14","bUZRVXFpK2JwdzN6eWE5MTlsOUYyT1V1VWlkaG5xTFk","https://mevzuat.sinerjias.com.tr/ictihat/yuksek-mahkeme/yargitay%20karari/bUZRVXFpK2JwdzN6eWE5MTlsOUYyT1V1VWlkaG5xTFk","boğaz, travmatoloji","Tam teşekküllü devlet hastaneleri ile devlete ait üniversite hastanelerinden en az göz, kulak burun boğaz ... , dahiliye, nöroloji, genel cerrahi, psikiyatri, ortopedi ve travmatoloji, kardiyoloji branşlarında periyodik"
"193","Danıştay","Daire","2023/5342","2023/6823","2023-11-14","cmRTYVF5U1FIRWUzaytLd2N1ZlVkY2N6Rnd2eEhBcFM","https://mevzuat.sinerjias.com.tr/ictihat/yuksek-mahkeme/yargitay%20karari/cmRTYVF5U1FIRWUzaytLd2N1ZlVkY2N6Rnd2eEhBcFM","boğaz, travmatoloji","Tam teşekküllü devlet hastaneleri ile devlete ait üniversite hastanelerinden en az göz, kulak burun boğaz ... , dahiliye, nöroloji, genel cerrahi, psikiyatri, ortopedi ve travmatoloji, kardiyoloji branşlarında periyodik"
"194","Yargıtay","Ceza Dairesi","2021/14082","2023/7476","2023-11-09","SHVoZ3A1N2RqeWJvVzdUWmtRY0laR0M1ZU11Q0hZdks","https://mevzuat.sinerjias.com.tr/ictihat/yuksek-mahkeme/yargitay%20karari/SHVoZ3A1N2RqeWJvVzdUWmtRY0laR0M1ZU11Q0hZdks","travma, gebelik, hamile","Tıp Ana Bilim Dalı Başkanlığının 26/11/2013 tarih ve 1125 sayılı mağdur hakkında düzenlenen, kişide travma ... Tıp Ana Bilim Dalı Başkanlığının 14/10/2014 tarih ve 1036 sayılı mağdur hakkında düzenlenen, kişinin travma ... ın, 11.10.2013 tarihinde Çine Devlet Hastanesi'ne gelerek gebelik testi yaptırmak istediği, yaşının küçük ... birlikte olduklarını, cinsel ilişki sırasında adetli olduğu için kanama olup olmadığını anlamadığını, hamile"
"195","Yargıtay","Ceza Dairesi","2023/8919","2023/7460","2023-11-09","REJMR081eGRsRVF6T0Y5MWliZ2lVUjQ0VDliNGlSUEw","https://mevzuat.sinerjias.com.tr/ictihat/yuksek-mahkeme/yargitay%20karari/REJMR081eGRsRVF6T0Y5MWliZ2lVUjQ0VDliNGlSUEw","travmada, gebe","kapsamında ağırlaştırıcı iki neden varken alt sınırdan ceza tayin edilmesinin ve katılan mağdurenin yaşadığı travmada ... organ sokmak suretiyle nitelikli cinsel saldırı eyleminde bulunduğu, eylem nedeniyle katılan mağdurenin gebe"
"196","Yargıtay","Ceza Dairesi","2022/15229","2023/6899","2023-11-09","VzB6cllLenRFUVBzVU00MlJJbkJRbVZhNW4vY2xLSXk","https://mevzuat.sinerjias.com.tr/ictihat/yuksek-mahkeme/yargitay%20karari/VzB6cllLenRFUVBzVU00MlJJbkJRbVZhNW4vY2xLSXk","gebe, gebeliğini, travmatik","Sanığın evli ve üç çocuk annesi olduğu, tanık ... ile yaşadığı gayri meşru ilişki içerisinde gebe kaldığı ... , gebeliğini eşinden, çocuklarından ve tanık...tan gizlediği, 29.07.2019 tarihinde evinin banyosunda ... , bebeğin doğduğu anda canlı olduğu, sanığın gayri meşru ilişki içerisinde dünyaya getirdiği bebeği gebe ... İhtisas Kurulunun, 22.06.2020 tarihli ve 2509 karar numaralı ihtisas kurulu mütalaasında; \""...Bebeğin travmatik"
"197","Yargıtay","Ceza Dairesi","2021/6581","2023/7395","2023-11-08","M1FRanhlcE5yK1JVNHFxQWpBZ1haVUlQRVpsYkpCZ2k","https://mevzuat.sinerjias.com.tr/ictihat/yuksek-mahkeme/yargitay%20karari/M1FRanhlcE5yK1JVNHFxQWpBZ1haVUlQRVpsYkpCZ2k","hamile, travma","söylemediği, bir kaç ay sonra mağdurenin rahatsızlanması üzerine annesi tarafından hastaneye götürüldüğünde hamile ... üzerindeki kıyafetleri ailesinin haberdar olmaması için aynı gün makineye atıp yıkadığı, hastanede hamile ... mağduru bulunduğu olaydan kaynaklanmış ruh sağlığını bozacak mahiyet ve derecede olan (Major Depresyon, Travma"
"198","Yargıtay","Ceza Dairesi","2023/8498","2023/7417","2023-11-08","c2sxckZTK3p5Wnh5T1NMUnAzRVZ5dGhiZ3N5cm5QOUk","https://mevzuat.sinerjias.com.tr/ictihat/yuksek-mahkeme/yargitay%20karari/c2sxckZTK3p5Wnh5T1NMUnAzRVZ5dGhiZ3N5cm5QOUk","boğazını, travma","katılanın odasına girip katılanı öpmeye çalıştığı, katılanın direnmesi üzerine katılanın yüzünü ve boğazını ... diye yalvarınca odadan dışarıya çıkıp pencerenin önüne gelip dışarıya bakarken sanığın saldırdığını, boğazını ... katılanın odasına girip katılanı öpmeye çalıştığı, katılanın direnmesi üzerine katılanın yüzünü ve boğazını ... mağduru bulunduğu olaydan kaynaklanmış ruh sağlığını bozacak mahiyet ve derecede olan (kaçınma ağırlıklı Travma"
"199","Yargıtay","Ceza Dairesi","2021/17879","2023/7380","2023-11-08","T0UyQ3hFZXBpSFEzbUdWK3oyN0lhMS8xaUZBQk1CR2Q","https://mevzuat.sinerjias.com.tr/ictihat/yuksek-mahkeme/yargitay%20karari/T0UyQ3hFZXBpSFEzbUdWK3oyN0lhMS8xaUZBQk1CR2Q","boğazını, travmatik","ı elinden tutup ormanlık alana götürerek boğazını tek eli ile sıkıp, seni boğarım öldürürüm diye tehdit ... ATK Zonguldak Adli Tıp Şube Müdürlüğünün 26/06/2012 tarihli raporunda özetle; mağdurede yeni oluşmuz travmatik ... saptanmadığını, hymenin çocuk hymeni görünümünde olduğunun ve sağlam olduğunun, herhangi bir eski ya da travmatik"
"200","Yargıtay","Ceza Genel Kurulu","2023/306","2023/590","2023-11-08","SXZWbFFBejE1TEtDL3pnV254QUJSYmZnaFJGQnc3dXY","https://mevzuat.sinerjias.com.tr/ictihat/yuksek-mahkeme/yargitay%20karari/SXZWbFFBejE1TEtDL3pnV254QUJSYmZnaFJGQnc3dXY","travma, boğazını","tarihli ruh ve beden sağlığı heyet raporuna göre; 04.04.2018 tarihli muayene sonucunda katılan mağdurda travma ... ın boğazını sıkıp kendisini yere yatırdığını, suça sürüklenen çocuk ...'"
"201","Yargıtay","Ceza Dairesi","2023/7427","2023/7325","2023-11-07","SHcrdVRDNzYrWW5DYkFjc1VzS2dMZThGNHVzRklKOVY","https://mevzuat.sinerjias.com.tr/ictihat/yuksek-mahkeme/yargitay%20karari/SHcrdVRDNzYrWW5DYkFjc1VzS2dMZThGNHVzRklKOVY","hamile, gebelik, hamilelik, gebe, gebeliği, gebeliğin, travmatik","birçok defa cinsel ilişkiye girdiği, mağdure adetleri düzensizleşmeye başlayınca doktora gittiği ve hamile ... mağdurenin internet üzerinden konuştuğu şahsın \""sanık ...'un yanına git ve kendisine ondan hamile ... ben onu kontrol altına alacağım, tepkisini azaltacağım\"" dediği, mağdurenin sanığın yanına gidip hamile ... Hastanesinden sanığın randevu aldığı, sanıkla mağdurenin beraber yola çıktıkları, yolda pratik gebelik ... testi aldıkları ve hamilelik testinin pozitif çıktığı, hastaneye gittik"
"202","Yargıtay","Ceza Dairesi","2023/2920","2023/13823","2023-10-26","QnFXdWxFYW41aENzNHA5VGRYeUc3dlkyeFBOd3ViOC8","https://mevzuat.sinerjias.com.tr/ictihat/yuksek-mahkeme/yargitay%20karari/QnFXdWxFYW41aENzNHA5VGRYeUc3dlkyeFBOd3ViOC8","travmasına, geberteceğim","vurmak suretiyle yaralanmasına neden olduğu, katılan hakkında düzenlenen kati hekim raporunda künt cisim travmasına ... yaralama suçlarını işlediği kanaatine varıldığı... her ne kadar sanık hakkında katılana yönelik ''seni geberteceğim ... bulunan sandalye ile kafama vurdu ve bana hitaben \""orospu çocuğu, sizde hiç ar namus yok mu, ben sizi geberteceğim ... Ayrıca sanığın tartışma sırasında müştekiye hitaben 'ben sizi geberteceğim' deyip demediğini bilmiyorum ... Ben tartışma sırasında sanığın, "
"203","Yargıtay","Hukuk Dairesi","2022/3914","2023/6113","2023-10-24","bmIyaWV2aHBieWN3UDdUeWlLTGIzbnMrNktHWTJVZVM","https://mevzuat.sinerjias.com.tr/ictihat/yuksek-mahkeme/yargitay%20karari/bmIyaWV2aHBieWN3UDdUeWlLTGIzbnMrNktHWTJVZVM","gebelik, hamileliği, hamilelikte, travmaya, gebeye","nın müşterek çocuğu olduğunu, müvekkilinin gebelik takibinin en az 5 farklı tarihte kadın doğum uzmanı ... nın, hamileliği boyunca davalının sigortalısı doktor tarafından takip edildiğini, anılan doktorun genel ... olarak tıbbi kötü uygulaması sonucu down sendromunu hamilelikte teşhis edilmediğini ve davacı ...' ... zorluklara katlanmak zorunda kalacakları gibi tüm davacıların, manevi yönden sürekliliği bulunan ağır bir travmaya ... amniyosentez bilgilendirilmesi yapılacağına veya her gebeye amn"
"204","Danıştay","Daire","2019/12238","2023/5859","2023-10-24","eUNjcTB0UGowN2lzNTVlckhCMHdGMW0zU2hIM25naE4","https://mevzuat.sinerjias.com.tr/ictihat/yuksek-mahkeme/yargitay%20karari/eUNjcTB0UGowN2lzNTVlckhCMHdGMW0zU2hIM25naE4","travmatoloji, boğaz","Cerrahi Derneği, Türk Göğüs Cerrahisi Derneği, Türk Jinekoloji ve Obstetrik Derneği, Türk Ortopedi ve Travmatoloji ... Birliği Derneği, Türk Kalp ve Damar Cerrahisi Derneği, Türk Kulak Burun Boğaz ve Baş Boyun Cerrahisi"
"205","Danıştay","Daire","2020/4430","2023/5847","2023-10-24","NVFweW9lcDAwTTNQZXpLTURIbFdVOWVtQW96ak1JY3E","https://mevzuat.sinerjias.com.tr/ictihat/yuksek-mahkeme/yargitay%20karari/NVFweW9lcDAwTTNQZXpLTURIbFdVOWVtQW96ak1JY3E","travmatoloji, boğaz","Cerrahi Derneği, Türk Göğüs Cerrahisi Derneği, Türk Jinekoloji ve Obstetrik Derneği, Türk Ortopedi ve Travmatoloji ... Birliği Derneği, Türk Kalp ve Damar Cerrahisi Derneği, Türk Kulak Burun Boğaz ve Baş Boyun Cerrahisi ... Cerrahi Derneği, Türk Göğüs Cerrahisi Derneği, Türk Jinekoloji ve Obstetrik Derneği, Türk Ortopedi ve Travmatoloji ... Birliği Derneği, Türk Kalp ve Damar Cerrahisi Derneği, Türk Kulak Burun Boğaz ve Baş Boyun Cerrahisi"
"206","Danıştay","Daire","2019/11879","2023/5862","2023-10-24","bmV5WUo4YzVLUnhRZmpjQVc0QmpTTUtKRlZtNnh3MXE","https://mevzuat.sinerjias.com.tr/ictihat/yuksek-mahkeme/yargitay%20karari/bmV5WUo4YzVLUnhRZmpjQVc0QmpTTUtKRlZtNnh3MXE","travmatoloji, boğaz","Cerrahi Derneği, Türk Göğüs Cerrahisi Derneği, Türk Jinekoloji ve Obstetrik Derneği, Türk Ortopedi ve Travmatoloji ... Birliği Derneği, Türk Kalp ve Damar Cerrahisi Derneği, Türk Kulak Burun Boğaz ve Baş Boyun Cerrahisi ... Cerrahi Derneği, Türk Göğüs Cerrahisi Derneği, Türk Jinekoloji ve Obstetrik Derneği, Türk Ortopedi ve Travmatoloji ... Birliği Derneği, Türk Kalp ve Damar Cerrahisi Derneği, Türk Kulak Burun Boğaz ve Baş Boyun Cerrahisi"
"207","Danıştay","Daire","2020/4432","2023/5849","2023-10-24","Q3FBZlE5cStzY3lHSDN6Wmx6REIwVzNaWCtWMTN6NHU","https://mevzuat.sinerjias.com.tr/ictihat/yuksek-mahkeme/yargitay%20karari/Q3FBZlE5cStzY3lHSDN6Wmx6REIwVzNaWCtWMTN6NHU","travmatoloji, boğaz","Cerrahi Derneği, Türk Göğüs Cerrahisi Derneği, Türk Jinekoloji ve Obstetrik Derneği, Türk Ortopedi ve Travmatoloji ... Birliği Derneği, Türk Kalp ve Damar Cerrahisi Derneği, Türk Kulak Burun Boğaz ve Baş Boyun Cerrahisi ... Cerrahi Derneği, Türk Göğüs Cerrahisi Derneği, Türk Jinekoloji ve Obstetrik Derneği, Türk Ortopedi ve Travmatoloji ... Birliği Derneği, Türk Kalp ve Damar Cerrahisi Derneği, Türk Kulak Burun Boğaz ve Baş Boyun Cerrahisi ... Cerrahi Derneği, Türk Göğüs Cerrahisi Derneği, Türk "
"208","Danıştay","Daire","2020/4429","2023/5846","2023-10-24","akJGM2VJbnBoSWhzZW9aVWFaQkFhUWU3Tzgxd2Y1c1I","https://mevzuat.sinerjias.com.tr/ictihat/yuksek-mahkeme/yargitay%20karari/akJGM2VJbnBoSWhzZW9aVWFaQkFhUWU3Tzgxd2Y1c1I","travmatoloji, boğaz","Cerrahi Derneği, Türk Göğüs Cerrahisi Derneği, Türk Jinekoloji ve Obstetrik Derneği, Türk Ortopedi ve Travmatoloji ... Birliği Derneği, Türk Kalp ve Damar Cerrahisi Derneği, Türk Kulak Burun Boğaz ve Baş Boyun Cerrahisi"
"209","Yargıtay","Ceza Dairesi","2023/8466","2023/6700","2023-10-24","ekU1N09KSVVmQ2hXNnlLV0diNDYrVzhNZWZEMzB3V2I","https://mevzuat.sinerjias.com.tr/ictihat/yuksek-mahkeme/yargitay%20karari/ekU1N09KSVVmQ2hXNnlLV0diNDYrVzhNZWZEMzB3V2I","travmatik, boğazına","hymenin sağlam olduğu, fiili livata ile uyumlu maddi emarelerin izlendiği, vücudunda herhangi bir taze travmatik ... dışına çıktıklarını, nereye gittiklerini görmediğini, katılanın kendisine 12.06.2022 tarihinde sanığın boğazına"
"210","Yargıtay","Ceza Dairesi","2022/14964","2023/6435","2023-10-23","bVFlSTEwTTR3N1dDRUI0cEYwWHh4M3lDZGZQSjNmWWg","https://mevzuat.sinerjias.com.tr/ictihat/yuksek-mahkeme/yargitay%20karari/bVFlSTEwTTR3N1dDRUI0cEYwWHh4M3lDZGZQSjNmWWg","hamile, travmasına","itibaren kendi istekleri ile birkaç defa cinsel birliktelik yaşadıkları, 2019 yılı Kasım ayı içerisinde hamile ... ilk başta bebeği aldırma kararı aldıklarını fakat bundan vazgeçerek bebeği doğurmaya karar verdiği, hamile ... ; Miadında rahim içi gelişim gösteren bebeğin canlı olarak doğmuş olduğu ve ölümünün genel beden travmasına"
"211","Yargıtay","Ceza Dairesi","2023/1557","2023/6383","2023-10-23","SE1qM0xUNXdkQnNwbE1heHhvMU9KVEJlTnBsYXFKQjc","https://mevzuat.sinerjias.com.tr/ictihat/yuksek-mahkeme/yargitay%20karari/SE1qM0xUNXdkQnNwbE1heHhvMU9KVEJlTnBsYXFKQjc","boğazını, travmasına, travması","gelmez sanığın maktule geç geldiğini söyleyerek onu dövmeye başladığı, evde bulunan hortumla vurduğu, boğazını ... Adlî Tıp İhtisas Kurulu tarafından düzenlenen 28.05.2021 tarihli ; \""Çocuğun ölümünün genel beden travmasına ... bağlı klavikula kırığıyla birlikte yaygın yumuşak doku zedelenmesi, yaygın yumuşak doku travması, yaygın"
"212","Yargıtay","Ceza Dairesi","2023/7195","2023/6566","2023-10-19","amhhS1phNEVrNzY1djdlUE9YQkhVc3VZT1FjQVJxT1A","https://mevzuat.sinerjias.com.tr/ictihat/yuksek-mahkeme/yargitay%20karari/amhhS1phNEVrNzY1djdlUE9YQkhVc3VZT1FjQVJxT1A","hamile, travmatik","ün de çocukken katılan mağdurenin sanığa \""Bir kızın babasından hamile kalmasını istemiyorum\"" şeklinde ... herhangi bir geçimsizliği dosyaya yansımayan katılan mağdurun sosyolojik ve psikolojik açıdan son derece travmatik"
"213","Yargıtay","Ceza Dairesi","2023/2587","2023/7700","2023-10-19","QWhMMUpSaXlsTFR1L0IxZktHbFNzSnV4RFNWa2R0QkU","https://mevzuat.sinerjias.com.tr/ictihat/yuksek-mahkeme/yargitay%20karari/QWhMMUpSaXlsTFR1L0IxZktHbFNzSnV4RFNWa2R0QkU","boğazına, travmatik","ın boğazına bıçak dayadığı ve sürücü koltuğunda bulunan ...'ın kendisine silah çıkartıp ... ... hafif nitelikte olduğu, kemik kırığı tanımlanmadığı, yüz sınırları içerisinde cilt bütünlüğünü bozan travmatik ... ın daveti üzerine rızası ile araca binen katılanı, sanıkların araç içerisinde silah göstermek ve boğazına ... hafif nitelikte olduğu, kemik kırığı tanımlanmadığı, yüz sınırları içerisinde cilt bütünlüğünü bozan travmatik"
"214","Yargıtay","Ceza Dairesi","2020/5458","2023/4139","2023-10-18","dnliMjUrWERWOXlOQ1hzN1pFRE45UW4vUU5HQysxSGE","https://mevzuat.sinerjias.com.tr/ictihat/yuksek-mahkeme/yargitay%20karari/dnliMjUrWERWOXlOQ1hzN1pFRE45UW4vUU5HQysxSGE","travmasına, boğazına, boğazından","2.Konya Cumhuriyet Başsavcılığı tarafından düzenlenen ölü muayene tutanağında şahsın genel beden travmasına ... bağlandığı yere yakın vurarak kaza yaptı, hemen traktörü durdurdum, aşağı indim, musa nefes alıyordu, dili boğazına ... çalıştı, ancak ben ambulans gelene kadar kimsenin müdahale etmesine izin verdim, iki defa dilini de boğazından"
"215","Yargıtay","Ceza Dairesi","2023/4326","2023/4157","2023-10-18","YjdnN3E5WCtZL3E4eTJRMEVvQ2k3VFkzKzZUcnAwMDY","https://mevzuat.sinerjias.com.tr/ictihat/yuksek-mahkeme/yargitay%20karari/YjdnN3E5WCtZL3E4eTJRMEVvQ2k3VFkzKzZUcnAwMDY","travmatik, hamile",".'in künt travmatik yaralanmaya bağlı beyin kanaması sonucu öldüğü, motosiklette yolcu olarak bulunan ... polislerin geldiğini duyması üzerine otomobilden telefonunu alıp kaçtığını, eve gittiğinde kazayı duyan hamile"
"216","Yargıtay","Ceza Dairesi","2023/8011","2023/6453","2023-10-18","QlhzbUZpWk5PU2Rsa1JDYi85MmRSb09Zb2hmd0E3MnA","https://mevzuat.sinerjias.com.tr/ictihat/yuksek-mahkeme/yargitay%20karari/QlhzbUZpWk5PU2Rsa1JDYi85MmRSb09Zb2hmd0E3MnA","boğazına, travmatik","mağdurun ablası ve ... uyuduktan sonra sanık elinde bıçakla mağdurun yanına gelerek ağzını kapatıp boğazına ... geri dönmesi için yazdığını beyan ettiği, Mağdurun alınan doktor raporunda anal muayenesinde travmatik ... ile hile, tehdit veya rıza dışı gibi nedenlerle direncin kırıldığı durumlarda anüsün, anal skinkterde travmatik"
"217","Yargıtay","Ceza Genel Kurulu","2023/398","2023/531","2023-10-18","Z1NURnMwOVMySFo4bzBFamdyYlpRbWtsWFhVWmYrdGE","https://mevzuat.sinerjias.com.tr/ictihat/yuksek-mahkeme/yargitay%20karari/Z1NURnMwOVMySFo4bzBFamdyYlpRbWtsWFhVWmYrdGE","travma, gebertir","tarafından verilen 10/06/2016 tarihli tek hekim raporuna göre mağdurda aktivite ve dikkat bozukluğu, travma ... 10.06.2016 tarihinde katılan mağdur hakkında düzenlenen tek hekim raporunda; aktivite ve dikkat bozukluğu, travma ... 26.05.2016 ve 01.06.2016 tarihlerinde bu olayların yaşandığını, sanığın; \""Annene söyleme yoksa seni gebertir"
"218","Yargıtay","Ceza Genel Kurulu","2022/543","2023/525","2023-10-18","VlRXZWl2MStCMXNINng2S2tQZnJrMmFCWTQ3QTRzcGI","https://mevzuat.sinerjias.com.tr/ictihat/yuksek-mahkeme/yargitay%20karari/VlRXZWl2MStCMXNINng2S2tQZnJrMmFCWTQ3QTRzcGI","boğazımdan, travmaya, boğazını, boğazımı, boğazı","nun 'Bunu yaparken, bana sert davranıp beni kolumdan ve boğazımdan tutup çekiştirdi.' şeklinde bir kurtarma ... kaygısıyla yazılmış olduğununda tereddütsüz şekilde anlaşıldığı, bu itibarla hali hazırda olay sebebiyle travmaya ... ın boğazını sıktığını, olayın tarihinin bir yıl önce yaz mevsiminde olduğunu ancak ayını hatırlamadığını ... ın boğazını sıktığını söylemişti. ... kendisini eğmişken o sırada ... yine boğazımı sıktı diyor. ... Boğazı hangi aşamada sıkılmış.\"" şeklinde soru yöneltmesi üz"
"219","Yargıtay","Hukuk Dairesi","2023/1981","2023/4770","2023-10-17","bnpNcS9XeDkrRXBwUTNUY1Zwbk5iS1paYjhBcit0ZHE","https://mevzuat.sinerjias.com.tr/ictihat/yuksek-mahkeme/yargitay%20karari/bnpNcS9XeDkrRXBwUTNUY1Zwbk5iS1paYjhBcit0ZHE","travma, boğazına","asacağım, öleceğim” şeklinde sözler söylediğini, davalının geçmişte geçirdiği trafik kazası nedeniyle travma ... davalıya evi terk etmesinden kaynaklı kusur izafesi yapılamayacağı, davacı tarafça dayanılan davalının boğazına"
"220","Danıştay","Daire","2019/11734","2023/5659","2023-10-17","YVlRV0hFMWZYZkpGb2dWTWpWSEUrblFiWDVXemt4clo","https://mevzuat.sinerjias.com.tr/ictihat/yuksek-mahkeme/yargitay%20karari/YVlRV0hFMWZYZkpGb2dWTWpWSEUrblFiWDVXemt4clo","boğaz, travmatoloji","Tebliğin 2.4.4.F-2 numaralı maddesinin yedinci fıkrası yönünden, dava konusu düzenlemede kulak burun boğaz ... cerrahisi, fiziksel tıp ve rehabilitasyon, algoloji, deri ve zührevi hastalıkları, romatoloji, ortopedi ve travmatoloji ... sabit doz kombinasyonlarının, üçüncü basamak sağlık kurumlarında düzenlenen romatoloji, ortopedi ve travmatoloji ... anatomik bölgelerine cerrahi uygulanan hastalarla sınırlı olmak üzere istisna getirildiği, kulak burun ve boğaz ... Yine her ne kadar davacı tarafın"
"221","Yargıtay","Ceza Dairesi","2023/18159","2023/13436","2023-10-16","Vk1rUGdGUUo4SDQvdG5nWHEzZml3cFVCVVRPOVkyZys","https://mevzuat.sinerjias.com.tr/ictihat/yuksek-mahkeme/yargitay%20karari/Vk1rUGdGUUo4SDQvdG5nWHEzZml3cFVCVVRPOVkyZys","boğazını, travması","ettiği, mağdurun sanığın bahsettiği poşeti görmediğini söylemesi üzerine sanığın mağduru ittirerek boğazını ... Kafa travması olduğundan 24-48 saat süreyle hayati tehlike mevcuttur....\"" şeklinde bildirildiği anlaşılmış"
"222","Yargıtay","Hukuk Dairesi","2022/3489","2023/5811","2023-10-12","ZTRCak4wTVFJeGIxUVBDY2Y4SDl1bVFHUlArRnhvT04","https://mevzuat.sinerjias.com.tr/ictihat/yuksek-mahkeme/yargitay%20karari/ZTRCak4wTVFJeGIxUVBDY2Y4SDl1bVFHUlArRnhvT04","hamileliği, travmaya, hamilelikte, hamileliğe",".'ü hamileliği süresince kadın doğum uzmanı Dr. ...'ın takip ettiğini, davalı ... şirketinin ... 'lik teminat limiti dahilinde maddi, manevi zarardan doğan sorumluluğu üstlendiğini, müvekkilinin hamileliği ... zorluklara katlanmak zorunda kalacakları gibi tüm davacıların, manevi yönden sürekliliği bulunan ağır bir travmaya ... takip eden doktorun kötü uygulaması sonucu down sendromu riskinin hamilelikte teşhis edilemediğini ve ... Davacılar, çocuğun down sendromlu olduğunu, doktorun zamanında ke"
"223","Danıştay","Daire","2022/1658","2023/5579","2023-10-12","aEc2L3QzaWdvZ3BzTngxNG5KUFhOdTYxb0cvOGtoUk8","https://mevzuat.sinerjias.com.tr/ictihat/yuksek-mahkeme/yargitay%20karari/aEc2L3QzaWdvZ3BzTngxNG5KUFhOdTYxb0cvOGtoUk8","travmatik, gebelik","baskı uygulanarak doğum yaptırıldığı, yöntem ve riskler hakkında hiçbir bilgi verilmediği, çocuğun travmatik ... Araştırma Hastanesi Hastane Yöneticiliğinin ... tarih, ... sayılı yazısında yer aldığı, dosya içeriğinde gebelik ... dolayısıyla doğum eyleminin süreci ve doğum aşaması ile ilgili bilgiye rastlanamadığı, doğumun gerçekleştiği gebelik ... haftasına ait belge bulunamazken annenin ifadesinde normal zamanında olduğu belirtildiği, ayrıca gebelik ... ise serebral palsi ve mental retardasyon"
"224","Yargıtay","Hukuk Dairesi","2023/8754","2023/10701","2023-10-12","cVV1T1hJeFRQL044S1JrS1JwL2NjQmVMeXZjMDFLSHI","https://mevzuat.sinerjias.com.tr/ictihat/yuksek-mahkeme/yargitay%20karari/cVV1T1hJeFRQL044S1JrS1JwL2NjQmVMeXZjMDFLSHI","boğaz, travma","sadece mağdurun ifade tutanağı olduğu başkaca bir delil bulunmadığı, davacıya ait epikriz raporunda \""boğaz ... bölgesinde travma (at tepmesi)\"" tanısı konulduğu, davacı tarafından yapılan şikayetin 05.10.2016 tarihinde"
"225","Yargıtay","Ceza Dairesi","2021/4335","2023/6083","2023-10-09","TllSWG56VXd3RDlGSTMxSFdmVVc5VEx4cVVPZzdYRHg","https://mevzuat.sinerjias.com.tr/ictihat/yuksek-mahkeme/yargitay%20karari/TllSWG56VXd3RDlGSTMxSFdmVVc5VEx4cVVPZzdYRHg","hamile, travma","rahatsızlığı dolayısıyla hastaneye müracaat ettiği, yapılan tetkikler neticesinde katılanın 8 haftalık hamile ... söylediğini beyan ettiği, bunun sonrasında katılanın mide rahatsızlığı nedeniyle hastaneye müracaatında hamile ... Üniversitesi'nin 22/10/2014 tarih 1780686 sayılı raporu ile katılanda yaşamış olduğu olay nedeniyle ''Travma ... bildirilmiş ise de; katılanın doğum, büyüdüğü ve içinde yaşadığı toplum itibariyle evlilik bir dışı ilişkiden hamile ... bozulmasının, olayı onun anlattığı şe"
"226","Yargıtay","Ceza Dairesi","2021/5811","2023/5971","2023-10-05","OVh0NVVMYUFwcms3cTNZS3JhNVlqWHlEQ280dmRYYSs","https://mevzuat.sinerjias.com.tr/ictihat/yuksek-mahkeme/yargitay%20karari/OVh0NVVMYUFwcms3cTNZS3JhNVlqWHlEQ280dmRYYSs","hamile, travma","kaldıkları, SSÇ ile mağdurenin cinsel ilişkiye girmesi sonucunda mağdurenin kızlık zarının bozulduğu ve hamile ... muayenesi yapılan mağdure hakkında düzenlenen 20.02.2015 günlü raporda maruz kaldığı olaydan dolayı travma"
"227","Yargıtay","Ceza Dairesi","2023/12611","2023/6359","2023-09-28","RzkyU0VSVEtNOXg4UEZZYjJod1JLQncvd09WOWJ6KzE","https://mevzuat.sinerjias.com.tr/ictihat/yuksek-mahkeme/yargitay%20karari/RzkyU0VSVEtNOXg4UEZZYjJod1JLQncvd09WOWJ6KzE","travması, boğaziçi","sürdürdüğü gaz bombalı saldırı sonrasında yüzlerce yaralanma, bu yaralılar arasında çok sayıda beyin travması ... Uzunçayır’da tekrar toplanan 5.000 kişilik gruba ikinci bir müdahale yapılarak dağıtıldığı, saat 03:30'da Boğaziçi"
"228","Yargıtay","Ceza Dairesi","2021/8848","2023/5117","2023-09-13","WmdkQkh0eUk2V01kWkhSbGdOTTVVek5nU2RhdFFYVlI","https://mevzuat.sinerjias.com.tr/ictihat/yuksek-mahkeme/yargitay%20karari/WmdkQkh0eUk2V01kWkhSbGdOTTVVek5nU2RhdFFYVlI","boğazın, boğazına, travma","küçük mağdur ... okuldan çıkmış eve giderken aldığı çiğköfteyi sokakta yerken yanına gelip \""o tatlı boğazın ... yanmıyormu\"" dedikten sonra eli ile boğazına dokunup elini yavaşça göğüslerine götürüp ellediği, bu ... dışında mahkumiyete yeterli derecede güvenilir ve kesin nitelikte bir delilin bulunmadığı, mağdurenin travma"
"229","Yargıtay","Ceza Dairesi","2023/5396","2023/5071","2023-09-12","VHBlbU9QNC9DQXFnS0JGL0FhWVhLTUp6RG1KVjVDb3o","https://mevzuat.sinerjias.com.tr/ictihat/yuksek-mahkeme/yargitay%20karari/VHBlbU9QNC9DQXFnS0JGL0FhWVhLTUp6RG1KVjVDb3o","travma, hamile, gebe","Katılan Bakanlık Vekilinin Temyiz İstemi Tüm dosya kapsamı, olayın mağdure üzerinde yarattığı travma ... Katılan Mağdure Vekilinin Temyiz İstemi Sanığın işlediği atılı suçun mağdure üzerinde yarattığı travma ... için olayı kimseye anlatmadığı, idrar kaçırma şikayeti üzerine doktora gidildiğinde mağdur çocuğun hamile ... öğrendiği, suç tarihinin tam olarak belirlenemediği ancak mağdurenin şikayet tarihinde 19 haftalık gebe"
"230","Yargıtay","Ceza Genel Kurulu","2022/199","2023/424","2023-09-12","YWNOSmZEbjdLQmVQeHVhSEVuMG9oTTdjM0FnZHI5OGQ","https://mevzuat.sinerjias.com.tr/ictihat/yuksek-mahkeme/yargitay%20karari/YWNOSmZEbjdLQmVQeHVhSEVuMG9oTTdjM0FnZHI5OGQ","travma, gebelik, hamile","mağdurenin kendiliğinden karakola gelerek teslim olması ve sanığın cinsel istismar eylemleri sonucu travma ... ve doğum uzmanı tarafından mağdure hakkında düzenlenen raporda; cinsel yolla bulaşan hastalık veya gebelik ... Jandarmayı arayın.” dediğini ve olayı jandarmayı anlattığını, şu an evlendiğini ve altı aylık hamile"
"231","Yargıtay","Ceza Dairesi","2023/2410","2023/2660","2023-09-06","ek4rVFRFWjB5RjZzeVFYL1prZ3JrZ0N5eUJGdlBSTGM","https://mevzuat.sinerjias.com.tr/ictihat/yuksek-mahkeme/yargitay%20karari/ek4rVFRFWjB5RjZzeVFYL1prZ3JrZ0N5eUJGdlBSTGM","boğazını, travmatik","Dönüp baktığım sırada şahsın boğazını tutarak el kol işareti yaptığını gördüm. ... yumuşak doku seyirli sıyırması ile oluşabilecek nitelikte yara izi olduğu, ölenin vücudunda başkaca bir travmatik"
"232","Yargıtay","Ceza Dairesi","2023/2409","2023/2414","2023-07-05","OWU4NEJzN0JnNCtSVkg1VldRU0swbHNNdk8zUUhGTTQ","https://mevzuat.sinerjias.com.tr/ictihat/yuksek-mahkeme/yargitay%20karari/OWU4NEJzN0JnNCtSVkg1VldRU0swbHNNdk8zUUhGTTQ","travmasına, gebelik","kaldırılan motosiklet sürücüsü Koray'ın yapılan tüm müdahalelere rağmen kurtarılamayarak, genel beden travmasına ... nitelikte yaralanarak sanıktan şikâyetçi olduğu, kaza esnasında sadece başını eşinin omzuna vuran ve gebelik"
"233","Yargıtay","Ceza Dairesi","2023/2442","2023/2428","2023-07-05","QnBWNVZuOXhzY1J5L3J3T2Q2NzhrZmJVWVFYc2pLbjI","https://mevzuat.sinerjias.com.tr/ictihat/yuksek-mahkeme/yargitay%20karari/QnBWNVZuOXhzY1J5L3J3T2Q2NzhrZmJVWVFYc2pLbjI","travmatik, hamile","Kurumu İstanbul 1.Adli Tıp İhtisas 24/12/2014 tarihli raporunda; otopsisinde dış muayenesinde harici travmatik ... doku harabiyeti, beyin kanaması, iç organ ve büyük damar yaralanması tespit edilmediğinden bebeğin travmatik ... bulunmadığı bildirildiğine göre; kişinin zehirlenerek öldüğünün tıbbi delilleri bulunmadığı, ölümüne müessir travmatik ... zamanlarda kendi rızası ile cinsel ilişkiye girdikleri ancak korunmadıklarını, çocuk doğuncaya kadar hamile ... Kurulu tarafından tanzim edilmiş olan"
"234","Yargıtay","Ceza Genel Kurulu","2022/347","2023/381","2023-07-05","WFNqVnVvV3lTVGhIU3VGMHY0VkRRVUt2eFdMTDFqaUo","https://mevzuat.sinerjias.com.tr/ictihat/yuksek-mahkeme/yargitay%20karari/WFNqVnVvV3lTVGhIU3VGMHY0VkRRVUt2eFdMTDFqaUo","boğazı, travmaya","araçtan 7 saniye sonra saat 04.21.07’de 31 EM 5.. plaka sayılı gri Renault Fluence marka aracın Top Boğazı ... sol tarafında kesi ve hematom bulunduğu, sağ göğüs üstünde memede 2x3 cm çapında elips şeklinde küt travmaya"
"235","Yargıtay","Ceza Dairesi","2021/2399","2023/4682","2023-07-04","ZkJmMTd2cFMrWlVzODUwVmJBNWM0MGlnNURuK0ZrcnU","https://mevzuat.sinerjias.com.tr/ictihat/yuksek-mahkeme/yargitay%20karari/ZkJmMTd2cFMrWlVzODUwVmJBNWM0MGlnNURuK0ZrcnU","gebeliğin, travmanın, hamile","in beyanları arasında çelişki bulunduğunu, mevcut gen analiz sonucunda gebeliğin %99,9999'unun sanık ... ailesinin gerek jandarmada gerekse polis merkezlerinde bir çok başvurusu bulunduğunu, mağdurenin yaşadığı travmanın ... nin yanında kalması, hamile olup, bu kişinin çocuğunu doğurması, dinlenen ve sanık savunmalarını doğrulayan"
"236","Yargıtay","Ceza Dairesi","2023/2632","2023/4474","2023-06-22","ZmY2aWx3bzlMcFBsSFVhUGQycmR0cUN0cmFUZmJOQTk","https://mevzuat.sinerjias.com.tr/ictihat/yuksek-mahkeme/yargitay%20karari/ZmY2aWx3bzlMcFBsSFVhUGQycmR0cUN0cmFUZmJOQTk","hamile, travmaya, travmayla","Sanık ile mağdurun gayri resmi birlikteliklerinin bulunduğu, mağdurun suç tarihinde yedi aylık hamile ... 29.07.2022 tarihli raporunda \""Miadına yakın rahim içi gelişim gösteren bebeğin, annenin maruz kaldığı travmaya ... bağlı ölü olarak doğmuş olduğu annenin maruz kaldığı travmayla bebeğin ölü doğumu arasında illiyet bağı"
"237","Yargıtay","Ceza Dairesi","2023/4828","2023/4508","2023-06-22","UTN1RGJ4ZmZJemFUam1vNThIUGc5aThoSzhuSGs5Nmw","https://mevzuat.sinerjias.com.tr/ictihat/yuksek-mahkeme/yargitay%20karari/UTN1RGJ4ZmZJemFUam1vNThIUGc5aThoSzhuSGs5Nmw","hamile, travmasına","nın ikinci kez hamile kaldığı, sanığın 27.01.2016 günü maktulü darp etmesi üzerine, bilinci kapalı bir ... sanığın maktulü yeniden kuvvetli bir şekilde darp ettiği, acilen hastaneye kaldırılan maktulün, künt kafa travmasına"
"238","Yargıtay","Ceza Dairesi","2022/911","2023/4484","2023-06-22","K3VPb3FzSnJrMGRDYXA0MWNjSWNIZjVFRUx3UGVSUkE","https://mevzuat.sinerjias.com.tr/ictihat/yuksek-mahkeme/yargitay%20karari/K3VPb3FzSnJrMGRDYXA0MWNjSWNIZjVFRUx3UGVSUkE","boğaz, travması, travmatik, travmasına","Kafatası kaide kemikleri sağlam bulundu Ağız-Boğaz-Boyun Muayenesi: Sağ çenealtı bölgede yumşak dokularda ... 21/9/2015 tarihli 151344963 sayılı raporunda kişinin 08:19 sıralarında acile getirildiği, düşme kafa travması ... alt dudak sağda 1 cm kesi, sağ hemiparazi, sağ fasiyal paralizi ve dizartri olduğu, tomografide sağda travmatik ... birlikte değerlendiğinde kendisinde kronik kalp-damar hastalığı bulunan kişinin ölümünün künt kafa travmasına ... Tıbbi belgelerde ve otopside tanımlanan ve kiş"
"239","Yargıtay","Ceza Dairesi","2022/6428","2023/2276","2023-06-21","UHMwVHZkN1M4S0VBUVFqTTNXd1BLdW03T3BYRFVmM0o","https://mevzuat.sinerjias.com.tr/ictihat/yuksek-mahkeme/yargitay%20karari/UHMwVHZkN1M4S0VBUVFqTTNXd1BLdW03T3BYRFVmM0o","travmasına, boğazını, travmatik","Kurumu Genel Kurulunun 05/02/2015 tarihli ve 183 karar sayılı raporunda; kişinin ölümünün genel beden travmasına ... Rahat nefes alabilmesi için boğazını deldiler. Daha sonra taburcu ettiler. ... mevcut olan beyin damar hastalığından kaynaklanan iskemik alanlar bulunan kişide kaza sırasında oluşan travmatik ... Genel Kurulu tarafından tanzim edilmiş olan 05.02.2015 tarihli raporda; Kişinin ölümü ile genel beden travmasına ... Kurumu Genel Kurulunun 05.02.2015 tarihli ve 183 karar sayılı raporund"
"240","Yargıtay","Ceza Dairesi","2021/3393","2023/4496","2023-06-21","T3pMZmRlWDVZbXZwWXpBdGIzdDZrQldzdVY4MHVWQ0U","https://mevzuat.sinerjias.com.tr/ictihat/yuksek-mahkeme/yargitay%20karari/T3pMZmRlWDVZbXZwWXpBdGIzdDZrQldzdVY4MHVWQ0U","travmaya, gebe","ilişkinin zorla olmadığına dair tevilli ikrarlarının bulunduğuna, doktor raporuna göre mağdurenin vücudunda travmaya ... Nazilli Toplum Sağlığı Merkezinden gelen gebe-lohusa izleme fişlerine göre mağdurenin annesinin 28.05.1996 ... Mahkeme, yaş tashihi kararı içeren ilamı dosya arasına alıp gebe-lohusa izleme fişindeki 28.05.1996 tarihini"
"241","Yargıtay","Ceza Dairesi","2023/2015","2023/4452","2023-06-20","TWVkODdYNWVaQUpHYkhTWEx6RkttNGtCbm9wWkNSRnM","https://mevzuat.sinerjias.com.tr/ictihat/yuksek-mahkeme/yargitay%20karari/TWVkODdYNWVaQUpHYkhTWEx6RkttNGtCbm9wWkNSRnM","travma, hamilelik, gebelik","mağduresi bulunduğu olaydan kaynaklanmış ruh sağlığını bozacak mahiyet ve derecede zeka seviyesi ile uyumlu travma ... yapılan eylemlere ses çıkartmadığı, en son meydana gelen olaydan sonra mağdurenin sağlık ocağına giderek hamilelik ... testi yaptırmak istediği, mağdurenin gebelik testi yaptırmak istemesinin nedeni sorulduğunda sanığın ... tanık olarak dinlenen ...., ....(....) ve .... tarafından doğrulandığı, bir çocuğun durup dururken gebelik"
"242","Yargıtay","Ceza Dairesi","2023/502","2023/4425","2023-06-20","WkE0SEpkM1c3SVhicFFEOXFINUk1WEFJQUs0OUNRdlk","https://mevzuat.sinerjias.com.tr/ictihat/yuksek-mahkeme/yargitay%20karari/WkE0SEpkM1c3SVhicFFEOXFINUk1WEFJQUs0OUNRdlk","hamile, travma","bulunduğu, sanığın boşanmadığı ve katılanla evlenmediği için iftiraya uğradığı, katılanın sanıktan hamile ... karar vermesinin benzer yargılamalarda sıkça görüldüğü üzere, mağdurun olay nedeniyle yaşadığı korku ve travma"
"243","Yargıtay","Ceza Dairesi","2022/12395","2023/4375","2023-06-20","b3k1bUxNMk0zaWp2eVljcjFIbk9EalNTcGNWSXM3elA","https://mevzuat.sinerjias.com.tr/ictihat/yuksek-mahkeme/yargitay%20karari/b3k1bUxNMk0zaWp2eVljcjFIbk9EalNTcGNWSXM3elA","travma, hamile","ifadede belirtildiği şekilde bir olayın vukuu bulması halinde bebekte ağız bölgesinde herhangi bir travma ... ikrar etmesi ve şikayetçi olmaması ayrıca maktülün ölümünden sonra sanık ile ilişkisini sürdürmesi ve hamile ... iftira attığını, sanığın ölene karşı hiçbir eylemi bulunmadığını, eşi ile barıştığını ve halen ondan hamile"
"244","Yargıtay","Ceza Dairesi","2023/5019","2023/4406","2023-06-19","c2YyUk5mYWpUTWpnNGp0ejMzdzF3RjZwN3FPci8vUzc","https://mevzuat.sinerjias.com.tr/ictihat/yuksek-mahkeme/yargitay%20karari/c2YyUk5mYWpUTWpnNGp0ejMzdzF3RjZwN3FPci8vUzc","boğazını, travma","çıkardığı silahın kabzası ile katılanın sol elmacık kemiğine vurduğu, koltuğa yatırıp üzerine çıkarak boğazını ... 12.11.2017 ve 11.01.2019 tarihli raporlarda, sırasıyla, katılanın anksiyete, dürtü kontrol bozukluğu, travma"
"245","Yargıtay","Ceza Dairesi","2022/14481","2023/4328","2023-06-19","VXp2eEtvNFh5aU16dzNYdjNrNkIvRWFtaUVRR2hzRmc","https://mevzuat.sinerjias.com.tr/ictihat/yuksek-mahkeme/yargitay%20karari/VXp2eEtvNFh5aU16dzNYdjNrNkIvRWFtaUVRR2hzRmc","gebertirim, travması","arkadaşlarını geri gönderdiği, antremana gitmesine izin vermediği ve \""amcana birşey söylersen seni gebertirim ... Hastanesince düzenlenen 12.12.2015 tarihli adlî muayene raporunda; \""...her iki uyluk yumuşak doku travması"
"246","Yargıtay","Ceza Dairesi","2021/7251","2023/4350","2023-06-15","OVNHVDNIOW96N3NJUzlwZmhJc1liUzVCSVFqdTcwS0s","https://mevzuat.sinerjias.com.tr/ictihat/yuksek-mahkeme/yargitay%20karari/OVNHVDNIOW96N3NJUzlwZmhJc1liUzVCSVFqdTcwS0s","gebe, gebeliğin, travma, gebelik","evinde mağdurenin rızası dahilinde cinsel birliktelik yaşadıkları, bu ilişkiler sonucunda mağdurenin gebe ... olduğunun anlaşıldığı, mağdurenin gebe olduğunu suça sürüklenen çocuğun anne ve babası sanıklar ... ... ve ...'in öğrenmesi üzerine gebeliğin sonlandırılması yönünde mağdureye baskı yaparak ikna ettikleri ... 3,5-4 aylık olduğu bebeğin büyük olması nedeniyle kürtaj yapamayacağını ancak gebeliğin sonlanması için ... daha sonra aynı gün hastaneden taburcu olduğu, Adli Tıp Uzmanı raporuna g"
"247","Yargıtay","Hukuk Dairesi","2023/510","2023/1952","2023-06-15","L3pEcGo2cXFOMEZ1YjlUV1FsRXFleWNURUVtS3hGRks","https://mevzuat.sinerjias.com.tr/ictihat/yuksek-mahkeme/yargitay%20karari/L3pEcGo2cXFOMEZ1YjlUV1FsRXFleWNURUVtS3hGRks","hamilelik, travmanın","2012 yılında bebeklerinin olacağını öğrendiklerini, bebeğin anne karnındaki sağlığını takip etmesi ve hamilelik ... kapsamından, mahkemece dosyaya kazandırılan 21.02.2020 tarihli raporda; doğum eylemi öncesinde, perianal travmanın ... 24 saat içinde taburcu edilerek hasta takibinde aksaklıklara neden olunduğu, ortaya çıkan perianal travmanın"
"248","Yargıtay","Ceza Dairesi","2022/15328","2023/4237","2023-06-14","bmo1aTltenh5YVhzQjBySkc2Z3pTamxCUE1jajJ6Y3I","https://mevzuat.sinerjias.com.tr/ictihat/yuksek-mahkeme/yargitay%20karari/bmo1aTltenh5YVhzQjBySkc2Z3pTamxCUE1jajJ6Y3I","boğazını, travmasına, boğazın, boğazının","maktulün üzerinde bulunan cep telefonu ve cüzdanını almak maksadıyla fikir ve eylem birliği içinde boğazını ... sıkmak ve kafasına sert cisimle vurmak suretiyle otopsi bulgularına göre künt kafa ve boyun travmasına ... cesedinin bulunduğu, otopsi bulgularına göre; darp edildiğini gösterir harici yaralanmalar ile birlikte boğazın ... sıkılması, boyuna baskı, hyoid kemiğin kırılması, künt kafa travmasına bağlı beyin kanaması ile havasız ... : 2022/15328 bulunmadığı, her iki sanığın birlikte yağma "
"249","Yargıtay","Ceza Dairesi","2023/3634","2023/4293","2023-06-14","bVdyUmhuNTlPNUw3SWNpYUtaMXFkNW16RGtTVW5BRWs","https://mevzuat.sinerjias.com.tr/ictihat/yuksek-mahkeme/yargitay%20karari/bVdyUmhuNTlPNUw3SWNpYUtaMXFkNW16RGtTVW5BRWs","boğazına, travmatik","yi arayarak durumdan haberdar ettiği, bu sırada sanığın harabelik alanda elini boğazına götürerek kesme ... bulgusu olmadığı belirtilmiş ise de, yine aynı raporda gerek fiziksel olarak ve gerekse de anal bölgede travmatik ... suçunu rahat bir şekilde gerçekleştirebilmek ve mağdurun kaçmasını önlemek amacıyla elini mağdurun boğazına ... hürriyetinden yoksun kılma eylemini, mağdura para verme bahanesiyle kandırması nedeniyle hile, elini mağdurun boğazına"
"250","Yargıtay","Ceza Dairesi","2022/4768","2023/2064","2023-06-07","OXBsSy83YWhQMDhHRWpJMVlRZHkzQVFlVFVuTDhaRnE","https://mevzuat.sinerjias.com.tr/ictihat/yuksek-mahkeme/yargitay%20karari/OXBsSy83YWhQMDhHRWpJMVlRZHkzQVFlVFVuTDhaRnE","travması, travmaya, travmasına, boğazköprü","in trafik kazasına bağlı kafa travması nedeniyle, ...' ... ın trafik kazasına bağlı kafa travması ve travmaya bağlı pnömotoraks nedeniyle öldükleri, Adana Adli ... nın genel beden travmasına bağlı yaygın kemik kırıklarıyla birlikte beyin kanaması, iç organ yaralanmasından ... in genel beden travmasına bağlı diafragma rüptürü ile birlikte iç organ yaralanmasından gelişen iç kanama ... Bölge Müdürlüğünce, Boğazköprü- Ulukışla-Yenice-Toprakkale Hat Kesimi Sinyalizasyon, Telekominikasyon ... Yönetme"
"251","Bölge Adliye Mahkemesi","40. Hukuk Dairesi","2020/1988","2023/952","2023-06-06","V0VKZWhUS1gyY3p5UnZ0blJUSkpaUT09","https://mevzuat.sinerjias.com.tr/ictihat/yuksek-mahkeme/yargitay%20karari/V0VKZWhUS1gyY3p5UnZ0blJUSkpaUT09","hamile, travma, travmatik","sürücüde olması, müvekkillerinin kazaya bağlı olarak hayati tehlike geçirecek şekilde yaralanmaları, hamile ... olan müvekkili ...nın üzerinde bıraktığı etki ve hamile olması nedeniyle ameliyat yapılamaması ve kolundaki ... kırık nedeniyle yaklaşık 1 yıl ağrı çekmesi, kaza tarihinde henüz 7,5 aylık olan ... üzerinde bıraktığı travma ... kapsam olarak tazminat hukuku ilkeleri bağlamında hükümler içerip haksız fiile maruz kalan kişideki travmatik"
"252","Yargıtay","Ceza Dairesi","2022/12036","2023/3904","2023-06-06","Z2hlZVMxMi81OHFHM0ZnaFAwRmFxT21kN2E1UVJYV0g","https://mevzuat.sinerjias.com.tr/ictihat/yuksek-mahkeme/yargitay%20karari/Z2hlZVMxMi81OHFHM0ZnaFAwRmFxT21kN2E1UVJYV0g","boğazını, travmasına","akabinde el, ayak, sopa kullanmak sureti ile maktule vurmaya başladığı, daha sonra ip ile maktulün boğazını ... Maktule ait ceset üzerinde yapılan ölü muayene ve otopsi işleminde kişinin ölüm sebebinin genel beden travmasına"
"253","Yargıtay","Ceza Dairesi","2021/5686","2023/3913","2023-06-06","eGZDSUJNNU1LWTVTODh6aU5BRm16SFRuMSs2RnUvUmw","https://mevzuat.sinerjias.com.tr/ictihat/yuksek-mahkeme/yargitay%20karari/eGZDSUJNNU1LWTVTODh6aU5BRm16SFRuMSs2RnUvUmw","travma, boğazını","bahsedilmesinin ardından mağdurenin 17.05.2008 tarihinde mağduresi bulunduğu olay sebebiyle gelişen travma ... ın söylediği, mağdure ile cinsel ilişkiye girmek istediği, mağdure kabul etmeyince boğazını sıkarak zorladığı"
"254","Yargıtay","Ceza Dairesi","2023/2585","2023/3786","2023-06-05","OWtRb2I0ZlJnS0c2dXJtZ1hHaC9YeDFMQWdDMFA3Nlk","https://mevzuat.sinerjias.com.tr/ictihat/yuksek-mahkeme/yargitay%20karari/OWtRb2I0ZlJnS0c2dXJtZ1hHaC9YeDFMQWdDMFA3Nlk","hamile, travmatik","\""ön bölgeden de cinsel organını soktu ancak tam sokamadı\"", \""ön bölgeden de cinsel oranını soktu hamile ... cinsel organını sokması halinde oluşabilecekleri, bu şekilde gerçekleşmeyen bir eylem sonucunda da hamile ... hymen anüler, derin yerleşimli, yüksek ve ince kenarlı olduğu, serbest kenarlarında eski ya da yeni travmatik ... vajinal yolla ilişkiye girmediğinin eski veya yeni bir yırtık bulunmadığı gibi bu bölgede eski ve yeni travmatik"
"255","Yargıtay","Ceza Dairesi","2022/16871","2023/3759","2023-06-01","Nysyc05tbDVpelhSMHBkZWkzamx4OFlhTmdqNDBwRnU","https://mevzuat.sinerjias.com.tr/ictihat/yuksek-mahkeme/yargitay%20karari/Nysyc05tbDVpelhSMHBkZWkzamx4OFlhTmdqNDBwRnU","boğazına, boğazından, boğazında, travmatik","dışında katılanın evine girdiği, elinde bulunan ve ele geçmeyen bıçakla katılanın küçük yaştaki çocuğunun boğazına ... ve katılanın boğazına dayayarak kıyafetlerini çıkarmasını istediği, bu sırada da katılanın bulunduğu ... da çocuğunu öldüreceğim\"" diyerek tehdit ettiği, bunun üzerine katılanın da direnemediği, katılanın boğazından ... birliktelik yaşadığı ve daha sonra kenarda bulunan havluya boşaldığı, daha sonra da evden çıkarken katılanın boğazında ... ve katılanın boğazına dayayarak kıyafe"
"256","Yargıtay","Ceza Genel Kurulu","2020/196","2023/320","2023-05-31","bVhES0ZhZERlUDVOTmVzUDZwWnJjZldCRGNEbU1HUGw","https://mevzuat.sinerjias.com.tr/ictihat/yuksek-mahkeme/yargitay%20karari/bVhES0ZhZERlUDVOTmVzUDZwWnJjZldCRGNEbU1HUGw","travma, boğaziçi",".\"" şeklinde olayı anlattığı, mağdurun söz konusu olay nedeniyle major depresif bozukluk ve travma sonrası ... un ticari taksi ile kendisini alıp Havza çıkışındaki Boğaziçi Tesislerinde bulunan Somun Un fabrikasının"
"257","Yargıtay","Ceza Genel Kurulu","2021/266","2023/316","2023-05-31","bXR1VUgvREU2T0JjdGpwaXNoQ0ZLOVdHTG9oWFdDNGg","https://mevzuat.sinerjias.com.tr/ictihat/yuksek-mahkeme/yargitay%20karari/bXR1VUgvREU2T0JjdGpwaXNoQ0ZLOVdHTG9oWFdDNGg","travmatik, geberseydin","muayenesinde postmortam anal dilatasyon dışında patolojinin görülmediği, kanama, ekimoz ve sıyrık gibi travmatik ... harabiyeti, kafa içi kanama, iç organ ve büyük damar harabiyeti tanımlanmadığı dikkate alındığında maktulün travmatik ... dışarıya çıktıktan sonra tanık ...’ya \""... suya atladı.” diye mesaj çektiğini, tanığın da \""Sende geberseydin ... harabiyeti, kafa iç kanama, iç organ ve büyük damar harabiyeti tanımlanmadığı dikkate alındığında maktulün travmatik"
"258","Yargıtay","Ceza Genel Kurulu","2022/584","2023/309","2023-05-24","QWNMamMrWHVGSDBIWTdJRFlJcHhaMHJTUHpGWjhad08","https://mevzuat.sinerjias.com.tr/ictihat/yuksek-mahkeme/yargitay%20karari/QWNMamMrWHVGSDBIWTdJRFlJcHhaMHJTUHpGWjhad08","boğaz, travma, travmatik, hamile","üzerinde bir adet; sol kürek kemiğinde bir adet; ense sağında iki adet; sol el bileği üzerinde bir adet; boğaz ... alın soldan göz lateraline kadar uzanan yara kenarları düzensiz, derinliği kemik dokuya uzanan künt travma ... 1,5 cm lik laserasyon görüldüğünün alın sağ taraf, orta hatta, sol kaş üstünde ve burun kökünde künt travmatik ... işine başladığından beri tanıdığını, iki senelik evli olduğunu, çocuklarının olmadığını, annesinin hamile"
"259","Danıştay","Daire","2019/12643","2023/2706","2023-05-23","bTRmMmpwMFhmOHBYVjE4TXNQU2ZqaTNDdnl3NHFKSTc","https://mevzuat.sinerjias.com.tr/ictihat/yuksek-mahkeme/yargitay%20karari/bTRmMmpwMFhmOHBYVjE4TXNQU2ZqaTNDdnl3NHFKSTc","boğaz, travma","kapsamında bulunan İzmir Katip Çelebi Üniversitesi Atatürk Eğitim ve Araştırma Hastanesi, Kulak Burun Boğaz ... tespitlerle birlikte değerlendirildiğinde; davacının mevcut işitme kaybının, ateşli silahlara bağlı akustik travma ... davacının sevk edildiği İzmir Katip Çelebi Üniversitesi Atatürk Eğitim ve Araştırma Hastanesi Kulak Burun Boğaz ... dava konusu olayda İzmir Katip Çelebi Üniversitesi Atatürk Eğitim ve Araştırma Hastanesi, Kulak Burun Boğaz ... tespitlerle birlikte değerlendirildiğinde"
"260","Yargıtay","Ceza Dairesi","2023/217","2023/3431","2023-05-23","dVlJakh5M3Bwb1hxMFVVNW9CQm5Gd3BHMDFjQSt1Uks","https://mevzuat.sinerjias.com.tr/ictihat/yuksek-mahkeme/yargitay%20karari/dVlJakh5M3Bwb1hxMFVVNW9CQm5Gd3BHMDFjQSt1Uks","boğazını, travma",", suça sürüklenen çocuğun kendisinin de soyunduğunu, bacaklarını kaldırıp sıkıştırdığını, bağırınca boğazını ... Cansel ***’nın, Kurulumuzca 31.01.2014 tarihinde yapılan muayenesinde ve dava dosyasının incelenmesinde Travma"
"261","Danıştay","Daire","2019/5664","2023/2627","2023-05-18","d09IVndVRnFxb3Fmc2FiaXVsTWcxTUFBQVFrdzdRRUo","https://mevzuat.sinerjias.com.tr/ictihat/yuksek-mahkeme/yargitay%20karari/d09IVndVRnFxb3Fmc2FiaXVsTWcxTUFBQVFrdzdRRUo","travmaların, gebenin","ise de tüm dosya kapsamından ve bilirkişi raporundan davacıların, bebeğin doğumu sonrasında yaşadığı travmaların ... bilier atrezi ve bunlara bağlı olarak gelişen komplikasyonlar sonucu meydana geldiği, 40+2 haftalık gebenin"
"262","Bölge Adliye Mahkemesi","26. Hukuk Dairesi","2021/1","2023/344","2023-05-17","UTczSS9UbXVIdC82SlJBZEMvejh3UT09","https://mevzuat.sinerjias.com.tr/ictihat/yuksek-mahkeme/yargitay%20karari/UTczSS9UbXVIdC82SlJBZEMvejh3UT09","hamile, travmalar","sonra 07.10.2016 tarihinde yani kazadan 3 gün sonra teslim olduğunu, müteveffa ...nın kaza günü 2 aylık hamile ... davacı ...ün de tek kardeşi olduğunu, davacıların kaza nedeni ile yaşadıkları büyük yıkım ve psikolojik travmalar ... Davacılar vekilinin istinaf sebeplerinin incelenmesinde; davacılar müteveffa ...nın olay tarihinde 2 aylık hamile"
"263","Yargıtay","Ceza Genel Kurulu","2018/557","2023/287","2023-05-17","U1kxajEvbUw1TTlkQWlnM2wxSlZaWkNUT1lYSmpRUEQ","https://mevzuat.sinerjias.com.tr/ictihat/yuksek-mahkeme/yargitay%20karari/U1kxajEvbUw1TTlkQWlnM2wxSlZaWkNUT1lYSmpRUEQ","boğazıma, travma, boğazına","O sırada bıçağı boğazıma değdirerek yat yere dedi. Hatırladığım kadarı ile ... üstüme boşalmadı. ... Üniversitesi Tıp Fakültesi heyet raporuna göre de mağdurenin olay kaynaklı travma sonrası stres bozukluğu ... \"" dediğini, ayrıca elinde bulunan bir bıçağı boğazına değdirerek; \""Yat yere!"
"264","Yargıtay","Ceza Genel Kurulu","2020/417","2023/285","2023-05-17","a2FLWWh3TWxsUXdqa2w5Z1ZwMVFEYmhvNFY0Nk1oZk0","https://mevzuat.sinerjias.com.tr/ictihat/yuksek-mahkeme/yargitay%20karari/a2FLWWh3TWxsUXdqa2w5Z1ZwMVFEYmhvNFY0Nk1oZk0","boğazını, travma","bırakmasının ardından mağdurenin peşinden giderek ele geçirilemeyen jiletle bağırdığı takdirde kızının boğazını ... Hastalıkları Eğitim Araştırma Hastanesinin 14.02.2011 tarihli raporuna göre; yaşadığı olaydan dolayı mağdurda travma ... yanına giderken sanığın da peşinden gelerek cebinden çıkarttığı jileti gösterip \""Bağırma, kızının boğazını ... mağdurun peşinden giderek ele geçirilemeyen bir jileti çıkarıp mağduru, bağırdığı takdirde kızının boğazını"
"265","Yargıtay","Ceza Genel Kurulu","2022/399","2023/264","2023-05-04","K0RSMjBHWGl0L0xVTWlDQ0JhRk1XQVBwcXI1TWt3bkQ","https://mevzuat.sinerjias.com.tr/ictihat/yuksek-mahkeme/yargitay%20karari/K0RSMjBHWGl0L0xVTWlDQ0JhRk1XQVBwcXI1TWt3bkQ","travmaya, hamile","hematom, sağ servkalde ekimoz, sol ayakta hassasiyet, sağ memede ısırığa bağlı diş izleri, karında travmaya ... adli muayene raporunda; darp sonucu sağ orbitada hematom, sağ servikalde ekimoz, sol ayakta ve karında travmaya ... üzerine cinsel birliktelik gerçekleşmeyince sanığın, kendisine \""Ben toparlanacağım, seni mutlaka bugün hamile ... üzerine cinsel birliktelik gerçekleşmeyince sanığın, kendisine \""Ben toparlanacağım, seni mutlaka bugün hamile"
"266","Yargıtay","Ceza Dairesi","2023/847","2023/2699","2023-05-03","VHl3Z0E4dnlkVmlYdXJ3Z3NZSWlNbnYwc29QSndMV1c","https://mevzuat.sinerjias.com.tr/ictihat/yuksek-mahkeme/yargitay%20karari/VHl3Z0E4dnlkVmlYdXJ3Z3NZSWlNbnYwc29QSndMV1c","boğazına, travma","mağdureyi de yanına yatırdığı, sanığın her iki elinde bıçak olduğu halde, bir bıçağı katılan mağdurenin boğazına ... yaralanmalara dair detay içeren ve nihayetinde lezyonların hastanın öyküsünde belirttiği şiddete bağlı künt travma"
"267","Yargıtay","Hukuk Dairesi","2022/679","2023/5917","2023-05-03","OVpEa0pxY0FGODZuVkZxQTlFcndYUmZiOVZRZ0lONjA","https://mevzuat.sinerjias.com.tr/ictihat/yuksek-mahkeme/yargitay%20karari/OVpEa0pxY0FGODZuVkZxQTlFcndYUmZiOVZRZ0lONjA","travma, boğaz","belgeler ile başvuru yapılmadığını, maluliyete ilişkin raporun doğru yönetmeliğe göre düzenlenmediğini, travma ... başlıklı 6. madddesinde; (1) Özürlü sağlık kurulu; iç hastalıkları, göz hastalıkları, kulak-burun-boğaz"
"268","Yargıtay","Ceza Dairesi","2023/2969","2023/2719","2023-05-03","dDVYR0pZVDRXaEhwUXhKZFJnWUpUSDhyUVZlTGhuTjk","https://mevzuat.sinerjias.com.tr/ictihat/yuksek-mahkeme/yargitay%20karari/dDVYR0pZVDRXaEhwUXhKZFJnWUpUSDhyUVZlTGhuTjk","travma, hamile","Katılan Bakanlık Vekilinin Temyiz İstemi Suçun mağdure üzerinde yarattığı travma ve sanığın mağdurenin ... birlikte farklı günlerde bir çok kez cinsel birliktelik yaşadığı, bu eylemleri sonucunda mağdurenin hamile"
"269","Yargıtay","Ceza Genel Kurulu","2023/135","2023/231","2023-04-25","VXdaajZOY0hUeDZOc1FaMkFQTUhFek5qQ1VWNm5vMW0","https://mevzuat.sinerjias.com.tr/ictihat/yuksek-mahkeme/yargitay%20karari/VXdaajZOY0hUeDZOc1FaMkFQTUhFek5qQ1VWNm5vMW0","travma, gebe, hamile, gebeliğin","ruhsal yönden mukavemet etmesini engelleyecek mahiyet ve derecede olduğunun, mağdurede tespit edilen travma ... Devlet Hastanesinin 21.05.2012 tarihli raporuna göre; katılan mağdurun 10 hafta 3 günlük gebe olduğu, ... 24.05.2012 tarihli raporuna göre ise; katılan mağdurun 11 hafta 2 günlük gebe olduğu, ... ... korktuğu için olayı annesine anlatamadığını, adetleri gecikince annesinin hastaneye götürmesi üzerine hamile ... iddia edilen cinsel istismar nedeniyle beden ve ruh sağlığının bozulduğu, k"
"270","Danıştay","Daire","2019/12200","2023/2157","2023-04-25","R3B4am1VYzk0ckdtellyckJycEtybjl3VkVKSzJSQ2w","https://mevzuat.sinerjias.com.tr/ictihat/yuksek-mahkeme/yargitay%20karari/R3B4am1VYzk0ckdtellyckJycEtybjl3VkVKSzJSQ2w","travmatoloji, boğaz","Cerrahi Derneği, Türk Göğüs Cerrahisi Derneği, Türk Jinekoloji ve Obstetrik Derneği, Türk Ortopedi ve Travmatoloji ... Birliği Derneği, Türk Kalp ve Damar Cerrahisi Derneği, Türk Kulak Burun Boğaz ve Baş Boyun Cerrahisi ... Cerrahi Derneği, Türk Göğüs Cerrahisi Derneği, Türk Jinekoloji ve Obstetrik Derneği, Türk Ortopedi ve Travmatoloji ... Birliği Derneği, Türk Kalp ve Damar Cerrahisi Derneği, Türk Kulak Burun Boğaz ve Baş Boyun Cerrahisi"
"271","Danıştay","Daire","2019/12199","2023/2153","2023-04-25","MnZEUDV4ZUNQT2JBcHROcFgvTlhjbVJVMi9aZHg5R3A","https://mevzuat.sinerjias.com.tr/ictihat/yuksek-mahkeme/yargitay%20karari/MnZEUDV4ZUNQT2JBcHROcFgvTlhjbVJVMi9aZHg5R3A","travmatoloji, boğaz","Cerrahi Derneği, Türk Göğüs Cerrahisi Derneği, Türk Jinekoloji ve Obstetrik Derneği, Türk Ortopedi ve Travmatoloji ... Birliği Derneği, Türk Kalp ve Damar Cerrahisi Derneği, Türk Kulak Burun Boğaz ve Baş Boyun Cerrahisi ... Cerrahi Derneği, Türk Göğüs Cerrahisi Derneği, Türk Jinekoloji ve Obstetrik Derneği, Türk Ortopedi ve Travmatoloji ... Birliği Derneği, Türk Kalp ve Damar Cerrahisi Derneği, Türk Kulak Burun Boğaz ve Baş Boyun Cerrahisi"
"272","Danıştay","Daire","2019/11163","2023/2155","2023-04-25","V3F6RzVmN3FQTXdwcnBUd243a1d4WFE5eTlrTGl0TWo","https://mevzuat.sinerjias.com.tr/ictihat/yuksek-mahkeme/yargitay%20karari/V3F6RzVmN3FQTXdwcnBUd243a1d4WFE5eTlrTGl0TWo","travmatoloji, boğaz","Cerrahi Derneği, Türk Göğüs Cerrahisi Derneği, Türk Jinekoloji ve Obstetrik Derneği, Türk Ortopedi ve Travmatoloji ... Birliği Derneği, Türk Kalp ve Damar Cerrahisi Derneği, Türk Kulak Burun Boğaz ve Baş Boyun Cerrahisi"
"273","Yargıtay","Ceza Genel Kurulu","2022/208","2023/234","2023-04-25","SzR4V1NUdFNDakl5WitSYzFYckJzM2lQelFYeURNU2g","https://mevzuat.sinerjias.com.tr/ictihat/yuksek-mahkeme/yargitay%20karari/SzR4V1NUdFNDakl5WitSYzFYckJzM2lQelFYeURNU2g","travmaya, boğazından","geldiğini gördüğünü, birlikte yakında bulunan bir hastaneye gittiklerini, kızların da hastane önünden travmaya ... in boğazından tutup tekme vurduğunu gördüğünü, bunun üzerine ...' ... \"" diye kızdığını, ...’i hastaneye götürdüğünü, ... ve ...’nın bayanları travmaya bindirip evlerine gönderdiklerini ... Ben de sizin gibi yabancıyım.\"" dediğini, ...’in yanlarına geldiğini, içlerinden iri olanın ...’i boğazından ... in boğazından tutup silkelediğini, akabinde kendileri ile tartışan grubun üzerleri"
"274","Danıştay","Daire","2019/12464","2023/2158","2023-04-25","K0FibUUxQjVod2RrVUNFODBpUlBzYTZuYlJzK1BjUXM","https://mevzuat.sinerjias.com.tr/ictihat/yuksek-mahkeme/yargitay%20karari/K0FibUUxQjVod2RrVUNFODBpUlBzYTZuYlJzK1BjUXM","travmatoloji, boğaz","Cerrahi Derneği, Türk Göğüs Cerrahisi Derneği, Türk Jinekoloji ve Obstetrik Derneği, Türk Ortopedi ve Travmatoloji ... Birliği Derneği, Türk Kalp ve Damar Cerrahisi Derneği, Türk Kulak Burun Boğaz ve Baş Boyun Cerrahisi ... Cerrahi Derneği, Türk Göğüs Cerrahisi Derneği, Türk Jinekoloji ve Obstetrik Derneği, Türk Ortopedi ve Travmatoloji ... Birliği Derneği, Türk Kalp ve Damar Cerrahisi Derneği, Türk Kulak Burun Boğaz ve Baş Boyun Cerrahisi"
"275","Yargıtay","Ceza Dairesi","2023/993","2023/2278","2023-04-12","aUdUVFU4UUhKM09wTU0xcEJPclJLcjV5Z2lDZCtpa3Q","https://mevzuat.sinerjias.com.tr/ictihat/yuksek-mahkeme/yargitay%20karari/aUdUVFU4UUhKM09wTU0xcEJPclJLcjV5Z2lDZCtpa3Q","travmatik, boğazını","kastı ile hareket etmediğine, raporda fiili livata ve tıbben yaralanma olarak değerlendirilebilecek travmatik ... öldüreceklerini, tırnaklarını keseceklerini, kulağını keseceklerini söyleyerek tehdit etmek ve şikayetçinin boğazını"
"276","Yargıtay","Ceza Dairesi","2022/15183","2023/1664","2023-04-05","d0ZVQy9NbTZUOVd2V0FWVStNTWtmeUQ3WXJENjRBbGM","https://mevzuat.sinerjias.com.tr/ictihat/yuksek-mahkeme/yargitay%20karari/d0ZVQy9NbTZUOVd2V0FWVStNTWtmeUQ3WXJENjRBbGM","hamile, boğazına, boğazını, travmatik, travma","önleyici tedbir kararı verildiği ve sanığın 12.04.2013 tarihinde Kadın Sığınma Evine yerleştirildiği, hamile ... sanığın kendisini korumak amacıyla maktulü tekmelediği, maktulün olay yerinde ele geçen kemeri sanığın boğazına ... vurarak maktule karşı savunmaya geçtiği, ancak maktulü etkisiz hale getiremediği, maktulün sanığın boğazını ... aldığı darbeler ile uyumlu eklem hareket güçlüğü tespit edildiği, muayenede saptanan birden çok sayıdaki travmatik ... tekrarlayıcı özellikte ve çoklı duygusal"
"277","Yargıtay","Ceza Genel Kurulu","2023/114","2023/208","2023-04-05","ZXFtUjJEdTVXK1BPTEJtdlNvN2J1OHhFUG5yejZMelo","https://mevzuat.sinerjias.com.tr/ictihat/yuksek-mahkeme/yargitay%20karari/ZXFtUjJEdTVXK1BPTEJtdlNvN2J1OHhFUG5yejZMelo","travmatik, boğazını, boğazına","rastlanmadığı, vajen içinden alınan sürüntü örneğinde kan bulaşı görüldüğü, anal muayenesinde herhangi bir travmatik ... rastlanmadığı, el bileği etrafında ... şikayeti olan mağdurun yapılan harici muayenesinde herhangi bir akut travmatik ... kabul etmeyip bağırdığını ancak kimsenin sesini duymadığını, sanığın kendisini bağladığını, jiletle boğazını ... bulunmadığını, şarj cihazının uzun olması sebebiyle rulo hâlinde kısaltıp başucuna koyduğunu, kablonun boğazına"
"278","Yargıtay","Ceza Dairesi","2021/373","2023/1080","2023-04-04","Qko2SHJaMDgzTFNqdWdmU3FLbjQwNlFhY256Z3N4bjg","https://mevzuat.sinerjias.com.tr/ictihat/yuksek-mahkeme/yargitay%20karari/Qko2SHJaMDgzTFNqdWdmU3FLbjQwNlFhY256Z3N4bjg","boğazkent, travmatik","da kutlamanın yapılacağı alana ses sistemi kurma işini aldığı, kutlamanın yapılacağı Kepez Beldesi Boğazkent ... İhtisas Kurulu raporunda ölenin vücudunda travmatik lezyon, toksik maddeler ve alkol bulunmadığının, ... düzenlenen adli ve tıbbi belgeler birlikte değerlendirildiğinde: A-Otopsisinde ölüme neden olacak travmatik ... lezyon tarif edilmediği dikkate alındığında; kişinin elektrik etkisi dışında travmatik tesirle öldüğünün"
"279","Yargıtay","Ceza Dairesi","2022/5733","2023/1628","2023-04-04","OHB4TlBZV2o1bUI5MWlzRWRETjdjVjBiM1VXYnNFN1A","https://mevzuat.sinerjias.com.tr/ictihat/yuksek-mahkeme/yargitay%20karari/OHB4TlBZV2o1bUI5MWlzRWRETjdjVjBiM1VXYnNFN1A","gebersin, travmasına","ın küfrederek burada gebersin dediği, maktulün 04.10.2019 tarihinde olay yerinde ölü olarak bulunduğu ... raporunda, \""maktulün vücudunda, yüz kafa bölgesinde çok sayıda ekimoz, sıyrık olduğu, ölümünün künt kafa travmasına ... ın bu sırada \""bırakın burada gebersin\"" dediği, sanık ...'"
"280","Yargıtay","Hukuk Dairesi","2023/1875","2023/3615","2023-04-03","eHBVRTcvSll3WjlpNloxOUMzcUp6NDg0azJnbW1pZDk","https://mevzuat.sinerjias.com.tr/ictihat/yuksek-mahkeme/yargitay%20karari/eHBVRTcvSll3WjlpNloxOUMzcUp6NDg0azJnbW1pZDk","boğaz, travmatoloji","malulü sayılmayacağının, Emniyet Teşkilatı Sağlık Şartları Yönetmeliği Hükümlerine göre kulak, burun, boğaz ... Resmi Gazetede yayınlanarak yürürlüğü giren Emniyet Teşkilatı Sağlık Şartnamesi Yönetmeliği Ortopedi ve Travmatoloji ... sayılı sağlık kurulu raporunda Emniyet Teşkilatı Şartları Yönetmeliğine ilişkin olarak Kulak Burun Boğaz ... hastalığına ait verilen E-3-III-A diliminin, Ortopedi ve Travmatoloji Hastalığına ilişkin Ek-3-VI-B ... sayılı sağlık kurulu raporunda Emniyet Teşkilatı Şartl"
"281","Bölge Adliye Mahkemesi","3. Hukuk Dairesi","2022/1159","2023/596","2023-03-23","RDZJQW1KbU5KSjYvQ0lvTDJWYkZYUT09","https://mevzuat.sinerjias.com.tr/ictihat/yuksek-mahkeme/yargitay%20karari/RDZJQW1KbU5KSjYvQ0lvTDJWYkZYUT09","travma, boğaz","duyusunun objektif olarak değerlendirmesi mümkün olmayıp bu duyuları bozabilecek nitelikte herhangi bir travma ... Ancak davacı vekilince dosyaya sunulan ... tarihli Kulak, Burun, Boğaz ve Baş Boyun Cerrahı ... tarafından ... Adli Tıp Ana Bilim Dalı Başkanlığından alınmış olan ... tarihli rapor ile ... tarihli Kulak, Burun, Boğaz"
"282","Yargıtay","Ceza Genel Kurulu","2019/619","2023/180","2023-03-22","eTVLdm1SRDdUYUNzVTNmSnlmeGVndkxQdFFOOFlvOGM","https://mevzuat.sinerjias.com.tr/ictihat/yuksek-mahkeme/yargitay%20karari/eTVLdm1SRDdUYUNzVTNmSnlmeGVndkxQdFFOOFlvOGM","hamile, travmatik","Konuk Eğitim ve Araştırma Hastanesince düzenlenen 22.05.2017 tarihli rapora göre; mağdurun hamile olmadığı ... benzer cesamette cismin duhulüne müsait bulunduğu, mevcut bulgular ile hymende ve vajina duvarında akut travmatik ... görüldüğü, saat 10-2 kadranı hizasında mor renkli ekimoz alanı görüldüğü, kişinin anüs duvarında akut travmatik ... sayıda değişik miadda lineer psikopatik kesi nedbeleri görüldüğü, mağdurun vücudunda yeni oluşmuş harici travmatik ... lezyon tespit edilemediği, vücudunda"
"283","Yargıtay","Hukuk Dairesi","2023/1196","2023/1249","2023-03-22","STFMMjI5REhDVExJNDZXeU9wbDJBWFpMQmxpSnBLVDQ","https://mevzuat.sinerjias.com.tr/ictihat/yuksek-mahkeme/yargitay%20karari/STFMMjI5REhDVExJNDZXeU9wbDJBWFpMQmxpSnBLVDQ","hamile, travmatik","müvekkiline sürekli olarak şiddet uyguladığını, davalının aşırı derecede sinirli olduğunu, davacının hamile ... olduğunu bilmesine rağmen sürekli olarak şiddet uygulamaya devam ettiğini, bu durumun davacının ciddi travmatik ... alarak ailesiyle iletişim kurmasını engellediği, ablası ile görüşmesine de mani olduğu, yine o dönemde hamile"
"284","Danıştay","Daire","2020/3432","2023/1326","2023-03-21","TUJMODg2enluTEpFQlNVUVFxTG5VQUlUQjYrNXRCZjk","https://mevzuat.sinerjias.com.tr/ictihat/yuksek-mahkeme/yargitay%20karari/TUJMODg2enluTEpFQlNVUVFxTG5VQUlUQjYrNXRCZjk","travmalara, gebe","DAVALI İDARENİN SAVUNMASI : Dava konusu edilen Yönetmelikte yer verilen, pelvik yerleşimli böbreğin travmalara ... Polis okulunda rutin tarama esnasında sol pelvik böbrek açısından yönlendirilmiş. 24 haftalık gebe. ... Polis okulunda rutin tarama esnasında sol pelvik böbrek açısından yönlendirilmiş. 24 haftalık gebe."
"285","Danıştay","Daire","2019/2177","2023/1218","2023-03-16","Sy81T0JsTzJkMStZSVNFYStYamEyYzhhekFLUEhtVmM","https://mevzuat.sinerjias.com.tr/ictihat/yuksek-mahkeme/yargitay%20karari/Sy81T0JsTzJkMStZSVNFYStYamEyYzhhekFLUEhtVmM","gebertirsin, travmatik","Bugün ya bu kızı gebertirsin ya da ben seni öldürürüm... şeklinde ifadelerin kullanıldığı, bunun üzerine ... değerlendirilmesinden, dizinin temasına bakıldığında, baskın olarak beslendiği töre ve kadın arasındaki ilişkinin travmatik"
"286","Yargıtay","Ceza Dairesi","2022/7402","2023/1058","2023-03-15","VEI0R1RYdWMyckt5MVlPOE5TVi9wV1BzTm13TjlzTjc","https://mevzuat.sinerjias.com.tr/ictihat/yuksek-mahkeme/yargitay%20karari/VEI0R1RYdWMyckt5MVlPOE5TVi9wV1BzTm13TjlzTjc","travmatik, boğazını","aralıklarında olmadığı, kişinin vücudunda 1 adet kesici delici alet yarası, baş bölgesinde çok sayıda künt travmatik ... bölgesinde tanımlanan 1, 2, 3 ve 4 numaralı lezyonlar ve sağ kaş üzerinde tanımlanan lezyonun künt travmatik ... eylemi ile uyumlu olduğu, kişinin ölümünün kesici delici aletle perikard ve kalp yaralanması, künt travmatik ... sersemlediği, sanık bunun üzerine Telat'ın maktulün kafasına levye ile vurduğu, ölmediğini görmesi üzerine boğazını"
"287","Yargıtay","Ceza Dairesi","2022/16557","2023/1423","2023-03-15","NXROelFub1NZSDJ2Q2d3UXJSRmc5ZUw4WmlTWURwUlk","https://mevzuat.sinerjias.com.tr/ictihat/yuksek-mahkeme/yargitay%20karari/NXROelFub1NZSDJ2Q2d3UXJSRmc5ZUw4WmlTWURwUlk","boğazını, travma","sürüklenen çocuğun üst kattaki odasına çıktıkları, suça sürüklenen çocuğun katılan mağduru boğacak şekilde boğazını ... herhangi bir lezyon bulunmadığının, tehdit ... kayganlaştırıcı kullanımı gibi durumlarda sfinklerin travma"
"288","Yargıtay","Ceza Genel Kurulu","2021/17","2023/162","2023-03-15","ZGtKSklxQmlESjlDMkJtck5MVG9ZR1pWbmtQQ1lWUGM","https://mevzuat.sinerjias.com.tr/ictihat/yuksek-mahkeme/yargitay%20karari/ZGtKSklxQmlESjlDMkJtck5MVG9ZR1pWbmtQQ1lWUGM","hamile, travma","in 3,5 aylık hamile bir bayanı zorla bir müşteriye gönderdiğini ve sonrada kürtaj yaptırdığını, yine ... Mağdurenin alınan doktor raporunda bacak ve ön kolda travma izlerinin bulunduğu belirtilmiştir. 2- ... in 3,5 aylık hamile bir bayanı zorla bir müşteriye gönderdiğini ve sonrada kürtaj yaptırdığını, yine ... in 3,5 aylık hamile bir bayanı zorla bir müşteriye gönderdiğini ve sonrada kürtaj yaptırdığını, yine ... in 3,5 aylık hamile bir bayanı zorla bir müşteriye gönderdiğini ve sonrada kürtaj "
"289","Yargıtay","Ceza Genel Kurulu","2022/186","2023/155","2023-03-15","VkM2SmwwSE43M2JRUlBybkZPMS85SGdLOFpIMlBXVWY","https://mevzuat.sinerjias.com.tr/ictihat/yuksek-mahkeme/yargitay%20karari/VkM2SmwwSE43M2JRUlBybkZPMS85SGdLOFpIMlBXVWY","travmasına, hamiledir, hamileliğinin, hamile","görmekte iken 10/02/2010 tarihinde saat 16.55 te vefat etmiş; yapılan otopside maktul ...’nün künt kafa travmasına ... ünitesinde tedavi görmekteyken 30.04.2010 tarihinde vefat etmiş; yapılan otopside ölümünün genel beden travmasına ... Sanıklardan ...’ın eşi olay sırasında ilk çocuklarına hamiledir. ... Hamileliğinin 9. ayındadır. ..., .ile görüşmeye devam etmektedir. Evlenme planları yapmaktadır. ... Yapılan araştırmada sanığın doğum yapması beklenen hamile eşini belirttiği gibi doktora kontro"
"290","Yargıtay","Ceza Genel Kurulu","2019/502","2023/144","2023-03-08","TTE2ZXIxUy9mQ1ZoOS80bUtnaENveUxqcjkyMHByYzk","https://mevzuat.sinerjias.com.tr/ictihat/yuksek-mahkeme/yargitay%20karari/TTE2ZXIxUy9mQ1ZoOS80bUtnaENveUxqcjkyMHByYzk","boğazını, travmatik, boğazının","oldum, olay sırasında sırtüstü yatıyordum.\"" şeklinde ifade ettiği, olay tarihinde sanığın kendisinin boğazını ... bulunduğu, anal yolla ırza geçme sonrası görülmesi beklenen ekimoz, mukoza veya sfinkter yırtığı gibi travmatik ... ile hile, tehdit ya da rıza gibi nedenlerle direncinin kırıldığı durumlarda anal sfinkterin çok büyük travmatik ... edilebileceği, Kurullarınca 13.11.2015 tarihinde yapılan harici beden muayenesinde; eski ya da yeni travmatik ... şey hem hissettiğini hem de hissetmediğ"
"291","Yargıtay","Ceza Dairesi","2022/11445","2023/1224","2023-03-07","U2Y1Qm9UZkRhOGRSYUxHMTUwOE5IMGxoUEhMWVpNUnQ","https://mevzuat.sinerjias.com.tr/ictihat/yuksek-mahkeme/yargitay%20karari/U2Y1Qm9UZkRhOGRSYUxHMTUwOE5IMGxoUEhMWVpNUnQ","travmatik, hamile","olup, saat kadranına göre 4 ila 8 arasında çift kat seyrettiği, serbest kenarlarında eski veya yeni travmatik ... sözlendiklerini ve evlenmek için yaşının dolmasını beklediklerini, cinsel birliktelikten sonra mağdurun hamile"
"292","Danıştay","Daire","2023/786","2023/906","2023-03-02","Z2s0UDFPckZHREVlVWtOVS9oV2NweW54amczQ1NQK2w","https://mevzuat.sinerjias.com.tr/ictihat/yuksek-mahkeme/yargitay%20karari/Z2s0UDFPckZHREVlVWtOVS9oV2NweW54amczQ1NQK2w","boğaz, travmatoloji","Hastanesi bünyesinde bulunan ve hastane ruhsatına kayıtlı olan İç Hastalıkları, Kulak-Burun-Boğaz, Genel ... Cerrahi, Ortopedi ve Travmatoloji, FTR, Nöroloji, Psikiyatri uzmanlık dallarında tam gün esasına göre"
"293","Yargıtay","Ceza Dairesi","2022/9706","2023/777","2023-03-02","cnlIcm5ZM2lxUUZXZDdzOGg3MHVzSmpMdjF1dVJxeE8","https://mevzuat.sinerjias.com.tr/ictihat/yuksek-mahkeme/yargitay%20karari/cnlIcm5ZM2lxUUZXZDdzOGg3MHVzSmpMdjF1dVJxeE8","travmatik, hamile","ve 08.01.2013 tarihli celsede, sanığın uğradığı cinsel saldırı nedeniyle Fethiye Devlet Hastanesinde travmatik ... Suç tarihi öncesinde suça sürüklenen çocuğun hamile olduğu, bu durumdan ailesine hiç bahsetmediği gibi ... bana tecavüz etti, ondan hamile kaldım dedi\"" şeklinde beyanda bulunduğu ancak anne babasına veya diğer ... şekilde kendinde idi, eşim ve ben kızıma ne olduğunu sordum o da bize ... ...bana tecavüz etti, ondan hamile ... Eksik Araştırma Yönünden Olay tarihinden önce hamile olan"
"294","Yargıtay","Hukuk Dairesi","2021/23044","2023/2707","2023-03-01","dVV4WDkrYzB3d2doaDVMTDBsSWk4SSs0UzJDNVhCTXk","https://mevzuat.sinerjias.com.tr/ictihat/yuksek-mahkeme/yargitay%20karari/dVV4WDkrYzB3d2doaDVMTDBsSWk4SSs0UzJDNVhCTXk","hamile, travmayı, travma","DAVA Davacı vekili dava dilekçesinde; müvekkilinin kamuoyunda oldukça yankı uyandıran \""hamile kadını ... yapıldığını, müvekkilinin insan içine çıkamaz duruma düştüğünü, eşi ve çocukları ile birlikte yaşadıkları travmayı ... unsurlara yer verilmemesi, kimlik bilgilerinin yayınlanmaması, animasyon ve canlandırma kullanılmaması, travma ... davacının açık şekilde yüz fotoğrafı yayınlatılarak bizzat isminin yazılıp teşhir edildiği, davacının hamile"
"295","Yargıtay","Hukuk Dairesi","2021/23038","2023/2706","2023-03-01","Y09DbTgwRllkY0N2cEpQZlA3Z1djS28yUmpoYmpmUDc","https://mevzuat.sinerjias.com.tr/ictihat/yuksek-mahkeme/yargitay%20karari/Y09DbTgwRllkY0N2cEpQZlA3Z1djS28yUmpoYmpmUDc","hamile, travma","DAVA Davacı vekili dava dilekçesinde; müvekkilinin kamuoyunda yankı uyandıran hamile kadını tekmeleme ... kendi haber kaynaklarına dayanarak yapmadığını, 10.12.2016 tarihli ilk haberde, davacının \""dört aylık hamile ... unsurlara yer verilmemesi, kimlik bilgilerinin yayınlanmaması, animasyon ve canlandırma kullanılmaması, travma ... davacının açık şekilde yüz fotoğrafı yayınlatılarak bizzat isminin yazılıp teşhir edildiği, davacının hamile"
"296","Yargıtay","Hukuk Dairesi","2021/24248","2023/2708","2023-03-01","dSs5V0daZEQ3T2JGbGhEWFFXN0pmdkFpT0ZtNEdkajE","https://mevzuat.sinerjias.com.tr/ictihat/yuksek-mahkeme/yargitay%20karari/dSs5V0daZEQ3T2JGbGhEWFFXN0pmdkFpT0ZtNEdkajE","hamile, travmayı, travma","DAVA Davacı vekili dava dilekçesinde; müvekkilinin kamuoyunda oldukça yankı uyandıran \""hamile kadını ... yapıldığını, müvekkilinin insan içine çıkamaz duruma düştüğünü, eşi ve çocukları ile birlikte yaşadıkları travmayı ... bahisle haklarındaki davanın husumetten reddine karar verilmesinin isabetsiz olduğunu, haberin \""hamile ... unsurlara yer verilmemesi, kimlik bilgilerinin yayınlanmaması, animasyon ve canlandırma kullanılmaması, travma ... davacının açık şekilde yüz fotoğrafı yayınlatılarak "
"297","Yargıtay","Ceza Dairesi","2022/14857","2023/760","2023-03-01","VFZKeFpQS0xmMUtvdlR2RWJaWk4vVVR1ODY3dkpDWWU","https://mevzuat.sinerjias.com.tr/ictihat/yuksek-mahkeme/yargitay%20karari/VFZKeFpQS0xmMUtvdlR2RWJaWk4vVVR1ODY3dkpDWWU","hamileliğini, hamileliği, travmasına, hamile","süreyi geçirmesi sebebiyle hamileliğini sonlandıramadığı, hamileliği süresince Milas'a gelerek eğitimine ... tarihli raporunda \""miadında rahim içi gelişim gösteren bebeğin canlı doğmuş olduğu, ölümün genel beden travmasına ... Genel Kurulu 26.03.2015 tarihli raporunda oyçokluğu ile bebeğin canlı doğmuş olduğu, ölümün genel beden travmasına ... GEREKÇE Sanığın erkek arkadaşıyla cinsel ilişkiye girmesi sonucunda hamile kaldığı, hamileliğini arkadaşlarından ... raporuna göre ise, \""miadında rahim "
"298","Yargıtay","Hukuk Dairesi","2021/21160","2023/2425","2023-02-23","Ti8vMnhnMUhlWnZiY0s0M1prRXpDb3kyZmNzVHcvSmU","https://mevzuat.sinerjias.com.tr/ictihat/yuksek-mahkeme/yargitay%20karari/Ti8vMnhnMUhlWnZiY0s0M1prRXpDb3kyZmNzVHcvSmU","hamile, travma","DAVA Davacı vekili dava dilekçesinde; müvekkilinin hamile kadını tekmeleme olayında Turgutlu Cumhuriyet ... unsurlara yer verilmemesi, kimlik bilgilerinin yayınlanmaması, animasyon ve canlandırma kullanılmaması, travma"
"299","Yargıtay","Hukuk Dairesi","2021/21164","2023/2426","2023-02-23","Nkl6ZEtBVUpNaFRaaHBqZ3V0cUg0L3J3T1pjRWVaREc","https://mevzuat.sinerjias.com.tr/ictihat/yuksek-mahkeme/yargitay%20karari/Nkl6ZEtBVUpNaFRaaHBqZ3V0cUg0L3J3T1pjRWVaREc","hamile, travma","DAVA Davacı vekili dava dilekçesinde; müvekkilinin hamile kadını tekmeleme olayında Turgutlu Cumhuriyet ... ile takipsizlik kararı verildiğini, takipsizlik kararının kesinleşmiş olduğu, dava konusu haberde \""Hamile ... unsurlara yer verilmemesi, kimlik bilgilerinin yayınlanmaması, animasyon ve canlandırma kullanılmaması, travma ... Yapılan Tv haberinde \""hamile kadına saldırı soruşturması\"" başlığı altında davacının açık şekilde yüz ... fotoğrafı yayınlatılarak bizzat isminin yazılıp teşhir edil"
"300","Yargıtay","Hukuk Dairesi","2021/21148","2023/2423","2023-02-23","dFhTVTJKcjZRZVpsanIvY0c2VlFJMkYxUXNhbktCVG4","https://mevzuat.sinerjias.com.tr/ictihat/yuksek-mahkeme/yargitay%20karari/dFhTVTJKcjZRZVpsanIvY0c2VlFJMkYxUXNhbktCVG4","hamile, travma","DAVA Davacı vekili dava dilekçesinde; müvekkilinin hamile kadını tekmeleme olayında Turgutlu Cumhuriyet ... açık şekilde yüz fotoğrafının yayınlandığı, isminin yazılarak davacının teşhir edildiği, habere konu hamile ... unsurlara yer verilmemesi, kimlik bilgilerinin yayınlanmaması, animasyon ve canlandırma kullanılmaması, travma ... davacının açık şekilde yüz fotoğrafı yayınlatılarak bizzat isminin yazılıp teşhir edildiği, davacının hamile"
"301","Yargıtay","Ceza Dairesi","2021/2818","2023/560","2023-02-23","YmhPRU4zQnNXQ2VYTEQ0VkVUVWFjZlFETXpocCtDYU0","https://mevzuat.sinerjias.com.tr/ictihat/yuksek-mahkeme/yargitay%20karari/YmhPRU4zQnNXQ2VYTEQ0VkVUVWFjZlFETXpocCtDYU0","travmasına, travmaya, boğazının","ın ölüm sebebinin geçirdiği kaza sonucu oluşan açık kafa travmasına bağlı beyin kanaması olduğunun tespit ... ın ölüm sebebinin geçirdiği kaza sonucu travmaya bağlı boyun bölgesinde açık yaralanmaya bağlı olduğunun ... a ait olduğu tespit edilen ceset sırtüstü çevrildiğinde, sırt üstü çevrilen cesedin boğazının sol yan"
"302","Yargıtay","Hukuk Dairesi","2021/21142","2023/2422","2023-02-23","eEVpOGgrVVFWa2xneEJMQ0s1aXVUTjBKNnEwSW95dlU","https://mevzuat.sinerjias.com.tr/ictihat/yuksek-mahkeme/yargitay%20karari/eEVpOGgrVVFWa2xneEJMQ0s1aXVUTjBKNnEwSW95dlU","hamile, travma","DAVA Davacı vekili dava dilekçesinde; müvekkilinin hamile kadını tekmeleme olayında Turgutlu Cumhuriyet ... Mahkemesinin yukarıda tarih ve sayısı belirtilen kararı ile dava konusu edilen haberde \""Manisa'da Hamile ... altında davacının fotoğrafının verildiği, isminin de yazılarak davacının teşhir edildiği, habere konu hamile ... unsurlara yer verilmemesi, kimlik bilgilerinin yayınlanmaması, animasyon ve canlandırma kullanılmaması, travma ... davacının açık şekilde yüz fotoğrafı yayınlatılarak bi"
"303","Yargıtay","Hukuk Dairesi","2021/21149","2023/2424","2023-02-23","dytLbzJWakdjV3ZUeGFPeGJyKy82VU1oZ29IcjZrbVI","https://mevzuat.sinerjias.com.tr/ictihat/yuksek-mahkeme/yargitay%20karari/dytLbzJWakdjV3ZUeGFPeGJyKy82VU1oZ29IcjZrbVI","hamile, travma","DAVA Davacı vekili dava dilekçesinde; müvekkilinin hamile kadını tekmeleme olayında Turgutlu Cumhuriyet ... ise gazete çalışanı olmadığından bu kişiler yönünden davanın husumetten reddi gerektiğini, davacının hamile ... açık şekilde yüz fotoğrafının yayınlandığı, isminin yazılarak davacının teşhir edildiği, habere konu hamile ... unsurlara yer verilmemesi, kimlik bilgilerinin yayınlanmaması, animasyon ve canlandırma kullanılmaması, travma ... davacının açık şekilde yüz fotoğrafı yayınlatılarak b"
"304","Yargıtay","Hukuk Dairesi","2021/21165","2023/2427","2023-02-23","c3d0Z3BEcURha1RFZUR5Tnc4Qnc0YWV6V1VXK0NJUFA","https://mevzuat.sinerjias.com.tr/ictihat/yuksek-mahkeme/yargitay%20karari/c3d0Z3BEcURha1RFZUR5Tnc4Qnc0YWV6V1VXK0NJUFA","hamile, travma","DAVA Davacı vekili dava dilekçesinde; müvekkilinin hamile kadını tekmeleme olayında Turgutlu Cumhuriyet ... Gazetesi'nin 09.12.2016 tarihli internet sitesinde ve 10.12.2016 tarihli gazete manşetinde \""Manisa'da hamile ... unsurlara yer verilmemesi, kimlik bilgilerinin yayınlanmaması, animasyon ve canlandırma kullanılmaması, travma ... davacının açık şekilde yüz fotoğrafı yayınlatılarak bizzat isminin yazılıp teşhir edildiği, davacının hamile"
"305","Yargıtay","Hukuk Dairesi","2022/6485","2023/1040","2023-02-22","d3g3LzlnSnJtTWV1N2J6dStJTWdDMEEwZDRKRGJReVk","https://mevzuat.sinerjias.com.tr/ictihat/yuksek-mahkeme/yargitay%20karari/d3g3LzlnSnJtTWV1N2J6dStJTWdDMEEwZDRKRGJReVk","travma, hamilelikte, hamileliği, hamileliğe","yaşayacakları, sürecin ağır ve meşakkatli bir süreç olduğu, bu durumun çocuğun yanısıra anne içinde ciddi bir travma ... takip eden doktorun kötü uygulaması sonucu down sendromu riskinin hamilelikte teşhis edilemediğini ve ... Davacılar, çocuğun down sendromlu olduğunu, doktorun zamanında kendilerine bildirmesi durumunda hamileliği ... Bu durumda davacıların doktor bildirseydi hamileliğe son verecektik savı da hukuken dinlenilebilir değildir ... da değinildiği gibi hastanın hayatını tehlikeye dü"
"306","Yargıtay","Ceza Dairesi","2022/7685","2023/600","2023-02-22","b3VHZFhpam1KTVhnMVVqZkMrZEZ0UDkrWFljdnJxR3E","https://mevzuat.sinerjias.com.tr/ictihat/yuksek-mahkeme/yargitay%20karari/b3VHZFhpam1KTVhnMVVqZkMrZEZ0UDkrWFljdnJxR3E","hamile, hamileliğini, travması, travmasına","nın hamile kaldığı, hamile olduğunu 5. ... Ayında fark eden...nın hamileliğini sanığa söylediği, süresinin geçmesi nedeniyle çocuğu aldıramadıkları ... Maktul bebeğin otopsi raporunda, \""ağız, burun kapaması, boyun basısı ve künt göğüs batın travması bulguları ... bulunan bebeğin ölümünün künt kafa travmasına bağlı kafatası kırıkları ile birlikte beyin kanaması,"
"307","Yargıtay","Ceza Dairesi","2022/7211","2023/570","2023-02-22","cWRLRjdoMnFWL0kzcEFRVEVIc2lNL2RDdmpyQVc1YUU","https://mevzuat.sinerjias.com.tr/ictihat/yuksek-mahkeme/yargitay%20karari/cWRLRjdoMnFWL0kzcEFRVEVIc2lNL2RDdmpyQVc1YUU","boğazını, travmasına, travmatik, travmaya","nın maktulün ölmediğini görünce ölmesi için boğazını sıktığı, bu yönde ilk bulgulara göre doktor tespitinin ... vermemesi üzerine saat 05:00'te vefat ettiği, yapılan ölü muayene ve otopsi sonucunda künt genel beden travmasına ... tanzim olunan, 06.02.2019 tarihli ölü muayene ve otopsi tutanağına göre; \""Maktulün künt genel beden travmasına ... tarafından tanzim olunan, 26.10.2020 tarihli raporun sonuç kısmında; \""Kişinin ölümünün genel beden travmasına ... kemikleri kırıklarıyla birlikte hemopnö"
"308","Yargıtay","Ceza Dairesi","2020/3662","2023/518","2023-02-22","YUlqTUt4am8zN2NrbnlXaG9KcXoyRHExdVVyV2JjY3A","https://mevzuat.sinerjias.com.tr/ictihat/yuksek-mahkeme/yargitay%20karari/YUlqTUt4am8zN2NrbnlXaG9KcXoyRHExdVVyV2JjY3A","travmatik, gebe, gebeliği, gebelik","bildirilen veriler Genel Kurulca tekrar değerlendirildiğinde; A-Otopsisinde dış muayenede vücudunda travmatik ... beyin kanaması, beyin parankim hasarı, iç organ ve büyük damar lezyonu saptanmadığına göre, kişinin travmatik ... Devlet Hastanesine son adet tarihine göre 40-41 haftalık gebe olarak yatırıldığı, son adet tarihi 25/ ... 01/2013 olduğu, 3.gebeliği olduğu, 2 normal doğum yaptığı, saat 12.30’da yapılan muayenede: TA:110/80 ... , nabız:88 olduğu, gebelik muayenesinde rahim ağzı açıklık 1"
"309","Yargıtay","Ceza Dairesi","2022/8220","2023/535","2023-02-21","czJrem0waEUzRzNWZlA3bUpyWE1LaHVkNTJqcnd5K3k","https://mevzuat.sinerjias.com.tr/ictihat/yuksek-mahkeme/yargitay%20karari/czJrem0waEUzRzNWZlA3bUpyWE1LaHVkNTJqcnd5K3k","boğazına, travmatik","in o esnada kendisinin üzerinde bulunan ve elindeki sopayla kendisinin boğazına bastıran katılan ...' ... Sağ omuzda hassasiyeti mevcut olduğu, Kafada kırık ya da kafa içi travmatik değişim, büyük damar-"
"310","Yargıtay","Ceza Dairesi","2022/12742","2023/688","2023-02-16","Q2hiTVhnZVBSM3o3ZkhnYVRiYUpURUt0Tzd1UVlGUjY","https://mevzuat.sinerjias.com.tr/ictihat/yuksek-mahkeme/yargitay%20karari/Q2hiTVhnZVBSM3o3ZkhnYVRiYUpURUt0Tzd1UVlGUjY","travmatik, hamile","Her ne kadar Van Adli Tıp Kurumunun 30/09/2020 tarihli mağdurun genital muayene raporunda \""Hymen travmatik ... ya karşı mağdurun \""2011 yılında istanbul ilinde.... , annesinin hamile olması sebebiyle evde kimsenin ... Van Adli Tıp Kurumunca 30.09.2020 tarihinde mağdure ... hakkında düzenlenen raporda özetle; 1) Hymen travmatik"
"311","Bölge Adliye Mahkemesi","14. Hukuk Dairesi","2020/273","2023/163","2023-02-09","K2kvWG1id2JmcGxSZDgrbUpUQi8zQT09","https://mevzuat.sinerjias.com.tr/ictihat/yuksek-mahkeme/yargitay%20karari/K2kvWG1id2JmcGxSZDgrbUpUQi8zQT09","boğaz, travmatoloji","manevi tazminat talebi konusunda ise ; davacının yolcu olarak bulunduğu davalı tarafça işletilen vapur boğaz ... Ortopedi ve Travmatoloji Uzmanı Profesör Doktor...in dosyaya ibraz edilen tarihsiz raporunda, sonuç olarak ... olaya ilişkin kamera kaydının mevcut olmaması sebebiyle net olarak tespit edilemediği, ancak, geminin boğaz"
"312","Yargıtay","Ceza Dairesi","2022/7766","2023/337","2023-02-07","d2tPUFBjdm5PWDhYenBkUFJ3UGNXQ0pCRytiZnZTa3Y","https://mevzuat.sinerjias.com.tr/ictihat/yuksek-mahkeme/yargitay%20karari/d2tPUFBjdm5PWDhYenBkUFJ3UGNXQ0pCRytiZnZTa3Y","boğazını, travmatik","evden çıkmak istediği sırada maktulün kendisine engel olması üzerine maktulün arkasına geçerek kolu ile boğazını ... İhtisas Kurulu'nun düzenlediği 28.04.2021 tarihli rapora göre maktulün boyna bası dışında travmatik tesirle ... aşamalardaki ikrarlı savunmalarından anlaşıldığı üzere, sanığın maktulün arkasına geçerek kolu ile boğazını"
"313","Yargıtay","Ceza Dairesi","2022/9236","2023/334","2023-02-07","YXJ1VkFLVDVDWVFBaHJpNFVzZXV3Rit3NitUc1d3SjI","https://mevzuat.sinerjias.com.tr/ictihat/yuksek-mahkeme/yargitay%20karari/YXJ1VkFLVDVDWVFBaHJpNFVzZXV3Rit3NitUc1d3SjI","boğazına, travma, travmatik, boğazını","ın hazırlıktaki savunmasında \""oda içerisinde olduğunu, ancak annesinin ipi babasının boğazına doladığını ... tarihli; \""i) Otopsisinde dış muayenede bağla boğmaya bağlı telem dışında tespit edilen künt travma ... kanaması, iç organ ve büyük damar lezyonu tespit edilmediğine göre; Kişinin bağla boğma dışında travmatik ... elini götürdüğünü, tam elini boğazına atacakken kendisinin müdahale ettiğini, yumrukla babasının yüz ... nın kapı önünde olduğunu, annesinin babasının boğazına doladığı ipin uc"
"314","Yargıtay","Ceza Genel Kurulu","2022/86","2023/36","2023-01-26","bGI4UjVXOVFvenVQK1VkUGdNYjFiZFJocWlMbHJvcUY","https://mevzuat.sinerjias.com.tr/ictihat/yuksek-mahkeme/yargitay%20karari/bGI4UjVXOVFvenVQK1VkUGdNYjFiZFJocWlMbHJvcUY","travmatik, travma, boğazına","uykudan bağırarak uyanma, olayın tekrar gözünün önüne gelmesi gibi yakınmaları olduğunun, olay sebebiyle travmatik ... saldırıda bulunduğunu duyduğunu, olayın sürekli aklında olduğunu beyan ettiği, sonuç olarak; katılanda travma ... rapora göre; mağduru bulunduğu olaydan kaynaklanmış ruh sağlığını bozacak mahiyet ve derecede olan travma ... ışık parladığını fark ettiğini, köpek olabileceği düşüncesine kapıldığını, daha sonra sanığın bir anda boğazına"
"315","Yargıtay","Hukuk Dairesi","2022/9767","2023/378","2023-01-24","OTRaQ2o4dUpmdWY4V2NjZGo5VTRXYjNKSklYZ0hrSFY","https://mevzuat.sinerjias.com.tr/ictihat/yuksek-mahkeme/yargitay%20karari/OTRaQ2o4dUpmdWY4V2NjZGo5VTRXYjNKSklYZ0hrSFY","travma, boğazını","olmadığını, davacının 2013 yılında trafik kazası geçirdiğini, kaza sonucu yaşadığı bedensel ve ruhsal travma ... Mahkemesinin yukarıda tarih ve sayısı belirtilen kararı ile mahkemece, davalının davacıya hakaret ettiği, boğazını"
"316","Yargıtay","Ceza Dairesi","2021/19390","2023/270","2023-01-23","YVF2L05xTGYycG1TeitRbHoyLzVTNEJaem54NGdCcjk","https://mevzuat.sinerjias.com.tr/ictihat/yuksek-mahkeme/yargitay%20karari/YVF2L05xTGYycG1TeitRbHoyLzVTNEJaem54NGdCcjk","hamile, travmatik","ihbarının yapılması üzerine yürütülen soruşturma kapsamında mağdurenin ihbar tarihi itibariyle 23 haftalık hamile ... eve döndükleri, daha sonra mağdurenin karın ağrısı şikayeti için hastaneye götürüldüğünde 23 haftalık hamile ... in alınan beyanında mağdurenin hamile kalmasından yaklaşık bir yıl kadar önce mağdurenin okul ile ilişiğini ... in evlerine geldiğinde ödevlerinde yardım etmesinin hayatın olağan akışına uygun olmayacağı gibi travmatik"
"317","Yargıtay","Ceza Genel Kurulu","2020/419","2023/14","2023-01-18","ZmN4RE8wSER0S1JTdXREaTFGT3FONTY0Um5LeENhNlE","https://mevzuat.sinerjias.com.tr/ictihat/yuksek-mahkeme/yargitay%20karari/ZmN4RE8wSER0S1JTdXREaTFGT3FONTY0Um5LeENhNlE","travma, travmatize, hamile","incelenmesinde mağduru bulunduğu olaydan kaynaklanmış ruh sağlığını bozacak mahiyet ve derecede olan (Travma ... Hastanın RDM’de travmatize olduğu gözlendi. Uykusuzluk ve irritabilitesi olduğu gözlendi. ... Ancak bu tedavi sonrasında ...’te pansiyon arkadaşına bıçaklı saldırı olmuş ve hasta 2. kez travmatize ... Hamile kalma korkusu, doğum korkusu veya kızlık zarının yırtılması gibi korkular da hastalığın psikolojik ... Ancak, geçmişte cinsel travma ve travma esnasında dissosiasyon yaşamış olgul"
"318","Yargıtay","Ceza Genel Kurulu","2021/59","2022/806","2022-12-15","cXNFWXRLTkxkWHJscHJXYlcvWWNHUTVIRjUrVlFVS3A","https://mevzuat.sinerjias.com.tr/ictihat/yuksek-mahkeme/yargitay%20karari/cXNFWXRLTkxkWHJscHJXYlcvWWNHUTVIRjUrVlFVS3A","travma, boğaz, boğaziçi","için dönüşte kelepçeleri önden bağladılar, bir daha arkadan bağlamadılar, içerideyken çok ciddi bir travma ... Bir süre sonra emir astsubayım bana boğaz köprülerinin kapandığını ve bomba olduğunu söyledi. ... Harp Akademileri binasına ise ancak öğleden sonra Boğaziçi Köprüsü açılmasıyla beraber dönebildik. ... hatırlayamıyorum, onlarla otururken belirli bir süre sonra benim emir astsubayım geldi yanıma, komutanım dedi Boğaz ... ın WhatsApp'tan gönderdiği mesajların Boğaziçi köprüsündeki bir aske"
"319","Yargıtay","Hukuk Dairesi","2021/10115","2022/15848","2022-12-13","d2hwWCtCbFJ3WkdEWFFtZGRKekJ0SlJpQmdDOTRMTno","https://mevzuat.sinerjias.com.tr/ictihat/yuksek-mahkeme/yargitay%20karari/d2hwWCtCbFJ3WkdEWFFtZGRKekJ0SlJpQmdDOTRMTno","gebe, travmatik","kimyasal madde ve müstahzarların seçimi, c) İşyerinin tertip ve düzeni, ç) Genç, yaşlı, engelli, gebe ... , otopsi esnasında ve yapılan ek incelemeler neticesinde ölüme neden olabilecek herhangi bir toksik travmatik"
"320","Yargıtay","Ceza Genel Kurulu","2021/130","2022/780","2022-12-08","Ym1vb1IxemErdjJkQ0plV3hVWDZFcFJoMTJXR2tqQVo","https://mevzuat.sinerjias.com.tr/ictihat/yuksek-mahkeme/yargitay%20karari/Ym1vb1IxemErdjJkQ0plV3hVWDZFcFJoMTJXR2tqQVo","travmatik, boğazına, travma, hamile",", kafa kaide kemiklerinin sağlam olduğunun, cesedin iç organlarında ileri derecede çürüme nedeniyle travmatik ... kelepçe ile bağladıklarını ve salona götürdüklerini, gözlerini de bağladıklarını, salonda iki taraftan boğazına ... 1983, s.6-7) \""...İnhibisyon; vücudun dış satıhlarına kadar ulaşan sinir hatlarının dış mekanik (travma ... bulunduğu, haricen ateşli silah yarası, kesici delici alet yarası veya telem saptanmadığı, haricen travmatik ... Maktul günler sonra bulunduğunda icra edilen otop"
"321","Yargıtay","Ceza Genel Kurulu","2022/80","2022/787","2022-12-08","a3RZMlhUTmpWS3lIdHRWTmZsMVlrN2tpYndFUVExbGw","https://mevzuat.sinerjias.com.tr/ictihat/yuksek-mahkeme/yargitay%20karari/a3RZMlhUTmpWS3lIdHRWTmZsMVlrN2tpYndFUVExbGw","travmatize, travmatik, travma, boğazından","özelliği, kişinin tam olarak kooperasyonunu gerektirdiği, aksi takdirde kişinin fiziksel ve ruhsal olarak travmatize ... bozulmadığı yönünden psikiyatri konsültasyon muayenesinin yapılması gerektiği, hastanın vücudunda saptanan travmatik ... izin verildiği, Mağdurun kolluktaki 07.03.2012 tarihli ifade tutanağına göre; mağdurun geçirdiği travma ... ilamında; Dosya içeriğine göre sanığın, mağdureyi zorla evine sokarak kapıyı kilitlemesinin ardından boğazından"
"322","Yargıtay","Ceza Genel Kurulu","2019/319","2022/766","2022-12-06","TzVqTzhRSm1QeUdsVXJUUlIzd3F2ZXVBUGd2Mys2N2I","https://mevzuat.sinerjias.com.tr/ictihat/yuksek-mahkeme/yargitay%20karari/TzVqTzhRSm1QeUdsVXJUUlIzd3F2ZXVBUGd2Mys2N2I","travma, boğazının","ortopedi, beyin ve genel cerrahi konsültasyonlarının olarak normal değerlendirildiği, anılan şahısta künt travma ... Erdoğan'ın boğazının kesilerek öldürüldüğünü duydum, doğruluğunu bilmiyorum, şüphelilerden şikâyetçiyim"
"323","Yargıtay","Ceza Genel Kurulu","2019/269","2022/745","2022-11-29","U3ZDTis2SzNtZnh2NVNWSEZxYUNLWVBSUzBGVTlWdTc","https://mevzuat.sinerjias.com.tr/ictihat/yuksek-mahkeme/yargitay%20karari/U3ZDTis2SzNtZnh2NVNWSEZxYUNLWVBSUzBGVTlWdTc","travmatik, gebertirim","rastlanmadığının ancak anal yolla ırza geçme sonrası görülmesi beklenen ekimoz, mukoza veya sfinkter yırtığı gibi travmatik ... ile hile, tehdit ya da rıza gibi nedenlerle direncinin kırıldığı durumlarda anal sfinkterin çok büyük travmatik ... açtı. ben telefonu açmadım, birkaç dakika sonra bana mesaj gönderdi, mesaja baktığımda 'telefonu aç gebertirim ... Ben de bunun üzerine 'telefonu aç, yoksa gebertirim' şeklinde mesaj gönderdim."
"324","Bölge Adliye Mahkemesi","3. Hukuk Dairesi","2022/2429","2022/2515","2022-11-25","bkdFOE9TT2p6QWpyaWpNbEhNRDFNUT09","https://mevzuat.sinerjias.com.tr/ictihat/yuksek-mahkeme/yargitay%20karari/bkdFOE9TT2p6QWpyaWpNbEhNRDFNUT09","travma, hamile","aylık tıbbi-tedavi süreci, geçirmiş olduğu cerrahi müdahaleler, bu sürecin davacı üzerinde yaratacağı travma ... kararında taraflarınca kabulünün mümkün olmadığını, meydana gelen kaza tarihinde müvekkilinin 8,5 aylık hamile"
"325","Anayasa","Bölüm","2019/14248","2022/","2022-11-23","a0ZOWUpTNFc1NGN5SDE0Y21mMlppbGc0NUIzWHNWUTM","https://mevzuat.sinerjias.com.tr/ictihat/yuksek-mahkeme/yargitay%20karari/a0ZOWUpTNFc1NGN5SDE0Y21mMlppbGc0NUIzWHNWUTM","travması, boğaz","ifade ettiği, burun kökünde 0,5 cm'lik abrazyon, sağ el, sağ diz, sol ön kol ağrısı olduğu, kafa travması ... bulunup grafi ve BBT tetkikinin normal olduğu, kulak burun boğaz muayenesinde nazal (burun) dorsunda ... (kemik kırığı) bulunmadığı, beyin cerrahisi muayenesinde acil patoloji düşünülmediği, yumuşak doku travması"
"326","Yargıtay","Ceza Genel Kurulu","2022/101","2022/693","2022-11-03","b0taTjMwWW82SUV5bDBQNEFLVnBLMnFlc1lSb1pXVnc","https://mevzuat.sinerjias.com.tr/ictihat/yuksek-mahkeme/yargitay%20karari/b0taTjMwWW82SUV5bDBQNEFLVnBLMnFlc1lSb1pXVnc","boğaz, travmanın, travmatik, boğazımdaki, boğazı",", annesi ve ablasıyla beraber sanığın görev yaptığı hastaneye gittiği, muayene edildiği kulak burun boğaz ... Aynı zamanda, yaşanılan travmanın tekrar tekrar hatırlatılması mağdur çocukta travmatik olayın geçmediği ... Gitme sebebimiz de benim boğazımdaki iltihap olması. ... Kızımı 31/07/2018 günü saat 13:00 sıralarında göz, kulak, burun, boğaz tedavisi için ... ...Hastanesine ... diye sordu, ben de düşmediğini, sadece boğaz ağrısı çektiğini söyledim. ... tarihinde Mahkemede; \""Olay günü ailemle"
"327","Yargıtay","Ceza Genel Kurulu","2021/354","2022/697","2022-11-03","MGN1U091MFl5RGlxRSthRERRUEJ2ekF1VStSL1JZWUY","https://mevzuat.sinerjias.com.tr/ictihat/yuksek-mahkeme/yargitay%20karari/MGN1U091MFl5RGlxRSthRERRUEJ2ekF1VStSL1JZWUY","travma, travmatik, boğazımı, boğaz","Adli Tıp Ana Bilim Dalı'nın 27.06.2013 tarih 54358107362-70/2013 sayılı heyet raporuna göre mağdurenin travma ... mağdurun burun, ense, boyun, sağ omuz, dirsek ve kolda ağrılı hassasiyet, burunda şişlik gibi künt travmatik ... yaralanmalar tespit edildiği, vücudunda kemik kırığına rastlanılmadığı, mağdurun yaşadığı travmatik ... olaylara bağlı olarak ortaya çıkan ağır düzeyde travma sonrası stres bozukluğu geliştiği, bunun yanında ... Önde oturan tanımadığım erkek şahıs aniden arkaya ... ve kolt"
"328","Yargıtay","Ceza Genel Kurulu","2018/489","2022/682","2022-11-02","d1VJdkRORmJ6Ukp5aURJdVExTmFuVUt2b2grQWszVXE","https://mevzuat.sinerjias.com.tr/ictihat/yuksek-mahkeme/yargitay%20karari/d1VJdkRORmJ6Ukp5aURJdVExTmFuVUt2b2grQWszVXE","travmatik, travmaya, boğazından, boğazını, gebertirim","aktif-pasif kanamanın bulunmadığının belirtildiği, sonuç olarak; vücudunda soruşturmaya konu olaya ilişkin travmatik ... anımsatan ve sembolize eden konularla ilgili rahatsızlık, olayla ilgili tekrarlayıcı sıkıntılı rüyalar, travmaya ... alt tarafını çıkarıp eliyle göğsüne ve vajinasına dokunduğunu, dudaklarıyla dudağından, yanağından ve boğazından ... şeklinde tehdit ettiğini, sanığa \""Öldüremezsin.\"" diyerek cevap verdiğini, bunun üzerine sanığın, boğazını ... Yoksa seni gebertirim.\"" dediğini"
"329","Yargıtay","Ceza Genel Kurulu","2021/256","2022/672","2022-10-26","KzRwYmdtNjZRWmFHQ2ZCOHE3MjF5QkpzN204QTdkVTk","https://mevzuat.sinerjias.com.tr/ictihat/yuksek-mahkeme/yargitay%20karari/KzRwYmdtNjZRWmFHQ2ZCOHE3MjF5QkpzN204QTdkVTk","gebelik, travmatik, hamile","mağdurenin rızası ile cinsel ilişkiye girdikleri, 24/03/2015 tarihinde mağdurenin okul tuvaletinde gebelik ... ve rehber öğretmeni tarafından imzalanan 25/03/2015 tarihli tutanaktan mağdurenin okul tuvaletinde gebelik ... olduğunun kabul etmemesinin anlaşılabilir olduğu, ancak olayın ortaya çıktığı tarihte okul tuvaletinde gebelik ... sürüklenen çocuk ...’ün 17 yaşında olduğu, katılan mağdurenin 24.03.2015 tarihinde okul tuvaletinde gebelik ... Hastanesinde görevli çocuk psikiyatri uzmanı tarafı"
"330","Yargıtay","Ceza Genel Kurulu","2019/193","2022/651","2022-10-20","M201NnV5UGJIRXR3M2tLU0x0UzUyT1J3QldtK3dadnE","https://mevzuat.sinerjias.com.tr/ictihat/yuksek-mahkeme/yargitay%20karari/M201NnV5UGJIRXR3M2tLU0x0UzUyT1J3QldtK3dadnE","travma, boğaz, hamile","olduğunu belirttiği, mağduru bulunduğu olaydan kaynaklanmış ruh sağlığını bozacak mahiyet ve derecede “travma ... söyledi, ben de hem akrabam ve hem misafirim olması hasebiyle ...’nde sahile götürdüm ve vapur ile boğaz ... Ayrılırken ...hamile olduğunu ve de bebeğini aldırmak zorunda kaldığını ve bu olaydan etkilendiğini söyledi"
"331","Yargıtay","Ceza Genel Kurulu","2020/257","2022/652","2022-10-20","c1BWTTFwM1hsRDJ6NndQSGZHOXNHZnhMZjJWTDZBTTY","https://mevzuat.sinerjias.com.tr/ictihat/yuksek-mahkeme/yargitay%20karari/c1BWTTFwM1hsRDJ6NndQSGZHOXNHZnhMZjJWTDZBTTY","travma, travmatik, travmaya, geberecek","Adli Tıp İhtisas Kurulunun 28.01.2015 tarihli raporuna göre, mağdurenin olay nedeniyle ortaya çıkan travma ... denetim bozukluğu, uyku bozukluğu, huzursuzluk, konsantrasyon güçlüğü, içe kapanma belirtileri ile travma ... zorlayıcı, rahatsız edici anılar bulunduğu, anımsatan ve sembolize eden konularla ilgili rahatsızlık, travmatik ... olayı yeniden yaşıyormuş gibi olma, olayla ilgili tekrarlayıcı sıkıntılı rüyalar, travmaya eşlik etmiş ... düşünce ve duygulardan kaçınma, travmaya ilişkin etkinli"
"332","Yargıtay","Ceza Genel Kurulu","2019/254","2022/632","2022-10-12","TmVadStVcHVHQUp0YlowSHAvTDBFSGtpL01zTDZ5MlI","https://mevzuat.sinerjias.com.tr/ictihat/yuksek-mahkeme/yargitay%20karari/TmVadStVcHVHQUp0YlowSHAvTDBFSGtpL01zTDZ5MlI","travmasına, hamile","gelebileceği, bu durumun tahkikat bilgileriyle aydınlatılmasının uygun olacağı, kişinin ölümünün küt kafa travmasına ... Oğluma hamile olduğum zamanlarda işsiz olmasından dolayı kaç defa ben kendisini intihar etmek isterken ... eğilerek kullanılamaz hâle gelmesi üzerine başını mutfak tezgâhına defalarca vurduğu maktulün, küt kafa travmasına"
"333","Anayasa","Bölüm","2018/23070","2022/","2022-10-06","eFRhbTd4TkVkUllMaWlyaFRrRHZHRVRHdVRPZWxLQzI","https://mevzuat.sinerjias.com.tr/ictihat/yuksek-mahkeme/yargitay%20karari/eFRhbTd4TkVkUllMaWlyaFRrRHZHRVRHdVRPZWxLQzI","boğaz, travmatoloji","Rapor psikiyatri, göz hastalıkları, iç hastalıkları, nöroloji, kulak burun boğaz, genel cerrahi uzmanı ... Rapor psikiyatri, göz hastalıkları, iç hastalıkları, nöroloji, kulak burun boğaz, genel cerrahi, ortopedi ... ve travmatoloji uzmanlarından oluşan heyet tarafından oybirliği ile verilmiştir."
"334","Anayasa","Bölüm","2018/26782","2022/","2022-10-05","a1IzMG0zbzN3bFBtbUswUU9JTW92dmdjSWxYdUR5bXM","https://mevzuat.sinerjias.com.tr/ictihat/yuksek-mahkeme/yargitay%20karari/a1IzMG0zbzN3bFBtbUswUU9JTW92dmdjSWxYdUR5bXM","travmaya, boğazını","kısmında; sağ frontalde (baş ön kısım) 2x2 cm hiperemi (dokunun normalden fazla kanlanması) ve ekimoz (travmaya ... kafasını ve vücudunu odanın çeşitli yerlerine vurduğu hatta Kurum personeline tekme savurduğu, personelin boğazını"
"335","Yargıtay","Ceza Dairesi","2022/4637","2022/7615","2022-10-04","Vnk5L3BZUlR6bE5lOVV6eFNvOVdtd0tWZ1hGdlp1L2w","https://mevzuat.sinerjias.com.tr/ictihat/yuksek-mahkeme/yargitay%20karari/Vnk5L3BZUlR6bE5lOVV6eFNvOVdtd0tWZ1hGdlp1L2w","boğaz, travması","katılanın yüzünde sabit iz oluşup oluşmadığına ilişkin bir tespitin yapılmadığı, yine “ kulak burun boğaz ... etki derecesinin ne olduğu belirtilmediği, “göğüs cerrahi uzmanı uzmanınca yapılan muayenesinde thorax travması"
"336","Yargıtay","Ceza Genel Kurulu","2022/411","2022/601","2022-10-04","UWpIeVZUbjlSOHFabFQ3dklwWkR4bGx2ZjZGYlBYS1k","https://mevzuat.sinerjias.com.tr/ictihat/yuksek-mahkeme/yargitay%20karari/UWpIeVZUbjlSOHFabFQ3dklwWkR4bGx2ZjZGYlBYS1k","travmatik, boğazına, boğazını","seslerinde kabalaşma inspiryumda dayanılmaz ... anemnezi üzerine BT istendiği ve sağ alat alanda post travmatik ... ’ün uyarılara rağmen yüksek sesle karakoldan çıkmak istemediğini söylediğini, arkasından bir şahsın boğazına ... eylemini fark etmediğini, katılana o esnada kelepçe takmaya çalıştığını, katılanın ilk başta arkadan boğazını"
"337","Yargıtay","Ceza Genel Kurulu","2020/174","2022/602","2022-10-04","TnF1TlRpZmpTUlBEekNZSmE0dGkzckZFTzQ2VnpkakY","https://mevzuat.sinerjias.com.tr/ictihat/yuksek-mahkeme/yargitay%20karari/TnF1TlRpZmpTUlBEekNZSmE0dGkzckZFTzQ2VnpkakY","gebelik, travma","katılan mağdure ...’nin annesi katılan ...’un, 27.12.2011 tarihinde adli makamlara müracaat ederek okulda gebelik ... mağdurede olay öncesinde dikkat eksikliği ve hiperaktivite bozukluğunun bulunduğu, olay sonrasında travma ... İsmini vermek istemediğim bir şahıs tarafından kızımın okulunda gebelik testi yaptırdığını duydum. ... suça sürüklenen çocuk ile aralarında duygusal bir yakınlık bulunduğunun anlaşılması, mağdurenin okulda gebelik"
"338","Bölge Adliye Mahkemesi","26. Hukuk Dairesi","2019/3247","2022/1964","2022-09-30","Sm9jbzdmSFRSV2NnUHVBdnFyUkFyQT09","https://mevzuat.sinerjias.com.tr/ictihat/yuksek-mahkeme/yargitay%20karari/Sm9jbzdmSFRSV2NnUHVBdnFyUkFyQT09","boğazının, travmatik","kafatası kemiğinin yarısının alındığını, yoğun bakım ve sonrasındaki tedavi sürecinde midesinin ve boğazının ... in 24.02.2012 tarihinde uğradığı trafik kazası neticesinde yaralandığı, beyin kanamasına geliştiği, travmatik"
"339","Bölge Adliye Mahkemesi","13. Hukuk Dairesi","2021/2374","2022/1195","2022-09-15","VHJCakprakxxckN0RFh4TVgyQi9yUT09","https://mevzuat.sinerjias.com.tr/ictihat/yuksek-mahkeme/yargitay%20karari/VHJCakprakxxckN0RFh4TVgyQi9yUT09","gebelik, gebeliğin, travma, hamileliği, hamilelik","SAVUNMASININ ÖZETİ: Davacılar vekili dava dilekçesinde özetle; Müvekkili ...nın, küçük ...nın annesi olup gebelik ... A.Ş. tarafından düzenlendiğini, sigortalı doktorun gebelik takibinde davacı anneyi down sendromunu tespit ... tespiti mümkün olan, tespiti halinde de 2827 SKna göre gebeliğin sonlandırılmasına izin verilen bir ... yaşayacakları, sürecin ağır ve meşakkatli bir süreç olduğu bu durumun çocuk yanısıra anne içinde ciddi bir travma ... süresince müvekkili şirket tarafından verilmiş bir"
"340","Yargıtay","Ceza Genel Kurulu","2019/225","2022/558","2022-09-15","ZE15WFNOZFBrQkJXOE1GT0h4UUtwTTdXNUlOTHhMVnI","https://mevzuat.sinerjias.com.tr/ictihat/yuksek-mahkeme/yargitay%20karari/ZE15WFNOZFBrQkJXOE1GT0h4UUtwTTdXNUlOTHhMVnI","boğaz, travmatik, travması, boğazına","teknede kavga çıktığı ve bir şahsın denize atıldığı ihbarı üzerine ekiplerin olay yerine saat 02.20’de . boğaz ... Mahallesi, . batısı boğaz giriş deniz içerisi olduğu, yatın demirli olduğu, ... isimli Göcek Bağlama ... maktulün yaşamını tehlikeye sokan bir durum oluşturmadığı, yüzünde sabit iz bırakabilecek nitelikte travmatik ... gelebileceği, mevcut verilerle bunlar arasında tıbben ayrım yapılamadığı, sorulduğu üzere kişinin kafa travması ... Olayın meydana geldiği tekne bizim Türkbükü boğazı"
"341","Yargıtay","Ceza Genel Kurulu","2020/169","2022/540","2022-09-13","Z0J3ZmlmdzU3MXZkZDY3c1RtT3daQUtBRGpzWjZsS2E","https://mevzuat.sinerjias.com.tr/ictihat/yuksek-mahkeme/yargitay%20karari/Z0J3ZmlmdzU3MXZkZDY3c1RtT3daQUtBRGpzWjZsS2E","travmatik, boğazımda","ile giderilebilecek ölçüde hafif nitelikte olduğu, yüz sınırları içerisinde cilt bütünlüğünü bozan travmatik ... Müdürlüğünce sanık ... ile inceleme dışı sanık ... hakkında düzenlenen 28.01.2007 tarihli raporlarda; haricen travmatik ... başlangıcını sarhoş olduğum için hatırlamıyorum, daha sonra meydana geliş şeklini doktorlara sorduğumda boğazımda"
"342","Anayasa","Bölüm","2018/37198","2022/","2022-07-27","RE9TVWtLM1NlS3VIWk1Yd2c2TUJUYm8yZUpFNjhkSnk","https://mevzuat.sinerjias.com.tr/ictihat/yuksek-mahkeme/yargitay%20karari/RE9TVWtLM1NlS3VIWk1Yd2c2TUJUYm8yZUpFNjhkSnk","boğaz, travma, boğazının, gebe","sıyrık, eritamöz alanlar, sağ omuzda 2x2 cm ekimoz olduğu, açık yara ve kırık olmadığı, orofarinks (boğaz ... ve dikkatinin doğal olduğu, maruz kaldığı iddia edilen fiziksel istismar olayına bağlı olarak kronik travma ... D.yi gördüğünde sol omzunda yaygın şekilde morluk ve yüzünün sol tarafında el izi olduğu ve şiştiğini, boğazının ... 1-Maruz kaldığı fiziksel istismar olayına bağlı olarak kronik travma ... a) Çocuğa, beden veya ruh bakımından kendisini savunamayacak durumda bulunan kişiye ya d"
"343","Anayasa","Bölüm","2020/619","2022/","2022-07-26","RUNLR29tdW9qamZSUlVBVlpRaElDK3BvNVJTbGV5aGM","https://mevzuat.sinerjias.com.tr/ictihat/yuksek-mahkeme/yargitay%20karari/RUNLR29tdW9qamZSUlVBVlpRaElDK3BvNVJTbGV5aGM","boğazlık, travma","Daire Başkanlığınca düzenlenen uzmanlık raporunda başvurucudan alınan svaplarda, başvurucuya ait şapka, boğazlık ... 10/2014 tarihli raporda; baş boyun muayenesinde moksilofosial (ağız, çene, yüz cerrahisi ile ilgili) travma"
"344","Yargıtay","Ceza Genel Kurulu","2018/585","2022/515","2022-07-04","VUV0cTdRblgxSlIxeXoxTExCV1ZIT09vK2dMM2EvL3M","https://mevzuat.sinerjias.com.tr/ictihat/yuksek-mahkeme/yargitay%20karari/VUV0cTdRblgxSlIxeXoxTExCV1ZIT09vK2dMM2EvL3M","travması, travma, boğazından, hamile, boğazları, boğazımı","sağ kısmına doğru uzandığı, temporal bölgeye kadar devam ettiğinin görüldüğü; ölümün, küt kafatası travması ... kafatası kırığı sonucu gelişen beyin kanamasından kaynaklandığı, kafaya arkadan ve ön sağ kısımdan travma ... Babam bitkisel hayata girdiğinden doktoru ile annem konuşurken babama bizim evde bakmamız gerektiğini boğazından ... Ben olay tarihinde eşimin hamile olması nedeniyle kendisini ... ...' ... yeğenlerim Erkan, Gülhan da asker eğlencesinin olduğu yerde kaldılar. ... o gün biraz ra"
"345","Yargıtay","Ceza Genel Kurulu","2022/193","2022/508","2022-07-04","bXViM09MR2s5K1lOSVQ3cE1PdlYyY1NEL1FmY09rZkY","https://mevzuat.sinerjias.com.tr/ictihat/yuksek-mahkeme/yargitay%20karari/bXViM09MR2s5K1lOSVQ3cE1PdlYyY1NEL1FmY09rZkY","boğazına, travmatik, boğazımı, boğazıma, boğazını","levhayı söktü demesi üzerine şahsın kendisine hitabende küfür ettiğini, tehdit ettiğini, iki eliyle boğazına ... muayenede ise boyun bölgesinde herhangi bir lezyona rastlanılmadığını, boyun sol yanda tariflenen künt travmatik ... çalıştırmam çalışacak adam varsa da anasını avradını sikerim' diyerek üzerime yürüdü ve iki eli ile boğazımı ... Boğazıma sarıldı, ben kendimi korudum. ... O benim üzerime yürüdü boğazımı tuttu, o sırada araya insanlar girdi bizi ayırdılar. ... yakınlarında barındırmayı"
"346","Yargıtay","Ceza Genel Kurulu","2022/94","2022/486","2022-06-28","cDRuQ1hESEZpWmJWaW1YN04zaGpsSGdLL1l3RUw0OGs","https://mevzuat.sinerjias.com.tr/ictihat/yuksek-mahkeme/yargitay%20karari/cDRuQ1hESEZpWmJWaW1YN04zaGpsSGdLL1l3RUw0OGs","travma, hamileydi, hamileydim, hamile","gönderilerek; kesin ölüm sebebinin tespiti ile ölümün el, yumruk veya bir cisimle meydana getirilmiş küt travma ... servis tarafından maktulün hastaneye kaldırıldığı fakat yapılan müdahalelere rağmen maktulün göğse küt travma ... a o zaman hamileydi. Ben bu arada ...’da ... isimli bir bayanla tanıştım. ... Ben olay nedeniyle büyük bir travma yaşadım, çok üzgünüm. Çocuğumu kaybettim. ... Diğer çocuğuma ise hamileydim. ... a geldi, ben de ailemin yanına Maraş'a gittim, bu sırada küçük çocuğuma ham"
"347","Yargıtay","Ceza Genel Kurulu","2018/226","2022/478","2022-06-23","TVVQTU4wQTJjVDRzOWF4UzZ3WmVZOTJ5bWh0ZEtjUWM","https://mevzuat.sinerjias.com.tr/ictihat/yuksek-mahkeme/yargitay%20karari/TVVQTU4wQTJjVDRzOWF4UzZ3WmVZOTJ5bWh0ZEtjUWM","gebelikten, travmatik, travmaya","kürtaj yaptırdığını, 4-5 yıldır kronik şizofreni tanısı ile “zyprexa” isimli ilacı kullandığını, eşiyle gebelikten ... akışı ve hızının azalmış ve öz bakımının sosyo ekonomik düzeyi ile uyumlu olduğu, vücudunda haricen travmatik ... yapmış kadın kızlık zarı) görünümünde olduğu, mevcut hâliyle, bakire olmadığı, vulva ve vajen bölgesinde travmatik ... bulgu tespit edilmediği, vücudunda haricen travmatik değişim tespit edilmediği, zorla ırza geçmenin ... yargı bozulmuş olduğu, hafif düzeyde mental "
"348","Yargıtay","Ceza Genel Kurulu","2018/409","2022/479","2022-06-23","eGpocDdHUTJVM3BVUXZ1RnVqWnNDNUpoOHcvRTl5SEw","https://mevzuat.sinerjias.com.tr/ictihat/yuksek-mahkeme/yargitay%20karari/eGpocDdHUTJVM3BVUXZ1RnVqWnNDNUpoOHcvRTl5SEw","travma, travmatik, boğaz","yönlendirme yeteneğinin yeterince gelişmiş olduğunun, beyanlarına itibar edilebileceğinin ve olay nedeniyle travma ... Hastanesince 13.04.2016 tarihinde düzenlenen genel adli muayene raporuna göre; mağdurun fiziki muayenesinde travmatik ... Boğaz bölgemi öpüyordu. ... normal görüldüğü, % 25 sınır zeka durumunun ise değerlendirilmediği, çocuğun olaya ilişkin yaşadığı, travma ... Düzey Zeka” tanısı saptandığı, maruz kaldığı iddia edilen cinsel istismar olayı ile ilgili olarak “Travma ... abimden h"
"349","Bölge Adliye Mahkemesi","22. Hukuk Dairesi","2020/1423","2022/886","2022-06-21","bnZ5ZW5GdXc0MHNJdGZQU1U1T2M4UT09","https://mevzuat.sinerjias.com.tr/ictihat/yuksek-mahkeme/yargitay%20karari/bnZ5ZW5GdXc0MHNJdGZQU1U1T2M4UT09","travma, boğaz","davacının sürekli çalışma gücü kaybı bulunmadığı değerlendirilmişken, 26.07.2017 tarihli raporda ise travma ... raporu düzenleyen Adli Tıp Uzmanlarının Psikiyatri alanında uzman olduklarının da belirli olmadığını, travma ... Kurulunun teşkili düzenlenmiş, Özürlü sağlık kurulu; iç hastalıkları, göz hastalıkları, kulak-burun-boğaz ... Anabilimdalı Dalının 24.07.2017 tarihli raporu hükme esas alındığı anlaşılmakta olup bu rapora göre travma"
"350","Yargıtay","Ceza Genel Kurulu","2018/92","2022/452","2022-06-21","V2Jtd25yRjMwbmZxeGd2S2lQaG9GWWczM01MWWpYV08","https://mevzuat.sinerjias.com.tr/ictihat/yuksek-mahkeme/yargitay%20karari/V2Jtd25yRjMwbmZxeGd2S2lQaG9GWWczM01MWWpYV08","travmatik, boğazından","rapora kaydedilen bilgiler dikkate alındığında; 1-Cesetlerde haricen ve iç organlarda tespit edilen travmatik ... gözlü, geniş çeneli, kulakları büyük öne doğru kıvrık, burnu hafif kemerli, dudağı belirgin iri, vücudu boğazından"
"351","Danıştay","Daire","2019/12332","2022/3054","2022-06-06","ck53YmlVYjBvMmxJT2txOHpKT2d3QTBvU1ZHS1JXd1o","https://mevzuat.sinerjias.com.tr/ictihat/yuksek-mahkeme/yargitay%20karari/ck53YmlVYjBvMmxJT2txOHpKT2d3QTBvU1ZHS1JXd1o","boğaz, travmatoloji","Aziziye Araştırma Hastaneleri Başhekimliğinin … tarih ve … sayılı sağlık kurulu raporu ile Kulak Burun Boğaz ... yönünden %12, Fiziksel Tıp ve Rehabilitasyon yönünden %33, Genel Cerrahi yönünden %20, Ortopedi ve Travmatoloji"
"352","Yargıtay","Ceza Dairesi","2022/4661","2022/4113","2022-05-30","U0M0SWJQZmpPajVTbGliRTlnd0IwT1NHcm1ZYjlvMVE","https://mevzuat.sinerjias.com.tr/ictihat/yuksek-mahkeme/yargitay%20karari/U0M0SWJQZmpPajVTbGliRTlnd0IwT1NHcm1ZYjlvMVE","boğazından, travmatik","masrafları nedeniyle tartışmaya başladıkları, tartışma sırasında sanığın, mağduru meyve bıçağı ile boğazından ... Müdürlüğü tarafından tanzim olunan, 28.05.2021 tarihli; \""Yapılan fiziki muayenesinde olayla ilgili travmatik"
"353","Yargıtay","Ceza Genel Kurulu","2022/12","2022/377","2022-05-24","QlJBOENsYjlobEJPYTlmbVVpQ2g4WFZiOEpaYXJYSTQ","https://mevzuat.sinerjias.com.tr/ictihat/yuksek-mahkeme/yargitay%20karari/QlJBOENsYjlobEJPYTlmbVVpQ2g4WFZiOEpaYXJYSTQ","travmatik, hamile","ile hile, tehdit ya da rıza gibi nedenlerle direncinin kırıldığı durumlarda anal sfinkterin çok büyük travmatik ... haricen her iki meme üst iç kadranda bulunan 2x1 cm genişliğindeki sarı-yeşil renkli ekimoz dışında travmatik ... dan... doğmadan önce yani hamile iken ayrılmıştık, o zamandan beri yani 2001 yılından beri ayrıyız, . ... soyadımı taşımaktadır, evlilik dışı doğmuştur, ben 16 yaşında sanıkla gayri resmi evlendim, 18 yaşında hamile"
"354","Yargıtay","Ceza Genel Kurulu","2018/106","2022/367","2022-05-18","S25HS1NFSzBaamFLanJSMVBSNXJFOXdYSGhKSEpJbWU","https://mevzuat.sinerjias.com.tr/ictihat/yuksek-mahkeme/yargitay%20karari/S25HS1NFSzBaamFLanJSMVBSNXJFOXdYSGhKSEpJbWU","travma, boğaz, boğazını","ın, sanık ... tarafından bıçaklanmasından önce, maktule yumruk, tekme, taş ve sopalarla vurarak künt travma ... tibia grafisi, tüm batın US istendiği, hemogram alındığı, genel cerrahi, beyin cerrahisi ve kulak burun boğaz ... in boğazını sıktığını, boğmaya çalıştığını, bunun üzerine oğlu ...'in küçük çakı bıçağı ile ...'"
"355","Yargıtay","Ceza Genel Kurulu","2021/360","2022/363","2022-05-18","ekQxbi9nWUpKZGNTYTRPcjNZbzhYZUxoN2w5clpDSjc","https://mevzuat.sinerjias.com.tr/ictihat/yuksek-mahkeme/yargitay%20karari/ekQxbi9nWUpKZGNTYTRPcjNZbzhYZUxoN2w5clpDSjc","travmatik, hamile","25.02.2018 tarihinde adli tıp uzmanlarınca mağdure hakkında düzenlenen raporda; vücudunda olayla ilgili travmatik ... giriyorduk bu şekilde yaklaşık dokuz ay boyunca cinsel ilişkiye girmeye devam ettik, ben her ilişki sonunda hamile"
"356","Danıştay","Daire","2017/2857","2022/2547","2022-05-16","Yy9QN0FObXFWYnBBbzd1Z3lmRWd0bGJrZzNOMnV4Q2k","https://mevzuat.sinerjias.com.tr/ictihat/yuksek-mahkeme/yargitay%20karari/Yy9QN0FObXFWYnBBbzd1Z3lmRWd0bGJrZzNOMnV4Q2k","boğaz, travmatik, travmatoloji, travmaya","Hastanesi Kulak Burun Boğaz (KBB) Polikliniğinde yapılan muayenesi sonucunda ""H90.3 sensoriöral işitme ... kaybı, bilateral yüksek frekanslarda, kesin tanı ve S09.2 kulak zarı travmatik yırtığı geçirilmiş tanısı ... nakdi tazminat ödenmesi işlemlerine esas teşkil etmek üzere düzenlenen raporunda sağ kulak zarında travmatik ... ödendiği, 18/06/2012 tarihinde dizindeki rahatsızlık nedeniyle Hakkari Asker Hastanesinde Ortopedi ve Travmatoloji ... yaralanmasına bağlı meydana gelen servikal disk bozu"
"357","Yargıtay","Ceza Genel Kurulu","2018/14-259","2022/339","2022-05-11","WHZMQldiVk5YZVlYbFM5VzZlOVFVQlA2VzVFQ2hqUWo","https://mevzuat.sinerjias.com.tr/ictihat/yuksek-mahkeme/yargitay%20karari/WHZMQldiVk5YZVlYbFM5VzZlOVFVQlA2VzVFQ2hqUWo","travma, gebertseydim","tarafından mağdure hakkında düzenlenen raporda; mağdurede dava konusu olayla illiyet bağı içerisinde gelişen travma ... Keşke ben bu şahsı gebertseydim, parçalara ayırsaydım, hangi baba bu şekildeki bir eylemi kabul edebilir"
"358","Yargıtay","Ceza Genel Kurulu","2019/455","2022/319","2022-05-10","UzQwcHhxaWZzQnhtZkorWitrWWVlc0xlRTVEc2duZEI","https://mevzuat.sinerjias.com.tr/ictihat/yuksek-mahkeme/yargitay%20karari/UzQwcHhxaWZzQnhtZkorWitrWWVlc0xlRTVEc2duZEI","travmatik, boğaz, boğazında","yara nedbesi olduğu, vajinal muayenede, açıklığı 1,5 cm çapında olup serbest kenarlar sağlam olduğu, travmatik ... beyin doku harabiyeti, beyin kanaması, iç organ ve büyük damar lezyonu tespit edilmediğine göre kişinin travmatik ... Kollukta; “21.02.2013 günü sabah saat 08.30’da boğaz ve mide ağrılarımdan dolayı ...Devlet Hastanesine ... Şayet yardım eden kimse, kendini asanın ayağından çekmek, ipi boğazında sıkmak gibi kişinin ölümü sonucunu"
"359","Yargıtay","Ceza Genel Kurulu","2017/495","2022/317","2022-05-10","UUtRRENIK0dvT1VaQ0tVdG1QUUVURjhMTFdBTXRnRTE","https://mevzuat.sinerjias.com.tr/ictihat/yuksek-mahkeme/yargitay%20karari/UUtRRENIK0dvT1VaQ0tVdG1QUUVURjhMTFdBTXRnRTE","travmatik, boğazına, boğazı","cm’lik cilt sıyrığı, batın sağ altta 5 cm uzunluğunda skar izi tespit edildiği, başkaca herhangi bir travmatik ... ettiler, olay çok ani gelişti, olay yerine gittiğimizde karşı tarafın hazırlıklı olduğunu gördüm, ...t boğazına ... bel bölgesinde isabet eden yaranın hayati tehlike geçirmesine neden olmadığı, sanık ... tarafından boğazı"
"360","Yargıtay","Ceza Genel Kurulu","2020/467","2022/312","2022-04-28","WHVjUC9NSDIrQmQ4L0FUcW1tdWVvUDZaalVQZDFjYTg","https://mevzuat.sinerjias.com.tr/ictihat/yuksek-mahkeme/yargitay%20karari/WHVjUC9NSDIrQmQ4L0FUcW1tdWVvUDZaalVQZDFjYTg","gebe, travma, travmatik, gebeliğinin, gebeliğe, hamile","Devlet Hastanesi kadın doğum uzmanınca mağdure hakkında düzenlenen raporda; mağdurenin 9 hafta 5 günlük gebe ... algılama yeteneğinin yeterince geliştiğinin, maruz kaldığı iddia edilen cinsel istismar suçu nedeniyle \""travma ... beyanının alınması sırasında hazır bulunan psikolog bilirkişinin beyanında; mağdurenin yaşadıklarının travmatik ... Kızım gibi ben de rızası dışında gerçekleşen ilişki nedeniyle meydana geldiğinden kızımın gebeliğinin ... Kızımın gebeliğe son verilmesi yönündeki talebi t"
"361","Bölge Adliye Mahkemesi","26. Hukuk Dairesi","2019/3053","2022/1115","2022-04-21","YTdsYTNkVlNzQjFDRkh6TXpPdXRLQT09","https://mevzuat.sinerjias.com.tr/ictihat/yuksek-mahkeme/yargitay%20karari/YTdsYTNkVlNzQjFDRkh6TXpPdXRLQT09","travması, travmanın, boğaz","yürürken dengesizliğinin ve konuşma bozukluğunun olduğunu ifade ettiği, hastada meydana gelen kafa travması ... illiyet ilişkisinin belirtildiği, sinir hasarı var ise durumunun hafif, orta, ağır olarak belirtildiği, travmanın ... kafatasında kranitomiye bağlı defektinin olup olmadığı, defekt var ise alanın belirtildiği, kulak burun boğaz ... Hastanesi göz hastalıkları, nöroloji ve kulak burun boğaz hastalıkları bölümlerine yazı yazıldığı, ancak ... daralmasının görme sistemi kapsamında değerlend"
"362","Yargıtay","Ceza Genel Kurulu","2020/153","2022/278","2022-04-19","ZDFraTB5Q2k2TEMzbmRaci93eDhqMFFiTzVyeUlNWmE","https://mevzuat.sinerjias.com.tr/ictihat/yuksek-mahkeme/yargitay%20karari/ZDFraTB5Q2k2TEMzbmRaci93eDhqMFFiTzVyeUlNWmE","travmanın, boğazım","esnasında istismar olayını kusa kusa anlatması da o esnada fizyolojik olarak olayı tekrar yaşamanın verdiği travmanın ... (Şahıs bu ifadeyi verirken ağladı ve kusa kusa artık boğazım ağrıyor dedi.)"
"363","Yargıtay","Ceza Genel Kurulu","2019/588","2022/262","2022-04-12","K20xSmVjNEdpYkI1bmJLR2duWGdBNktvV2NQaVZVR3Q","https://mevzuat.sinerjias.com.tr/ictihat/yuksek-mahkeme/yargitay%20karari/K20xSmVjNEdpYkI1bmJLR2duWGdBNktvV2NQaVZVR3Q","travmatik, hamileyim, hamilelik, hamile, hamileliğin","doğal görünümde olduğunun, akut ya da kronik fiili livatanın maddi delillerine ve harici muayenede travmatik ... Ben hamileyim.\"" şeklinde bir söz söyleyip söylemediğinin sorulduğu, mağdurenin ise dayısı tarafından ... nın tecavüze uğradığını, hamilelik testi yaptırmak istediğini söyledi. ... ın ingilizce öğretmenine gelerek Meliha'nın hamile olduğunu söylediğini ingilizce öğretmeni bana belirtti ... Öncelikle mağdura hamileliğin ne olduğunu, bununla ne kastettiğini, bilip bilmediğini sorguladım"
"364","Yargıtay","Ceza Genel Kurulu","2020/423","2022/230","2022-03-31","OSswd1A5M2J0ekdwZDl0bnlpajMvbHlrMzYrNEd4RTY","https://mevzuat.sinerjias.com.tr/ictihat/yuksek-mahkeme/yargitay%20karari/OSswd1A5M2J0ekdwZDl0bnlpajMvbHlrMzYrNEd4RTY","boğaz, travma, hamile, gebeliğinin","oluştuğu, elle yapılan muayenede kafatası ve boyunda herhangi bir kırığın bulunmadığı, stabil olduğu, boğaz ... çapları 0,5 cm'den küçük morlukların bulunduğu, kafatasında başkaca herhangi bir bölgede lezyon veya travma ... Kadın doğum polikliniğindeyim.\"" dediğini, sanıkla konuştuğu andan itibaren hamile olduğunu bildiğini ... maktulle 5 yıldır evli olduklarını, bu evlilikten 3 yaşında çocukları olduğunu, şu anda da 2-3 aylık gebeliğinin ... bu evliliklerinden 2012 doğumlu ... isimli bir çocukl"
"365","Yargıtay","Ceza Genel Kurulu","2017/280","2022/228","2022-03-31","d1hCSGR3U1BLUGxLUU9lbnRpUjRWd0dwVFJseFF5U2c","https://mevzuat.sinerjias.com.tr/ictihat/yuksek-mahkeme/yargitay%20karari/d1hCSGR3U1BLUGxLUU9lbnRpUjRWd0dwVFJseFF5U2c","travması, boğazını, boğazına","23.45'te düzenlenen raporda; tanımadığı bir insanla tartıştığını, kavga ettiğini, geçirilmiş sağ ön kol travması ... Anasını ......, o... çocuğu.\"" diyerek tekme atmaya başladıklarını, maktulün üzerine eğilerek iki eliyle boğazını ... sırtüstü düştüğünü, maktulün yanındaki şahsın da gelerek birlikte kendisini tekmelediklerini, maktulün boğazına ... olduğunu bilmediğini, yerde iken maktul tarafından tekmelenmeye başladığını, bir taraftan da eğilip boğazını"
"366","Anayasa","Bölüm","2018/31589","2022/","2022-03-31","VWdiL3FUQlB1MnVocStuUmROZzVhd0txSVFJTEJHY0I","https://mevzuat.sinerjias.com.tr/ictihat/yuksek-mahkeme/yargitay%20karari/VWdiL3FUQlB1MnVocStuUmROZzVhd0txSVFJTEJHY0I","boğazına, travmatik","Eline aldığı çatalı kendi boğazına dayadı ve bardak falan kırdı ancak kendine zarar vermedi. ... Birinci İhtisas Kurulu tarafından düzenlenen 29/1/2018 tarihli raporda kişinin ası dışında travmatik"
"367","Bölge İdare Mahkemesi","3. İdari Dava Dairesi ","2021/529","2022/492","2022-03-29","WDZBSlZDWklZWVcwUHE2TjVCL3BTZz09","https://mevzuat.sinerjias.com.tr/ictihat/yuksek-mahkeme/yargitay%20karari/WDZBSlZDWklZWVcwUHE2TjVCL3BTZz09","gebe, travmasına","tarafından düzenlenen 21.04.2017 tarihli ön inceleme raporunda; davacı ....in 35 yaş üstü olduğundan riskli gebe ... bağdaşmadığı, doğum öncesinde bebekte bir sorun bulunduğuna dair bir belge bulunmadığı, aksine doğum travmasına"
"368","Bölge Adliye Mahkemesi","26. Hukuk Dairesi","2019/2864","2022/734","2022-03-24","WForUTMxV1p3UjZXUnkwUFhXVFVlZz09","https://mevzuat.sinerjias.com.tr/ictihat/yuksek-mahkeme/yargitay%20karari/WForUTMxV1p3UjZXUnkwUFhXVFVlZz09","hamile, travmasına","müvekkilleri ..., ..., ..., ... ve ...nin vefat eden ...ın desteğinden mahrum kaldığı, kaza tarihinde hamile ... ve yolcusunun kaskları bulunmadığı belirtildiğinden, ceza dosyası da incelenerek ve ölümlerin kafa travmasına"
"369","Bölge Adliye Mahkemesi","26. Hukuk Dairesi","2019/2659","2022/755","2022-03-24","M0ozV0h3Yk55bjd1M3k2eTVpMURoZz09","https://mevzuat.sinerjias.com.tr/ictihat/yuksek-mahkeme/yargitay%20karari/M0ozV0h3Yk55bjd1M3k2eTVpMURoZz09","hamile, travmatoloji","yerel mahkemenin 16.05.2018 tarihli duruşmasında tanık olarak dinlenen davacının eşi Emine Karaçamın hamile ... Tıp Fakültesi Hastanesi Ortopedi ve Travmatoloji Anabilim Dalı tarafından hazırlanan raporda davacının"
"370","Yargıtay","Ceza Genel Kurulu","2018/540","2022/207","2022-03-24","bTlBK2Y3QWJjaWdpV0lKVll4amp6a21MM1N1MjJkK3U","https://mevzuat.sinerjias.com.tr/ictihat/yuksek-mahkeme/yargitay%20karari/bTlBK2Y3QWJjaWdpV0lKVll4amp6a21MM1N1MjJkK3U","hamile, travmasına","ın 34 UP 3215 plaka numaralı aracın içinde hamile eşi ... ve mağdur ...' ... tarafında çarpması suretiyle meydana gelen trafik kazısında, sürücü Yasin ve eşi ... ile kaza sonrası hamile ... İhtisas Dairesince düzenlenen 20.09.2013 tarihli otopsi raporuna göre; ölen ...’in ölümünün, künt kafa travmasına ... İhtisas Dairesince düzenlenen 29.07.2013 tarihli otopsi raporuna göre; ölen ...’in ölümünün, künt kafa travmasına ... çarptığı, kaza neticesinde otomobil sürücüsü Yasin ve eşi ... ile kaza son"
"371","Yargıtay","Ceza Dairesi","2021/9035","2022/3976","2022-03-22","Y2pWaDMwUTllTElXamNMOFNvTmJoMnhwVXZwcjFycnQ","https://mevzuat.sinerjias.com.tr/ictihat/yuksek-mahkeme/yargitay%20karari/Y2pWaDMwUTllTElXamNMOFNvTmJoMnhwVXZwcjFycnQ","boğazını, boğazına, boğazındaki, travması","herhangi bir yaralanması olmadığını beyan eden mağdurun talimatla alınan beyanında olay sırasında sanığın boğazını ... sıkarak, sol kolunu boğazına doladığını ve sağ eliyle de boğazındaki zinciri çekip kopardığını beyan ... ettiği, dosya içerisinde mağdura ait yumuşak doku travması ve BTM ile iyileşebilir şeklinde kesin adli"
"372","Bölge Adliye Mahkemesi","26. Hukuk Dairesi","2019/2832","2022/659","2022-03-17","TFZzYlZFMXgvWnhFZUR3eXprVHhmQT09","https://mevzuat.sinerjias.com.tr/ictihat/yuksek-mahkeme/yargitay%20karari/TFZzYlZFMXgvWnhFZUR3eXprVHhmQT09","boğaz, travmatik, travma","Tıp Fakültesi Kulak ..... son durum raporunda; ... isimli şahsın 01.03.2018 tarihli muayenesinde ağız boğaz ... Bunun sebebi geçirilen kazanın doğrudan fiziksel travmatik etkisi olabileceği gibi yaşanmış olaylar nedeniyle ... ortaya çıkân psikolojik travma veya nedeni bilinmeyen herhangi başka bir sebep koku algısının ... Dokuz Eylül Üniversitesi Rektörlüğü Kulak Burun Boğaz Hastalıkları Anabilim Dalının 20.12.2018 tarihli ... Bunun sebebi geçirilen kazanın doğrudan fiziksel travmatik etkisi ola"
"373","Danıştay","Daire","2020/797","2022/1738","2022-03-16","cnh4NmJaZ2NXZ20vMmMxdGsyRzVwdytURU0vbkZkMW8","https://mevzuat.sinerjias.com.tr/ictihat/yuksek-mahkeme/yargitay%20karari/cnh4NmJaZ2NXZ20vMmMxdGsyRzVwdytURU0vbkZkMW8","travmatik, boğaz","fonksiyonlarını etkileyen bir hastalığı, sakatlığı olanlar ile doğuştan (konjenital) veya sonradan (cerrahi-travmatik ... Sağlık Şartları Yönetmeliği'nin eklerinde yapılan değişiklikle, EK-3-6-A maddesi; Kulak burun boğaz ... fonksiyonlarını etkileyen bir hastalığı, sakatlığı olanlar ile doğuştan (konjenital) veya sonradan (cerrahi-travmatik ... (1) Kulak burun boğaz hastalıkları yönünden; a) Patolojik durumun iki kulakta da aynı anda bulunması"
"374","Anayasa","Bölüm","2018/5075","2022/","2022-03-15","ZmZCZDd5UTZLcnRBMkZHeTdSTHZBYUlOTXhFY25wTFo","https://mevzuat.sinerjias.com.tr/ictihat/yuksek-mahkeme/yargitay%20karari/ZmZCZDd5UTZLcnRBMkZHeTdSTHZBYUlOTXhFY25wTFo","travması, boğaziçi","raporlarına göre vefat eden kişiler, binada meydana gelen patlamaya bağlı olarak gerçekleşen genel beden travması ... zor durumda kalacaklarını belirttiklerini, birkaç kez de İstanbul Su ve Kanalizasyon İdaresi (İSKİ), Boğaziçi"
"375","Anayasa","Bölüm","2018/14046","2022/","2022-03-15","NzJJL2J5UEppWjJKam9sZEVQcW1MMHVPemFFYWNUWFU","https://mevzuat.sinerjias.com.tr/ictihat/yuksek-mahkeme/yargitay%20karari/NzJJL2J5UEppWjJKam9sZEVQcW1MMHVPemFFYWNUWFU","boğaz, travmatik","altında alındı, mevcut bulgular ile şuan için hayati tehlike yoktur kati hekim raporunun kulak burun boğaz ... 16/2/2017 ve 28/2/2017 tarihleri arasında her gün alınan doktor raporlarında ise herhangi bir yeni travmatik"
"376","Yargıtay","Ceza Genel Kurulu","2018/7","2022/161","2022-03-10","OStkN0V2dGpFVzB4S21UMHJaQk9TMVN3bUNKZ0p0RXc","https://mevzuat.sinerjias.com.tr/ictihat/yuksek-mahkeme/yargitay%20karari/OStkN0V2dGpFVzB4S21UMHJaQk9TMVN3bUNKZ0p0RXc","boğazına, travma, travmaya, geber, gebereceksin","""Tüm dosya içeriğine göre sanığın, adli emanetin 2011/359 sırasında kayıtlı ekmek bıçağını mağdurun boğazına ... Sanığın bıçağı mağdurun boğazına dayayıp ‘Seni öldürürüm, buradan bana zevk vermeden gidemezsin.’ şeklindeki ... Sanığın bıçağı mağdurun boğazına dayayıp ‘Seni öldürürüm, buradan bana zevk vermeden gidemezsin.’ şeklindeki ... göre; katılanın mağduru bulunduğu olaydan kaynaklanmış ruh sağlığını bozacak mahiyet ve derecede olan (travma ... Hastanesince 28.01.2011 tarihinde düzenlenen ra"
"377","Yargıtay","Hukuk Dairesi","2022/599","2022/2108","2022-03-10","Rkhkb0ozakZiWGlEaUpLWCtjSE9QR2JlZHB5aXlzeW8","https://mevzuat.sinerjias.com.tr/ictihat/yuksek-mahkeme/yargitay%20karari/Rkhkb0ozakZiWGlEaUpLWCtjSE9QR2JlZHB5aXlzeW8","gebe, gebeliği, gebelik, gebeliğinde, gebelikteki, travması","poliklinik muayenesi için başvurduğunu, davacı ...’un hastanelerine başvurduğu tarihte 39 haftalık gebe ... olduğunu, hastadan o güne kadar gebeliği ile ilgili yapılmış tetkiklerin istendiğini ancak hastanın ... nın daha önce gerçekleştiği iddia edilen beş aylık gebelik kaybı öyküsü ile bir ilgisinin olup olmadığı ... Hükme esas alınan raporda;annenin önceki gebeliğinde 5 aylık bebek ölümü hikayesinin bulunması, önceki ... gebelikteki bebek ölümünün nedenlerinin araştırılmaması ve buna ait herha"
"378","Bölge Adliye Mahkemesi","12. Hukuk Dairesi","2021/920","2022/327","2022-03-03","L2NUemRzb1hDczJUL1MvcUJKRlorUT09","https://mevzuat.sinerjias.com.tr/ictihat/yuksek-mahkeme/yargitay%20karari/L2NUemRzb1hDczJUL1MvcUJKRlorUT09","hamileliği, hamilelikte, gebelik, travmaya, hamileliğinin","düşünüldü; DAVA: Davacı vekili; müvekkili ...ün diğer müvekkili ...ün çocuğu olduğunu, müvekkili ...ü hamileliği ... TLlik teminat limiti dahilinde maddi, manevi zarardan doğan sorumluluğu üstlendiğini, müvekkilinin hamileliği ... tarafından takip edildiğini, anılan doktorun genel olarak tıbbi kötü uygulaması sonucu down sendromunun hamilelikte ... CEVAP: Davalı vekili; davacının gebelik takibinde sigortalı hekim tarafından takip edildiği döneme ilişkin ... zorluklara katlanmak zorunda kalacakla"
"379","Bölge Adliye Mahkemesi","12. Hukuk Dairesi","2021/630","2022/350","2022-03-03","YjlzWFMwTlE1OEl1UEN2ME9YQzdyUT09","https://mevzuat.sinerjias.com.tr/ictihat/yuksek-mahkeme/yargitay%20karari/YjlzWFMwTlE1OEl1UEN2ME9YQzdyUT09","hamileliği, hamilelikte, travmaya, gebeye, gebelik","teminat limiti dahilinde maddi, manevi zarardan doğan sorumluluğu üstlenmiş bulunduğunu, müvekkil ...nın, hamileliği ... tarafından takip edildiğini, anılan doktorun genel olarak tıbbi kötü uygulaması sonucu down sendromunu hamilelikte ... zorluklara katlanmak zorunda kalacakları gibi tüm davacıların, manevi yönden sürekliliği bulunan ağır bir travmaya ... amniyosentez bilgilendirilmesi yapılacağına veya her gebeye amniyosentez önerilerek down sendromunun ... Somut olayda; davacı ...nın gebelik "
"380","Anayasa","Bölüm","2018/25890","2022/","2022-02-22","cUdTQXU4SDFYTGVrMzc4SGx3NE5JNDMrY3htNUFxRlY","https://mevzuat.sinerjias.com.tr/ictihat/yuksek-mahkeme/yargitay%20karari/cUdTQXU4SDFYTGVrMzc4SGx3NE5JNDMrY3htNUFxRlY","travma, gebe","Yeniden çocuk sahibi olma ihtimallerinin ortadan kalkması nedeniyle psikolojik travma yaşadıklarını ve ... Oysa itiraza konu ATK raporunun sonuç kısmında birinci başvurucunun gebe olarak Hastaneye müracaat etmesinden"
"381","Yargıtay","Hukuk Dairesi","2021/11035","2022/2664","2022-02-16","Q1J1d3NNRUVIR1B0bFpJMnc0c3haSEdoaklDSFhiTmc","https://mevzuat.sinerjias.com.tr/ictihat/yuksek-mahkeme/yargitay%20karari/Q1J1d3NNRUVIR1B0bFpJMnc0c3haSEdoaklDSFhiTmc","boğaz, travma","başlıklı 6. madddesinde; (1) Özürlü sağlık kurulu; iç hastalıkları, göz hastalıkları, kulak-burun-boğaz ... esas alınmak suretiyle iş gücü kaybı oranı hesaplandığında; zihinsel-ruhsal davranış bozuklukları; travma ... ve diğer arazlarının kaza ile illiyet bağının olup olmadığı, maluliyet oranına etki edip etmediği, travma"
"382","Yargıtay","Ceza Dairesi","2021/3713","2022/935","2022-02-10","YXR6bDZsc3pTTUtTR1hLRmRFeFEzanVIMHB5dUpEQm4","https://mevzuat.sinerjias.com.tr/ictihat/yuksek-mahkeme/yargitay%20karari/YXR6bDZsc3pTTUtTR1hLRmRFeFEzanVIMHB5dUpEQm4","boğaz, travmasına, travmatik",", beyin tomografisi doğal, darp bulgusu vardır, basit tıbbi müdahale ile giderilebilir, Kulak Burun Boğaz ... 2012 tarihinde öldüğü, Adli Tıp 1.İhtisas Kurulunun 05/12/2012 tarihli raporuna göre ölümün künt kafa travmasına ... geldiğinin tespit edildiği, aynı Kurulun 08/05/2013 tarih ve 1970 sayılı raporunda otopside tespit edilen travmatik"
"383","Yargıtay","Ceza Dairesi","2019/13309","2022/907","2022-02-09","V1MyanpoTUZXZDE5N1pQdkhFcHorckg2dnh5YWdqM1A","https://mevzuat.sinerjias.com.tr/ictihat/yuksek-mahkeme/yargitay%20karari/V1MyanpoTUZXZDE5N1pQdkhFcHorckg2dnh5YWdqM1A","travmatik, hamile, hamileliğin","Kurumu İstanbul 1.Adli Tıp İhtisas 24/12/2014 tarihli raporunda; otopsisinde dış muayenesinde harici travmatik ... doku harabiyeti, beyin kanaması, iç organ ve büyük damar yaralanması tespit edilmediğinden bebeğin travmatik ... bulunmadığı bildirildiğine göre; kişinin zehirlenerek öldüğünün tıbbi delilleri bulunmadığı, ölümüne müessir travmatik ... zamanlarda kendi rızası ile cinsel ilişkiye girdikleri ancak korunmadıklarını, çocuk doğuncaya kadar hamile ... gece yarısından sonra sancılarının ar"
"384","Yargıtay","Ceza Genel Kurulu","2020/317","2022/71","2022-02-08","eTllZFRNc0dyb1FuazNlekt0Z0FlZzhBdFZsY2VTK2M","https://mevzuat.sinerjias.com.tr/ictihat/yuksek-mahkeme/yargitay%20karari/eTllZFRNc0dyb1FuazNlekt0Z0FlZzhBdFZsY2VTK2M","travmatik, gebeliği, gebelik, boğazıma","sağ üst kısmının 3 cm üst lateralinde 1,2x0,3 cm uzunluğunda ekimoz bulunduğu, genital muayenesinde; travmatik ... muayenesinde; anal sfinkter tonusu ve mukoza pililerinin doğal olduğu, anüs etrafında eskiye ya da yeniye ait travmatik ... olmadığı, iç açıklığının 2,5 cm büyüklüğünde olduğu, normal cesametteki bir penisin duhulüyle hymende travmatik ... sırasında direncinin kırılmasını sağlayacak ölçünün ötesinde cebir kullanıldığı, mağdurenin 35-36 haftalık gebeliği ... olmayanlarca anlaşılamaya"
"385","Bölge Adliye Mahkemesi","6. Hukuk Dairesi","2022/191","2022/208","2022-02-02","cklWSlptWm9yck5kYzgrSytnaHhzZz09","https://mevzuat.sinerjias.com.tr/ictihat/yuksek-mahkeme/yargitay%20karari/cklWSlptWm9yck5kYzgrSytnaHhzZz09","gebelik, travmayı, gebelikte","müvekkilerinden davacı ...in eşi, küçük ..., ... ve ...nın annesi olan muris ...in üçüncü çocuğu olan ...ya gebelik ... sonu olduğunu, anne sevgisi, bakımı ve şefkatine son derece ihtiyaç duyulduğu bu yaştaki çocukların bu travmayı ... olmadığının, baş dönmesi, gözlerde kararma, bayılma olup olmadığının müvekkili tarafından sorulduğunu, sadece gebelikte"
"386","Yargıtay","Ceza Genel Kurulu","2018/22","2022/34","2022-01-20","aXl0NnZzWlRXenBvQmZRODhZRmR6U2NTSTM3WjJUb3M","https://mevzuat.sinerjias.com.tr/ictihat/yuksek-mahkeme/yargitay%20karari/aXl0NnZzWlRXenBvQmZRODhZRmR6U2NTSTM3WjJUb3M","travma, travmatik, gebertirim","hız ve miktarının normal olduğu, intihar düşüncesi, sanrı ve obsesyon bulunmadığı, kaçınma olduğu, travma ... ek rapora göre; mağdurun 4-5 yıl önce uğradığı cinsel istismar nedeniyle ruh sağlığının bozulduğu, travmatik ... ; mağdurda, mağduru bulunduğu olaydan kaynaklanmış ruh sağlığını bozacak mahiyet ve derecede olan \""Travma ... odaya sokarak kapıyı kilitlediğini ve üzerini soymaya başladığını, devamında \""Birisine söylersen seni gebertirim ... sürüklenen çocuğun mağdura cinsel istismarda bul"
"387","Yargıtay","Ceza Genel Kurulu","2020/192","2022/38","2022-01-20","YmZpd1ZuN2Q4emMzMlZGMUpJSVl3NmdPNGtDcjd0b1I","https://mevzuat.sinerjias.com.tr/ictihat/yuksek-mahkeme/yargitay%20karari/YmZpd1ZuN2Q4emMzMlZGMUpJSVl3NmdPNGtDcjd0b1I","travmatik, geberteceğim","Bilirkişi Kurulunca düzenlenen 22.08.2014 tarihli raporda; mağdur ...’nın yaralanmasının, kafa içi travmatik ... Ben son çare eşimin üstüne kapandım. ...’ın ‘Seni geberteceğim’ diye bağırdığını duydum. ... fırsatı da olmadı. ... olayın en sonunda 'Sen babamla nasıl konuşuyorsun, babama nasıl vurursun, seni geberteceğim ... çevrede bulunanların araya girmeleriyle sanıkların eylemlerine son verdikleri, mağdur ...’nin kafa içi travmatik"
"388","Yargıtay","Ceza Dairesi","2021/2167","2022/407","2022-01-18","WkhXWjJ2K1ZTYzI3bG55TVlkZ0JDNnIxWXI4S3F4UFA","https://mevzuat.sinerjias.com.tr/ictihat/yuksek-mahkeme/yargitay%20karari/WkhXWjJ2K1ZTYzI3bG55TVlkZ0JDNnIxWXI4S3F4UFA","hamile, gebe, travma","sürüklenen çocuk (çocuk sanık) ... hakkında kardeşi ... ile birden fazla kez cinsel ilişkiye girip hamile ... Mağdur çocuk ...’nin 21.02.2013 günü hastaneye başvurusu üzerine 24 haftalık gebe olduğu ortaya çıkmış ... Mağdure ve ...’de major deprasyon ve travma sonrası stres bozukluğu gelişmiştir."
"389","Anayasa","Bölüm","2019/4198","2022/","2022-01-18","YWxBY2ZQZDR2cXlSeUN1a2kzMksyRDBRVkx4ZmVCS0Q","https://mevzuat.sinerjias.com.tr/ictihat/yuksek-mahkeme/yargitay%20karari/YWxBY2ZQZDR2cXlSeUN1a2kzMksyRDBRVkx4ZmVCS0Q","travmatik, travma, boğaz","Anal muayenede travmatik ... Tüm vücudun muayenesinde başka herhangi bir travmatik ... Otopsisinde dış muayenede travmatik lezyon tarif edilmediği, tespit edilen lezyonların lokalizasyonu, ... Kişinin travmatik ... kulak yoluna uzanan fraktür yani kafatası kemiklerinde kırık olduğunun saptandığını, bu durumun ancak travma ... dair bir belirti tespit edilemediğini, önceden menenjit hastası olmayan birinin menenjit olmasının travma ... Merkezi (RDM ) görüşmesi yaptırılmış sonra Şehit Sait Ertürk D"
"390","Yargıtay","Ceza Genel Kurulu","2018/102","2022/18","2022-01-13","UXR1OHZ1M3RWb1RUWlQyamw3Yys1TktDazRHK203Sk0","https://mevzuat.sinerjias.com.tr/ictihat/yuksek-mahkeme/yargitay%20karari/UXR1OHZ1M3RWb1RUWlQyamw3Yys1TktDazRHK203Sk0","travmatik, boğazını, boğazına",". ekimoz, sağ dizde 2x1 cm ve sol ayak bileğinde 2x1 cm.lik krutlu yara, sol TM’de etrafı hemorojik travmatik ... .’a bir şeyler anlatmaya çalıştığını, babasına zarar vereceklerini düşündüğünü, katılanın babasının boğazını ... uzaklaştıklarını, bu sırada katılanın vurduğu darbelerden dolayı şokta olduğunu, katılanın arabadayken boğazına"
"391","Yargıtay","Ceza Genel Kurulu","2016/312","2021/700","2021-12-29","aDRUdzVSVFFuOEZVMzd0S2p0TWQwQVRHK01pMWZzMzk","https://mevzuat.sinerjias.com.tr/ictihat/yuksek-mahkeme/yargitay%20karari/aDRUdzVSVFFuOEZVMzd0S2p0TWQwQVRHK01pMWZzMzk","boğazını, travma",".\"" dediğini, bunun üzerine ...’in, boğazını sıktığını, kendisini kurtarması için ...’e seslendiğini, ... olayları çok net hatırladığının, isimler de dahil bir çoğunu bir seferde söylediğinin, herhangi bir travma"
"392","Yargıtay","Ceza Genel Kurulu","2021/377","2021/687","2021-12-28","dFBKY1FoN0N1MjE3dTY3UUtHb3JnNzJBd0pGaDBZRno","https://mevzuat.sinerjias.com.tr/ictihat/yuksek-mahkeme/yargitay%20karari/dFBKY1FoN0N1MjE3dTY3UUtHb3JnNzJBd0pGaDBZRno","boğaz, travması, travma, gebertirim","Devlet Hastanesinin kulak burun boğaz bölümüne ait poliklinik defterinde yapılan incelemede; katılan ... defterin karar bölümünde \""Enfejia Minoset\"" ibarelerinin bulunduğu, tanı (kod) bölümünde ise \""burun travması ... Devlet Hastanesinde görevli kulak burun boğaz uzmanı tarafından katılan mağdure hakkında düzenlenen raporda ... edilen raporda; mağduru bulunduğu olaydan kaynaklanmış ruh sağlığını bozacak mahiyet ve derecede olan \""Travma ... Seni gebertirim.\"" dediğini ve yumruk attığını, Kader"
"393","Yargıtay","Ceza Genel Kurulu","2017/260","2021/666","2021-12-23","RUJsRmgrN1RzZGlZM2V5VjdhQjllNHJlWVRsWlYyWWk","https://mevzuat.sinerjias.com.tr/ictihat/yuksek-mahkeme/yargitay%20karari/RUJsRmgrN1RzZGlZM2V5VjdhQjllNHJlWVRsWlYyWWk","travmatik, boğaziçi, boğaziçi’nde","tarafından oluşturulmuş diş izleri ve çürüme bulguları içeren kemik defektleri dışında herhangi bir travmatik ... kaydedilen bulgular dikkate alındığında; mevcut kemik parçalarında; kişinin ölümünü izah edebilecek travmatik ... Onların oturdukları mahalle Boğaziçi Mahallesi olarak geçiyordu, benim oturduğum mahalle de ... ... Burada Boğaziçi durağı olarak bilinen belediye otobüs durağına gitmiş. ... Daha sonra canlı yayın bitti 2-3 saat sonra ben mahallemize çıktım, Boğaziçi’nde ganyan bayisi di"
"394","Yargıtay","Ceza Genel Kurulu","2020/325","2021/659","2021-12-21","S1Z3aCtSL1A5bCtReEVIdGZRVEV1UEpnWDh1ekVHTDA","https://mevzuat.sinerjias.com.tr/ictihat/yuksek-mahkeme/yargitay%20karari/S1Z3aCtSL1A5bCtReEVIdGZRVEV1UEpnWDh1ekVHTDA","travmasına, travmatik, boğazından, geberteceğim","ın elindeki demir çubukla maktulun kafasına vurması sonucu maktulun künt kafa travmasına bağlı kafatası ... orta hatta 1,5 cm düzgün sınırlı olmayan kesi, etrafının ödemli olduğunun kayıtlı olduğu, kafa içi travmatik ... arka yüzde yüzeysel iki sıyrık, kafada sol parietooccipital şişlik olduğunun kayıtlı olduğu, kafa içi travmatik ... düşünülmediği, 2 gün sonra BT raporları ile poliklinik kontrolü uygun olduğunun kayıtlı olduğu, kafa içi travmatik ... balkondan \""Kavga etmeyin.\"" diye bağırdığın"
"395","Danıştay","Daire","2021/438","2021/6586","2021-12-21","aHNrUlFhcUQyTXhMcEw2bHBROVBuZWZXOUdqelpLc1Q","https://mevzuat.sinerjias.com.tr/ictihat/yuksek-mahkeme/yargitay%20karari/aHNrUlFhcUQyTXhMcEw2bHBROVBuZWZXOUdqelpLc1Q","boğaz, travma","Yönetim Kurulu Başkanlığı Arşiv Müdürlüğünün … tasrih ve E…. sayılı yazısı ekinde gönderilen Kulak Burun Boğaz ... Hastanın Akustik travma hikayesi olduğu için ileri tetkike gerek duyulmamıştır."
"396","Yargıtay","Ceza Genel Kurulu","2020/220","2021/632","2021-12-14","Uzc5M29EVkwycVV6R1lBRm9EbkNaZ1ZldGZob3ZaQ2s","https://mevzuat.sinerjias.com.tr/ictihat/yuksek-mahkeme/yargitay%20karari/Uzc5M29EVkwycVV6R1lBRm9EbkNaZ1ZldGZob3ZaQ2s","travma, gebelik, hamile","mağdurede dava konusu cinsel eylemlerden kaynaklanmış ruh sağlığını bozacak mahiyet ve derecede olan Travma ... ilgili olarak 'mağduru bulunduğu olaydan kaynaklanmış ruh sağlığını bozacak mahiyet ve derecede olan (Travma ... mütalaada da 'mağduresi bulunduğu olaydan kaynaklanmış ruh sağlığını bozacak mahiyet ve derecede olan (Travma ... Mütalaalarda faillerin tümünün nitelikli cinsel istismar eylemleri ile mağdurda husule gelen travma ... ılımlı depresif bulgular saptandığı, yapılan muayene ve d"
"397","Yargıtay","Ceza Dairesi","2019/5200","2021/22812","2021-12-14","dXd6WXgrLzNNbWNSNlZvM1ExekIraUdWSEZHenY4Tkk","https://mevzuat.sinerjias.com.tr/ictihat/yuksek-mahkeme/yargitay%20karari/dXd6WXgrLzNNbWNSNlZvM1ExekIraUdWSEZHenY4Tkk","travması, boğazını","Sanığın, 15.07.2013 tarihinde eşi ile tartıştıktan sonra onu darp ettiği, alınan geçici rapora göre, kafa travması ... müştekinin evden çıkarak kayınpederinin evine gittiği, akşam olunca eve geri döndüğünde ise, müştekinin boğazını ... gerçekleştirdiği eylem nedeniyle oluştuğunun kabulü karşısında, sanık hakkında, 25.07.2013 tarihindeki müştekinin boğazını"
"398","Yargıtay","Ceza Genel Kurulu","2021/126","2021/617","2021-12-07","V2RBSHkyK3JBeWFkUnNIMFZPeHFqbW8zbzFGR1pzcEM","https://mevzuat.sinerjias.com.tr/ictihat/yuksek-mahkeme/yargitay%20karari/V2RBSHkyK3JBeWFkUnNIMFZPeHFqbW8zbzFGR1pzcEM","travmasına, boğazından, boğazına","Cesedin tespit edilen bulgular ışığında kesin ölüm sebebi trafik kazası sonucu oluşan küt kafa travmasına ... Halilibrahim titriyordu ve boğazından hırıltı sesi geliyordu, yüzü kanlar içerisinde idi. ... geliyordu, Bayram ile birlikte Halilibrahim'in yanına geldik, yüzüstü yatıyordu, sırtüstü çevirdik, boğazından ... arkadaşıma çarptı birlikte biraz sürüklendiler, daha sonra arkadaşımın yerde kanlar içinde yattığını gördüm, boğazından ... Ben de dili boğazına kaçmasın diye çenesini açmaya çalışt"
"399","Yargıtay","Hukuk Dairesi","2021/12892","2021/9899","2021-12-07","SzJEUnJYZVczQ3lkN3pLb2gwZ3p6ZEM1MjBveGU5Smg","https://mevzuat.sinerjias.com.tr/ictihat/yuksek-mahkeme/yargitay%20karari/SzJEUnJYZVczQ3lkN3pLb2gwZ3p6ZEM1MjBveGU5Smg","boğaz, travma","oluşan maluliyeti % 51 olarak (epilepsi geçirme riski %5, kas iskelet sistemi arızası %20, kulak burun boğaz ... arızası %8, travma sonrası stres bozukluğu %30) belirlenmiştir. ... getirtildikten sonra en yakın üniversite hastanesinin adli tıp ana bilim dalı başkanlığından, (davacıda travma"
"400","Yargıtay","Ceza Genel Kurulu","2021/140","2021/602","2021-12-02","eXNvQXgwbE96VUFjUURkSGpCczQram51eHlVZTRKMUM","https://mevzuat.sinerjias.com.tr/ictihat/yuksek-mahkeme/yargitay%20karari/eXNvQXgwbE96VUFjUURkSGpCczQram51eHlVZTRKMUM","hamile, travmanın, boğazına, travmatik","geldiklerini, burada aracı yıkattığını, içini aradıklarını, altın künyeyi bulamadıklarını, daha sonra hamile ... Ancak, nitelikli cinsel saldırı suçlarında yaşanan travmanın etkisiyle, korku, kaygı ve benzeri sebeplerle ... da sen doğurursun' dediğini, tekrar ilişki teklifine karşı koyunca, sanığın kendisini darp ettiğini, boğazına ... Mazhar Osman Ruh Sağlığı ve Sinir Hastalıkları Eğitim ve Araştırma Hastanesinin 22/02/2013 tarihli Post Travmatik ... basamak ayaktan tedavi ünitesine ilk kez 22."
"401","Yargıtay","Ceza Genel Kurulu","2019/325","2021/590","2021-11-25","elkwUzVSUm5OeFJYUG45WTZaU1NzQkFxOVZmbm5UcEQ","https://mevzuat.sinerjias.com.tr/ictihat/yuksek-mahkeme/yargitay%20karari/elkwUzVSUm5OeFJYUG45WTZaU1NzQkFxOVZmbm5UcEQ","travmatik, boğazına","Adli Tıp Kurumu tarafından hazırlanan 21.09.2012 tarihli otopsi raporunda; vücudunda çok sayıda küt travmatik ... Kollukta; şahsın boğazına bağlı tişörtünü aslında sıcak olduğu için çıkarttığını, sonra inceleme dışı"
"402","Yargıtay","Ceza Genel Kurulu","2018/286","2021/573","2021-11-18","WXVERE8zb05HY2N2N0FNaGJoV3dVOVgyemdjaEVnSnA","https://mevzuat.sinerjias.com.tr/ictihat/yuksek-mahkeme/yargitay%20karari/WXVERE8zb05HY2N2N0FNaGJoV3dVOVgyemdjaEVnSnA","travma, boğazına","ın da zorla mağdure ile cinsel ilişkiye girdiği, mağdurenin bu ilişki nedeniyle 'travma sonrası stres ... verdiği, görüşmeye istekli olduğunun gözlendiği, duygu durumunun depresif olduğu, görüşme sırasında travma ... yaratan olayları duygu içeriğinden yoksun bir şekilde anlattığı, olay sonrasında mağdurede \""Travma ... girmezsen seni bu evden çıkartmam, öldürürüm.\"" dediğini, ...’e \""Yapamazsın.\"" dediğini, ...’in bıçağı boğazına"
"403","Danıştay","Daire","2020/1345","2021/5438","2021-11-17","Q2NQcXRZdTl2bEttWkZ4NTd3MHJDVmI2UkxENkdXN2Q","https://mevzuat.sinerjias.com.tr/ictihat/yuksek-mahkeme/yargitay%20karari/Q2NQcXRZdTl2bEttWkZ4NTd3MHJDVmI2UkxENkdXN2Q","travmatik, boğaz","fonksiyonlarını etkileyen bir hastalığı, sakatlığı olanlar ile doğuştan (konjenital) veya sonradan (cerrahi-travmatik ... kabul edilir. 4) Nefes almayı veya konuşmayı güçleştiren, septum deviasyonları veya diğer burun ve boğaz ... Sağlık Şartları Yönetmeliği'nin eklerinde yapılan değişiklikle, EK-3-6-A maddesi; x Kulak burun boğaz ... fonksiyonlarını etkileyen bir hastalığı, sakatlığı olanlar ile doğuştan (konjenital) veya sonradan (cerrahi-travmatik ... (1) Kulak burun boğaz hastalıkları yönünd"
"404","Bölge İdare Mahkemesi","3. İdari Dava Dairesi ","2021/1067","2021/372","2021-11-16","RlEzVVJZMThGenorTHpZNk9YTkVsQT09","https://mevzuat.sinerjias.com.tr/ictihat/yuksek-mahkeme/yargitay%20karari/RlEzVVJZMThGenorTHpZNk9YTkVsQT09","travmatik, hamile","ekstremitede(kol) defekt nedeniyle bu değerlendirilmenin yapılamadığı, ölümü üzerine etkili harici travmatik ... (çarpma, vurma, darbe) her hangi bir nedenin tespit edilmediği, kişinin hamile olmadığı, cinsel ilişkiye"
"405","Yargıtay","Ceza Genel Kurulu","2018/565","2021/524","2021-11-04","TGxwbmE4VWxNWlBkclpnSUJjS0FJeXlNNk93S1NXemE","https://mevzuat.sinerjias.com.tr/ictihat/yuksek-mahkeme/yargitay%20karari/TGxwbmE4VWxNWlBkclpnSUJjS0FJeXlNNk93S1NXemE","travma, travmalarla, travmatik, travması, gebe","ulaşabileceği yerlerde bulunduğunun tespit edildiği, katılanın kendisi tarafından da yapılmış olabileceği, künt travma ... tarafından oluşturulmasının tıbben varit görülmediği, bu bölgelere yönelik tekme, yumruk gibi doğrudan künt travmalarla ... kabulü mümkün olmayacak kısa bir zaman dilimi içerisinde, katılanın sırt ve bacak bölgelerinde künt travmatik ... Yumuşak doku travması düşünüldü. Mutlak yatak istirahatı önerildi. Reçete verildi. ... görüldü.\"" şeklinde olduğu, bahse konu raporun sonuç"
"406","Yargıtay","Ceza Genel Kurulu","2020/13","2021/508","2021-10-27","VkZnQk9tK1M2aDB0OGkwaHlENStrQVlEaGRvOFdNNWk","https://mevzuat.sinerjias.com.tr/ictihat/yuksek-mahkeme/yargitay%20karari/VkZnQk9tK1M2aDB0OGkwaHlENStrQVlEaGRvOFdNNWk","travmatik, gebe","nın raporuna ile mağdurenin dış genital organlarda travmatik bulgu olmadığı, hymenin halkavi yapıda olduğu ... tanzim edilen raporda mağdurenin bakire olduğu tespit edilmiş ise de; mağdurenin dış genital organlarda travmatik ... mağdure hakkında düzenlenen raporda; mağdurenin vücudunda direncinin kırılmasını sağlayacak ölçüde travmatik ... 04.08.2014 tarihinde kadın hastalıkları ve doğum uzmanınca mağdure hakkında düzenlenen raporda: mağdurenin gebe"
"407","Anayasa","Bölüm","2018/2306","2021/","2021-10-19","MDA5dXdGaVlmU1kzUGhRL2ZBRGtQS3lndWJCK01vM0s","https://mevzuat.sinerjias.com.tr/ictihat/yuksek-mahkeme/yargitay%20karari/MDA5dXdGaVlmU1kzUGhRL2ZBRGtQS3lndWJCK01vM0s","boğaz, travmatik","Hastanenin Dahiliye, Psikiyatri, Göz ve Genel Cerrahi Polikliniklerinde, 2/3/2017 tarihinde ise Kulak Burun Boğaz ... Otopsisinde dış muayenede tespit edilen travmatik değişimlerin lokalizasyonları, özellikleri ve ağırlıkları ... Kişinin travmatik ... Kişinin ölümünün patolojik kökenli (travmatik ... Ölenin travmatik ... ve zehirlenerek öldüğünün tıpbi delilerinin bulunmadığını, ölenin ölüm sebebinin Patolojik kökenli (Travmatik"
"408","Yargıtay","Ceza Genel Kurulu","2020/207","2021/468","2021-10-12","bThKbC9aWkhZOGd2VkxpdlVvY21lcTg4YkhGTGhzS20","https://mevzuat.sinerjias.com.tr/ictihat/yuksek-mahkeme/yargitay%20karari/bThKbC9aWkhZOGd2VkxpdlVvY21lcTg4YkhGTGhzS20","travmaya, gebelik, travma","boyutlarında yerleşimli morumsu renk değişikliği, sol göğüs üst kısımda 4x5 cm boyutunda yeşilimsi travmaya ... yılına ait arşiv kayıtlarının imha edildiğinin ancak mağdurenin annesinin 03.03.1994 tarihinde sancılı gebelik ... ; mağdurenin suça sürüklenen çocuk ile yaşamış olduğu olaydan dolayı ruh sağlığının bozulduğunun ve travma ... yılı Ocak ayında mağduru bulunduğu olaydan kaynaklanan ruh sağlığını bozacak mahiyet ve derecede olan travma"
"409","Yargıtay","Ceza Genel Kurulu","2019/592","2021/467","2021-10-12","bllNeldHeWVPN0F1Y3psMmU4ZXpvT3J1MXVaZysxSzk","https://mevzuat.sinerjias.com.tr/ictihat/yuksek-mahkeme/yargitay%20karari/bllNeldHeWVPN0F1Y3psMmU4ZXpvT3J1MXVaZysxSzk","travması, boğazını","yapılan gıyabi tetkikinde; çok büyük olasılıkla raporunda bildirilen ön kol, kol ve bacakta yumuşak doku travması ... sol kolunu sıkarak kendisini yatak odasına götürdüğünü ve odada bulunan yatağa fırlattığını, sanığın boğazını ... başladıklarını, üzerindeki penyenin yırtıldığını, 15-20 dakika süren bir boğuşma yaşandığını, sanığın boğazını ... eşofmanı çıkarttığını ve ön tarafından tecavüz ettiğini, olay sırasında kurtulmak amacıyla sanığın boğazını ... kendisini sol kolundan sıkarak yatak odas"
"410","Yargıtay","Ceza Genel Kurulu","2020/396","2021/454","2021-10-07","OGdaU1o2WWZRU0h5NnlTME0rczdxU3JacnBGdEpOZ3o","https://mevzuat.sinerjias.com.tr/ictihat/yuksek-mahkeme/yargitay%20karari/OGdaU1o2WWZRU0h5NnlTME0rczdxU3JacnBGdEpOZ3o","hamile, travmatik, gebeliğin, gebelik, travma","olduğu ... yerinde çalışmakta olan on yedi yaşındaki mağdure ile rızası hilafına cinsel ilişkiye girerek hamile ... Mağdurenin olayın hemen sonrasında değil de hamile olduğunu öğrendikten sonra önce ailesine sonra polise ... patoloji saptanmadığı, perianal ve anal muayenede; travmatik patoloji izlenmediği, mevcut hâliyle fiili ... livata yönünde tıbbi bulgu tespit edilmediği, ultrasonografik değerlendirmesi sonucu 11 hafta 4 günlük gebeliğin ... \""major depresyon\"" tanısı ile uyumlu olduğu, majo"
"411","Anayasa","Bölüm","2018/36427","2021/","2021-10-06","SVEyNmxJd0ljSnpLNkZOT1R6UXN3RXNuWURNRjRDaHM","https://mevzuat.sinerjias.com.tr/ictihat/yuksek-mahkeme/yargitay%20karari/SVEyNmxJd0ljSnpLNkZOT1R6UXN3RXNuWURNRjRDaHM","travmatik, boğazına","Muayene sırasında travmatik bir lezyona rastlanmamıştır. ... ” dediğini, T.G.nin boğazına bir şey takılmışçasına üç dört kez öksürdüğünü, daha sonra koridordan ... - Otopsi işlemi sırasındaki dış muayenede travmatik ... doku harabiyeti, iç organ ve büyük damar yaralanması tespit edilmemesi dikkate alındığında T.G.nin travmatik"
"412","Yargıtay","Ceza Genel Kurulu","2018/206","2021/431","2021-09-28","RUVCN251YkFXVXVsZ09pelhKL0ZUeXNXOFFjd1dLNWM","https://mevzuat.sinerjias.com.tr/ictihat/yuksek-mahkeme/yargitay%20karari/RUVCN251YkFXVXVsZ09pelhKL0ZUeXNXOFFjd1dLNWM","gebeliğe, travmatik, travma","anatomik yapıda olduğunun, erektil bir penisin duhulüne müsait olmadığının, yapılan tetkik sonucunda gebeliğe ... sfinkter tonusunun yeterli ve perianal pililerin normal olduğunun, anal ve perianal bölgede herhangi bir travmatik ... mağdurenin olay nedeniyle ruh sağlığının bozulduğunun, ayrıca mağdurenin anal bölgesinde meydana gelen travmatik ... hile, tehdit ya da rıza gibi nedenlerle direncinin kırıldığı durumlarda da anal pililerin çok büyük travmatik ... sürdürmekte zorluk yaşadığının, irri"
"413","Danıştay","Daire","2020/4654","2021/4225","2021-09-22","cWpWWTVoL0N4VXFaWnhpcXNjNXMwNHowbDMwR0lkNVI","https://mevzuat.sinerjias.com.tr/ictihat/yuksek-mahkeme/yargitay%20karari/cWpWWTVoL0N4VXFaWnhpcXNjNXMwNHowbDMwR0lkNVI","hamileliği, travma","YARGILAMA SÜRECİ : Dava konusu istem: Davacılar tarafından, davacılardan …'un hamileliği boyunca ve ... kaynaklanabildiği, Bu incelemenin, …’in klinik tablosu ile doğum sırasında meydana gelmiş olması muhtemel bir travma"
"414","Yargıtay","Ceza Genel Kurulu","2017/180","2021/410","2021-09-21","Qk02THZrRHJDYjM0RUE0ZnRyVGdXSUdYUVpLRVJGNHg","https://mevzuat.sinerjias.com.tr/ictihat/yuksek-mahkeme/yargitay%20karari/Qk02THZrRHJDYjM0RUE0ZnRyVGdXSUdYUVpLRVJGNHg","travmanın, boğazhan’da, boğazhan, boğazhan'a","silah yaralanmasına bağlı (sağda sıyrık, solda giriş çıkış deliği şeklinde) yara izleri saptandığı, bu travmanın ... Ben Boğazhan’da petrol istasyonundayım, yanıma gel’ dedi. ... Boğazhan tesislerine kaçtım, saklanıyorum’ dedi. ... Ben telaşlanarak hemen eve koştum ve orada aracıma binerek Boğazhan'a doğru yola çıktım ama daha Boğazhan'a"
"415","Bölge Adliye Mahkemesi","26. Hukuk Dairesi","2021/774","2021/1480","2021-09-16","L1F0QUpISEZBK1J0WU1PZmhWakdsUT09","https://mevzuat.sinerjias.com.tr/ictihat/yuksek-mahkeme/yargitay%20karari/L1F0QUpISEZBK1J0WU1PZmhWakdsUT09","travma, boğaz","Tespit İşlemleri Yönetmeliği ek listelerine göre talus kırığı, ayak bileği EHAlığında kısıtlılık ve travma ... ; davacıda % 44 oranında kalıcı işgücü kaybı ve 9 ay süreyle geçici işgücü kaybı oluştuğu, davacıya travma ... illiyetli olduğunun anlaşıldığı, davacının ayak bileği hareketlerinin %50den çok kaybı, talus kırığı ve travma ... kurulunun teşkili düzenlenmiş olup özürlü sağlık kurulunun, iç hastalıkları, göz hastalıkları, kulak-burun-boğaz"
"416","Anayasa","Bölüm","2018/161","2021/","2021-09-14","cW1EcFV5UWRrdlBqdVRDaGlwQ3B3RGF0Rjk5U2NYMFg","https://mevzuat.sinerjias.com.tr/ictihat/yuksek-mahkeme/yargitay%20karari/cW1EcFV5UWRrdlBqdVRDaGlwQ3B3RGF0Rjk5U2NYMFg","hamile, gebelik, travmaların, travma, travmadan, travmanın","Başvurucu 33 hafta 5 günlük hamile iken ağrı hissetmesi ve gebelik suyunun gelmesi üzerine ikamet ettiği ... olarak müracaat ettiği, öz geçmişinde 12 haftanın altında iki gebelik kaybı ve bir dış gebelik öyküsü ... kapsamından ve bilirkişi raporundan davacı annenin hastaneye gelişi, doğum ve doğum sonrası yaşadığı travmaların ... gerçekleştirmek üzere en yakın yer olan servis odasına alınması ve davacıların bu süreçte yaşadığı travma ... neden olduğu, bebeğin doğum esnasında meydana gelen travma"
"417","Yargıtay","Ceza Genel Kurulu","2018/121","2021/388","2021-09-14","eUVYWGg2dittZjluWXJLVEdSaXpKeU13OEgxNkFhd0E","https://mevzuat.sinerjias.com.tr/ictihat/yuksek-mahkeme/yargitay%20karari/eUVYWGg2dittZjluWXJLVEdSaXpKeU13OEgxNkFhd0E","travması, gebertin","21.00 olarak belirtildiği, Katılanın tedavisi ile ilgili olarak düzenlenen epikrizde; “Darp ve kafa travması ... kestiğini, ... ve ...’in arabanın içinde oturduklarını, ...’in kendisini işaret ederek “Bunu öldürün, gebertin"
"418","Yargıtay","Ceza Genel Kurulu","2017/837","2021/376","2021-09-09","d3VvcnllNjF0cGN0Q1BmMHE3V0lwdU5RWXA0RDBpWHk","https://mevzuat.sinerjias.com.tr/ictihat/yuksek-mahkeme/yargitay%20karari/d3VvcnllNjF0cGN0Q1BmMHE3V0lwdU5RWXA0RDBpWHk","travmasına, gebe","kanında ve safrada uyutucu ve uyuşturucu maddelerin bulunmadığı, kişinin ölümünün künt kafa ve göğüs travmasına ... Konuşmasında sürekli zorluğa, d) Yüzünde sabit ize, e) Yaşamını tehlikeye sokan bir duruma, f) Gebe ... ) Konuşma ya da çocuk yapma yeteneklerinin kaybolmasına, d) Yüzünün sürekli değişikliğine, e) Gebe"
"419","Anayasa","Bölüm","2018/14509","2021/","2021-09-08","S0pmNVM2ZjBWcG82MmQ1N0tYTFQzcUZIWDBLMlhBUEk","https://mevzuat.sinerjias.com.tr/ictihat/yuksek-mahkeme/yargitay%20karari/S0pmNVM2ZjBWcG82MmQ1N0tYTFQzcUZIWDBLMlhBUEk","travmatik, gebelerde","""...iç muayenede kafatasında kırık, kafa içi kanama, patolojik beyin kanaması(travmatik ... doku harabiyeti, iç organ ve büyük damar yaralanması tarif edilmediği dikkate alındığında; kişinin travmatik ... bulguları ve otopsi bulguları birlikte değerlendirildiğinde kişinin ölümünün patolojik beyin kanaması (travmatik ... sonrası hazırlanan adli tıp raporunda ölenin kafasında kırık veya kafa içi kanamasının olmadığının, travmatik ... zehirlenerek öldüğünün tıbbi delilleri bulunmadığının, kişinin ö"
"420","Yargıtay","Ceza Genel Kurulu","2019/597","2021/344","2021-07-06","Y01kQ21MLzZEY08xN3pTTVRkRVQyMkF2eWZmT2QxTWs","https://mevzuat.sinerjias.com.tr/ictihat/yuksek-mahkeme/yargitay%20karari/Y01kQ21MLzZEY08xN3pTTVRkRVQyMkF2eWZmT2QxTWs","travmatik, hamile, boğazını, hamileyken","Cesette başkaca travmatik değişim görülmedi. ... den hamile kaldığını bilmiyordum. ...'in ...' ... in hamile kaldığı dönemde ..., ...' ... Bana göstermiş olduğunuz sarı saplı bıçağı yanımdan çıkardım, boğazını kestim, koparıp saçından tuttum ... Bu fotoğrafı ben hamileyken çekmiş. ...' ... Ben hastaneye annem ile hamile kaldıktan 2 ay sonra gittim. Hastanede hamile olduğumu öğrendim. ... kasıklarına tecavüz yüzünden dolayı ateş ettim, yanına vardığımda hiç ses çıkarmıyordu hareket etmiyordu, boğ"
"421","Danıştay","Daire","2020/6445","2021/3677","2021-06-29","SExra1RjUGhqU2dnMk8wUFpMMDIzWnpOZHh2VzlERis","https://mevzuat.sinerjias.com.tr/ictihat/yuksek-mahkeme/yargitay%20karari/SExra1RjUGhqU2dnMk8wUFpMMDIzWnpOZHh2VzlERis","travmatik, hamile","ekstremitede(kol) defekt nedeniyle bu değerlendirilmenin yapılamadığı, ölümü üzerine etkili harici travmatik ... (çarpma, vurma, darbe) her hangi bir nedenin tespit edilmediği, kişinin hamile olmadığı, cinsel ilişkiye"
"422","Yargıtay","Ceza Genel Kurulu","2017/412","2021/308","2021-06-24","Uk9YUEdkZ2ZJKzQzR0lRbE8yQkYwTkd0ajVLR2tYc0E","https://mevzuat.sinerjias.com.tr/ictihat/yuksek-mahkeme/yargitay%20karari/Uk9YUEdkZ2ZJKzQzR0lRbE8yQkYwTkd0ajVLR2tYc0E","travma, boğazına, boğazından, gebe","Grup Başkanlığınca düzenlenen 08.10.2013 tarihli otopsi raporunda; maktulün travma bulguları; sol uyluk ... , avradını sinkaf ederim."" dedikten sonra sanığın ensesinden vurup yere düşürdüğünü, üzerine abanıp boğazına ... e kafa atacakken bıçağın boğazına denk geldiğini, bundan sonra maktulün sanığı bıraktığını, sanık ve ... in maktulün kollarını kendisinin boğazından çekmeye çalıştığını, bunun üzerine ...' ... maktulün duymadığını zannettiklerini, tam çıkarken maktulün kendisinin ensesinden tutu"
"423","Yargıtay","Hukuk Dairesi","2020/5809","2021/7071","2021-06-23","QS81QUZpRFE3QlFNMVlnSlI1eVVsZkJtL3VOdEFjVGk","https://mevzuat.sinerjias.com.tr/ictihat/yuksek-mahkeme/yargitay%20karari/QS81QUZpRFE3QlFNMVlnSlI1eVVsZkJtL3VOdEFjVGk","gebe, gebeliğin, travma, travmasına",", bu sebeple kısırlaştırıldığını iddia ettiği, eşinin spermiogram sonuçlarına göre normal yollardan gebe ... rahim ve etrafı) enfeksiyonuna bağlı yapışıklıklar görüldüğü, bu durumda tüp bebek uygulaması dışında gebe ... hasta yaşı (ameliyat esnasında 34 yaşında) ve eşinin sperm sayısı azlığı nedeniyle normal yollardan gebe ... kalma şansının düşük olduğu, yapışıklıkların ayrıştırılması ve tüplerin bağlanmasının gebe kalma şansı ... düşük kişide bir kayıp olmadığı, ayrıca bu uygulamanın oluşabile"
"424","Yargıtay","Ceza Dairesi","2020/164","2021/11082","2021-06-23","c0xsU0I4R3dJcjJ4RXpNcjh1RHJ4Ynl1eXR0WGJ4YWo","https://mevzuat.sinerjias.com.tr/ictihat/yuksek-mahkeme/yargitay%20karari/c0xsU0I4R3dJcjJ4RXpNcjh1RHJ4Ynl1eXR0WGJ4YWo","hamile, travmalar, travmatik","sanıklar ve maktulün aynı ikamette yaklaşık 8 yıl birlikte yaşadıkları, maktulün ikinci çocuklarına hamile ... uzun süre hareketsiz kalma sonucu oluşan çok sayıda bası yaraları ile farklı zamanlarda uğradığı künt travmalar ... Müdürlüğünün 21/06/2013 tarihli raporunda ise ""spastisite ve sfinter kusuruyla seyreden miyelopatik (travmatik"
"425","Anayasa","Bölüm","2018/33554","2021/","2021-06-15","OWlTOUV5ak9EODNJTmI3T2ZpeThOVWh2bnRjc1psWjI","https://mevzuat.sinerjias.com.tr/ictihat/yuksek-mahkeme/yargitay%20karari/OWlTOUV5ak9EODNJTmI3T2ZpeThOVWh2bnRjc1psWjI","hamileliğini, hamileliğinden, travması, geberteceğini, boğazlarını","kendilerinde kalması nedeniyle girdiği bunalım sonucu eşinin dördüncü çocuğu istemeyebileceğini düşünerek hamileliğini ... O.Y. 19/8/2004 tarihinde kolluk görevlilerince alınan ek ifadesinde eşinin hamileliğinden ve doğumdan ... Yapılan otopsi işlemi R.G.nin künt kafa travması sonucu subdural beyin kanamasından öldüğünü ortaya koymuştur ... kendisinin öldürdüğünü beyan eden M.P.nin bu hususu kimseye söylememelerini istediğini ve aksi durumda geberteceğini ... görümcesi ile birlikte aynı evde kal"
"426","Yargıtay","Hukuk Dairesi","2019/1462","2021/3088","2021-06-15","MW1SZzZGSEtjeHJUQXUzZWlScTJnSmMxNTlWNjNnRHE","https://mevzuat.sinerjias.com.tr/ictihat/yuksek-mahkeme/yargitay%20karari/MW1SZzZGSEtjeHJUQXUzZWlScTJnSmMxNTlWNjNnRHE","hamile, travmaya",".'a çarpması sonucu sekiz aylık hamile olan ...'ın karnındaki bebeği ile vefat ettiğini belirterek ... ın %80 oranında kusurlu olduğu, müteveffa yaya ...'ın %20 oranında kusurlu olduğu, müteveffanın hamile ... davalılardan ...'ın kusurunun ağırlığı, destek ile davacıların yaşları, aynı kazada desteğin 8 aylık hamile ... ’ın olay anında desteğin yanında bulunması nedeniyle daha ağır bir travmaya maruz kalması ve sair"
"427","Yargıtay","Ceza Genel Kurulu","2020/420","2021/277","2021-06-15","VXVuYzljdWNxc3Q4KzhCeno2elg4alc0WjBQZVMwUFM","https://mevzuat.sinerjias.com.tr/ictihat/yuksek-mahkeme/yargitay%20karari/VXVuYzljdWNxc3Q4KzhCeno2elg4alc0WjBQZVMwUFM","gebelik, travma, travmalarım, gebe","Fatma Yüksel tarafından yapılan başvuruda, çalıştığı resmi kurumda hastadan para aldığı ve uzun süre gebelik ... kendisini kolundan tutup bodruma çekmeye çalıştığını, kolunu sıyırıp adamdan kurtulduğunu, bu durumun travma ... notlar aldığını, sanığın kendisine öyle çıkınca biraz da merak ettiğini söyleyerek \""Hani sen şimdi travmalarım ... şeyi yanlış anlamadığını, gayet iyi olduğunu, bir sıkıntı bulunmadığını söylediğini, sanığın \""İşte travmalarım ... hastalıkları ve doğum uzmanlığının hem has"
"428","Yargıtay","Ceza Genel Kurulu","2020/165","2021/273","2021-06-10","dSs3ZVJVNXQvb296b2Y5TWVJNTVidjc1Z29pUlpGaC8","https://mevzuat.sinerjias.com.tr/ictihat/yuksek-mahkeme/yargitay%20karari/dSs3ZVJVNXQvb296b2Y5TWVJNTVidjc1Z29pUlpGaC8","gebe, travmatik, boğazından","sürekli zayıflaması, konuşmadaki sürekli zorluk, yüzdeki sabit iz, yaşamı tehlikeye sokan bir durum, gebe ... işlevinin yitirilmesi, konuşma ya da çocuk yapma yeteneklerinin kaybolması, yüzdeki sürekli değişiklik, gebe ... düzenlenen 06.10.2017 tarihli raporda; katılan sanığın kafa kubbe ve kaide kemiklerinde kırık, kafa içi travmatik ... in oturduğu masadan kalkarak sanığın boğazından tuttuğunu, bunu gören inceleme dışı sanık ...'"
"429","Anayasa","Bölüm","2017/35564","2021/","2021-06-09","NGV1UTVIdi92TXJ2WGhsYUxZSm0rRklpY1oydzJ1d0k","https://mevzuat.sinerjias.com.tr/ictihat/yuksek-mahkeme/yargitay%20karari/NGV1UTVIdi92TXJ2WGhsYUxZSm0rRklpY1oydzJ1d0k","boğazına, travmatik","R.B. aynı gün saat 14.45 sıralarında B1.7.24 numaralı odadaki sandalye üzerinde boğazına ip geçirmek ... edilen muayeneye ilişkin sağlık fişinde R.B.nin yakınının baş ve omuz bölgelerindeki ağrıdan söz ettiği, travmatik ... yönünde not düşmüş ancak R.B.nin muayenesine ilişkin kayda R.B.nin baş bölgesinde ağrı tarif ettiğini ve travmatik ... infaz koruma memurlarının fiziki müdahalesine maruz kalan R.B., 12/11/2015 tarihinde sandalye üzerinde boğazına"
"430","Yargıtay","Ceza Genel Kurulu","2019/55","2021/261","2021-06-08","bTZMV1Jva3J6ZFlOV2lULzl2QWpWTTBCdHowaFhOMzk","https://mevzuat.sinerjias.com.tr/ictihat/yuksek-mahkeme/yargitay%20karari/bTZMV1Jva3J6ZFlOV2lULzl2QWpWTTBCdHowaFhOMzk","travmatik, travmasına, hamile","ve birlikte öldürücü nitelikte olmadıkları, vücudunda kesici delici alet yaralanmaları ve yaygın küt travmatik ... lezyonlar bulunan kişinin ölümünün küt kafa travmasına bağlı kafa, yüz ve hyoid kemik kırıklarıyla birlikte ... yakmaya başladığını, bunun üzerine maktul ...’ın başına bir iş geldiğini anlayıp fenalaştığını, 3 aylık hamile ... kullanmadığını sadece maktulle yumruklaştığını, olayın eşi Deniz yüzünden meydana geldiğini, eşinin hamile ... maktulün kanında 75 mg/dl etanol bulunduğu, vüc"
"431","Danıştay","Daire","2021/14095","2021/1912","2021-06-03","MGh0VlN5a1VDNnRUcUhmTjNFTlREbEpPMXcycnNoemw","https://mevzuat.sinerjias.com.tr/ictihat/yuksek-mahkeme/yargitay%20karari/MGh0VlN5a1VDNnRUcUhmTjNFTlREbEpPMXcycnNoemw","boğaz, travmatik","bölgede 3x2 cm'lik ödemli şişlik alan mevcut olduğu, kati raporun beyin cerrahi ve kulak burun boğaz ... verilmesinin uygun olacağı"" hususunun, 29/12/2011 günlü raporunda ise; ""sol kulak zarında posterde travmatik"
"432","Yargıtay","Ceza Genel Kurulu","2019/445","2021/249","2021-06-02","V0JDRTBMMEVlMEtsWitpaDJFRVltNTdyU0VHMjhTTGs","https://mevzuat.sinerjias.com.tr/ictihat/yuksek-mahkeme/yargitay%20karari/V0JDRTBMMEVlMEtsWitpaDJFRVltNTdyU0VHMjhTTGs","travmatik, hamile","Yenimahalle Eğitim ve Araştırma Hastanesince mağdure hakkında düzenlenen rapora göre; harici muayenede travmatik ... şey gelip gelmediğini bilmediğini, kendi arka tarafından beyaz bir sıvı geldiğini, âdet olmadığı için hamile ... olabileceğini düşündüğünü, karnında bir şey yürüdüğünü hissettiğini, bu yüzden de hamile olabileceğinin"
"433","Yargıtay","Ceza Genel Kurulu","2019/576","2021/212","2021-05-25","VzRwNTFBaHNyRjdKS1NUWXlySzlZT0gwUGtyS1FIR20","https://mevzuat.sinerjias.com.tr/ictihat/yuksek-mahkeme/yargitay%20karari/VzRwNTFBaHNyRjdKS1NUWXlySzlZT0gwUGtyS1FIR20","travmatik, boğazını","tek başına ölüm meydana getirir nitelikte olduğu, yüz bölgesinde tespit edilen yumuşak doku seyirli travmatik ... ettiğini bildiği maktulle parkta karşılaştıklarını, maktulün belinde bıçak olduğunu, maktulün Ertuğrul’un boğazını ... maktulün yumruklaşmaya başladıklarını, üç kişi ayırmak için müdahale ettikleri sırada maktulün Ertuğrul'un boğazını"
"434","Danıştay","Daire","2021/1481","2021/2420","2021-05-20","VWNUeDd2b2p2RTRoK1k0cFd0QVJxQkZLZjhtQXg0Nms","https://mevzuat.sinerjias.com.tr/ictihat/yuksek-mahkeme/yargitay%20karari/VWNUeDd2b2p2RTRoK1k0cFd0QVJxQkZLZjhtQXg0Nms","gebe, travmatik, gebeliği, gebelik","nin 27 haftalık ikiz gebe olduğu, kişinin ölümünün patolojik (travmatik olmayan) beyin kanaması ve gelişen ... 2016 tarihinde Urla Devlet Hastanesine bulantı, kusma, başağrısı şikayeti ile getirildiği,...hastanın gebeliği ... nin 27 haftalık ikiz gebe olduğu, 21/09/2016 tarihinde Urla Devlet Hastanesi'ne bulantı, kusma ve başağrısı ... sertliği tespit edilmediği, fizik muayenesi ve biyokimyasal tetkiklerinin istendiği, daha sonra ikiz gebelik ... hareketliliğin her yöne serbest olduğu, tansiyonu"
"435","Anayasa","Bölüm","2018/4619","2021/","2021-05-18","elpLRldmaXFYVlZ0RDRoc0FDcThIdnZkbmhqelhBdHo","https://mevzuat.sinerjias.com.tr/ictihat/yuksek-mahkeme/yargitay%20karari/elpLRldmaXFYVlZ0RDRoc0FDcThIdnZkbmhqelhBdHo","travmatik, hamile, boğazı, gebertirim","Harici muayenede yukarıda tarif edilenler dışında herhangi bir yeni oluşmuş travmatik değişim, kesici ... Haricen başkaca travmatik ... 3-Vücudunda ölümüne müessir travmatik ... İleriki zamanlarda kızım hamile kaldı. ... Oysa kızımın boğazı etrafında başka morluk bulunmamaktadır. ... Fakat [H.] telefonda [D.ye] 'Gelme, gelirsen seni gebertirim' diye konuşunca [D.yi] yanına gitmesinden ... Tıp Kurumu Antalya Grup Başkanlığı Morg İhtisas Dairesinin raporuna göre, vücudunda ölümüne müessir travmati"
"436","Anayasa","Bölüm","2016/9123","2021/","2021-05-18","U3Y2blFyZnpldHRPTFBWMktrNEd1SUhqRFQ3NVk1UFU","https://mevzuat.sinerjias.com.tr/ictihat/yuksek-mahkeme/yargitay%20karari/U3Y2blFyZnpldHRPTFBWMktrNEd1SUhqRFQ3NVk1UFU","travma, travmanın, gebeler, travmaya","Daha sonra yapılan görüşmeler ve uygulanan MMPI ve Roschach testleri sonucunda yaklaşık 6-7 ay önce travma ... Test sonuçlarına ve görüşmelere yansıdığı kadarıyla yaşadığı travmanın cinsel içerikli şiddet içeren ... bir travma olduğu ve hastamız üzerinde kalıcı hasar bıraktığı gözlenmiştir. ... arkadaşım olan [M.K.]yla birlikte kendisinin daveti üzerine Fethiye Saklıkent yolu üzerinde bulunan gebeler ... Burada bir süre kaldıktan sonra oradan Gebeler kaplıcasına doğru yola çıktık. ... Saat 11:00"
"437","Yargıtay","Ceza Genel Kurulu","2019/614","2021/199","2021-05-04","cE1lMms0dDNYZXpNYlFWS3k5NkluczdsVWVUbkRDRzE","https://mevzuat.sinerjias.com.tr/ictihat/yuksek-mahkeme/yargitay%20karari/cE1lMms0dDNYZXpNYlFWS3k5NkluczdsVWVUbkRDRzE","boğazını, boğaz, travmatik, hamile, hamilelik, hamilelikten","başlamış bilmem ney falan ben de sağlık memuruyum zaten koştum ağzını falan sildim ondan sonra kusmuk boğazını ... tartıldığı, beyin-beyincik yüzeyi ve kesitlerinde konjesyon ve ödem haricinde patoloji görülmediği, ağız-boğaz-boyun ... tartıldığı, beyin-beyincik yüzeyi ve kesitlerinde konjesyon ve ödem haricinde patoloji görülmediği, ağız-boğaz-boyun ... Grup Başkanlığında yapılan otopside herhangi bir travmatik lezyon saptanmadığı, alınan organ örneklerinin ... ın hamile eşi, ... ve ... geldile"
"438","Yargıtay","Hukuk Genel Kurulu","2017/2-1886","2021/510","2021-04-20","SnFacDk2aFIxUHc4NTA4TCtMOUFJUVB3S1B1Ty9DdlI","https://mevzuat.sinerjias.com.tr/ictihat/yuksek-mahkeme/yargitay%20karari/SnFacDk2aFIxUHc4NTA4TCtMOUFJUVB3S1B1Ty9DdlI","hamilelik, hamile, hamileliğine, travmatik, gebelikle, gebeliğin",", ortak çocuklarının bulunmadığını, davalının birlik görevlerini yerine getirmediğini, müvekkilinin hamilelik ... dilekçesinde; tüm iddiaları inkârla, davacının halası ile hastaneye gittiğini, akşam geldiğinde hamile ... olduğunu söylediğini, eşinin hamileliğine çok sevindiğini, ... ... ifadesinden davalının bir araya gelme isteğinde bulunarak yaşanan bütün olayları affettiği, yaşanan travmatik ... bıraktığı, davacının annesinin Sivas’ta yaşadığı, kadın eşin evlendikten kısa bir süre sonra hamil"
"439","Danıştay","Daire","2019/6614","2021/1477","2021-03-30","U0FKUFJlam9KcGJxcnUwQXBRYkFQdy9HSDY5UHVYTFk","https://mevzuat.sinerjias.com.tr/ictihat/yuksek-mahkeme/yargitay%20karari/U0FKUFJlam9KcGJxcnUwQXBRYkFQdy9HSDY5UHVYTFk","travmaya, travma, travmanın, boğaz","İhtisas Kurulunun raporunda; ""BOS rinorenin davacının operasyon öncesi ya da operasyon sonrası travmaya ... 'nin rinolojik cerrahi sonrası olduğu, davacının öyküsünde ameliyat öncesi ya da sonrası böyle bir travma ... Araştırma Hastanesi Tıp Dergisi sayfa 204-305-206) ""BOS rinoreli vakalarının %96'sının etyolojik nedeninin travma ... yapıldığının görüldüğü, dolayısıyla hastanın yaşadığı beyin omurilik sıvısı akıntısının mutlak suretle bir travma ... sonucu oluşacağı ve bu travmanın da %80 kaza s"
"440","Yargıtay","Ceza Genel Kurulu","2016/624","2021/150","2021-03-30","ZU1xdEl5TC84Sk4xdDFQK0s4dzAzWGVXdGdCUkM1Nk8","https://mevzuat.sinerjias.com.tr/ictihat/yuksek-mahkeme/yargitay%20karari/ZU1xdEl5TC84Sk4xdDFQK0s4dzAzWGVXdGdCUkM1Nk8","travmatik, boğazının, boğazına","durumunun iyi olduğunun, yaralanmasının basit bir tıbbi müdahale ile giderilebilir nitelikte olduğunun, travmatik ... laserasyon, ağız kenarı solda 2x3 cm'lik boyutunda sıyrık, sol elde çok sayıda sıyrık olduğunun, başka travmatik ... nin yaralandığını, boğazının sol kısmından kan geldiğini gördüğünü, mağdur ...' ... nin boğazına ve karnına vurduğunu, aracına binerek tedavisini yaptırmak üzere ..."
"441","Danıştay","Daire","2019/7624","2021/1437","2021-03-29","OURrVGtTTlFjSndpekdndG5lZ252RTNUR2hoZVFqNXY","https://mevzuat.sinerjias.com.tr/ictihat/yuksek-mahkeme/yargitay%20karari/OURrVGtTTlFjSndpekdndG5lZ252RTNUR2hoZVFqNXY","travmatoloji, boğaz","başlığı altında yer alan işlemlerin, fiziksel tıp veya rehabilitasyon uzman hekimleri dışında ortopedi ve travmatoloji ... , nöroloji, spor hekimliği, tıbbi ekoloji ve hidroklimatoloji, beyin cerrahisi, kulak burun ve boğaz ... işlemlerin ilgili uzmanlık dallarına göre fiziksel tıp ve rehabilitasyon uzman hekimleri dışında ortopedi, travmatoloji ... rehabilitasyon uzman hekimleri olmayıp bunun dışında kendi uzmanlık alanları ile ilgili ortopedi ve travmatoloji ... , nöroloji, spor hekimliği, tıb"
"442","Yargıtay","Ceza Genel Kurulu","2017/776","2021/134","2021-03-23","L0YzWkJsdktuZjZLMlZjZ0pPQ1JNQkVWbVBzZUh1Ri8","https://mevzuat.sinerjias.com.tr/ictihat/yuksek-mahkeme/yargitay%20karari/L0YzWkJsdktuZjZLMlZjZ0pPQ1JNQkVWbVBzZUh1Ri8","travma, travmanın, hamile","düzenlenen raporda; kendisinde olaydan kaynaklanmış ve ruh sağlığını bozacak mahiyet ve derecede olan travma ... düzenlenen sosyal inceleme raporunda; mağdurenin ifadelerinin anlaşılır, konuşmasının düzgün olduğu, yaşanan travmanın ... etkilerinin azalarak sürdüğü ve zaman zaman uyku problemi yaşadığı, travma sonrası özellikle karşı cinse ... , zor zamanlarında ona yardımcı olduğunu, sanıktan böyle bir olay beklemediğini, mağdurenin evli ve hamile"
"443","Yargıtay","Ceza Dairesi","2020/3401","2021/4756","2021-03-22","NG1YdUovNjhDYWx1VkhET25NbllITm5PcFNuUE8wN0Y","https://mevzuat.sinerjias.com.tr/ictihat/yuksek-mahkeme/yargitay%20karari/NG1YdUovNjhDYWx1VkhET25NbllITm5PcFNuUE8wN0Y","hamile, travmasına","nın ikinci kez hamile kaldığı, sanığın 27/01/2016 günü maktulü darp etmesi üzerine, bilinci kapalı bir ... sanığın maktulü yeniden kuvvetli bir şekilde darp ettiği, acilen hastaneye kaldırılan maktulün, künt kafa travmasına"
"444","Yargıtay","Ceza Genel Kurulu","2020/126","2021/130","2021-03-18","YjRqM0RyalNSWEVkMUF5aUxuK1dtTE5MNzZBMnlKRGQ","https://mevzuat.sinerjias.com.tr/ictihat/yuksek-mahkeme/yargitay%20karari/YjRqM0RyalNSWEVkMUF5aUxuK1dtTE5MNzZBMnlKRGQ","travmatik, boğazını","söylediği, mağdurenin litotomi pozisyonunda yapılan hymen muayenesinde; genital bölgede herhangi bir travmatik ... tonusunun doğal olduğu, anal yolla ırza geçme sonrası görülmesi beklenen ekimoz ve mukoza yırtığı gibi travmatik ... ile hile, tehdit ya da rıza gibi nedenlerle direncin kırıldığı durumlarda, anal sfinkterin çok büyük travmatik ... yapılan anal muayenesinde herhangi bir özellik görülmemesinin doğal olduğu, mağdurenin haricen vücudunda travmatik ... gitmeye karar verdim."" dediğini, b"
"445","Danıştay","Daire","2016/5664","2021/1533","2021-03-12","emE3Y0lSMHhSZDgySTZwTVJ0UmFuZkFFWHEyd3ZuZEk","https://mevzuat.sinerjias.com.tr/ictihat/yuksek-mahkeme/yargitay%20karari/emE3Y0lSMHhSZDgySTZwTVJ0UmFuZkFFWHEyd3ZuZEk","gebelik, travmatik, hamile","Teşkilatı Sağlık Şartları Yönetmeliği'nin EK-3-V-A maddesinin 1. fıkrasının son cümlesinde düzenlenen ""Gebelik ... DAVACININ İDDİALARI : Davacı vekili tarafından, müvekkilinde bulunan gebelik halinin geçici bir durum ... Devlet Hastanesinden aldırılan sağlık raporunda, ""Teşhis: 13 hafta 3 gün gebelik Karar: ""İlgili Okul ... Öğrenci Adayı Olamaz"" kararı verildiği, hipertiroidi ve gebelik durumu yönünden, Ankara Atatürk Eğitim ... Devlet Hastanesinden aldırılan sağlık raporunda, ""Teşhis: 13 hafta "
"446","Yargıtay","Ceza Dairesi","2020/1264","2021/2023","2021-03-11","U3p5cGhwc0tQVUUvRWw4ZHZyU1ZxZDZzTFk3ZXhDODg","https://mevzuat.sinerjias.com.tr/ictihat/yuksek-mahkeme/yargitay%20karari/U3p5cGhwc0tQVUUvRWw4ZHZyU1ZxZDZzTFk3ZXhDODg","boğazından, travmatik","suç tarihinden önce tanışıp, ara ara evine gelen on dört yaşındaki mağdur ... evinde bulunduğu sırada boğazından ... tarihli doktor raporunda mağdurun yapılan muayenesinde anal pililerin düzenli olup, eski veya yeni travmatik"
"447","Yargıtay","Ceza Genel Kurulu","2017/3-1066","2021/85","2021-03-09","ZWxKTEg5VVgzSS9BbHp0SEgxVTkzbUs4VjJ2bUkvKys","https://mevzuat.sinerjias.com.tr/ictihat/yuksek-mahkeme/yargitay%20karari/ZWxKTEg5VVgzSS9BbHp0SEgxVTkzbUs4VjJ2bUkvKys","travma, boğazından, boğazına, boğazında, boğazını","kesi izi olduğu görülmüş, Adli Tıp Kurumu raporunun ayrıntılı incelenmesinde, sanığın müştekiyi küt travma ... ile sonuçlanacak şekilde yaraladığı, ayrıca kolundan ve boğazından bıçakla yaraladığı, yaraların çene ... başladıklarını, tartışma sırasında Musa'nın kendisini darbettiğini, eline aldığı ekmek bıçağını boğazına ... dayadığını, bileğine bıçağın ucunu batırdığını, vücudunun çeşitli yerlerinde morluklar, boğazında ve ... bastırıp ""Seni öldüreceğim"" dediğini, mutfaktan aldığı ekmek bıçağıyl"
"448","Yargıtay","Ceza Genel Kurulu","2019/1-542","2021/42","2021-02-18","emp2MWhtejFUcWVCMTVWcitLbHZzalgxdXVMWE84RCs","https://mevzuat.sinerjias.com.tr/ictihat/yuksek-mahkeme/yargitay%20karari/emp2MWhtejFUcWVCMTVWcitLbHZzalgxdXVMWE84RCs","travması, boğazına","bulgularına göre; ika edilen aletin bir kenarının keskin, diğer kenarının küt nitelikte olduğu, küt kafa travması ... ’ın elindeki kabloyu maktulün boğazına geçirip boğmak için hamle yaptığını ancak kablonun maktulün"
"449","Yargıtay","Ceza Dairesi","2020/1204","2021/662","2021-01-26","RW10R1B5eW5KQUdkNVpFNGdESm9oWk9kT0VNZWppNmc","https://mevzuat.sinerjias.com.tr/ictihat/yuksek-mahkeme/yargitay%20karari/RW10R1B5eW5KQUdkNVpFNGdESm9oWk9kT0VNZWppNmc","travmatik, gebe","2019 tarihli rapora göre müştekilerin vücudunda tıbben yaralanma olarak değerlendirilebilecek harici travmatik ... , c) Konuşmasında sürekli zorluğa, d) Yüzünde sabit ize, e) Yaşamını tehlikeye sokan bir duruma, f) Gebe ... yitirilmesine, c) Konuşma ya da çocuk yapma yeteneklerinin kaybolmasına, d) Yüzünün sürekli değişikliğine, e) Gebe ... hassasiyet bulgusu dışında, kişinin vücudunda tıbben yaralanma olarak değerlendirilebilecek objektif harici travmatik ... 21.10.2019 tarihli raporlarda vücut"
"450","Yargıtay","Ceza Dairesi","2019/3783","2021/511","2021-01-21","a25GZ0hZdlk4Y3A1T1JmbGQwUzhBc1UwUFlrc21XUzc","https://mevzuat.sinerjias.com.tr/ictihat/yuksek-mahkeme/yargitay%20karari/a25GZ0hZdlk4Y3A1T1JmbGQwUzhBc1UwUFlrc21XUzc","boğazından, travmatik",".'nın hasta olduğunu söylemesi üzerine kontrol ettiğinde boğazından hırlama sesleri duyduğu, saat ... otopsi raporunda bulunan veriler değerlendirildiğinde, otopsisinde kişinin vücudunda dış muayenede travmatik ... beyin doku harabiyeti, beyin kanaması, iç organ ve büyük damar lezyonu tarif edilmediğine göre kişinin travmatik ... ağladığını sorduğu, annesinin bebeğin hasta olduğunu söylediği, kendisinin bebeğin yanına gidip baktığında boğazından"
"451","Yargıtay","Ceza Genel Kurulu","2020/346","2020/527","2020-12-17","dEJuQUtmQUN3dHZSSHJiVkZrdFpWenVwYjc2WmEzeU4","https://mevzuat.sinerjias.com.tr/ictihat/yuksek-mahkeme/yargitay%20karari/dEJuQUtmQUN3dHZSSHJiVkZrdFpWenVwYjc2WmEzeU4","travması, boğazında, geberse","bölgesindeki yaraların künt bir cisimle doğrudan vurulmak suretiyle meydana geldiği, ölümün künt kafa travması ... birikintisi üzerine düşmüş vaziyette olduğu, gözlüğünün göğsünün üzerinde, gözlüğe bağlı siyah ipin boğazında ... öldürülmesi hususunda konuşmadıklarını, sanık ...’in bazen kayınvalidesiyle ilgili “Ölse de kurtulsak, geberse ... sırtüstü yatar vaziyette bulunduğu, maktulün başına küt bir cisim ile vurulmak suretiyle darbedilerek kafa travması"
"452","Danıştay","Daire","2019/6254","2020/6128","2020-12-14","SlVXOElTNEFZNExQQVE3UEpIUktrZEpYb1N0V3padzY","https://mevzuat.sinerjias.com.tr/ictihat/yuksek-mahkeme/yargitay%20karari/SlVXOElTNEFZNExQQVE3UEpIUktrZEpYb1N0V3padzY","boğazlıyan, travmalar","in 08/07/2007 tarihinde solunum sıkıntısı şikayeti ile getirildiği Boğazlıyan Devlet Hastanesinde geç ... in 08/07/2007 tarihinde solunum sıkıntısı şikayetiyle öğle saatlerinde Boğazlıyan Devlet Hastanesine ... değerlendirildiğinde, bebeğin sendromik bebek, sık akciğer enfeksiyonu nedeniyle takip edildiği, olay günü başvurduğu Boğazlıyan ... sebepler ile çocuğunu ve kardeşini idarenin ağır hizmet kusuru sonucu kaybeden davacıların, yaşadığı ağır travmalar ... in 08/07/2007 tarihinde solunum sıkı"
"453","Yargıtay","Ceza Dairesi","2020/1531","2020/3275","2020-12-09","VzhkMitMN3Z2Q1l2enNSMWVGSzMrUmpzcTE0SXRkTGE","https://mevzuat.sinerjias.com.tr/ictihat/yuksek-mahkeme/yargitay%20karari/VzhkMitMN3Z2Q1l2enNSMWVGSzMrUmpzcTE0SXRkTGE","travmasına, gebertirim","içeriğine göre görevlilere ""beni darp ediyordu, ben de kaçtım"" dediği, ATK raporuna göre genel beden travmasına ... nın beyanlarından sanığın maktule gebertirim lan şeklinde söz söylediği sabit olmuştur. ... Maktulün 5. kat balkondan aşağıya atlaması tamamen sanığın şiddetine ve gebertirim lan şeklinde beyanlarına"
"454","Anayasa","Bölüm","2017/39945","2020/","2020-12-03","K0tuZFJ3UEs5ZDFnTmZQU1FyUlJHZDJDR2tHUFFIL2U","https://mevzuat.sinerjias.com.tr/ictihat/yuksek-mahkeme/yargitay%20karari/K0tuZFJ3UEs5ZDFnTmZQU1FyUlJHZDJDR2tHUFFIL2U","travmatik, geberteceğim, travma, travmaya","Raporda başvurucunun bedeninde yeni travmatik bir bulguya rastlanmadığı belirtilmiş, ayrıca raporun şik ... Sen kimsin lan, bana işimi mi öğretiyorsun' diyerek, kendisini tartakladığını, daha sonra da 'Geberteceğim ... karakterize müsküler strain (kas yırtılması) görüldüğü; muayene ve görüntüleme bulgularının aktarılan künt travma ... - Başvuranın yaşadığı travmatik ... - Kişinin öyküde aktardaki travmatik ... değerlendirilen fiziksel ve ruhsal bulguların özellikleri; kişinin bu süreçte insan el"
"455","Yargıtay","Ceza Dairesi","2020/13784","2020/17120","2020-11-24","bVhIYUpYa3BaQnVOZE0yMkN6RU5Ra1lIM0sveXRhM1Q","https://mevzuat.sinerjias.com.tr/ictihat/yuksek-mahkeme/yargitay%20karari/bVhIYUpYa3BaQnVOZE0yMkN6RU5Ra1lIM0sveXRhM1Q","gebeliğin, travmaya","İhtisas Kurulunun raporuna göre ""...dolayısıyla, gebeliğin düşükle sonuçlanmasının travmaya mı bağlı ... olduğu yoksa gebeliğin kendisinden gelişen bir durum mu olduğu hususunda tıbben ayrım yapılamadığı""nın"
"456","Yargıtay","Ceza Dairesi","2018/2070","2020/2606","2020-11-02","bldNNnR6Zm5Nb0g2TElOR245YzNFbVBKTHdZMmJDajQ","https://mevzuat.sinerjias.com.tr/ictihat/yuksek-mahkeme/yargitay%20karari/bldNNnR6Zm5Nb0g2TElOR245YzNFbVBKTHdZMmJDajQ","travmasına, boğaz","üzerinde yaptığı klasik otopside elde ettiği bulgulardan edindiği kanaate dayalı olarak ''1-Şahısta kafa travmasına ... subaraknoid kanamaların mevcut olduğu, bu yaralanmaların müstakilen öldürücü nitelikte olduğu, 2-Ağız, boğaz ... şahsın ölümü üzerinde bağla veya elle boğmaya bağlı mekanik asfiksinin etkili olduğu, 3-Şahsın kafa travmasına"
"457","Yargıtay","Ceza Dairesi","2020/11517","2020/14966","2020-10-28","aFRTNjJNaVFpV1l1U3Nub1ZMYWp6YUY1QnBYVkhVV3I","https://mevzuat.sinerjias.com.tr/ictihat/yuksek-mahkeme/yargitay%20karari/aFRTNjJNaVFpV1l1U3Nub1ZMYWp6YUY1QnBYVkhVV3I","travmatoloji, boğaz","sağ elde kızarıklık ve şişlik"" mevcut olduğunun belirtildiği, Özel Medikent Hastanesi Ortopedi ve Travmatoloji ... müdahale ile giderilemez olduğunun açık olarak belirtilmediği yine Özel Medikent Hastanesi Kulak Burun Boğaz"
"458","Yargıtay","Ceza Genel Kurulu","2020/28","2020/426","2020-10-20","RllyUmNnaUJNN2xYb3J6eDkwK1BxaDhKNGladmpKdTU","https://mevzuat.sinerjias.com.tr/ictihat/yuksek-mahkeme/yargitay%20karari/RllyUmNnaUJNN2xYb3J6eDkwK1BxaDhKNGladmpKdTU","travma, hamile","düzenlenen 13.04.2012 tarihli rapora göre; katılan mağdurede yaşadığı iddia edilen olaya bağlı olarak travma ... da yıkamasını istediğini, katılan mağdurenin yaşadığını ifade ettiği olaya bağlı olarak ortaya çıkan travma ... olduğunun değerlendirildiği, katılan mağdurenin öyküsü ve ayrıntılı ruhsal durum muayenesinde saptanan travma ... şekilde hareket ettiğini, daha sonra cinsel organını çıkararak karın bölgesine boşaldığını, kendisine ""Hamile ... belirtilmesinin yanı sıra katılan mağdurenin öy"
"459","Bölge Adliye Mahkemesi","14. Hukuk Dairesi","2018/2279","2020/1062","2020-10-15","bzZBUGw1SXNaQjlCZzkwb0hId1VnQT09","https://mevzuat.sinerjias.com.tr/ictihat/yuksek-mahkeme/yargitay%20karari/bzZBUGw1SXNaQjlCZzkwb0hId1VnQT09","boğaz, gebelik, travma","bölgesinde ödem oluştuğunun tespit edildiğini, şikayetlerinin geçmemesi üzerine Nöroloji ve Kulak Buran Boğaz ... aldığını, burada antidepresan ilaçlar kullanılmasının önerildiğini, bunların yanı sıra en önemlisi gebelik ... gitmesine neden olan rahatsızlığının sözkonusu gemi kazasından kaynaklandığının ispat edilmesi gerektiğini, gebelik ... Kurumundan alınan rapora göre söz konusu yaralanmadan dolayı maluliyeti gerektirir bir durumunun olmadığı, gebelik ... sonucu yaralanmış olması, bundan dol"
"460","Yargıtay","Ceza Dairesi","2016/14939","2020/11359","2020-10-13","bXRYaERid1hka2NuYzRjQSsra3RwbFVodmZ5bTNNczk","https://mevzuat.sinerjias.com.tr/ictihat/yuksek-mahkeme/yargitay%20karari/bXRYaERid1hka2NuYzRjQSsra3RwbFVodmZ5bTNNczk","boğaz, travmaya","Şevki Atasagun Nevşehir Devlet Hastanesinde kulak burun boğaz uzmanı tarafından düzenlenen 12/10/2012 ... tarihli kati raporda ''mevcut burun kırığı travmaya bağlı ise yüzünde sürekli değişikliğe neden olduğu"
"461","A.İ.H.M.","A.İ.H.M.","2012/261","2020/","2020-10-13","VHVwR0lVMWZvYXNHRDNIL0pvSEZYejBhMFY0QjlEL0c","https://mevzuat.sinerjias.com.tr/ictihat/yuksek-mahkeme/yargitay%20karari/VHVwR0lVMWZvYXNHRDNIL0pvSEZYejBhMFY0QjlEL0c","travmaya, hamile","düşürme iddiası konusunda sorgulanan uzmanlar, adli tıpla ilgili geçmiş örneklere göre, bu türden bir travmaya ... Dadaeva’nın çocuk düşürdüğü yönündeki iddiaya ilişkin olarak, Cumhuriyet Savcısı, başvuranın hamile"
"462","Yargıtay","Ceza Genel Kurulu","2017/393","2020/408","2020-10-08","aGVNbWczL1lyQjQ5K0FNcG94SjdYNXJnTmViSFV4Y0E","https://mevzuat.sinerjias.com.tr/ictihat/yuksek-mahkeme/yargitay%20karari/aGVNbWczL1lyQjQ5K0FNcG94SjdYNXJnTmViSFV4Y0E","travmatik, boğazından","laserasyonlarına, sonrasında her iki organın da alınmasına ve yumuşak doku lezyonlarına neden olan künt travmatik ... ölçüde hafif nitelikte olmadığı, vücutta kemik kırığı tanımlanmadığı, yüz sınırları içinde herhangi bir travmatik ... ...’ın kendisini darbettiklerini, sanık ...’ın iple ayağını bağladığını, inceleme dışı sanık ...’ın boğazından"
"463","Yargıtay","Ceza Genel Kurulu","2020/1-5","2020/376","2020-09-24","aVFwY1E4NmxKcmw0MzE0cEJzclF6V29mYXh1L3Z5T2c","https://mevzuat.sinerjias.com.tr/ictihat/yuksek-mahkeme/yargitay%20karari/aVFwY1E4NmxKcmw0MzE0cEJzclF6V29mYXh1L3Z5T2c","travmasına, boğazını","bulunduğu, safrada Klomipramin ve Methandriol Dipropionate tespit edildiği, kişinin ölümünün küt kafa travmasına ... ""Ben Kanlıbağlıyım” deyince ayağa kalktığını, bu esnada maktulün kendisinin üzerine yürüyüp, boğazını ... taşın başına isabet etmesi sonucu yaralanarak yere düşen maktulün kaldırıldığı hastanede, küt kafa travmasına ... tavanda multipl lineer kırık hatları oluşacak şekilde yaralandığı ve buna bağlı olarak künt kafatası travmasına"
"464","Anayasa","Bölüm","2017/14734","2020/","2020-09-16","aUZMUEdBS2V0RjNkSE1QOVdlNzhaTmd0b29YS3R5ckI","https://mevzuat.sinerjias.com.tr/ictihat/yuksek-mahkeme/yargitay%20karari/aUZMUEdBS2V0RjNkSE1QOVdlNzhaTmd0b29YS3R5ckI","boğaz, travmatik","Ağız-Boğaz-Boyun ... 2-Kişinin ölümüne tesir edecek mahiyette travmatik"
"465","Anayasa","Genel Kurul","2017/31619","2020/","2020-07-23","WDJQZjlDZ082YTR6bkhqTlhFelhHclRnN21aaEcrY0Q","https://mevzuat.sinerjias.com.tr/ictihat/yuksek-mahkeme/yargitay%20karari/WDJQZjlDZ082YTR6bkhqTlhFelhHclRnN21aaEcrY0Q","hamile, gebelik, gebelikte, travmatik, gebeliğin, gebelikle","Başvurucu 15/5/2017 tarihinde kollukta alınan ifadesinde; kimden hamile kaldığını bilmediğini, ilk cinsel ... Somut olayda gebelik süresinin on haftayı geçmiş olduğu ve gebelikte annenin hayatını tehlikeye atan ... açıdan travmatik süreç yaşamasından dolayı gebeliğin sonlandırılmasının hem anne hem de ceninin (bebek ... e) Barınma tedbiri, barınma yeri olmayan çocuklu kimselere veya hayatı tehlikede olan hamile ... AİHM'e göre hamile olan bir kadının özel hayatı, gelişmekte olan cenininkiyle sık"
"466","Yargıtay","Ceza Dairesi","2020/3583","2020/8853","2020-07-07","NW1ETEdVVEp1TWlTNnFjSUZhcGhRY2tUbjJ5ZDlmMFI","https://mevzuat.sinerjias.com.tr/ictihat/yuksek-mahkeme/yargitay%20karari/NW1ETEdVVEp1TWlTNnFjSUZhcGhRY2tUbjJ5ZDlmMFI","boğaz, travmaya","sebeplerinin reddine, ancak; a) Müşteki ... hakkında Akçakale Devlet Hastanesi kulak burun boğaz ... uzmanı tarafından düzenlenen 27.02.2013 tarihli adli raporda; “yapılan kulak burun boğaz fizik muayenesinde ... uzmanı tarafından düzenlenen 27.02.2013 tarihli adli raporda; “yapılan kulak burun boğaz fizik muayenesinde ... uzmanınca düzenlenen 21.02.2013 tarihli adli raporda; “yapılan kulak burun boğaz muayenesi ve os nazal ... yan grafisinin incelenmesi sonucunda os nazalde travmaya bağlı non-d"
"467","Yargıtay","Ceza Dairesi","2020/6523","2020/8480","2020-07-02","cGpYUHNQVmFIcXA2ODN2TlpaWTV3Sm10eXhlcnpzejQ","https://mevzuat.sinerjias.com.tr/ictihat/yuksek-mahkeme/yargitay%20karari/cGpYUHNQVmFIcXA2ODN2TlpaWTV3Sm10eXhlcnpzejQ","boğaz, travmatik","Devlet Hastanesinde görevli kulak burun boğaz uzmanı tarafından düzenlenen adli raporlarda, sol santralde ... 4x3 mm'lik travmatik perforasyon şeklindeki yaralanmanın basit tıbbi müdahale ile giderilemez olduğunun"
"468","Yargıtay","Ceza Dairesi","2019/11498","2020/3604","2020-06-25","cDZnVUtDTzBhNjBoajZMWFoyRWlDRTkvaVRBSjdzN24","https://mevzuat.sinerjias.com.tr/ictihat/yuksek-mahkeme/yargitay%20karari/cDZnVUtDTzBhNjBoajZMWFoyRWlDRTkvaVRBSjdzN24","travması, boğaz","in ise ezilme nedeniyle genel beden travması sonucu, -İstanbul Büyükşehir Belediyesi Binası önünde ... nun ise tankla ezilme nedeniyle genel beden travması sonucu, -Harbiye semtinde bulunan TRT binası ... in künt kafa travması, .....nın ise köprü yolu üzerindeki Ümraniye Çakmak Köprüsü civarında tankla ezilme ... nedeniyle genel beden travması sonucu, -İstanbul Emniyet Müdürlüğü yakınında bulunan Ak Parti Fatih ... in ise tank topu atışına bağlı genel beden travması sonucu hayatını kaybettiği, a"
"469","Anayasa","Bölüm","2017/35569","2020/","2020-06-18","SlBaSXlFbVlJbnhQb0g2dWRPNGVqOHIvVnRUS0JwZG0","https://mevzuat.sinerjias.com.tr/ictihat/yuksek-mahkeme/yargitay%20karari/SlBaSXlFbVlJbnhQb0g2dWRPNGVqOHIvVnRUS0JwZG0","gebeliğin, hamile, travmatik, travma, gebeliğinin","Başvuru, aile bireyleri tarafından kasten yaralanma neticesinde gebeliğin sona ermesine rağmen sorumlular ... 7. 1995 doğumlu olan başvurucu, olay tarihinde yaklaşık 3 aylık evli ve 7 haftalık hamile ... kaybının 01/03/2017 tarihli künt travmatik eylemle somut illiyet bağı bulunup bulunmadığı, herhangi ... bir travmatik eylem olmaksızın spontan abortusların mümkün olup olmadığı"" hususlarında düzenlenecek ... hazırlanmış, genel adli muayene raporundaki gözlemler tekrar edilerek başvurucunun yaptı"
"470","Anayasa","Bölüm","2014/14048","2020/","2020-06-10","OUVZT3VXaGlXUFhPMzJzZEEyODRlZXNudFB5Q25KdzA","https://mevzuat.sinerjias.com.tr/ictihat/yuksek-mahkeme/yargitay%20karari/OUVZT3VXaGlXUFhPMzJzZEEyODRlZXNudFB5Q25KdzA","hamile, travma","kayıtlı olmayan Kerem Yıldırım'ın da hayatını kaybettiğini hatta Asiye Yıldırım'ın olay anında hamile ... bombalama yapıldığı iddia edilen ve ""devletin kudretinin"" dâhil olduğu böylesine bir olayda travma"
"471","Bölge Adliye Mahkemesi","2. Hukuk Dairesi","2019/1961","2020/587","2020-06-04","NFBzbkVYcmxSalRKOVlRYnNpdm82QT09","https://mevzuat.sinerjias.com.tr/ictihat/yuksek-mahkeme/yargitay%20karari/NFBzbkVYcmxSalRKOVlRYnNpdm82QT09","hamileyken, hamile, travması","itibaren de davalının davacıyı sürekli dövdüğünü, davalının dövme fiilini müvekkilinin ikiz çocuklara hamileyken ... ettiği üzere davalının sürekli olarak davacıya küfür, hakaret ettiği, kabirdeki babasına bile sövdüğü, hamile ... olduğunu, davacının babası hayatta iken babasının ağır şekilde dayak atması nedeniyle davacının beyin travması ... bozuk olduğunu, sürekli küfürlü kelimeler kullandığını, davalıya küfürler ettiğini, davalının davacıyı hamile"
"472","Yargıtay","Ceza Genel Kurulu","2016/3-794","2020/259","2020-06-04","TEtVZ0dXNkt2cmdoZmFTWW1UeHlZNG5TWnY4ZFAwSGY","https://mevzuat.sinerjias.com.tr/ictihat/yuksek-mahkeme/yargitay%20karari/TEtVZ0dXNkt2cmdoZmFTWW1UeHlZNG5TWnY4ZFAwSGY","travmatik, gebe","Müdürlüğünce hazırlanan 06.03.2006 tarihli raporda; alkolsüz olan sanığın vücudunda haricen herhangi bir travmatik ... e) Gebe ... e) Gebe"
"473","Yargıtay","Ceza Genel Kurulu","2020/1-164","2020/239","2020-05-28","VElxbFgyNm1RRVErUHFkMm1Qa3lhRjl2eGdMbE5mZk4","https://mevzuat.sinerjias.com.tr/ictihat/yuksek-mahkeme/yargitay%20karari/VElxbFgyNm1RRVErUHFkMm1Qa3lhRjl2eGdMbE5mZk4","hamile, travmatik","Erdim; ""...Sanık annenin, evlilik dışı ilişki sonucu hamile kaldığı bebeğini doğumdan üç gün sonra ... müdahaleye ait iğne izi görüldüğü, yine sağ el sırtında da iğne izi bulunduğu, harici olarak başkaca travmatik ... İstanbul Birinci Adli Tıp İhtisas Kurulunun 09.04.2014 tarihli raporunda; bebeğin travmatik ... kendisine anlattığını, Taner Taşçı isimli bir kişiyle arkadaşlık yaptığını ve ilişkiye girdiklerini, hamile ... arkadaş ortamında tanıştığını, aralarında yakınlık olduğunu ve rızaları il"
"474","A.İ.H.M.","A.İ.H.M.","2010/38477","2020/","2020-05-26","ZlpZamsxeTNJR3pWUFlVTWk4T3F2azJ6dTNrczI4cy8","https://mevzuat.sinerjias.com.tr/ictihat/yuksek-mahkeme/yargitay%20karari/ZlpZamsxeTNJR3pWUFlVTWk4T3F2azJ6dTNrczI4cy8","hamile, hamileliği, travma","İlgili zamanda hamile olan ikinci başvuran, 1 Şubat 1999 tarihinde, bir telefon direği üzerine düştüğünde ... Başvuranlar, 16 Haziran 2005 tarihinde, ikinci başvuranın hamileliği sırasında üzerine telefon direğinin ... Bu nedenle, travma ile erken doğum ve sonuç olarak, başvuranların oğlunun mevcut sağlık durumu arasında ... koymadığı ve Elmas Kaya’nın sadece bacak yaralanmaları nedeniyle tedavi edildiği kaydedilerek, travma ... Bu nedenle travma, kaza sonrası erken doğum ve mevcut sağlık sorunl"
"475","Bölge Adliye Mahkemesi","1. Ceza Dairesi","2019/1638","2020/435","2020-03-27","OHNyWDF4SHJJNjd2MTVYeDNIT2Q5dz09","https://mevzuat.sinerjias.com.tr/ictihat/yuksek-mahkeme/yargitay%20karari/OHNyWDF4SHJJNjd2MTVYeDNIT2Q5dz09","hamile, travmasına","Defa hamile kalınca bunu bana söyledi. Bende baldızım ... ve A. ile bu durumu paylaştım. ... Defa hamile kalmasına ve ilk eşim olan ...dan bizim hiç çocuğumuzun olmaması durumuna bağlıyorum. ... ikinci ayın üçünde eşimi tekrar alıp köye döndüm, köye döndükten sonra eşim diğer imam nikahlı eşimin hamile ... Eşinin hamile kalmasından sonra .... sanığa artık beni bırak evlendin çocuğunda oldu beni bırak yoluma ... sağ diz altında 10 cm tırnak izi bulunduğu, 28/01/2016 tarihli yaralanmaya ilaveten g"
"476","Yargıtay","Ceza Genel Kurulu","2016/797","2020/175","2020-03-12","KzU3SUJwQ0JTN0Y2eHV6c3ZLaVZtcWl2Ly9DRkFXVGw","https://mevzuat.sinerjias.com.tr/ictihat/yuksek-mahkeme/yargitay%20karari/KzU3SUJwQ0JTN0Y2eHV6c3ZLaVZtcWl2Ly9DRkFXVGw","travmaya, boğazına","sanığın babası ... hakkında düzenlenen 11.02.2012 tarihli raporda; alkolsüz olan şahsın başında küt travmaya ... nin boğazına elini attığını, bu sırada kendisinin de “Çocuğu bırak” diyerek araya girmeye çalıştığını ... şahıslara “Neden oğlumu dövüyorsunuz” diye sorduğunda kavga çıktığını, kavga sırasında ...’ün kendisinin boğazına ... ün kendisinin boğazına sarılıp birkaç kez vurduğunu, paket kesmek için cebinde taşıdığı bıçağı çıkarıp"
"477","Yargıtay","Ceza Dairesi","2019/7514","2020/2558","2020-03-10","dkFxUGd0OWJZVVBzREJ6NitiZC9EMnZieFBYRFdlRjE","https://mevzuat.sinerjias.com.tr/ictihat/yuksek-mahkeme/yargitay%20karari/dkFxUGd0OWJZVVBzREJ6NitiZC9EMnZieFBYRFdlRjE","hamile, gebenin, travması, travma, gebeliği, gebe","in ise ebe olarak görev yaptığı, hamile olan katılan ...' ... müdahale ettikleri, saat 23.34'te posterior yüz gelişi olduğunun tespit edildiği, NST de reaktif olan gebenin ... ameliyat ekibiyle sezaryen ameliyatını yaptığı, doğan çocukta epikrize göre solunum sıkıntısı, doğum travması ... , yüz gelişe bağlı travma, nöbet geçirme şikayeti, sol gözde, frontal bölgede sağ gözde sol fronto-paryeyooksipital ... Kurulunun 14/05/2014 tarihli ve Yüksek Sağlık Şurasının 12-13/02/2015 tarihli raporlarında"
"478","Yargıtay","Ceza Dairesi","2020/1499","2020/4679","2020-03-09","dXlrWnd1L2ZGYytVRWZzVzBwdlJhY3JDM2ErTjBiUWc","https://mevzuat.sinerjias.com.tr/ictihat/yuksek-mahkeme/yargitay%20karari/dXlrWnd1L2ZGYytVRWZzVzBwdlJhY3JDM2ErTjBiUWc","gebe, travma","vekili ile sanık ve müdafiinin yerinde görülmeyen diğer temyiz sebeplerinin reddine; ancak, Sanığın gebe ... ettiği olayda; plasenta dekolmanı, bebeğin erken doğumu ve bebeğin ölümünün annesinin maruz kaldığı travma ... anlaşılmış ise de, sanığın mağdura yönelik eyleminin 5237 sayılı TCK'nin 87/1-e maddesinde belirtilen ''gebe ... vaktinden önce doğmasına'' mı neden olduğu yoksa 5237 sayılı TCK'nin 87/2-e maddesinde belirtilen ''gebe"
"479","Yargıtay","Ceza Genel Kurulu","2016/3-727","2020/146","2020-03-03","WmlHSGZkdUkrNTJjQXRSWGtCemgrczFoVGR1VDFsT2s","https://mevzuat.sinerjias.com.tr/ictihat/yuksek-mahkeme/yargitay%20karari/WmlHSGZkdUkrNTJjQXRSWGtCemgrczFoVGR1VDFsT2s","travması, gebertiriz","Hastanesince düzenlenen 04.10.2008 tarihli raporda; mağdurun genel durumunun iyi, şuurunun açık olduğu, kafa travması ... kırmaya başladıklarını, bir kişinin elinde bıçak olduğunu, bu kişilerin kahvehaneden çıkarken “Sizi gebertiriz"
"480","Yargıtay","Ceza Dairesi","2018/919","2020/1334","2020-02-11","ZkMzRU90NkNZTjFoSzkwK1QwdnVSWmpBV1hwbmRNZDY","https://mevzuat.sinerjias.com.tr/ictihat/yuksek-mahkeme/yargitay%20karari/ZkMzRU90NkNZTjFoSzkwK1QwdnVSWmpBV1hwbmRNZDY","hamile, travmatik",".'in görevlendirildiği,...in 6 aylık hamile olduğu gerekçesiyle hasta kabininde değil önde şoför ... kanama sonucu meydana gelmiş olduğu, Adli Tıp Kurumu Genel Kurulunun 13/11/2014 tarihli raporunda, travmatik ... tesir veya zehirlenerek öldüğüne dair delil olmadığı, patolojik (travmatik olmayan) beyin kanaması ve"
"481","Yargıtay","Ceza Genel Kurulu","2018/14-493","2020/60","2020-02-06","NldlR09JRTNJNktVQlZxcm5oYmxmUmVwUXVIRnlzMkw","https://mevzuat.sinerjias.com.tr/ictihat/yuksek-mahkeme/yargitay%20karari/NldlR09JRTNJNktVQlZxcm5oYmxmUmVwUXVIRnlzMkw","hamile, travma","Hamile olada bilirim hamile olmayada bilirim. Şu dünyada keşke olmasaydı. Köpeksin sen. ... dikkatinin doğal bulunduğu, muayenesinde iddia edilen cinsel istismar olayına bağlı olarak ''kronik travma ... 15.02.2016 tarihli heyet raporuna göre; maruz kaldığı iddia edilen olaya bağlı olarak ''kronik travma ... düzenlenen 15.02.2016 tarihli raporda maruz kaldığı iddia edilen olaya bağlı olarak ''kronik travma"
"482","Bölge Adliye Mahkemesi","1. Hukuk Dairesi","2018/1213","2020/140","2020-01-31","Wkp5N21HbkJLM1NlZDI4RUpMV29TZz09","https://mevzuat.sinerjias.com.tr/ictihat/yuksek-mahkeme/yargitay%20karari/Wkp5N21HbkJLM1NlZDI4RUpMV29TZz09","hamileliğine, hamile, hamileliğinin, gebelik, travmalar","kaldığı ancak hamileliğine rağmen eşi tarafında mütemadiyen şiddet görmeye devam ettiği henüz 5 aylık ... hamile iken davalı tarafın kendisini tekme ile dövmesi neticesinde bebeği karnında ters döndüğü ve bu ... yüzenden bir dizi sağlık sorunları yaşadığını, uzun süre kızından haber alamayan annesi hamileliğinin ... düğün tarihi olan 01/12/2012 tarihinde itibaren işleyecek yasal faizi ile birlikte 5000 TL doğum ve gebelik ... vekili istinaf dilekçesinde; davacının yaşadığı zor günler, maruz kald"
"483","Yargıtay","Ceza Genel Kurulu","2016/73","2020/40","2020-01-30","YlFvYXhSVXozQjV3bmxENjQrcmpSUml5T01KbXVIV3I","https://mevzuat.sinerjias.com.tr/ictihat/yuksek-mahkeme/yargitay%20karari/YlFvYXhSVXozQjV3bmxENjQrcmpSUml5T01KbXVIV3I","gebe, travma, hamile, hamilelik, hamileliği","Hastalıkları Hastanesinin 29.04.2010 tarihli raporuna göre; mağdurenin bakire olmadığı, düşük yaptığına veya gebe ... tarihli raporuna göre; mağdurenin dövülme ve fiili livata şüphesiyle geldiği, sol kol dış kısmında künt travma ... sonucu meydana gelmiş birkaç günlük ekimoz olduğu, sol bacak dış kısmında künt travma sonucu oluşan ... bozacak mahiyet ve derecede olmadığı, sanık ...’in eylemleri nedeniyle ruh sağlığını bozacak mahiyette “Travma ... ...’den olduğunu düşündüğünü, hamile olduğunu .."
"484","Anayasa","Bölüm","2016/13964","2020/","2020-01-28","SC9SclpoODh3U0lvWnhSSWlEOUNid3hXL3pNK0JBZjA","https://mevzuat.sinerjias.com.tr/ictihat/yuksek-mahkeme/yargitay%20karari/SC9SclpoODh3U0lvWnhSSWlEOUNid3hXL3pNK0JBZjA","boğazı, travmatik, travmaya, boğazının","kişilik gruba toplumsal müdahale aracı (TOMA) vasıtasıyla tazyikli suyla müdahale edilmiş, kendisinin boğazı ... sağ hemitoraks dış yan duvar alt kısmında hassasiyet tespit edildiği, onun dışında gözaltında oluşmuş travmatik ... Ek olarak başvurucunun gözaltına alınırken travmaya maruz kaldığı iddiasına yer verilmiştir. ... Başvurucu gözaltına alınması esnasında boğazının sıkıldığını, tekmelendiğini, polis aracına götürüldükten"
"485","Anayasa","Bölüm","2016/3030","2020/","2020-01-28","QWZ5SnczR1ZZWkI0RWpNK2VqVnpVK3g0OWJSNCtwSDY","https://mevzuat.sinerjias.com.tr/ictihat/yuksek-mahkeme/yargitay%20karari/QWZ5SnczR1ZZWkI0RWpNK2VqVnpVK3g0OWJSNCtwSDY","travmatik, boğaz","Müdürlüğü tarafından gerçekleştirilen otopsi işlemine dair tutanakta Ç.A.nın ölümünde haricî bir travmatik ... Hastane tarafından 26/11/2014 tarihinde iletilen yazıda, Ç.A.nın 22/10/2014 tarihinde Kulak Burun Boğaz ... ""...otopsi sonucunda [Ç.A.nın] ölümünde harici bir travmatik ... Eğitim ve Araştırma Hastanesinde Kulak Burun Boğaz Hastalıkları Uzmanı olarak görev yaptığını, Hastanın ... Hastanın acil servise yüksek ateş ve boğaz ağrısı şikayeti ile başvurduğunu. ... eşliğinde geldiğinden hatır"
"486","Yargıtay","Ceza Genel Kurulu","2019/1-350","2020/30","2020-01-28","SjQwclFjUGxoZkNuMWpLRlZvOSs2NjlWTlRFWTA1Wkg","https://mevzuat.sinerjias.com.tr/ictihat/yuksek-mahkeme/yargitay%20karari/SjQwclFjUGxoZkNuMWpLRlZvOSs2NjlWTlRFWTA1Wkg","travma, boğazı","bilinci kapalı olarak 112 ekipleri tarafından Acil Servise getirilen kişinin başında sağ parietalde travma ... birlikte etrafta biriken kalabalığı uzaklaştırmaya çalıştıklarını, bu esnada patlama sesi duyduğunu, boğazı ... döndüğünü, oldukça alkollü olduğunu, kime nasıl ateş ettiğini hatırlamadığını, aldığı darbelerin etkisiyle travma"
"487","Bölge Adliye Mahkemesi","2. Hukuk Dairesi","2020/22","2020/14","2020-01-08","Y0VDS2JJNVVDVWowZ0dpUFVkYTA0QT09","https://mevzuat.sinerjias.com.tr/ictihat/yuksek-mahkeme/yargitay%20karari/Y0VDS2JJNVVDVWowZ0dpUFVkYTA0QT09","travma, hamile, hamileliğin","büyüten ve kendisine anne babalık yapan kişilerin biyolojik anne ve babasının olmadığını öğrendiğinde travma ... Arslantaş isimli bayanın hamile olduğunu bilmeden ve evlilik gerçekleşmeden ayrılmak zorunda kaldığını ... , müvekkilinin R.. isimli bayanın hamile olduğunu hamileliğin 7. ayında öğrendiğini, doğum için Adanada"
"488","Bölge Adliye Mahkemesi","2. Hukuk Dairesi","2018/3355","2019/1802","2019-12-10","Z3J4ZDd3ZW9YdEtVMXFselhocVArdz09","https://mevzuat.sinerjias.com.tr/ictihat/yuksek-mahkeme/yargitay%20karari/Z3J4ZDd3ZW9YdEtVMXFselhocVArdz09","boğazını, travma","davalının evlendikleri tarihten beş ay sonra 2016 yılı başında davacı müvekkile evdeyken saldırdığını, boğazını ... temelinden sarsılması, pek fena onur kırıcı mauamele sebebi ile boşanmalarına, davacının yaşamış olduğu ağır travma"
"489","Yargıtay","Ceza Genel Kurulu","2015/1180","2019/707","2019-12-10","MHVEMzlOLzJ1bjlnWGZmWDJzb3cxdm5LS0JUdDlGeGc","https://mevzuat.sinerjias.com.tr/ictihat/yuksek-mahkeme/yargitay%20karari/MHVEMzlOLzJ1bjlnWGZmWDJzb3cxdm5LS0JUdDlGeGc","travmatik, hamile","maktulün yüzde 99,99 ihtimalle biyolojik annesi olduğu, mevcut kemiklerde hayvan müdahalesi dışında travmatik ... ailesiyle yakından ilgilenmesi nedeniyle aralarında duygusal ve cinsel bir ilişki başladığını, bu ilişkiden hamile ... söylemediğini, ... ile duygusal olarak yakınlaştığını ancak cinsel birlikteliğinin olmadığını, sadece maktulden hamile ... iftara davet edildiği için gittiğini, ... ile aralarındaki duygusal ilişki başladıktan sonra ...’nın hamile"
"490","Yargıtay","Ceza Dairesi","2019/13956","2019/22072","2019-12-03","dThRT2IyeC9lTmgrVWFpZ0h6cnpNemRIWnMzalA0dGw","https://mevzuat.sinerjias.com.tr/ictihat/yuksek-mahkeme/yargitay%20karari/dThRT2IyeC9lTmgrVWFpZ0h6cnpNemRIWnMzalA0dGw","boğaz, travma, hamilelik","28.01.2014 tarihli adli raporunda; “müştekinin 16.01.2014 tarihinde Kars Devlet Hastanesi Kulak Burun Boğaz ... , nazal grafisinde deplase 2. derecede kırık mevcut olduğu belirtildikten sonra, kırığın bildirilen travma ... muayenede krepitasyon alındığı, sol zigomatik kemik üzerinde seviye farkı ve krepitasyon alındığı, hamilelik ... nazal fraktürden bahsedilmediği gibi, Kars Adli Tıp Şube Müdürlüğünün raporu içeriğinde de Kulak Burun Boğaz ... Hastalıkları Bölümünce kırığın bildirilen travma ne"
"491","Anayasa","Bölüm","2016/7039","2019/","2019-11-28","Z252ekptQlVhS3k3dVpKYjJSSndiNkpQaUp1NjNyYlE","https://mevzuat.sinerjias.com.tr/ictihat/yuksek-mahkeme/yargitay%20karari/Z252ekptQlVhS3k3dVpKYjJSSndiNkpQaUp1NjNyYlE","boğazını, travmatik",""" dediğini, tekme ile sağ bacağına vurduğunu, iki eliyle boğazını sıktığını, apartman boşluğuna ... jantı eğilmiş bir bisiklet gördüğünü, sesin geldiği 13. kata çıktığında başvurucunun iki eliyle V.K.nın boğazını ... masif hava çıkışı gözlendiği, kot fraktürleri için tedavi uygulandığı, vital bulgular stabil olduğu, travmatik ... avradını sinkaf ederim"" şeklinde küfür ettiği, devamında tekme ile V.'ye vurduğu ve iki eli ile boğazını ... Sanık Abdullah Süngü'nün ihbar üzerine olay yerine gelen ka"
"492","Bölge Adliye Mahkemesi","13. Hukuk Dairesi","2018/1320","2019/1676","2019-11-27","TVE4MHVyYjZYVEVHZHltUTA3aGM0QT09","https://mevzuat.sinerjias.com.tr/ictihat/yuksek-mahkeme/yargitay%20karari/TVE4MHVyYjZYVEVHZHltUTA3aGM0QT09","hamileliğinin, hamilelikte, hamileliği, gebelikte, travmaya, hamilelik, hamileliğin","SAVUNMASININ ÖZETİ: Davacı vekili dava dilekçesi ile; davacı ...nın kadın doğum uzmanı doktor ... tarafından hamileliğinin ... takip edildiğini doktorun genel olarak kötü uygulaması sonucunda down sendromunun hamilelikte teşhis ... yargılama sırasında bilirkişilerden alınan denetime elverişli rapor içeriklerine göre; davacılardan .. hamileliği ... takip edildiği; davacı ...ün 13 haftalık gebelikte iken üçlü testin Opr. ... zorluklara katlanmak zorunda kalacakları gibi tüm davacıların, manevi yön"
"493","Anayasa","Bölüm","2017/17839","2019/","2019-11-27","cTA5bDBaN25iSXhWSE5wS3FoQ0VLVWRjQ29MdUhMTEI","https://mevzuat.sinerjias.com.tr/ictihat/yuksek-mahkeme/yargitay%20karari/cTA5bDBaN25iSXhWSE5wS3FoQ0VLVWRjQ29MdUhMTEI","travmanın, boğaz, boğazlarına","destekleyen darbeyi lanetleyen ve bütün toplumun dikkatini ve darbe sonrası toplumu restore edecek bu travmanın ... Türkiye’nin gelip takıldığı bu dar boğaz ... Bana çizmelerimi giydirmesinler, ellerinde kalan iktidar kulpu boğazlarına ... Türkiye’nin gelip takıldığı bu dar boğaz aslında AK Parti'nin kurumsal kimliğinin değil, Erdoğan ... başlıklı yazısında kullandığı ""...Bana çizmelerimi giydirmesinler, ellerinde kalan iktidar kulpu boğazlarına"
"494","Yargıtay","Ceza Dairesi","2019/12951","2019/21759","2019-11-27","REdrajhLYUY5aG1EM3pna3phYnE1R3ZJNXlsOXNJU2E","https://mevzuat.sinerjias.com.tr/ictihat/yuksek-mahkeme/yargitay%20karari/REdrajhLYUY5aG1EM3pna3phYnE1R3ZJNXlsOXNJU2E","travma, travması, boğaz","kızarıklık, burun kökünde 0.5 cm sıyrık, sol göz altında 0.5 cm sıyrık olup kafasına aldığı künt travma ... nedeniyle baş ağrısı ve sersemlik hissi olduğunu söyleyen katılanın burun travması nedeniyle radyolojik ... edildiği, hayati tehlikesinin olmadığının kesin rapor verilmesi için beyin cerrahisi ve kulak burun ve boğaz ... kalmadığının ve basit tıbbi tedavi ile iyileşeceğinin"" belirtildiği, Kuşadası Devlet Hastanesi Kulak Burun Boğaz ... azaldığını ifade ettiğinin"" bildirildiği, bunun üzerin"
"495","Bölge Adliye Mahkemesi","38. Hukuk Dairesi","2019/1027","2019/1759","2019-11-22","OXdmcitnTWs0S1ppRGJqZXFlZnNTZz09","https://mevzuat.sinerjias.com.tr/ictihat/yuksek-mahkeme/yargitay%20karari/OXdmcitnTWs0S1ppRGJqZXFlZnNTZz09","geberin, geberteceğim, boğazını, travma","müşterek konutta aldattığını, çocuklara karşı da hakaret ve küfürler ettiğini, müşterek çocuk Banuya karşı geberin ... kurtulayım şeklinde sözler sarf ettiğini, müvekkiline de seni geberteceğim bi ölmedin gitti, seni s. ... ..m şeklinde küfürler ettiğini, boğazını sıkarak öldürmeye teşebbüs ettiğini, yere fırlatması nedeniyle ... görüşürken müvekkilinin eşinin bu kadınla aslında birlikte olduklarını öğrendiğini, eşine bu nedenle ciddi travma"
"496","Bölge Adliye Mahkemesi","38. Hukuk Dairesi","2019/1068","2019/1731","2019-11-15","bExUM1QxMzY5L2FyTUtkVmNDUlRmUT09","https://mevzuat.sinerjias.com.tr/ictihat/yuksek-mahkeme/yargitay%20karari/bExUM1QxMzY5L2FyTUtkVmNDUlRmUT09","hamile, travma","yapılan inceleme neticesinde; GEREĞİ DÜŞÜNÜLDÜ : Davacı vekili dava dilekçesinde; müvekkilinin 7 aylık hamile ... değerlendirmesinde bulunduğunu ancak boşanma kararının kesinleştiğini, çocuğun yatılı kalmasının çocukta travma"
"497","Anayasa","Bölüm","2015/9492","2019/","2019-10-23","cW1CTjdUeTZ0Mkg1UE9Ub3lwWnJkWU05UWtzdTExaUU","https://mevzuat.sinerjias.com.tr/ictihat/yuksek-mahkeme/yargitay%20karari/cW1CTjdUeTZ0Mkg1UE9Ub3lwWnJkWU05UWtzdTExaUU","travmatik, boğazına","bu maddenin tedavi amacıyla kullanılmasının mümkün olduğu, ölüme etkili olabilecek nitelikte harici travmatik ... Bir süre sonra denizdeki şahsın boğazına su kaçmış gibi tükürdüğünü duymuş, denize doğru koşunca şahsın ... göre başvurucuların yakını suda boğulma sonucu ölmüş ve ceset üzerinde ölüme etki edebilecek harici travmatik"
"498","Yargıtay","Ceza Genel Kurulu","2019/205","2019/588","2019-10-10","UU0reVZjVktIR2p4S2ZaNFI1Q1F6UENsdmNVMys4YU4","https://mevzuat.sinerjias.com.tr/ictihat/yuksek-mahkeme/yargitay%20karari/UU0reVZjVktIR2p4S2ZaNFI1Q1F6UENsdmNVMys4YU4","travması, boğazında, geberse","bölgesindeki yaraların künt bir cisimle doğrudan vurulmak suretiyle meydana geldiği, ölümün künt kafa travması ... birikintisi üzerine düşmüş vaziyette olduğu, gözlüğünün göğsünün üzerinde, gözlüğe bağlı siyah ipin boğazında ... öldürülmesi hususunda konuşmadıklarını, sanık ...’in bazen kayınvalidesiyle ilgili “Ölse de kurtulsak, geberse ... yatar vaziyette bulunduğu, maktulün başına künt bir cisim ile vurulmak suretiyle darp edilerek kafa travması"
"499","Yargıtay","Ceza Dairesi","2019/3204","2019/11548","2019-10-09","a2tpZUo1dmEzbVc5OCtCRkFZNXZBM3hJNDJvV1NNOVU","https://mevzuat.sinerjias.com.tr/ictihat/yuksek-mahkeme/yargitay%20karari/a2tpZUo1dmEzbVc5OCtCRkFZNXZBM3hJNDJvV1NNOVU","hamile, gebeliğinin, gebe, travma","günlü rapor içeriğinde mağdurenin 2014 yılı Ocak ayında erkek arkadaşı B.. ile cinsel ilişkiye girip hamile ... kaldıktan beş hafta sonra gebeliğinin sonlandırıldığı ayrıca gebe olduğu sırada AMATEM de yapılan madde ... eroin tespit edildiği bildirilerek sonuç olarak mağduru bulunduğu dava konusu olaydan kaynaklanmış travma"
"500","Danıştay","Daire","2019/6133","2019/6464","2019-10-09","Qi9hL0hsdllVYkRHM0w0RTZmUDRxcmhVUERhQmpTNGQ","https://mevzuat.sinerjias.com.tr/ictihat/yuksek-mahkeme/yargitay%20karari/Qi9hL0hsdllVYkRHM0w0RTZmUDRxcmhVUERhQmpTNGQ","travmatik, gebe, gebelik, gebenin, gebeliğin, hamile",".'ın 02/03/2011 tarihli ölü doğum yapması olayında, tıbbi belgelerde bebeğin travmatik bir tesirle ... Davacılardan … 02/03/2011 tarihinde saat 08:00 sıralarında miadında ağrılı gebe ... olarak Erciş Devlet Hastanesi'ne başvurmuş, ebe tarafından yapılan gebelik muayenesinde: TA:120/ ... doğumhaneye alınmış; gebenin ikisi doğumdan hemen sonra ölüm ile sonlanan 9 normal doğum yaptığı, saat ... 09:10’da yapılan gebelik muayenesinde kollum açıklığı 2 cm, silinme %50, su kesesi negatif olduğu ... ult"
"501","A.İ.H.M.","A.İ.H.M.","2013/37283","2019/","2019-09-10","OFdLYjA3ampzUXdQOGR1anhmdkRKc0NJV0xPQ3dLek0","https://mevzuat.sinerjias.com.tr/ictihat/yuksek-mahkeme/yargitay%20karari/OFdLYjA3ampzUXdQOGR1anhmdkRKc0NJV0xPQ3dLek0","hamile, travmaya","Bayan Strand Lobben, hamile ... aydır koruyucu aileyle birlikte kalmakta olması ve aralarında bir bağ oluşması dolayısıyla daha fazla travmaya"
"502","Anayasa","Bölüm","2015/19127","2019/","2019-07-18","RTZsazZGUi9Ndkc4aVVPNnNpVzQ1TVRQaDNOTTBzT20","https://mevzuat.sinerjias.com.tr/ictihat/yuksek-mahkeme/yargitay%20karari/RTZsazZGUi9Ndkc4aVVPNnNpVzQ1TVRQaDNOTTBzT20","travma, gebelik","Muayene sonrası düzenlenen 2/6/2011 tarihli raporda (Bilirkişi Raporu), tespit edilen majör depresyon ve travma ... görevlendirildiğini, fiziksel güç gerektiren işlerde çalıştırıldığını,15/8/2008 tarihinde bozulmuş gebelik ... davranışlar nedeniyle psikolojik sorunları olduğunu, yapılan kapsamlı muayene sonrası majör depresyon ve travma ... hakkında dedikodu yapıldığını, yaşadığı olaylar nedeniyle alkol bağımlısı olduğunu ve majör depresyon ve travma ... Başvurucunun bozulmuş gebelik tanısıyla k"
"503","Anayasa","Bölüm","2015/1737","2019/","2019-07-18","SnlBaklBU0wyaVVPaExERHU3RnBJQlh5ZXFRRHpXNG0","https://mevzuat.sinerjias.com.tr/ictihat/yuksek-mahkeme/yargitay%20karari/SnlBaklBU0wyaVVPaExERHU3RnBJQlh5ZXFRRHpXNG0","travma, boğaz","Raporda muhtemel travma sonucu sol tibia (kaval kemiği) üzerinde yaklaşık 3 cm çaplı ödem, 1x0,5 cm alanda ... M.A. nın ifadesinin alındığı, onun da olay günü Şişli Mecidiyeköy Boğaz Köprüleri bölgesinde sorumlu"
"504","A.İ.H.M.","A.İ.H.M.","2009/54969","2019/","2019-06-25","ZDZVMG1iUkJaZEdoYmE1czBTQU9SQUhXRjF6SEFhNy8","https://mevzuat.sinerjias.com.tr/ictihat/yuksek-mahkeme/yargitay%20karari/ZDZVMG1iUkJaZEdoYmE1czBTQU9SQUhXRjF6SEFhNy8","hamileliğinin, boğaz, gebelik, hamile, hamileliği, hamilelik, travma","Başvuran, 2001 yılında, hamileliğinin ilk aylarında belirtilmeyen bir tarihte, ödem ve ani yüksek tansiyon ... Başvuran, hamileliğinin altıncı ayında Malatya’ya taşınmış ve 3 Temmuz 2001 tarihinde, bu şehirde ... bulunan devlet hastanesinin (“hastane”) kulak, burun ve boğaz bölümünde muayene edilmiştir ... Diğer taraftan, İhtisas Kurulu, gebelik takip dosyasından elde edilen unsurları; “Turgut Pektek ... Hükümet öncelikle, hamile bir kadının hamileliği boyunca düzenli olarak yaptırması gereken j"
"505","Yargıtay","Hukuk Dairesi","2018/6612","2019/7116","2019-06-12","bnRIMWhhVWFnWkQ2bWFkNnRhcTVVRGZidTMxZUx2SXM","https://mevzuat.sinerjias.com.tr/ictihat/yuksek-mahkeme/yargitay%20karari/bnRIMWhhVWFnWkQ2bWFkNnRhcTVVRGZidTMxZUx2SXM","hamileliğinin, travmasına, gebeliği","ın, hamileliğinin başından itibaren düzenli kontrolleri için davalılara muayene ve takip olduğunu, davalı ... sağlığını yitirdiğini, aylarca süren bir yaşam mücadelesi veren bebeğin 02.03.2010 tarihinde doğum travmasına ... 2013 tarihli ve 3869 sayılı heyet raporunda;' Tıbbi belgelere göre, 17/08/2009 tarihinde 39 haftalık gebeliği"
"506","Yargıtay","Hukuk Dairesi","2018/5925","2019/4239","2019-06-12","WWVhdXY4VFpWTWxHVHQzWnBmQWpRclZIdm5MQzV6Z08","https://mevzuat.sinerjias.com.tr/ictihat/yuksek-mahkeme/yargitay%20karari/WWVhdXY4VFpWTWxHVHQzWnBmQWpRclZIdm5MQzV6Z08","travmayı, gebe","ömürlerince süreceğini ve aslında daha da artacağını, hayatları boyunca dolmayacak bir boşluk olacağını, bu travmayı ... kimyasal madde ve müstahzarların seçimi, c) İşyerinin tertip ve düzeni, ç) Genç, yaşlı, engelli, gebe ... kimyasal madde ve müstahzarların seçimi, c) İşyerinin tertip ve düzeni, ç) Genç, yaşlı, engelli, gebe"
"507","Anayasa","Bölüm","2016/12166","2019/","2019-05-28","cTV6SzJUNWJYZ1FMeWNTazlzWWFFL2pXZHVlVTg0SHo","https://mevzuat.sinerjias.com.tr/ictihat/yuksek-mahkeme/yargitay%20karari/cTV6SzJUNWJYZ1FMeWNTazlzWWFFL2pXZHVlVTg0SHo","boğazında, boğazına, boğazından, travmatik, travmaya","boxer ve çorap giyili, yere sırt üstü uzanır vaziyette ayakları dizlerinden bükülü vücudunun altında boğazında ... üçlü prize ait kablonun fişi takılan kısmı boğazına iki kez dolanmış vaziyette, kablonun devamı piriz ... Adli tabip tarafından fiziki incelemesi yapılmak üzere boğazına iki kez dolanmış olan kablonun ucu çıkarıldı ... , boğazında kablonun kalınlığında oluşmuş telem izleri, arkadaşı (C.T.) isimli şahsın beyanına göre; ... Savcısı tarafından alındı, ekli bulgu cetvelinde belirtilen c"
"508","Yargıtay","Ceza Genel Kurulu","2016/491","2019/455","2019-05-28","V1d0N1VqZmpXYnhCV2RwWkZKZTVKcWVoS3BQYnpuNUc","https://mevzuat.sinerjias.com.tr/ictihat/yuksek-mahkeme/yargitay%20karari/V1d0N1VqZmpXYnhCV2RwWkZKZTVKcWVoS3BQYnpuNUc","travma, boğazda, boğaz","Metropol Tıp Merkezinin dahiliye, kadın hastalıkları ve doğum, KBB, genel cerrahi, üroloji, ortopedi ve travma ... olmadığı, 30.01.2007 tarihli hasta çıkış özetinde; hastanın ..., tanının sinüzit, şikâyetin boğazda ... Şikâyetçi ...; Çiğli Belediyesi'nde memur olarak çalıştığını, boğaz ağrısı ve ses kısıklığı nedeniyle"
"509","Bölge Adliye Mahkemesi","5. Hukuk Dairesi","2018/393","2019/568","2019-05-22","S09Hcm5ocVVRSjdGR1MzcFc4Yk5Zdz09","https://mevzuat.sinerjias.com.tr/ictihat/yuksek-mahkeme/yargitay%20karari/S09Hcm5ocVVRSjdGR1MzcFc4Yk5Zdz09","hamile, travmalar","davalının evliliğin kendisine yüklemiş olduğu sorumlulukları yerine getirmediğini, davacı müşterek çocuğa hamile ... geçimine katkıda bulunduğunu, buna rağmen kendisine şiddet uygulandığını, hakaretlere maruz kaldığını, travmalar"
"510","Anayasa","Bölüm","2015/12753","2019/","2019-05-08","NXByNnUzODhBNlRET2hMM0YzandDRGEzSmFtWmtCaEM","https://mevzuat.sinerjias.com.tr/ictihat/yuksek-mahkeme/yargitay%20karari/NXByNnUzODhBNlRET2hMM0YzandDRGEzSmFtWmtCaEM","gebelik, travmayı, travma, gebeliğin, travmanın, gebeliği","Erken gebelik kaybının travmayı takiben geliştiği ve anlattığı travma öyküsü ile uyumlu bulunduğu, ... Gebeliğin erken kaybına neden olan travmanın kişinin yaşamını tehlikeye soktuğu, ... travmayı takiben ortaya çıkmış olması, seri P-HCG (gebeliği gösteren hormon) değerlerinin ilk incelemede ... gebeliği ile uyumlu düzeylerde iken yine travmayı takiben belirgin olarak düşmesi göz önüne alındığında ... gebeliğin erken kaybı ile sonuçlanan bu durumun travmayı takiben geliştiği ve anlattığı travma "
"511","Anayasa","Genel Kurul","2015/7216","2019/","2019-03-27","M0RRdm14Q0k0ZWwwZFpTMGtDZTIzQXo4V05QOEFvaGo","https://mevzuat.sinerjias.com.tr/ictihat/yuksek-mahkeme/yargitay%20karari/M0RRdm14Q0k0ZWwwZFpTMGtDZTIzQXo4V05QOEFvaGo","travmatik, hamile","psikolojik değerlendirme raporuna yer verilmiş ve rapordaki çocukların rahat olduklarına, herhangi bir travmatik ... e) Barınma tedbiri, barınma yeri olmayan çocuklu kimselere veya hayatı tehlikede olan hamile"
"512","Bölge Adliye Mahkemesi","12. Ceza Dairesi","2019/1137","2019/904","2019-03-20","cGxjSktsVkZpRitUUFFER0FGOU5EZz09","https://mevzuat.sinerjias.com.tr/ictihat/yuksek-mahkeme/yargitay%20karari/cGxjSktsVkZpRitUUFFER0FGOU5EZz09","travması, gebe, travmasına","25/06/2017 tarihli Ölü Muayene Tutanağına göre, ........un trafik kazası ile husulü mümkün künt kafa travması ... ile gelişen kemik kırığı zemininde beyin kanaması sonucu vefat ettiğinin ve ayrıca 17 haftalık gebe ... Başkanlığı tarafından düzenlenmiş 30/10/2017 tarihli rapora göre de, ........un künt kafa ve genel beden travmasına ... Sincan Devlet Hastanesi tarafından düzenlenmiş geçici raporlara göre, katılan ........ın toraks travmasına ... çarpma sonucunda çarptığı aracın sürücüsü ........ "
"513","Anayasa","Bölüm","2015/6774","2019/","2019-03-20","ZnUvQU51dE52Zno3dUVmL2k2MXRCQlVoNUk2QWg5SHc","https://mevzuat.sinerjias.com.tr/ictihat/yuksek-mahkeme/yargitay%20karari/ZnUvQU51dE52Zno3dUVmL2k2MXRCQlVoNUk2QWg5SHc","travma, boğazından, travmatik","Ölü muayenesine ilişkin tutanakta, alnın solunda bulunan 0,5x1,5 cm boyutundaki sıyrık dışında travma ... bırakıp saat 04.00 sıralarında ölenle birlikte evine gittiklerini, bir müddet oturduktan sonra ölenin boğazından ... miktar yiyecek verdiğini, ölenin bir iki yudum içki içmesinden sonra yatak odasına geçtiklerini, ölenin boğazından ... İhtisas Kurulunca 8/6/2011 tarihinde düzenlenen raporda; otopsi raporunda ölüme müessir travmatik bir"
"514","Yargıtay","Ceza Genel Kurulu","2018/3-95","2019/207","2019-03-14","RWFOY1ZocndYQmZwQTBjQ2NRV3dZR2xHbzRxNkV3blc","https://mevzuat.sinerjias.com.tr/ictihat/yuksek-mahkeme/yargitay%20karari/RWFOY1ZocndYQmZwQTBjQ2NRV3dZR2xHbzRxNkV3blc","travmatik, gebe","miyokart enfarktüsü olduğunun bildirildiği, müştekinin bu olaydaki yaralanması nedeniyle vücudunda travmatik ... İnceleme dışı sanık ..... hakkında düzenlenen aynı tarihli raporda ise; şahsın vücudunda herhangi bir travmatik ... e) Gebe ... e) Gebe ... f) Gebe ... e) Gebe ... İhtisas Kurulunun 30.11.2005 tarihli raporuna göre, katılanın vücudunda herhangi bir travmatik lezyon"
"515","Bölge Adliye Mahkemesi","1. Ceza Dairesi","2018/2103","2019/626","2019-03-04","QmRMTENCQlFNMW1CdGp2aVltbmhQQT09","https://mevzuat.sinerjias.com.tr/ictihat/yuksek-mahkeme/yargitay%20karari/QmRMTENCQlFNMW1CdGp2aVltbmhQQT09","boğazıma, travmatik, boğazını, boğazında, boğazladığı","durdurmasını söyledim, şahsa hayırdır birader dediğim de ana avrat sinkaf ederim dedi ve elleriyle boğazıma ... gidecektik, yine küfür etti, eliyle durun diye işaret yaptı, ben yanına gittiğimde yine küfür etti, boğazıma ... nitelikte olmadığı, vücudunda kemik kırığı tanımlanmadığı, yüz sınırları içerisinde cilt bütünlüğünü bozan travmatik ... . motosikletten inerek müştekiye doğru gitti, ben orada olay yerine doğru giderken müşteki, sanığın boğazını ... o kadar sıkmıştı ki, tırnak izleri ve boğ"
"516","Yargıtay","Hukuk Dairesi","2016/7520","2019/2798","2019-03-04","NW41Z0xUS1R2aXQ0ZWZTNlowWjgyT09WNWpVUUdwNVU","https://mevzuat.sinerjias.com.tr/ictihat/yuksek-mahkeme/yargitay%20karari/NW41Z0xUS1R2aXQ0ZWZTNlowWjgyT09WNWpVUUdwNVU","travması, hamileliğinin","ın ağır yaralandığını, ayağının kırıldığını, kafa travması geçirdiğini ve bunlara bağlı olarak bir dizi ... ün 3 aylık hamileliğinin sona erdiğini, davacı ...'"
"517","Yargıtay","Hukuk Dairesi","2016/7533","2019/2326","2019-02-28","YkdEODZwT0lTL3JnbmZEV2FJN0NmcFFJUjFRQXVhdUo","https://mevzuat.sinerjias.com.tr/ictihat/yuksek-mahkeme/yargitay%20karari/YkdEODZwT0lTL3JnbmZEV2FJN0NmcFFJUjFRQXVhdUo","travması, boğazından","plaka sayılı kamyonetin çarpması sonucu hayati tehlike geçirecek derecede ağır yaralandığını, beyin travması ... nin beyin ameliyatı geçirdiğini, boğazından açılan deliklerle beslenmeye başladığını, konuşma yeteneğini"
"518","Yargıtay","Ceza Genel Kurulu","2017/1-279","2019/30","2019-01-22","N3BYN0V6VkRsUFJoU0p2MEVJWVhKVTEyVFpaRU53QmU","https://mevzuat.sinerjias.com.tr/ictihat/yuksek-mahkeme/yargitay%20karari/N3BYN0V6VkRsUFJoU0p2MEVJWVhKVTEyVFpaRU53QmU","travmatik, hamile","2011/2832 sayılı raporu uyarınca maktulde ölüme neden olan kesici delici alet yaraları dışında küt travmatik ... uzak biçimde kanıtlanamadığından ve maktulde tespit edilen kesici delici alet yaraları dışındaki küt travmatik ... düzenlenen 30.11.2011 tarihli raporda; maktulün vücudundaki kesici-delici alet yaralanması dışındaki küt travmatik ... sanık ..... .....ve sanık ... ile birlikte otelin havuzlu bahçesinde bir masada oturdukları sırada biri hamile"
"519","Yargıtay","Ceza Genel Kurulu","2015/1219","2019/13","2019-01-17","Y1VSV2htR1N3dStIbmlHL0dyUkNyMk1hS3V2VTRoRnQ","https://mevzuat.sinerjias.com.tr/ictihat/yuksek-mahkeme/yargitay%20karari/Y1VSV2htR1N3dStIbmlHL0dyUkNyMk1hS3V2VTRoRnQ","travma, travması, boğazını","kamu davası açıldığı, Mağdur hakkında düzenlenen 24.02.2010 tarihli adli muayene raporunda; nazal travma ... , sol kulak travması, nazal kanama, sol tibiada ağrı bulunduğu ve hayati tehlikesinin bulunmadığının, ... paniklediğini ve kendisini ittirerek kaçmak istediğini, mağduru tutmaya çalışınca kendisine tekme atıp eli ile boğazını"
"520","Anayasa","Bölüm","2015/2555","2019/","2019-01-10","Tnk1dWhBc2lBMThMMlAzeE1UQlBRdDBKYzc5UTBHMHQ","https://mevzuat.sinerjias.com.tr/ictihat/yuksek-mahkeme/yargitay%20karari/Tnk1dWhBc2lBMThMMlAzeE1UQlBRdDBKYzc5UTBHMHQ","boğaz, travma","şikayetiyle başvurmuş ve Girne Asker Hastanesi bünyesinde nöroloji, iç hastalıkları ve kulak burun boğaz ... Girne Asker Hastanesi tarafından travma sonucu yeniden yaşantılama ve tedirginlik hali nedeniyle 9/4/ ... Başvurucu 2012 ve 2013 yılları içinde GATA tarafından verilen raporlar uyarınca anksiyete, travma sonrası ... GATA tarafından tanzim edilen 12/9/2013 tarihli rapor ile başvurucu için ""kronik nitelik kazanmış travma ... bununla beraber TSK bünyesinde görev yapmaya devam etmiştir. 12/9/"
"521","Bölge Adliye Mahkemesi","5. Hukuk Dairesi","2018/1336","2019/23","2019-01-09","YTBSZ0ZFb2FXaGxFeUlnNlg1L3A4UT09","https://mevzuat.sinerjias.com.tr/ictihat/yuksek-mahkeme/yargitay%20karari/YTBSZ0ZFb2FXaGxFeUlnNlg1L3A4UT09","hamileyken, travma",", davanın yetkili mahkeme olan Mudanya Asliye Hukuk Mahkemesine gönderilmesi gerektiğini, davalının hamileyken ... tatilinde davacının yanına gönderildiğinde de ortak çocuğun psikolojik olarak tamamen dağıldığını, travma"
"522","Anayasa","Bölüm","2015/15994","2019/","2019-01-09","bFlKKzA1MHZ0TllwWktPb3duY0ZqTXFXMEVQR0pFL0c","https://mevzuat.sinerjias.com.tr/ictihat/yuksek-mahkeme/yargitay%20karari/bFlKKzA1MHZ0TllwWktPb3duY0ZqTXFXMEVQR0pFL0c","boğazına, travmatik, travmadan","ibraz etmesini istediğinde de başvurucu, sinkaflı sözlerle hakaret edip sonra da yüzüne yumruk atmış ve boğazına ... Başvurucu Nihal Özdemir'de herhangi bir harici travmatik lezyon saptanmamıştır. ... Başvurucu hakkında düzenlenen adli raporda ise herhangi bir psikolojik travmadan bahsedilmemiş, başvurucu"
"523","Anayasa","Bölüm","2015/1517","2018/","2018-12-25","bG1FWnBIRnpjcU9VWU5wZExRQ1FyZ0UxZHprYVR0OGs","https://mevzuat.sinerjias.com.tr/ictihat/yuksek-mahkeme/yargitay%20karari/bG1FWnBIRnpjcU9VWU5wZExRQ1FyZ0UxZHprYVR0OGs","travmatik, gebersin","bulgusunun ölüm sonucunu doğurabilecek nitelikte veya ölüme katkısı olamayacağı, ölümde haricî travmatik ... Otopside tarif edilen bulgulara göre kişide ölüm meydana getiren nitelikte travmatik lezyon bulunmadığı ... verin kendisine gelsin dedi, bunun üzerine komutan olan şahıs sinkaflı sözlerle küfür ederek ölsün gebersin ... Genel Kurul raporunda; otopside tarif edilen bulgulara göre kişide ölüm meydana getirir nitelikte travmatik ... İhtisas Kurulu 17/8/1994 tarihli raporunda; iç organlarda t"
"524","Yargıtay","Ceza Genel Kurulu","2018/487","2018/671","2018-12-20","NEtRQmt4aVd6UEMrTk55YjBkUHNFMXN1eitrN3dQVVc","https://mevzuat.sinerjias.com.tr/ictihat/yuksek-mahkeme/yargitay%20karari/NEtRQmt4aVd6UEMrTk55YjBkUHNFMXN1eitrN3dQVVc","boğaz, travmatik, boğazdaki","Maktulün ölü muayene ve otopsi tutanağında bacakta iki bıçak darbesi tarif edilmekle beraber, maktulün boğaz ... sebebi ile ilgili olarak verilen 09.04.2014 tarihli raporda, 'Kesici delici alet yaraları dışındaki travmatik ... Maktulün boğaz kısmında meydana gelen yaralanma ölüm neticesini doğurmadığı gibi, boğazdaki bu yaranın ... Zira maktulün boğaz kısmında bir kesi tarif edilmemiş, aksine ilk bulgular erozyon sıyrık olarak tarif ... medulla spinaliste patoloji saptanmadığı' dikkate alınarak,"
"525","Danıştay","Daire","2013/10137","2018/8361","2018-12-19","dFpUamZRdkk4MDgxMjQyVkdub0JGZ083bTg0bDVwQmc","https://mevzuat.sinerjias.com.tr/ictihat/yuksek-mahkeme/yargitay%20karari/dFpUamZRdkk4MDgxMjQyVkdub0JGZ083bTg0bDVwQmc","boğaz, travmatoloji","dava konusu düzenlemenin bilimsel bir dayanağının olmadığı, göğüs hastalıkları uzmanları, kulak burun boğaz ... uzmanlarının yanı sıra uzmanlık alanları ile ilgili olduğundan göğüs hastalıkları uzmanları ve kulak burun boğaz ... hatalıkları uzmanları tarafından da yapılmasının sağlandığı, ayrıca sadece göğüs hastalıkları ve kulak burun boğaz ... hastalıkları uzmanları değil, ilgili uzmanlık alanlarına göre ortopedi ve travmatoloji, nöroloji, spor ... mesleki standartların dışında hizmet sunumunu"
"526","Yargıtay","Ceza Genel Kurulu","2017/913","2018/630","2018-12-11","eU81bWY4VVRydUJ0VXhOMXpiM2NlRmM1b0NXMTRPdGk","https://mevzuat.sinerjias.com.tr/ictihat/yuksek-mahkeme/yargitay%20karari/eU81bWY4VVRydUJ0VXhOMXpiM2NlRmM1b0NXMTRPdGk","travma, travması, boğazını","kamu davası açıldığı, Mağdur hakkında düzenlenen 24.02.2010 tarihli adli muayene raporunda; nazal travma ... , sol kulak travması, nazal kanama, sol tibiada ağrı bulunduğu ve hayati tehlikesinin bulunmadığının, ... paniklediğini ve kendisini ittirerek kaçmak istediğini, mağduru tutmaya çalışınca kendisine tekme atıp eli ile boğazını"
"527","Yargıtay","Hukuk Dairesi","2018/3882","2018/10848","2018-11-19","NEdjT0VXc1QzN2M0WUNGanVSUjVyTzNqUDMxem9WZmw","https://mevzuat.sinerjias.com.tr/ictihat/yuksek-mahkeme/yargitay%20karari/NEdjT0VXc1QzN2M0WUNGanVSUjVyTzNqUDMxem9WZmw","travmatik, hamile, travma","davacının otobüs şoförünün tam kusuru ile yol açtığı kaza sonucunda, depresif bozukluk işlevselliği ve post travmatik ... psikopatoloji olmadığı, Ekim 2010 tarihinde geçirdiği kazada 4 kişinin vefat ettiği, kendisinin 7 aylık hamile ... 03.08.2011 tarihinde takiplerine başlandığı, 06.03.2013 tarihine kadar 1-2 ay aralıklarla düzenli izlendiği, travma"
"528","Yargıtay","Ceza Genel Kurulu","2018/105","2018/522","2018-11-13","Z1NEcVQxdVV1aE04Y1NBOGxRdEE3R1U3S1I3Q0w2RTY","https://mevzuat.sinerjias.com.tr/ictihat/yuksek-mahkeme/yargitay%20karari/Z1NEcVQxdVV1aE04Y1NBOGxRdEE3R1U3S1I3Q0w2RTY","travmatik, boğazından","Konya Adli Tıp Şube Müdürlüğünce düzenlenen 08.04.2015 tarihli rapora göre; mağdurenin vücudunda travmatik ... 23.11.2015 tarihli rapora göre; mağdurenin maruz kaldığı iddia edilen olayla ilgili olarak başlangıçta travmatik ... gücünün yettiği kadar eli ve bacağıyla sanığa karşı koymaya çalıştığını, ancak sanığın dudaklarından, boğazından"
"529","Yargıtay","Ceza Dairesi","2018/759","2018/16672","2018-11-06","bktmdDVKaEh2VDhVR2VzUUZscFAzS1UvM25LMlo4TVM","https://mevzuat.sinerjias.com.tr/ictihat/yuksek-mahkeme/yargitay%20karari/bktmdDVKaEh2VDhVR2VzUUZscFAzS1UvM25LMlo4TVM","boğaz, travmatik","Gereği görüşülüp düşünüldü: 1) Mağdur ...’un yaralanmasına dair ....Devlet Hastanesi Kulak Burun Boğaz ... Uzmanınca düzenlenen 02.04.2014 tarihli adli raporda; ""Mağdurun sol kulak zarında travmatik perforasyon"
"530","Danıştay","Daire","2014/9379","2018/7173","2018-10-24","SEt5MEl2ZVhyUmExNmFIdXlONUQ5WGpLelJRbGgvN3Y","https://mevzuat.sinerjias.com.tr/ictihat/yuksek-mahkeme/yargitay%20karari/SEt5MEl2ZVhyUmExNmFIdXlONUQ5WGpLelJRbGgvN3Y","gebe, travma","maddesinin iptali istenilen (g) bendinde,"" 0-6 yaş çocuk bakım ve gelişimini izler, özellikle gebe ... endotrakeal entübasyon uygulaması, gerekli hallerde krikotirotomi ve oksijen uygulaması yapar., c) Travma ... Bu uygulama sırasında yarı otomatik ve tam otomatik eksternal defibrilatörleri kullanır., d) ) Travma ... başlıklı maddesinin (g) bendinde yer alan ""0-6 yaş çocuk bakım ve gelişimini izler, özellikle gebe ... tanısını koyar, normal gebe izlemini ve gerekli muayenelerini yapar, riskli du"
"531","Yargıtay","Ceza Genel Kurulu","2017/842","2018/457","2018-10-23","a25qclRhbnhIZThnZjQwN2RVU2tMSlZOaGtRbFpmSTI","https://mevzuat.sinerjias.com.tr/ictihat/yuksek-mahkeme/yargitay%20karari/a25qclRhbnhIZThnZjQwN2RVU2tMSlZOaGtRbFpmSTI","boğazını, travma","kendisini de bıçaklaycağından korktuğu için fazla yaklaşamadığını, sanığın kendisine de tokat attığını ve boğazını ... evinde cinsel ilişki esnasında gören ve aynı zamanda maktulü daha önceden tanıyan sanığın yaşadığı travma"
"532","Anayasa","Bölüm","2015/16073","2018/","2018-10-11","UjVOdlg1Y3l1WGdCWnFkMkxPaVYyQ0lGL3RYR1ZFdVY","https://mevzuat.sinerjias.com.tr/ictihat/yuksek-mahkeme/yargitay%20karari/UjVOdlg1Y3l1WGdCWnFkMkxPaVYyQ0lGL3RYR1ZFdVY","boğazını, travmatik, boğazından, boğazında","Tartışma olay yerinde bulunan kişilerin araya girmesiyle yatışmışken polis memurları boğazını ve kollarım ... Başvurucu hakkında alınan adli raporda; her iki kolda birer adet sıyrık dışında herhangi bir travmatik ... yaşadığını ancak olayın sakinleşmesinden sonra gerek olmadığı halde polis memurlarınca kollarından ve boğazından ... Başvurucunun adli raporunda kollarındaki sıyrıklar dışmda iddiasını doğrulayacak şekilde boğazında ya"
"533","Yargıtay","Ceza Genel Kurulu","2018/291","2018/380","2018-09-27","TzA5dkZaRjlwNFJqRDUySVVFdGg2WVVGNVJNYTAyMHc","https://mevzuat.sinerjias.com.tr/ictihat/yuksek-mahkeme/yargitay%20karari/TzA5dkZaRjlwNFJqRDUySVVFdGg2WVVGNVJNYTAyMHc","geberteceğim, travmaya, boğaziçi","nın maktule nereye gittiğini sorduğu, maktulün de 'Bırakın şuna dünyayı dar edeyim, geberteceğim' deyip ... tarihli ölü muayene tutanağında; maktulün kaş ile burun bölgesinin birleştiği yerde muhtemelen küt travmaya ... yaralanmalarından gelişen iç ve dış kanama sonucu meydana gelmiş olduğu bilgilerine yer verildiği, Mahkemece, Boğaziçi ... küfrederek eve geldiğini, garajın kapısını kimin açtığını sorduğunu, evden el lambası ve silah alıp “Onu geberteceğim ... Geberteceğim” dediğini, Kollukta Se"
"534","Bölge Adliye Mahkemesi","1. Ceza Dairesi","2018/772","2018/1806","2018-09-17","Y1NMYmI0Wk9BUUsrTUNGVkdMbFovQT09","https://mevzuat.sinerjias.com.tr/ictihat/yuksek-mahkeme/yargitay%20karari/Y1NMYmI0Wk9BUUsrTUNGVkdMbFovQT09","boğazımı, boğazını, travmaya","ilerde ne yapacağı belli değil, bunun üzerine o da bana vurdu, ben dengemi kaybedip yere düştüğümde boğazımı ... etmiyorum, suçlamaları kabul etmiyorum bir diyeceğim yoktur, söyledikleri kısmen doğrudur, o benim boğazımı ... kızımda beni kurtarmak için kendisine taş ve benzeri şeyler fırlattı, bu sebeple onun dikkati dağıldı, boğazımı ... anneme küfür etmeye başladı, annem kızdı ona tokat attı, sonra oda annemi yere düşürdü, üstüne çıktı, boğazını ... havalanma kaybı, sol orta kulak kemikçikleri"
"535","Yargıtay","Ceza Dairesi","2018/207","2018/6390","2018-06-04","aUQ0QkV5bmJadTNHd0FtU2tSWCswcm1PN3dWSUlBK2k","https://mevzuat.sinerjias.com.tr/ictihat/yuksek-mahkeme/yargitay%20karari/aUQ0QkV5bmJadTNHd0FtU2tSWCswcm1PN3dWSUlBK2k","gebe, travmatik, travmalarla, travma","a) Çocuğa, beden veya ruh bakımından kendisini savunamayacak durumda bulunan kişiye ya da gebe ... oluşturulabileceklerinin, vücudunun diğer bölgelerindeki ekimoz, abrazyon şeklinde tanımlanan diğer lezyonların ise künt travmatik ... tarafından oluşturulmasının tıbben varit görülmediği, bu bölgelere yönelik tekme, yumruk gibi doğrudan künt travmalarla ... ulaşabileceği yerlerde bulunduğunun tespit edildiği, katılanın kendisi tarafından da yapılmış olabileceği, künt travma"
"536","Yargıtay","Hukuk Genel Kurulu","2017/2448","2018/1131","2018-05-23","QUhVR1pxbHdldUpoOGFYYnY4ZjF5dDZIdDgzeWZzK1E","https://mevzuat.sinerjias.com.tr/ictihat/yuksek-mahkeme/yargitay%20karari/QUhVR1pxbHdldUpoOGFYYnY4ZjF5dDZIdDgzeWZzK1E","hamileyken, hamile, travma, travmaya","beraberliklerinden doğmuş Deniz adında bir çocukları olduğunu, çocuğun varlığını annesi sekiz aylık hamileyken ... Davalı ... vekili, davalı ... ile yapılan görüşmede “davacının kendisine tecavüz ettiğini, hamile olduğunu ... belirtildiği gibi çocuğun şu anda bulunduğu aileden alınarak davacıya tesliminin gelişimi açısından çocuğa travma ... anne-baba olarak hitap ettiği müdahil çiftten ayrılmasının ebeveyn kaybı sonucunu doğuracağı ve küçükte travmaya ... mahkemenin çocuğun şu anda bulunduğu ai"
"537","Danıştay","Daire","2018/769","2018/780","2018-05-09","RTEreVMvRjFmS1JHQ2RrRHRuekNxdzJ0ZWVsb0tqMlc","https://mevzuat.sinerjias.com.tr/ictihat/yuksek-mahkeme/yargitay%20karari/RTEreVMvRjFmS1JHQ2RrRHRuekNxdzJ0ZWVsb0tqMlc","travma, gebelik, gebeliğinin","doğum yapmak üzere bekletildiği, normal doğum gerçekleşmeyince sezaryene alınan şikayetçinin bebeğinin travma ... PSMG (psiko sosyal motor gerilik)'nin sezaryen ameliyatının geciktirilmesinden kaynaklanmadığı, gebelik ... doğuma zorlanması ile bebekteki PSMG rahatsızlığı arasında illiyet bağı olup olmadığı, şikayetçinin gebeliğinin ... sosyal motor gerilik) hastalığı arasında illiyet bağı olup olmadığı, şikayetçinin Tıp Fakültesindeki gebeliğinin ... sosyal motor gerilik) hastalığı arasında illi"
"538","Danıştay","Daire","2013/11764","2018/3886","2018-04-19","RTNvck9mSVNZUlJoY2NybDM4akFWWUtSTTIyb3YrM3A","https://mevzuat.sinerjias.com.tr/ictihat/yuksek-mahkeme/yargitay%20karari/RTNvck9mSVNZUlJoY2NybDM4akFWWUtSTTIyb3YrM3A","boğaz, travmatik","16.01.2013 gün ve 152 karar nolu bilirkişi raporunun sonuç bölümünde özetle; 13.07.2010 tarihinde öksürük, boğaz ... hakkında düzenlenmiş adli ve tıbbi belgelerde bulunan veriler birlikte değerlendirildiğinde; 1-Otopsisinde travmatik ... lezyon tanımlanmadığına göre çocuğun travmatik bir tesirle öldüğünün tıbbi delillerinin bulunmadığı, ... ’ın öksürük, boğaz ağrısı, ateş şikayetiyle 13.07.2010 tarihinde götürüldüğü:.."
"539","A.İ.H.M.","A.İ.H.M.","2012/10491","2018/","2018-03-27","ZnJqMlp6WEMxTFZvQTdoZzk5Nk42a0RncDFpV1pnTys","https://mevzuat.sinerjias.com.tr/ictihat/yuksek-mahkeme/yargitay%20karari/ZnJqMlp6WEMxTFZvQTdoZzk5Nk42a0RncDFpV1pnTys","travmanın, hamileliği, hamileliğine","Ortopedi doktoru, doğum sırasında brakiyalpleksusun uzamasıyla oluşan bir travmanın söz konusu olduğunu ... Adli Tıp Kurumu, 6 Eylül 2002 tarihinde, Arife Keskin’in hamileliği boyunca yapılan muayenelerine ... Adli Tıp Kurumu, 19 Şubat ve 16 Haziran 2003 tarihlerinde, Arife Keskin’in hamileliğine ve doğumuna"
"540","Yargıtay","Ceza Genel Kurulu","2015/986","2018/102","2018-03-20","aUtMWTZZS0NJWWJETjJFaVNycjlqaU9ZY3NSeTlNTXk","https://mevzuat.sinerjias.com.tr/ictihat/yuksek-mahkeme/yargitay%20karari/aUtMWTZZS0NJWWJETjJFaVNycjlqaU9ZY3NSeTlNTXk","hamile, hamileliğini, hamileliği, travma, gebelik, gebeliği","nin gayriresmî birlikteliğinden hamile kaldığı ve hamileliğini ailesinden gizlediği, hamileliği döneminde ... yeri çevresinde ikamet eden 544 kişi ile yüz yüze görüşüldüğü, çevrede bulunan 3 mahallede ikamet eden hamile ... ölçülemediği, nabzının dakikada 65 ila 70 kez attığı, periferik dolaşımın bozuk olduğu, cilt üzerinde haricen travma ... meydana gelen, hezeyanlarla devam eden ve bebeğe zarar verme korkusu içeren bir akıl hastalığı olan gebelik ... bir şirkette 10 yıldır çalıştığını, bebeğin"
"541","Bölge Adliye Mahkemesi","11. Ceza Dairesi","2017/3422","2018/753","2018-03-07","TVBhSlRMeWZIZGpqRHZXWHplRjFvQT09","https://mevzuat.sinerjias.com.tr/ictihat/yuksek-mahkeme/yargitay%20karari/TVBhSlRMeWZIZGpqRHZXWHplRjFvQT09","travmasına, boğaz","A.in ölümünün oluşa uygun trafik kazası ile husulü mümkün genel beden travmasına bağlı iç organ ve büyük ... yaralanmasının basit tıbbi müdahale ile giderilebilir nitelikte olduğunun belirtildiği, Kulak Burun Boğaz ... kaybı olduğunun, parçalı kırığın hayati fonksiyonlarını orta (3) derecede etkileyeceğinin, Kulak Burun Boğaz"
"542","Yargıtay","Ceza Dairesi","2018/1826","2018/1439","2018-03-05","dHRMc3B3K2FJN0wvZ0FZeVFUZk5ycVlXQU9leUhjQXA","https://mevzuat.sinerjias.com.tr/ictihat/yuksek-mahkeme/yargitay%20karari/dHRMc3B3K2FJN0wvZ0FZeVFUZk5ycVlXQU9leUhjQXA","hamile, gebeliğinin, gebeliği, gebeliğin, gebelik, gebe, travmatik","Başsavcılığınca yürütülen 2017/926 sayılı soruşturma kapsamında, doktor raporunda 10 hafta 3 günlük hamile ... olduğu tespit edilen mağdur ...'ın gebeliğinin sonlandırılması talebinin reddine ilişkin Mut Sulh ... kalması halinde, süresi yirmi haftadan fazla olmamak ve kadının rızası olmak koşuluyla, gebeliği sona ... Ancak, bunun için gebeliğin uzman hekimler tarafından hastane ortamında sona erdirilmesi gerekir. ... süresi, on haftadan fazla ise rahim ancak gebelik, annenin hayatını tehdit etti"
"543","Yargıtay","Ceza Dairesi","2017/9541","2018/3307","2018-02-27","Q1ZCU3ZQVzQzSGp4bGo4M1dibnV3WS9GeXlOdWxDQjE","https://mevzuat.sinerjias.com.tr/ictihat/yuksek-mahkeme/yargitay%20karari/Q1ZCU3ZQVzQzSGp4bGo4M1dibnV3WS9GeXlOdWxDQjE","travmatoloji, boğaz","yaralanmanın, ""basit tıbbi müdahale ile giderilemeyecek nitelikte olduğu” ve aynı hastanenin ortopedi ve travmatoloji ... ile iyileşir nitelikte olduğu"" tespitinin yapıldığı görülmekte ise de, aynı hastanenin kulak burun boğaz"
"544","Bölge Adliye Mahkemesi","1. Ceza Dairesi","2017/1964","2018/313","2018-02-12","M3JpZ3VWamZDU05yWEZKWnpsMlE4dz09","https://mevzuat.sinerjias.com.tr/ictihat/yuksek-mahkeme/yargitay%20karari/M3JpZ3VWamZDU05yWEZKWnpsMlE4dz09","boğazımı, travmatik","Bir iki adım uzaklaşmadan benim boğazımı sıkarak beni yere yatırdı bende kendimi korumak amacıyla bıçağı ... ait 21/10/2016 tarihli raporun sonuç kısmında; Mevcut belgelerinde kafatası kemiğinde kırık, kafa içi travmatik ... savunma yaptığını, Müvekkilinin kovuşturma aşamasındaki beyanında ...Bir iki adım uzaklaşmadan benim boğazımı"
"545","A.İ.H.M.","A.İ.H.M.","2006/6591","2018/","2018-01-23","cFJUVzJBdTJXR3A2eUY0ZDJadExONWJZZElKVGVnS2E","https://mevzuat.sinerjias.com.tr/ictihat/yuksek-mahkeme/yargitay%20karari/cFJUVzJBdTJXR3A2eUY0ZDJadExONWJZZElKVGVnS2E","boğazına, travması","göre, ikinci başvuranın bir dişi kırılmış ve kendisini bıçakla tehdit eden bir jandarma tarafından boğazına ... Doktor aynı zamanda, birinci başvuranın ""genel vücut travması"" geçirdiğini; ancak genel durumunun ... Son olarak, ilgilinin ""genel vücut travması"" geçirdiği; ancak hayati tehlikesi bulunmadığı ... Bu bağlamda, dişinin kırıldığını ve bir askerin, boğazına bıçak dayadığını ifade etmiştir."
"546","Anayasa","Bölüm","2014/20406 ","2017/","2017-11-08","Z0ppYzB5cGZCeWJhMGVjemR0RmJNdGsraEhpQ05KNzE","https://mevzuat.sinerjias.com.tr/ictihat/yuksek-mahkeme/yargitay%20karari/Z0ppYzB5cGZCeWJhMGVjemR0RmJNdGsraEhpQ05KNzE","boğaz, travmaya, travmasına","Akademisi (GATA) Haydarpaşa Eğitim Hastanesi Sağlık Kurulu muayene fişine göre başvurucunun kulak burun boğaz ... başvurucunun, daha sonra olayla ilgili kişilerin ifadelerine başvurmuş ve İstanbul'daki bir kulak burun boğaz ... ""...yapılan ilk atışlardan sonra müştekide akustik travmaya ... Yapılan işitme tetkik sonuçları da öyküsü ile uyumludur ve yüksek sese maruziyet sonucu akustik travmaya ... ÖZDURMUŞOĞLU' nun bütün verileri yüksek sese bağlı işitme kaybının geliştiğini veya yüksek ses trav"
"547","Bölge Adliye Mahkemesi","1. Ceza Dairesi","2017/1347","2017/1563","2017-10-30","SUtZbHFoUUJ5TGN1SHNrRU5nVnNRUT09","https://mevzuat.sinerjias.com.tr/ictihat/yuksek-mahkeme/yargitay%20karari/SUtZbHFoUUJ5TGN1SHNrRU5nVnNRUT09","boğazını, boğazına, boğazıma, travmatik, gebe","D.nın boğazını kesmeye çalıştığını, bıçağın kesmemesi üzerine bu sefer mutfaktan bardak alıp kırdığını ... ve bardağın kırık tarafıyla boğazını kestiğini, daha sonra G.ın da boğazını kestiğini, akabinde taksi ... D.nın boğazına vurdum. Sonra da G. D.nın boğazına vurdum ve odadan çıktım. ... Tam boğazıma vuracaktım, biranda çocuğumun kucağımda olduğunu hissettim, yapamadım. ... olduğunun, her iki el bilek bölgesinde eski yara skarı olduğunun görüldüğü, ellerinde ve parmaklarda travmatik ... olduğ"
"548","Danıştay","Daire","2017/1036","2017/1336","2017-06-22","VEduMUNLak0rSEppeWpXcXYzREJ1SzNNUjkvTE1QNmQ","https://mevzuat.sinerjias.com.tr/ictihat/yuksek-mahkeme/yargitay%20karari/VEduMUNLak0rSEppeWpXcXYzREJ1SzNNUjkvTE1QNmQ","travma, gebelik, gebeliğinin","üzere bekletildiği, normal doğum gerçekleşmeyince sezaryen operasyonuna alınan şikayetçinin bebeğinin travma ... PSMG (psiko sosyal motor gerilik)'nin sezaryen ameliyatının geciktirilmesinden kaynaklanmadığı, gebelik ... doğuma zorlanması ile bebekteki PSMG rahatsızlığı arasında illiyet bağı olup olmadığı, şikayetçinin gebeliğinin ... sosyal motor gerilik) hastalığı arasında illiyet bağı olup olmadığı, şikayetçinin Tıp Fakültesindeki gebeliğinin"
"549","Anayasa","Genel Kurul","2016/22169","2017/","2017-06-20","b0NjbEIxYnRQZGpzU0g3L1RoT2FNZz09","https://mevzuat.sinerjias.com.tr/ictihat/yuksek-mahkeme/yargitay%20karari/b0NjbEIxYnRQZGpzU0g3L1RoT2FNZz09","boğaz, travma, travmanın","Yine Avrupa ve Asya'yı birbirine bağlayan Boğaz köprüleri ile İstanbul'da bulunan havalimanları tanklar ... edildiği şekliyle 15 Temmuz gecesinde yaşanan şok edici ve korkunç olaylar, Türk toplumunda derin bir travma ... geçmişinde meydana gelen askeri darbelerin ve bu darbelerin yol açtığı yoğun insan hakları ihlallerinin bu travmanın"
"550","Bölge Adliye Mahkemesi","1. Ceza Dairesi","2017/521","2017/991","2017-05-24","M2xSRExUN0ZPTlFSMDlEMnViVEkrZz09","https://mevzuat.sinerjias.com.tr/ictihat/yuksek-mahkeme/yargitay%20karari/M2xSRExUN0ZPTlFSMDlEMnViVEkrZz09","gebeliğim, travması, hamile, travmatik, gebeliğini, travma, travmanın","Benim gebeliğim süresinde zaman zaman Narman Entegre Devlet Hastanesine ve Oltu Devlet Hastanesine gittiğim ... Soruldu: Ben o ifademi kabul etmiyorum, ilk kez doğum yapmıştım, çocuğumda ölmüştü, olayın travması içerisindeydim ... Ben, hamile değilsin, hamile olsan bile benden mi dedim. Sonra E.le görüşmemeye başladık. ... İhtisas Kurulu raporu içeriğinden; kişinin travmatik tesirle öldüğüne dair tıbbi delil bulunmadığı, zehirlenerek ... saatlerinde evinde kendi başına yardım almaksızın doğum ya"
"551","Anayasa","Bölüm","2014/17591","2017/","2017-04-19","aDh2OFpoUEtoTTlWcFJGUGZBMTM0QT09","https://mevzuat.sinerjias.com.tr/ictihat/yuksek-mahkeme/yargitay%20karari/aDh2OFpoUEtoTTlWcFJGUGZBMTM0QT09","travmatik, gebelerde","doku harabiyeti, iç organ ve büyük damar yaralanması tarif edilmediği dikkate alındığında; kişinin travmatik ... kanama, beyin kanaması, beyin doku harabiyeti, iç organ ve büyük damar yaralanması tarif edilmediği için travmatik ... darlığı, bulantı, kusma, tahriş gibi sonuçlarının olabileceğinin hatta küçük çocuklarda, yaşlılarda, gebelerde ... Bu raporda, müteveffanın travmatik tesirle öldüğüne ilişkin tıbbi delillerin bulunmadığının belirtildiği"
"552","Yargıtay","Ceza Dairesi","2015/16284","2017/3228","2017-04-18","R2pCdkEraHY2Y3J4cnY0amh2QUdvZz09","https://mevzuat.sinerjias.com.tr/ictihat/yuksek-mahkeme/yargitay%20karari/R2pCdkEraHY2Y3J4cnY0amh2QUdvZz09","travmatık, boğazına","göre, katılan sanık ... için düzenlenen 12.12.2012 tarihli adli tıp uzmanı raporunda ""herhangi bir travmatık ... in boğazına sarılarak "" ... her şey senin yüzünden oldu"" diyerek hakaret edip mağduru iteklediği daha"
"553","Yargıtay","Ceza Dairesi","2016/12670","2017/3105","2017-04-12","bmF5eDN5RCtiaS9jckovNm9DZi9MZz09","https://mevzuat.sinerjias.com.tr/ictihat/yuksek-mahkeme/yargitay%20karari/bmF5eDN5RCtiaS9jckovNm9DZi9MZz09","gebeliği, travmatik","in eşi olan ve 38 haftalık gebeliği bulunan katılan ...' ... 30.04.2007 tarihli raporunda; ""...Otopsi raporunda bebeğin vücudunda ölüme neden olabilecek nitelikte travmatik ... Genel Kurulunun 27.02.2014 tarihli raporunda; ""...21.11.2007 tarihinde saat 06:30 civarında 38 haftalık gebeliği"
"554","Yargıtay","Ceza Dairesi","2016/5680","2017/3721","2017-04-05","Si9HU1hlV0p0ckg5MGs4ZXlEUFNjdz09","https://mevzuat.sinerjias.com.tr/ictihat/yuksek-mahkeme/yargitay%20karari/Si9HU1hlV0p0ckg5MGs4ZXlEUFNjdz09","gebe, boğazını, travmatik","Suçun; a) Çocuğa, beden veya ruh bakımından kendisini savunamayacak durumda bulunan kişiye ya da gebe ... nın boğazını sıkıp tekme attığı, bunun üzerine yardıma gelen polis memurları ... ve ...' ... 15:55'te Bakırköy Adli Tıp Şube Müdürlüğünce düzenlenen raporda ""geçici raporda tarif edilen harici travmatik"
"555","Danıştay","Daire","2013/13723","2017/1092","2017-03-08","V3VlTnl5Z2piRXl0V0FwNTVWWXVNdWpXUjRDb3RhQVM","https://mevzuat.sinerjias.com.tr/ictihat/yuksek-mahkeme/yargitay%20karari/V3VlTnl5Z2piRXl0V0FwNTVWWXVNdWpXUjRDb3RhQVM","travma, gebelik","kaybı ve/veya tüm vücut fonksiyonunu kaybetmesine sebep olacak reimplantasyon ihtiyacı, yanık, ağır travma ... kaybı ve/veya tüm vücut fonksiyonunu kaybetmesine sebep olacak reimplantasyon ihtiyacı, yanık, ağır travma ... •Gebelik ... 1) Her ne boyutta olursa olsun travma"
"556","Yargıtay","Ceza Genel Kurulu","2014/269","2017/108","2017-02-28","VWpsMjQ3elhxNDBwSGVrVE9iRFJhZUZHQVpmYzNjL2c","https://mevzuat.sinerjias.com.tr/ictihat/yuksek-mahkeme/yargitay%20karari/VWpsMjQ3elhxNDBwSGVrVE9iRFJhZUZHQVpmYzNjL2c","gebe, boğaz, travmaya, travmasına, travma","Suçun; a) Çocuğa, beden veya ruh bakımından kendisini savunamayacak durumda bulunan kişiye ya da gebe ... diyalize girdiğini ve sağ kulağında işitme güçlüğü olduğunu belirtmesi sebebiyle dahiliye ve kulak-burun-boğaz ... durumunun iyi, şuurunun açık, kooperasyonunun tam olduğu, tariflediği şikâyetler hususunda kulak-burun-boğaz ... Suçun; a) Çocuğa, beden veya ruh bakımından kendisini savunamayacak durumda bulunan kişiye ya da gebe ... Adli Tıp Kurumu Morg İhtisas Dairesi tarafından düzenlenen r"
"557","Danıştay","Daire","2016/6692","2017/952","2017-02-27","aXVqT2h4K2VDR1NEZ0FXdFNsRFZxRVVXSUFGQ1ZwUng","https://mevzuat.sinerjias.com.tr/ictihat/yuksek-mahkeme/yargitay%20karari/aXVqT2h4K2VDR1NEZ0FXdFNsRFZxRVVXSUFGQ1ZwUng","travmatoloji, boğaz","uzmanı, Genel Cerrahi uzmanı, İç Hastalıkları uzmanı, Nöroloji uzmanı, Enfeksiyon uzmanı, Ortopedi ve Travmatoloji ... uzmanı, Ruh ve Sinir Hastalıkları uzmanı, Kulak Burun Boğaz uzmanı sekiz Profesör ve 3 Adli Tıp uzmanı"
"558","Danıştay","Daire","2016/7108","2017/630","2017-02-09","c2RUd29aVE9NdUJWMVMyRFhqcmM0MXJMTURKamIra08","https://mevzuat.sinerjias.com.tr/ictihat/yuksek-mahkeme/yargitay%20karari/c2RUd29aVE9NdUJWMVMyRFhqcmM0MXJMTURKamIra08","travmatik, gebe, gebelik, gebenin","Hastanesi'nde gerçekleştirilen doğumunun, anılan hastane personelinin kusur ve hatası nedeniyle travmatik ... Devlet Hastanesi'ne miadında ağrılı gebe olarak başvurduğu, saat 14:50'de gebelik muayenesinde ... gebenin sularının mekonyumlu olması üzerine acilen sezaryane alındığı, doğan bebekte solunum olmadığı ... prenatal( doğum öncesi) asfikside kaldığını gösterdiği, genel uygulamalarda doğum eyleminde olan bir gebenin"
"559","Yargıtay","Ceza Genel Kurulu","2016/762","2017/53","2017-02-07","ekxLLzJCdEhpU2RNN2hjclU4OWJ5UT09","https://mevzuat.sinerjias.com.tr/ictihat/yuksek-mahkeme/yargitay%20karari/ekxLLzJCdEhpU2RNN2hjclU4OWJ5UT09","boğazına, travma","anlatımına göre; sanığın sol eli ile mağdurenin iki bileğinden geriye doğru tutup, sağ eli ile bıçağı boğazına ... etrafta ev ya da insan olmadığını, sanığın kendisini koltuğun üzerine atıp cebinden çıkarttığı bıçağı boğazına ... çıkardıktan sonra sol eli ile iki bileğinden kavrayıp geriye doğru tuttuğunu, sağ eli ile de bıçağı boğazına ... yere yatırıp üstünü çıkardığını, bağırması üzerine sağ eliyle iki elini tutup diğer elindeki bıçağı boğazına ... olarak değerlendirildiği, işlevselliğinde or"
"560","Yargıtay","Ceza Genel Kurulu","2015/2-349","2017/23","2017-01-24","RFhGb1l1WEFLcWdnT2x0Sm05VmRqbjVueXNlUlFvY0s","https://mevzuat.sinerjias.com.tr/ictihat/yuksek-mahkeme/yargitay%20karari/RFhGb1l1WEFLcWdnT2x0Sm05VmRqbjVueXNlUlFvY0s","travma, boğazına","kızarıklık, sağ bacak ön yüzde sıyrık, makatta taze kan ve anal bölgede ekimoz tespit edildiğinin ve travma ... Kuruçeşme denilen yere geldiklerinde bisikletlerden indiklerini,....'ın tekrar bıçağını çıkarıp boğazına ... , bu şekilde Batkın Köyü yakınlarındaki bir dere kenarına geldiklerini,....'ın, bıçağı mağdurun boğazına"
"561","Yargıtay","Hukuk Dairesi","2016/25791","2016/21144","2016-12-13","YlU1M204eEZycDVtdjE2ZHNncEwvK01vWWZMYjU0ZGw","https://mevzuat.sinerjias.com.tr/ictihat/yuksek-mahkeme/yargitay%20karari/YlU1M204eEZycDVtdjE2ZHNncEwvK01vWWZMYjU0ZGw","boğazında, travmalar","sırasında çocuk anne olan ... bebeğini boğmak istediği, davacının 2 defa çocuk annenin ellerini bebeğinin boğazında ... belirtilerek davacının bu gibi durumların çok önemli olduğu ve aciliyet teşkil ettiği, çocukların yaşadıkları travmalar"
"562","Yargıtay","Ceza Genel Kurulu","2016/755","2016/454","2016-11-29","ZWJlSWlmOXdUNjlaZ2FBUGpCVGhTcnJlclEwbE5LTUc","https://mevzuat.sinerjias.com.tr/ictihat/yuksek-mahkeme/yargitay%20karari/ZWJlSWlmOXdUNjlaZ2FBUGpCVGhTcnJlclEwbE5LTUc","hamileliğine, travmatik, hamile, hamilesin","belirtilmiş, Eskişehir Doğumevi Hastanesi tarafından düzenlenen raporda; kürtaj uygulanan mağdurenin hamileliğine ... İhtisas Kurulunca; olay nedeni ile post travmatik stres bozukluğu yaşayan mağdurenin beden ve ruh sağlığının ... evine giderek burada da ilişkiye girdiklerini, başka bir ev tutup birlikte yaşamaya başladıklarını ve hamile ... cinsel ilişkiye girdiğini, sanığın kızlığını bozduğunu, tehdit ederek ilişkiye girmeye devam ettiğini, ""hamilesin"
"563","Yargıtay","Ceza Genel Kurulu","2016/932","2016/426","2016-11-15","U0NTTkZNWGdiTGhjcnJ4cWRQYVVjYXd5UUxVcGxOYkk","https://mevzuat.sinerjias.com.tr/ictihat/yuksek-mahkeme/yargitay%20karari/U0NTTkZNWGdiTGhjcnJ4cWRQYVVjYXd5UUxVcGxOYkk","travması, travmatik, travmasıyla, geber","Trabzon Grup Başkanlığı tarafından düzenlenen otopsi raporu incelendiğinde, maktulün ölümünün künt kafa travması ... sonucu gelişen beyin kanamasından kaynaklandığı, maktulün doğrudan ölümüne neden olacak travmatik değişimlere ... raporun sonuç kısmında; kalp damar sistemi hastası olduğu tespit edilen maktulün ölümünün künt kafa travmasıyla ... istediğini, kendisi olay yerine gidene kadar sanığın, elinde tuttuğu bastonu maktulün üzerine atarak “geber ... maktulün elinden aldığı bastonla maktulün"
"564","Yargıtay","Hukuk Dairesi","2016/11375","2016/10712","2016-11-14","dHVNN0dudU5lalJzSVltRmFqT0lVVmlhS2ZNbFhUVlI","https://mevzuat.sinerjias.com.tr/ictihat/yuksek-mahkeme/yargitay%20karari/dHVNN0dudU5lalJzSVltRmFqT0lVVmlhS2ZNbFhUVlI","hamile, travmatik","in de 6 aylık hamile olduğunu öğrendiğini, müvekkilinin yaşadığı tüm bu sarsıcı ve travmatik olaylar"
"565","Danıştay","Daire","2016/3335","2016/4715","2016-09-29","WGl4NjZ3OERxa3dVRVdwR1J0MkpjUT09","https://mevzuat.sinerjias.com.tr/ictihat/yuksek-mahkeme/yargitay%20karari/WGl4NjZ3OERxa3dVRVdwR1J0MkpjUT09","travmaların, gebeliğinin, gebe, gebelik, travma","kapsamından ve bilirkişi raporundan davacı annenin hastaneye gelişi, doğum ve doğum sonrası yaşadığı travmaların ... ın gebeliğinin 33. hafta 5. gününde Cerrahpaşa Tıp Fakültesi Hastanesi'ne 10/08/2012 tarihinde müracaat ... ettiği, erken membranrüptürü (suları gelen gebe), transvers(yan) duruş bulgularıyla takibe alındığı, ... kaybı ve bir dış gebelik öyküsü) ve erken membranrüptürü (37. gebelik haftasından önce doğum eylemine ... girmeden bebeğin sularının gelmesi ve gebelik kesesi bütünlüğünü"
"566","Bölge Adliye Mahkemesi","20. Ceza Dairesi","2016/1","2016/3","2016-09-23","Vmk4MGZzWXNnU1ZIajgwVks5N1RmZz09","https://mevzuat.sinerjias.com.tr/ictihat/yuksek-mahkeme/yargitay%20karari/Vmk4MGZzWXNnU1ZIajgwVks5N1RmZz09","travma, hamile","Hastanesinin 16/06/2014 gün ve 2014/72 sayılı raporunda … genital muayenede, hymende eski yada yeni bir travma ... Annem hamile idi. Ayrıca küçük kardeşim de vardı. Annemin evde bulunmaması söz konusu değildir. ... hastanesinin raporu ve rapor içeriğine göre mağdurenin genetal muayenesinde himende eski yada yeni bir travma ... durumu karakola bildirerek şikayetçi olduğu, Yapılan Genital muayenede, himende eski ya da yeni bir travma"
"567","A.İ.H.M.","A.İ.H.M.","2010/26470","2016/","2016-09-20","RzJzU2RXL1ZQa3lXWkU3N0ZXVFJCTkt1UkRhYjFBRmE","https://mevzuat.sinerjias.com.tr/ictihat/yuksek-mahkeme/yargitay%20karari/RzJzU2RXL1ZQa3lXWkU3N0ZXVFJCTkt1UkRhYjFBRmE","gebeymiş, travmaya, travma","Askere gittiği sırada, ilgilinin eşi gebeymiş ve ikinci bebek doğduktan üç gün sonra söz konusu bebek ... Söz konusu kırıklar travmaya bağlı meydana gelmiştir. Bu travma darba bağlı olabilir. ... Bu nedenle, karın bölgesinde bir travma da kusmaya neden olabilir. ... Müteveffanın, kardiyo pulmoner yeniden canlandırma işlemi öncesinde travmaya maruz kalıp kalmadığının"
"568","Anayasa","Bölüm","2014/10459","2016/","2016-07-13","V0hPN2tYTWhHWGRaVGt3NGE4WjM4QT09","https://mevzuat.sinerjias.com.tr/ictihat/yuksek-mahkeme/yargitay%20karari/V0hPN2tYTWhHWGRaVGt3NGE4WjM4QT09","boğazına, travmatik","'ın boğazına sarılmaya çalışınca aracı yol kenarında durdurup takviye gelen ekip ile şahıslara biber ... 'ın boğazına sarılmaya çalışınca aracı yol kenarında durdurup takviye gelen ekip ile şahıslara biber ... teminen gönderilmesi halinde yeniden değerlendirileceğine, Kafatası kemiklerinde kırık, kafa içi travmatik ... Kafa kemiklerinde kırık, kafa içi travmatik değişim, iç organ ve büyük damar yaralanması tarif edilmediğine ... teminen gönderilmesi halinde yeniden değerlendirileceğine, Kafatası"
"569","A.İ.H.M.","A.İ.H.M.","2011/63034","2016/","2016-06-28","NXV4SzZqRlJTQU9KSXdVZkFMRFpieFk0ZFVscGNtWS8","https://mevzuat.sinerjias.com.tr/ictihat/yuksek-mahkeme/yargitay%20karari/NXV4SzZqRlJTQU9KSXdVZkFMRFpieFk0ZFVscGNtWS8","boğazına, travma, boğazını, gebelik","(…) Eve gelip polisleri gördüğünde, bıçağı boğazına dayadı ve kendini öldürmekle tehdit etti. ... Aynı gün, Fatma Babatlı’nın sol kol dirsek hizasında kunt travma sonucu ekimoz ve hiperemi mevcut ... fiziksel şiddete maruz kalmış ve şiddete uğrayanların yaklaşık yarısı ise (% 46) vurma, tekmeleme, boğazını ... (…) Hatta araştırma sonuçları gebelik döneminde, her 10 kadından birinin fiziksel şiddete maruz ... Fiziksel şiddet, her on kadının neredeyse birinde gebelik sırasında da devam etmektedir."
"570","Anayasa","Genel Kurul","2013/3262","2016/","2016-05-11","d1Vob05xam1IYWJ2T3k5aURld051QT09","https://mevzuat.sinerjias.com.tr/ictihat/yuksek-mahkeme/yargitay%20karari/d1Vob05xam1IYWJ2T3k5aURld051QT09","boğazlıyan, gebe, hamile, travma, travmatize, gebeliklerin","Bu karara karşı başvurucu tarafından yapılan itiraz, Boğazlıyan Ağır Ceza Mahkemesinin 7/3/2012 tarihli ... fiillerin; a) Çocuğa, beden veya ruh bakımından kendisini savunamayacak durumda bulunan kişiye ya da gebe ... yapılmasına, e) Barınma tedbiri, barınma yeri olmayan çocuklu kimselere veya hayatı tehlikede olan hamile ... İşkence ile bağlantılı ana psikiyatrik bozukluklar, travma sonrası stress bozukluğu (TSSB) ve majör depresyondur ... Bu tür bozuklukların, nüfusun genelinde de gözleniyor o"
"571","Yargıtay","Ceza Dairesi","2013/31417","2016/4925","2016-05-05","VXNnRGp0U2xBaVBWb096bStOQzRnQT09","https://mevzuat.sinerjias.com.tr/ictihat/yuksek-mahkeme/yargitay%20karari/VXNnRGp0U2xBaVBWb096bStOQzRnQT09","travma, boğazına","İhtisas Kurulundan alınan ""..subklinik travma sonrası stres bozukluğu tespit edildiğine, ruh sağlığının ... evine çıkmak için merdivenlere yöneldiğini, bu arada sanığın peşinden gelmiş olduğunu gördüğünü, birden boğazına"
"572","Anayasa","Genel Kurul","2013/3782","2016/","2016-04-21","M0dwMXpsMlZwVlNGeVZyU05reVBUQT09","https://mevzuat.sinerjias.com.tr/ictihat/yuksek-mahkeme/yargitay%20karari/M0dwMXpsMlZwVlNGeVZyU05reVBUQT09","boğazını, boğaz, boğazımı, boğazındaki, boğazının, travmatik","kilitlendiği, kapının kilitlenmesinden sonra Hasan Özer'in ayakkabısı ile camı kırdığı ve cam kırıkları ile boğazını ... kesmeye çalıştığı, bunun üzerine olaya müdahale edildiği, Hasan Özer'in boyun ve boğaz bölgesinde kanama ... Özer ""Bu çizikleri ben kendim yaptım, cezaevine gitmemek için ayakkabı ile cama vurdum, cam kırılınca boğazımı ... Yapılan incelemede asılı şahsın boğazındaki kumaşın, siyah beyaz çizgili, kareli gömlek parçasından ip ... Fıskiyenin bulunduğu noktadaki bağlantı ile şahs"
"573","Yargıtay","Ceza Dairesi","2015/9892","2016/6447","2016-04-14","MjBLM0ZrejNqRDN5K1c5RVkwZjNLUT09","https://mevzuat.sinerjias.com.tr/ictihat/yuksek-mahkeme/yargitay%20karari/MjBLM0ZrejNqRDN5K1c5RVkwZjNLUT09","gebe, gebeliği, gebelik, travmatik","Hastanesine miadında ağrılı gebe olarak yatırıldığı, ilk gebeliği olduğu, yapılan gebelik USG tetkikinde ... fetal kalp atışı pozitif olan 38 haftalık normal gebelik tespit edildiği, saat 8.30'da Dr. ... tarafından ... yapılan gebelik muayenesinin normal olması sebebiyle normal doğum kararı alındığı, indüksiyona başlandığı ... , saat 09.30'da NST tetkiki yapıldığı, saat 8.30'dan saat 11.30'a kadar her yarım saatte bir gebelik ... ettiği, saat 10.00'da NST tetkiki yapıldığı, reaktif olarak değerl"
"574","Askeri Yargıtay","Daire","2016/203","2016/241","2016-04-05","T3BSNTRIeWRrV3JxeVRIREJodjRMQT09","https://mevzuat.sinerjias.com.tr/ictihat/yuksek-mahkeme/yargitay%20karari/T3BSNTRIeWRrV3JxeVRIREJodjRMQT09","travmatik, boğazı","düşmelerde de yalnızca yüz ve ayak bölgeleri ile sınırlı lezyonlardan ziyade, diğer vücut bölgelerindeki travmatik ... yüksekliğinin veya düşme bölgesinin belirlenmesinin tıbben mümkün olmadığı, mağdurun kafasına ve çenesi ile boğazı"
"575","Yargıtay","Ceza Genel Kurulu","2015/1158","2016/146","2016-03-29","M3NMMURncDAwR2VHMWlrbmV1ZFpUMXBLK21MVERSNEw","https://mevzuat.sinerjias.com.tr/ictihat/yuksek-mahkeme/yargitay%20karari/M3NMMURncDAwR2VHMWlrbmV1ZFpUMXBLK21MVERSNEw","travmaya, hamile","öldüğü, Ölü muayene ve otopsi tutanağında; maktulenin 167 cm boyunda, 50 kg ağırlığında olduğu, künt travmaya ... mutlu olduklarını bildiğini, ...n zaman zaman eşinin kendisi ile ilgilendiğini söylediğini, kendisinin hamile"
"576","Yargıtay","Ceza Dairesi","2015/15641","2016/3854","2016-03-10","QXpnR2pQSFZESzV1SEpCYTNnNnUzUT09","https://mevzuat.sinerjias.com.tr/ictihat/yuksek-mahkeme/yargitay%20karari/QXpnR2pQSFZESzV1SEpCYTNnNnUzUT09","gebelik, travması, gebe","ettiği ve ebelere normal doğum hazırlığı yapılması talimatı verdiği, bunun üzerine katılanın sanığa “gebelik ... olasılıkla konjetinal olduğu, doğumdaki hipoksiden kaynaklanmadığı, ancak doğum sırasında oluşabilecek doğum travması ... nın suyu gelmiş miadında ağrılı gebe olarak ..."
"577","Yargıtay","Ceza Genel Kurulu","2014/1-481","2016/84","2016-02-23","TDRXU1A5YndsSGRaREYzbERwUGpySmFIZGU0eVBFaXM","https://mevzuat.sinerjias.com.tr/ictihat/yuksek-mahkeme/yargitay%20karari/TDRXU1A5YndsSGRaREYzbERwUGpySmFIZGU0eVBFaXM","boğazlıyan, travma","nitelikli yağma, kişiyi hürriyetinden yoksun kılma ve mala zarar verme suçlarından beraatine ilişkin, Boğazlıyan ... Boğazlıyan ... sorulduğunda “abi bende teslim olmak için polis arıyordum. 24.06.2011 günü saat 23.45 sıralarında Boğazlıyan ... gördüğü hastanede vefat eden maktulün, 158 cm. boyunda, 55-60 kğ. ağırlığında olduğu, başına aldığı künt travma ... ağaç motoru ve matkap pazarlama işi ile uğraştığını, Tokat’ta ikamet ettiğini, 21.06.2011 günü Boğazlıyan ... Tokat ilinde ikamet eden ve s"
"578","Anayasa","Bölüm","2013/4383","2016/","2016-02-18","d3pnMFdlZlA5WlZaRmFOckx3a09HQT09","https://mevzuat.sinerjias.com.tr/ictihat/yuksek-mahkeme/yargitay%20karari/d3pnMFdlZlA5WlZaRmFOckx3a09HQT09","travma, boğazına","iki olaydan hangisine bağlı olduğu konusunda kanaat takdirine tıbben imkân bulunmayıp mevcut fiziksel travma ... odada bulunan İnfaz Koruma Memuru B.K.nın kendisine gülmesi üzerine tartışmaya başladıklarını; B.K.nın, boğazına"
"579","Yargıtay","Ceza Genel Kurulu","2015/425","2016/61","2016-02-16","T3E0blVWTk1qYllvT25RS0ZDZXJEQm1jcWgzdGVGS1o","https://mevzuat.sinerjias.com.tr/ictihat/yuksek-mahkeme/yargitay%20karari/T3E0blVWTk1qYllvT25RS0ZDZXJEQm1jcWgzdGVGS1o","hamileliğin, hamile, travma, boğazında, boğazına, gebeliğin","şikâyetçi olduğu, ancak dosya içeriğine göre sanığın fiilinin zorla olduğuna dair delil bulunmadığı, hamileliğin ... düzenlenen 03.08.2012 günlü raporda; mağdurenin son âdet tarihine göre otuzbir hafta ve beş günlük hamile ... yapılan muayenesinde, mağduru bulunduğu olaydan kaynaklanmış ruh sağlığını bozacak mahiyet ve derecede travma ... testi yaptığını, yirmi haftalık hamile olduğunu öğrendiğini, babası dışında ailesine durumu söylediğini ... Mağdurenin annesi ... aşamalarda özetle; Ocak ayı b"
"580","Yargıtay","Ceza Dairesi","2013/29426","2016/509","2016-02-10","YXVrbExEZk94NHd0STk5RkY4MXZLdz09","https://mevzuat.sinerjias.com.tr/ictihat/yuksek-mahkeme/yargitay%20karari/YXVrbExEZk94NHd0STk5RkY4MXZLdz09","boğazına, travmatik, boğazıma","üzüm aldığını, evinin avlusuna girdiği sırada, kadının arkasından üzerine atladığını, boynunu tutup boğazına ... yüzeysel yaygın (eski) kesiler mevcut olduğu, bunun dışında özellikle son dört gün içerisinde oluşmuş travmatik ... içeriye girdim, evin kapısını açıp içeri girerken, şüpheli kadın arkamdan boynuma atladı, boynumu tutup boğazıma"
"581","Yargıtay","Ceza Dairesi","2015/5169","2016/337","2016-02-01","eGY3VkxIaVppVjhSRTdaNlFwd2lKdz09","https://mevzuat.sinerjias.com.tr/ictihat/yuksek-mahkeme/yargitay%20karari/eGY3VkxIaVppVjhSRTdaNlFwd2lKdz09","boğaz, travmatik, boğazdaki","Maktulün ölü muayene ve otopsi tutanağında bacakta iki bıçak darbesi tarif edilmekle beraber, maktulün boğaz ... ilgili 19/02/2014 tarihli rapor alınmış, bu raporun 8. sayfasında ""kesici delici alet yaraları dışındaki travmatik ... getirir nitelikte olmadıkları dikkate alındığında, kişinin kesici delici alet yaralanması dışında travmatik ... sebebi ile ilgili olarak verilen 09/04/2014 tarihli raporda, ""kesici delici alet yaraları dışındaki travmatik ... meydana getirir nitelikte olmadıkları dikk"
"582","Anayasa","Bölüm","2013/3017","2015/","2015-12-16","eC9DTHZOVXhlN0c3N0xsZ0lzbExlZz09","https://mevzuat.sinerjias.com.tr/ictihat/yuksek-mahkeme/yargitay%20karari/eC9DTHZOVXhlN0c3N0xsZ0lzbExlZz09","travması, boğazını","düzenlenen müşahede evrakında tüm batın USG normal olduğu, acil müdahale düşünülmediği, yumuşak doku travması ... tekmelendiğini, yerde iken sakalını kesmeye çalıştıklarını, kendisinin engel olmaya çalışması üzerine M.D.nin boğazını"
"583","A.İ.H.M.","Daire","2009/38804","2015/","2015-11-10","Tm5IMUFTK3B1YU85MVlUb3NCN2R6Zz09","https://mevzuat.sinerjias.com.tr/ictihat/yuksek-mahkeme/yargitay%20karari/Tm5IMUFTK3B1YU85MVlUb3NCN2R6Zz09","travmatik, gebeliğin, travmaya","tarafından, 12 Eylül 2005 tarihinde, forseps uygulamasının, nadiren kafatası kırığına yol açacak şekilde travmatik ... 'nin ne gebeliğin tıbbi bakımdan takip edildiği aşamada ne de doğum esnasında herhangi bir ihmal veya ... doktor, bebeğin ölümünün solunum ve sindirim sistemi kanaması, doğum sırasında mekanik veya anoksik travmaya"
"584","A.İ.H.M.","Daire","2008/8077","2015/","2015-11-10","aFBpRFBXY2JsZDhCeFNLSGY2ZnRTZz09","https://mevzuat.sinerjias.com.tr/ictihat/yuksek-mahkeme/yargitay%20karari/aFBpRFBXY2JsZDhCeFNLSGY2ZnRTZz09","boğazının, travma, boğaz, travmadan, travmaya","Başvuran nöbetçi hâkim önünde, bir kâğıt parçasına, boğazının ve iç organlarının acıdığını ve konuşamadığını ... sağ kulağında iltihap olduğunu ve sol kulağında travma sonucu oluşması muhtemel kulak zarı perforasyonu ... 2003 tarihinde, Diyarbakır Cumhuriyet savcısına bir yazı göndermiş ve başvuranın detaylı kulak burun boğaz ... Doktor ayrıca, perforasyonun başvuranın yakalanması sırasında veya gözaltında bulunduğu sırada travma ... kulağının arkasındaki kırmızı lekelerin, sol kulak zarında per"
"585","Anayasa","Bölüm","2013/2910","2015/","2015-11-05","aVVzR0lxb2RZN1VaTEZya3dMZjZ6dz09","https://mevzuat.sinerjias.com.tr/ictihat/yuksek-mahkeme/yargitay%20karari/aVVzR0lxb2RZN1VaTEZya3dMZjZ6dz09","travmatik, gebertirim, hamile","arasında her ayın 1. ve 3. cumartesi günü 12.00-15.00 saatleri arasında kişisel ilişki tesisine, çocuğun travmatik ... Zorla da olsa babamla gidersem onunla durmam, kendimi asar ya da gebertirim."" şeklinde beyanda bulunduğu ... yapılmasına, e) Barınma tedbiri, barınma yeri olmayan çocuklu kimselere veya hayatı tehlikede olan hamile ... öfke ve davanın niteliği dikkate alınarak çocuk ile baba arasında kişisel ilişki tesisine, çocuğun travmatik ... Zorla da olsa babamla gidersem onunla durmam, ken"
"586","Yargıtay","Ceza Dairesi","2015/13078","2015/29865","2015-10-27","amh6VSt1aXdOV3FZdDZNWjZMNGRvUT09","https://mevzuat.sinerjias.com.tr/ictihat/yuksek-mahkeme/yargitay%20karari/amh6VSt1aXdOV3FZdDZNWjZMNGRvUT09","travmaya, boğaz","Antalya Eğitim ve Araştırma Hastanesi'nce verilen 08/05/2012 tarihli geçici raporunda; sağ kulakta travmaya ... bağlı kulak zarı perfarosyonu olduğu, işitme kaybı bulunduğu ve kulak - burun - boğaz konsültasyonu"
"587","Yargıtay","Ceza Dairesi","2013/12399","2015/15596","2015-10-27","S2tHajFtZjUvZGtYRlN2QXlPdTMwdz09","https://mevzuat.sinerjias.com.tr/ictihat/yuksek-mahkeme/yargitay%20karari/S2tHajFtZjUvZGtYRlN2QXlPdTMwdz09","gebelik, travmalar","doktor olarak görev yapan sanığın katılan Fatma'nın rızasını almadan, aydınlatma yükümlülüğüne uymadan, gebelik ... kontrolünü yapan doktorun görüşünü sormadan normal doğum yapılmasına karar verdiği, doğum sırasındaki travmalar"
"588","A.İ.H.M.","Daire","2005/45847","2015/","2015-10-20","bHNDU3U5aitCWTh1OXNSemV4RzJtUT09","https://mevzuat.sinerjias.com.tr/ictihat/yuksek-mahkeme/yargitay%20karari/bHNDU3U5aitCWTh1OXNSemV4RzJtUT09","gebe, travma, hamileliği, travmatikasfiksinin, hamileliğinde","İkinci çocuğuna gebe kalan Ayten Maraş, 17 Kasım 1996 tarihinde bebeğin iri olduğunu tespit eden ve doğumu ... Ölüme neden olacak dış bir travma izine rastlanmadığı, başvuranların yakınının zehirlenmeye bağlı olarak ... örneklerde yapılan toksikolojik analizler negatif çıkmış ve yapılan otopside, vücudun dışında herhangi bir travma ... herhangi bir komplikasyon gerçekleşmeden bir çocuğunun dünyaya geldiği; - Ayten Maraş'ın ikinci hamileliği ... bebeğin ölümünün, annenin sağlık durumundan kaynakl"
"589","Anayasa","Bölüm","2013/2084","2015/","2015-10-15","c3ljdTl4L1puV3V4ZmJwV3lyVlVDdz09","https://mevzuat.sinerjias.com.tr/ictihat/yuksek-mahkeme/yargitay%20karari/c3ljdTl4L1puV3V4ZmJwV3lyVlVDdz09","travmatoloji, gebelik","Adli Tıp İhtisas Kurulunun 23/2/2009 tarihli raporunun, içlerinde Üroloji, Genel Cerrahi, Ortopedi ve Travmatoloji ... sırasında kanamalı ve acil durumda olduğu halde destekleri olan hastaya müdahalede bulunmayıp, dış gebelik"
"590","Yargıtay","Ceza Dairesi","2013/16626","2015/22479","2015-10-12","c3VkU1htbjBPQ09kWE02NmdMSm5RUT09","https://mevzuat.sinerjias.com.tr/ictihat/yuksek-mahkeme/yargitay%20karari/c3VkU1htbjBPQ09kWE02NmdMSm5RUT09","gebe, travmaya","Suçun; a) Çocuğa, beden veya ruh bakımından kendisini savunamayacak durumda bulunan kişiye ya da gebe ... Konuşmasında sürekli zorluğa, c) Yüzünde sabit ize, d) Yaşamını tehlikeye sokan bir duruma, e) Gebe ... ) Konuşma ya da çocuk yapma yeteneklerinin kaybolmasına, d) Yüzünün sürekli değişikliğine, e) Gebe ... incitip, haysiyet kırıcı hareketlere tahammül edilemezliği ortaya çıkarmış, bu durum başhekimde ağır bir travmaya"
"591","Anayasa","Bölüm","2013/7812","2015/","2015-10-06","U3hIenAxVzJFbnRoZ2JhejN0a3Uwdz09","https://mevzuat.sinerjias.com.tr/ictihat/yuksek-mahkeme/yargitay%20karari/U3hIenAxVzJFbnRoZ2JhejN0a3Uwdz09","boğazında, travma, travmatik","için bulunduğu caddeden bir sokağa geçmek istediği sırada bir patlama olmuş; patlamanın etkisiyle önce boğazında ... belirlenemeyen sivil bir araçla özel bir hastaneye götürülmüş; saat 19.04'te yapılan ilk muayenesinde ""Solgöze travma ... Mobilya isimli işyerinin yan sokağından geçmek isterken bir patlama sesi duyup boğazında bir yanma hissettiğini ... 2011 tarihinde düzenlenen konsültasyon formunda ""Başvurucunun plastik mermi isabeti sonucu sol gözde travma ... şikayeti nedeniyle polikliniğimiz"
"592","Yargıtay","Ceza Dairesi","2013/8746","2015/8385","2015-09-15","bnplTXlMSEVRWE4wNzBOZjhkcGMxUT09","https://mevzuat.sinerjias.com.tr/ictihat/yuksek-mahkeme/yargitay%20karari/bnplTXlMSEVRWE4wNzBOZjhkcGMxUT09","hamile, travma","yaparak evlendikleri ve mağdurenin rızası ile birden fazla cinsel ilişkiye girdikleri, mağdurenin hamile ... ve derecede depresif bozukluk ve travma"
"593","A.İ.H.M.","Daire","2009/44188","2015/","2015-06-23","VEc5TzNKdEt4djkyNC9mS1A5RU1BUT09","https://mevzuat.sinerjias.com.tr/ictihat/yuksek-mahkeme/yargitay%20karari/VEc5TzNKdEt4djkyNC9mS1A5RU1BUT09","travmatik, boğaz","Tıbbi raporda, başvuranın penis ve testislerde duyduğu ağrılardan şikayet ettiği ancak harici travmatik ... Öte yandan, muayenede, skrotum ve penis çevresinde travmatik lezyona rastlanmadığı, anal mukoza ve sfinkter ... Tıbbi raporda, başvuranın bir Kulak Burun Boğaz uzmanı tarafından muayene edilmesi gerektiği belirtilmiştir ... tarafından yapılmasına karar verilen ek incelemeler hakkında bilgi yani burun röntgenine ve Kulak Burun Boğaz"
"594","Yargıtay","Ceza Dairesi","2015/498","2015/3210","2015-06-23","aTVkSTVvQUR1OGZlU2RsenVqL2ladz09","https://mevzuat.sinerjias.com.tr/ictihat/yuksek-mahkeme/yargitay%20karari/aTVkSTVvQUR1OGZlU2RsenVqL2ladz09","boğazından, travma","in boğazından tutarken gördüm” yönündeki anlatımı, bu anlatımı destekler nitelikte olan ve katılanın ... tarihli rapor, yine aynı kurumca düzenlenen 14.12.2009 tarihli raporda, katılandaki yaralanmaların “künt travma"
"595","Yargıtay","Hukuk Dairesi","2015/271","2015/6422","2015-05-06","aGRuSzFmOFVHdjA2M0hSd2pCdk5vZz09","https://mevzuat.sinerjias.com.tr/ictihat/yuksek-mahkeme/yargitay%20karari/aGRuSzFmOFVHdjA2M0hSd2pCdk5vZz09","hamile, travmatik","Tren İstasyonunda hamile eşine yardım ettiği sırada trenin ani hareket etmesiyle raylar üzerine düştüğünü ... 27.680,00 TL olmasına göre bu miktarın bilirkişice tespit edilen miktarın içinde kaldığı, davacı gibi travmatik"
"596","Yargıtay","Ceza Genel Kurulu","2014/4-709","2015/139","2015-05-05","RlBCQlBhM3BrK01kSTNKR0JwMFdidz09","https://mevzuat.sinerjias.com.tr/ictihat/yuksek-mahkeme/yargitay%20karari/RlBCQlBhM3BrK01kSTNKR0JwMFdidz09","boğazını, travmatik, travmasının, boğaz","alındınız, yanlış anladınız' deyince, 'sen ıslığı bana çaldın' diyerek mağdurun üzerine yürüdüğü, eli ile boğazını ... düzenlenen adli raporda; sol yüz kısmında, boyun ve ense bölgesinde, her iki el bileklerinde multiple travmatik ... lezyonlar olduğu, sağ el bileğindeki travmasının basit tıbbi müdahale ile giderilemeyecek nitelikte ... M... isimli şahsın raporunu bizzat muayene sonucu düzenledim, sol gözaltında ve sırtta travmatik lezyonlar ... Türkiye'nin en büyük ili olan İstanbul'un boğaz kı"
"597","Yargıtay","Ceza Dairesi","2014/18577","2015/7237","2015-04-30","a3lHcTlsMWdxL1FmQzBjWGNHazhhUT09","https://mevzuat.sinerjias.com.tr/ictihat/yuksek-mahkeme/yargitay%20karari/a3lHcTlsMWdxL1FmQzBjWGNHazhhUT09","gebeliği, travmatik","düşünüldü: Daha önceki evliliğinden 15 yaşında bir çocuğu olan ve gayri meşru ilişki sonucu 6-7 aylık gebeliği ... İhtisas Kurulu 26.06.2013 tarihli raporunda ise kısaca ""bebeğin travmatik bir tesirle öldüğünün tıbbi"
"598","Yargıtay","Ceza Dairesi","2015/950","2015/2169","2015-04-08","UWZWZjZwazVqVjlzeXBydFBMWTdFZz09","https://mevzuat.sinerjias.com.tr/ictihat/yuksek-mahkeme/yargitay%20karari/UWZWZjZwazVqVjlzeXBydFBMWTdFZz09","boğaza, travmatik","yerinde yapılan keşifte tespit edildiği üzere 1.65 cm boyunda olduğu belirtilen maktülün, asılı poşunun boğaza ... tarihli raporu ile; “Kişinin zehirlenerek öldüğünün tıbbi delillerinin bulunmadığı; kişinin ası dışında travmatik ... gibi herhangi toksik bir madde bulunmaması, otopsisinde vücudunda asıya bağlı oluşan telem dışında travmatik"
"599","Yargıtay","Ceza Dairesi","2014/35014","2015/11723","2015-04-01","ZDIzYStoRU4zM09pR01Ncm80dGRnZz09","https://mevzuat.sinerjias.com.tr/ictihat/yuksek-mahkeme/yargitay%20karari/ZDIzYStoRU4zM09pR01Ncm80dGRnZz09","boğaz, travmatik","ın, Bafra Devlet Hastanesi'nden 11.12.2009 tarihinde Kulak Burun Boğaz Hastalıkları uzman hekimi tarafından ... verilen adli raporda, ""sol timpanik membranda damla şeklinde travmatik perferasyon, basit tıbbi tedavi"
"600","Yargıtay","Ceza Genel Kurulu","2014/1-253","2015/46","2015-03-17","aE9QTXpnaFdxYlZLZ05sbEFPaWlPdz09","https://mevzuat.sinerjias.com.tr/ictihat/yuksek-mahkeme/yargitay%20karari/aE9QTXpnaFdxYlZLZ05sbEFPaWlPdz09","travmasına, travmatik, gebe","vermek için uyandırmak istediğinde öldüğünün anlaşıldığı, otopsi raporuna göre maktulenin künt kafa travmasına ... taze löbüler pnömoni, irinli bronşit, yaygın ödem ve hiperemi görüldüğü, kişinin ölümünün künt kafa travmasına ... raporunda; otopside bebeğin vücudunda 1,5 ay önce beşikten düşmesi sonucu meydana gelmiş nitelikte travmatik ... değişim bulunmadığı, otopside tanımlanan travmatik lezyonların tamamının eş zamanlı, yeni oluşmuş ... Çocuğa ya da beden veya ruh bakımından kendisini savuna"
"601","Yargıtay","Ceza Dairesi","2014/28446","2015/5112","2015-02-11","ZFA0TVp6eEovTGszdjdiQno0ajJDZz09","https://mevzuat.sinerjias.com.tr/ictihat/yuksek-mahkeme/yargitay%20karari/ZFA0TVp6eEovTGszdjdiQno0ajJDZz09","boğazlıyan, travmasının","Tebliğname No : 3 - 2013/32512 MAHKEMESİ : Boğazlıyan Asliye Ceza Mahkemesi TARİHİ : 25/12/2012 ... tarihli kati müşterek uzman hekimlerin raporunda, ortopedi uzmanı “kırık bulunmadığı ve yumuşak doku travmasının"
"602","Anayasa","Genel Kurul","2013/3924","2015/","2015-01-06","cDA5TmxHbVV6VkJlYkU5U3FaRWRTQT09","https://mevzuat.sinerjias.com.tr/ictihat/yuksek-mahkeme/yargitay%20karari/cDA5TmxHbVV6VkJlYkU5U3FaRWRTQT09","travma, gebelerde, gebelik","Başvurucu Tunay Özaydın'ın 28/3/2012 tarihli tek hekim raporunda sağ el bileğinde travma olduğu ve üç ... solunum darlığı, bulantı kusma, tahriş gibi sonuçlarının olabileceği, hatta küçük çocuklarda, yaşlılarda, gebelerde ... Yaş, gebelik veya kronik rahatsızlıkları nedeniyle biber gazından beklenenden daha fazla etkilenebilecek"
"603","Yargıtay","Hukuk Genel Kurulu","2014/21-286","2014/1063","2014-12-17","SC82SDhacHFPajFNaVdMcjlPWmdDUT09","https://mevzuat.sinerjias.com.tr/ictihat/yuksek-mahkeme/yargitay%20karari/SC82SDhacHFPajFNaVdMcjlPWmdDUT09","travması, travmaya, hamileliğinin","in kafa travması, sağ medialmalleol kırığı tanısıyla tedavi altına alındığı, uzun yargılama sürecinde ... sonuçlandırılamadığı, davacının olay tarihinde 26 yaşında iken, genç yaşta geçirdiği kaza sebebiyle ağır travmaya ... maruz kaldığı, tanık anlatımlarına göre hamileliğinin kaza sebebiyle son bulduğu ve halen psikolojik"
"604","A.İ.H.M.","A.İ.H.M.","2010/64969","2014/","2014-12-16","K1FZc0FpZXovMjZ2cWdsbFZzd2JEaEMxYUJmSVJCUjA","https://mevzuat.sinerjias.com.tr/ictihat/yuksek-mahkeme/yargitay%20karari/K1FZc0FpZXovMjZ2cWdsbFZzd2JEaEMxYUJmSVJCUjA","boğaz, travmaya","Başvuranın avukatı, savcıdan, müvekkilinin bir kulak-burun-boğaz uzmanı tarafından muayene edilmesi için ... Kulak zarı yırtılması, ilerlemiş bir iltihaba veya travmaya bağlı olabilmektedir. ... Bu hastanede kulak-burun-boğaz uzmanı bulunmamaktadır. ... Yapılan kulak- burun-boğaz muayenesi, sağ kulak zarı yerine yapay bir kulak zarı yerleştirilerek işitme"
"605","Yargıtay","Ceza Dairesi","2012/1050","2014/22847","2014-12-15","Mi9uRmV0b2NBSlVBRlVPSzdwenltUT09","https://mevzuat.sinerjias.com.tr/ictihat/yuksek-mahkeme/yargitay%20karari/Mi9uRmV0b2NBSlVBRlVPSzdwenltUT09","travmatik, travmatk, travma, gebeliğini","diz-dirsek pozisyonunda yapılan muayenede, Anal orifiste saat kadranı hesabına göre, 6-12-10 hizalarında travmatik ... düzenlenen teknik raporunda, diz-dirsek pozisyonunda yapılan anal muayenede, anüsün normal görünümde olduğu, travmatk ... mukozasının özelliği dikkate alındığında 14.03.2006 tarihinde düzenlenen raporda belirtilen fissür şeklindeki travmatik ... bozukluk olarak değerlendirildiği, bu halden uzun süredir tedavi gördüğü, şu andaki haliyle (bir travma ... sağlığının bozulmadığının s"
"606","Yargıtay","Ceza Dairesi","2014/15575","2014/21442","2014-10-31","ZnVCOVgvVHlaUFlxb3E5Und3cU50QT09","https://mevzuat.sinerjias.com.tr/ictihat/yuksek-mahkeme/yargitay%20karari/ZnVCOVgvVHlaUFlxb3E5Und3cU50QT09","hamile, travma","ın kaza yerinde öldüğü, aynı araçta yolcu olarak bulunan ve 6 aylık hamile olan ...' ... sonradan ... ismi verilen bebeğin ise yaklaşık 8 saat yaşadıktan sonra, anne karnında maruz kaldığı künt travma"
"607","Yargıtay","Ceza Dairesi","2014/3077","2014/4101","2014-09-24","RHZDNmRUL3dGSHJEQ2RQZ2NkWFVidz09","https://mevzuat.sinerjias.com.tr/ictihat/yuksek-mahkeme/yargitay%20karari/RHZDNmRUL3dGSHJEQ2RQZ2NkWFVidz09","boğazını, travması","maktül ile sanık arasında tartışma çıktığı, tartışma sırasında sanığın maktülün yakasını tuttuğu ve boğazını ... İhtisas Kurulunun 25.11.2005 tarihli raporuna göre, kişinin ölümünün olayın travması, efor ve stresi"
"608","Anayasa","Genel Kurul","2014/146","2014/137","2014-09-11","SnNoaHdxRk1oSUd3bUpHcUhKZUlQUT09","https://mevzuat.sinerjias.com.tr/ictihat/yuksek-mahkeme/yargitay%20karari/SnNoaHdxRk1oSUd3bUpHcUhKZUlQUT09","boğaz, travmatoloji","Hastalıkları, b) İkinci Adli Tıp İhtisas Kurulu birer; - Radyoloji, - Göz, - Kulak Burun Boğaz ... Kalp ve Damar Cerrahi, - Plastik, Rekonstrüküf ve Estetik Cerrahi, - Nöroloji, - Ortopedi ve Travmatoloji ... , c) Üçüncü Adli Tıp İhtisas Kurulu birer; - Ortopedi ve Travmatoloji, - Genel Cerrahi, - ... bulunacağı belirtilmiş; itiraz konusu kuralda ise Üçüncü Adli Tıp İhtisas Kurulunun birer ortopedi ve travmatoloji ... hususları göz önünde bulundurulduğunda, bir başkan ve adli tıp uzmanı iki üye "
"609","Yargıtay","Ceza Dairesi","2012/11242","2014/8978","2014-07-01","MUo0anc0S0hXVm4vMnhjaVhnOHdNQT09","https://mevzuat.sinerjias.com.tr/ictihat/yuksek-mahkeme/yargitay%20karari/MUo0anc0S0hXVm4vMnhjaVhnOHdNQT09","hamile, travma","ve anal yollardan bir çok kez cinsel ilişkiye girdiğinin anlaşıldığı, mağdurenin bu ilişkiler sonucu hamile ... olmasına engel teşkil edecek mahiyet ve derecede olmadığı, mağduresi bulunduğu olaydan kaynaklanmış travma"
"610","Yargıtay","Ceza Dairesi","2013/21826","2014/13510","2014-06-02","RzYxcTVEZ2ZLTkw4WDU0SXl0R0hCZz09","https://mevzuat.sinerjias.com.tr/ictihat/yuksek-mahkeme/yargitay%20karari/RzYxcTVEZ2ZLTkw4WDU0SXl0R0hCZz09","hamileliğinin, travması","ın doğum sancılarının başlaması üzerine hamileliğinin 4. ayından itibaren kontrollerini yapan ve olay ... yapılan doğum manevraları sonucu bebeğin kafasının çıkarıldığı, bebeğin zor doğuma bağlı kafa ve boyun travması"
"611","Yargıtay","Ceza Dairesi","2013/31164","2014/17546","2014-05-06","OUN6c2NRNUx1WjhWTTAzc0hlZC9nQT09","https://mevzuat.sinerjias.com.tr/ictihat/yuksek-mahkeme/yargitay%20karari/OUN6c2NRNUx1WjhWTTAzc0hlZC9nQT09","boğaz, travmatik","artırım yapılması gerektiği gözetilmeyerek eksik ceza tayin edilmesi, 3)Mağdur hakkında, Kulak Burun Boğaz ... 21.07.2008 tarihli raporda yaralanma bulgusunun “sol timpanik membran arka üst kadranda 3 cm çapında travmatik"
"612","Yargıtay","Hukuk Dairesi","2014/123","2014/14091","2014-04-30","MURCTmlaeG5LR3JTV1F3QlIvRXI3QT09","https://mevzuat.sinerjias.com.tr/ictihat/yuksek-mahkeme/yargitay%20karari/MURCTmlaeG5LR3JTV1F3QlIvRXI3QT09","gebeliğine, gebeliği, travmatik, hamileliğin, gebeliğin","KARAR Davacı, istenmeyen gebeliğine son verilmesi için 16/05/2011 tarihinde davalı hastanede kürtaj ... bir sonuç vermediğinin anlaşıldığını, bunun üzerine her 3 günde bir yapılan tahlil sonuçlarına göre gebeliği ... sonlanmaya başladığını, müvekkilinin psikolojisinin bozulması üzerine kendisine post travmatik stres ... Somut olayda ise, davacı geçirilen operasyonlara ve uygulanan tedavilere rağmen hamileliğin sonlanmadığını ... , başka bir hastane tarafından uygulanan tedavi neticesinde gebeliğ"
"613","Anayasa","Bölüm","2013/2379","2014/","2014-03-20","RTBQdFhydW9TU09LUnVTV2JTWDMvdz09","https://mevzuat.sinerjias.com.tr/ictihat/yuksek-mahkeme/yargitay%20karari/RTBQdFhydW9TU09LUnVTV2JTWDMvdz09","travmatik, boğaz, travma","istemiş, hazırlanan raporda ""İşitme engeli yüzdesi %19 işitme engelinden dolayı özür oranı %14 olduğu... travmatik ... vizite işlemi yapılmadığı, sözleşme yenilemesi ile ilgili yapılan sağlık kurul raporlarında Kulak Burun Boğaz ... üzerine keskin nişancı timlerin yoğun atış yapması nedeniyle ortaya çıkan yoğun ses ortamındaki akustik travma ... vizite işlemi yapılmadığı, sözleşme yenilemesi ile ilgili yapılan sağlık kurul raporlarında kulak burun boğaz"
"614","Yargıtay","Hukuk Dairesi","2013/31720","2014/6920","2014-03-11","ZlNkTG00azZLTUQ4VFNSekFJZUFOdz09","https://mevzuat.sinerjias.com.tr/ictihat/yuksek-mahkeme/yargitay%20karari/ZlNkTG00azZLTUQ4VFNSekFJZUFOdz09","hamileliğin, travması","Somut olaya dönülecek olursa; Taraflar arasında hamileliğin takibinin yapıldığı ve davalı hastanede diğer ... Ece Kaptanoğlu tarafından 22.4.2008 tarihinde çocuğun doğum rahatsızlığının doğum travması olduğu teşhisinin"
"615","Yargıtay","Ceza Genel Kurulu","2012/6-1487","2014/117","2014-03-11","NXpkSGh2c05yaG1TUEdlVVhOUCtEQT09","https://mevzuat.sinerjias.com.tr/ictihat/yuksek-mahkeme/yargitay%20karari/NXpkSGh2c05yaG1TUEdlVVhOUCtEQT09","travma, boğazına","hatırlatacak yer ve kişilerden uzak durma, insanlardan uzaklaşma, ümitsizlik bulguları saptandığı, travma ... düzeyde olduğu, ruh sağlığının bozulduğu açıklamasına yer verildiği, Adli Tıp Kurumu Raporuna göre de; travma ... a gittiklerini, iki kişinin yollarını kesip parasını ve telefonlarını aldıklarını, boğazına bıçak dayayarak ... tutarak kimlik göstermelerini istediklerini, kimlikleri olmadığını söyleyince boğazına bıçak dayayan ... durduktan sonra kendilerini indirdiklerini ve direksiyondak"
"616","Yargıtay","Ceza Genel Kurulu","2013/14-496","2014/97","2014-02-25","b2krSjJHQUJIdkgreU9DVFBCYTUwdz09","https://mevzuat.sinerjias.com.tr/ictihat/yuksek-mahkeme/yargitay%20karari/b2krSjJHQUJIdkgreU9DVFBCYTUwdz09","travmatoloji, boğaz","itibariyle mağdurenin kemik yaşının on altı olduğunun belirtildi, Raporu veren heyetin, ortopedi ve travmatoloji ... , nöroloji, iç hastalıkları, psikiyatri, adli tıp, göz hastalıkları, kulak burun boğaz hastalıkları ve ... yetkili ve görevli olan Antalya Eğitim ve Araştırma Hastanesince mağdurenin yaşı konusunda, ortopedi ve travmatoloji ... , nöroloji, iç hastalıkları, psikiyatri, adli tıp, göz hastalıkları, kulak burun boğaz hastalıkları ve"
"617","Yargıtay","Ceza Genel Kurulu","2013/12-10","2014/80","2014-02-18","NVkwK25Veko0ZzdsQ0xKUDlYdFhaUT09","https://mevzuat.sinerjias.com.tr/ictihat/yuksek-mahkeme/yargitay%20karari/NVkwK25Veko0ZzdsQ0xKUDlYdFhaUT09","travmasına, gebe","düşen motosiklet sürücüsünün olay yerinde hayatını kaybettiği, Ölüm sebebinin; genel beden ve kafa travmasına ... Konuşmasında sürekli zorluğa, d) Yüzünde sabit ize, e) Yaşamını tehlikeye sokan bir duruma, f) Gebe ... Konuşma ya da çocuk yapma yeteneklerinin kaybolmasına, d) Yüzünün sürekli değişikliğine, e) Gebe"
"618","Yargıtay","Ceza Dairesi","2013/16747","2014/5779","2014-02-17","RTdQc1R0MmJjQ24xQ2lFWWtQLzRZZz09","https://mevzuat.sinerjias.com.tr/ictihat/yuksek-mahkeme/yargitay%20karari/RTdQc1R0MmJjQ24xQ2lFWWtQLzRZZz09","boğaz, travma","itirazlarının reddine, ancak; Mağdur hakkında düzenlenen 25.10.2011 tarihli kat'i raporda kulak burun boğaz ... anabilim dalınca düzenlenen kısımda temparomandibuler bölgede ekimoz, ağız açıklığında kısıtlılık, travma"
"619","Yargıtay","Ceza Genel Kurulu","2013/4-521","2014/54","2014-02-11","RTBFT2NsVmRScnJBSUljeUJvOXlZUT09","https://mevzuat.sinerjias.com.tr/ictihat/yuksek-mahkeme/yargitay%20karari/RTBFT2NsVmRScnJBSUljeUJvOXlZUT09","boğazını, travmasının, travmatik, boğaz","alındınız, yanlış anladınız"" deyince, ""sen ıslığı bana çaldın"" diyerek mağdurun üzerine yürüdüğü, eli ile boğazını ... ve ense bölgesinde, her iki el bileklerinde multipletravmatik lezyonlar olduğu, sağ el bileğindeki travmasının ... K. isimli şahsın raporunu bizzat muayene sonucu düzenledim, sol gözaltında ve sırtta travmatik lezyonlar ... Türkiye'nin en büyük ili olan İstanbul'un boğaz kıyısındaki en güzel ilçelerinden biri olan Sarıyer'e"
"620","Yargıtay","Ceza Genel Kurulu","2013/1-395","2014/28","2014-02-04","b2RDZTQ0M1drVGMyME1OZER5aHZkQT09","https://mevzuat.sinerjias.com.tr/ictihat/yuksek-mahkeme/yargitay%20karari/b2RDZTQ0M1drVGMyME1OZER5aHZkQT09","travması, travmatik, travmasıyla, travmasına, boğazına","06.03.2008 tarihinde bir şahsın ihbarı sonrasında yapılan otopsi raporundan da anlaşılacağı üzere 'künt kafa travması ... kasık çukurunda tıbbi muayeneye ait ekimozlu iğne izleri, sol üst göz kapağında ekimoz olduğu, başkaca travmatik ... kişinin, hastane morgunda yapılan otopsisinde elde edilen bilgi ve bulgular ışığında ölümünün künt kafa travmasıyla ... husulü mümkün beyin doku hasarı ve beyin kanaması neticesinde meydana geldiği, ölüme etkili başka travmatik ... veriler ve grafilerin kurulum"
"621","A.Y.İ.M.","Daire","2013/631","2013/1584","2013-12-12","YXFrOUhnTnk2U1FvN3FPSVcvYTJNQT09","https://mevzuat.sinerjias.com.tr/ictihat/yuksek-mahkeme/yargitay%20karari/YXFrOUhnTnk2U1FvN3FPSVcvYTJNQT09","travmatik, boğazına","düzenlenen 27.02.2013 tarihli tıbbi raporda sol fıbre orta ön kısımda 2x5 cm lik ve onun üzerinde 2x1 cm lik travmatik ... düzenlenen 27.02.2013 tarihli tıbbi raporda sol fıbre orta ön kısımda 2x5 cm lik ve onun üzerinde 2x1 cm lik travmatik ... davacının odasına girdikten sonra çıkıp tekrar girmesini söylediğini, davacının kendisine saldırdığını, boğazına"
"622","Yargıtay","Ceza Dairesi","2013/3585","2013/5488","2013-10-03","ZnpoaFVhUXhlUGxwRDNUdmRuQkloak9PZWFGMG0wVGg","https://mevzuat.sinerjias.com.tr/ictihat/yuksek-mahkeme/yargitay%20karari/ZnpoaFVhUXhlUGxwRDNUdmRuQkloak9PZWFGMG0wVGg","hamile, travmasına","in mağduru zaman zaman darp ettiği, sanığın hamile kaldığı, olaydan üç gün önce bir kız çocuğu doğurduğu ... bebeğini alıp, emzirmeye çalıştıktan sonra yerine yatırdığı, otopsi raporuna göre maktulün künt kafa travmasına"
"623","Yargıtay","Ceza Dairesi","2013/3125","2013/22224","2013-10-02","YkYzcGhpZkdCQWdKSjdjZUN6aTh5RGVkQTA1dm1VR2o","https://mevzuat.sinerjias.com.tr/ictihat/yuksek-mahkeme/yargitay%20karari/YkYzcGhpZkdCQWdKSjdjZUN6aTh5RGVkQTA1dm1VR2o","hamile, travmaya","şeridine tecavüz ederek, çarpışmaları şeklinde gerçekleşen olayda; ... içerisinde bulunan ve 9 aylık hamile ... geçirecek ve kemik kırığı oluşturacak şekilde yaralanmasına; anne karnındaki bebeğin ise fetal künt travmaya ... /4. maddesi gereğince mahkumiyet kararı verilmesi, 2- Otopsi bulgularına göre bebeğin fetal künt travmaya"
"624","Yargıtay","Ceza Dairesi","2012/37368","2013/33540","2013-10-01","ZjA4dklkQjYzRUdFQnUzVmN4RjVZa05PbGZZNmNKZ0Q","https://mevzuat.sinerjias.com.tr/ictihat/yuksek-mahkeme/yargitay%20karari/ZjA4dklkQjYzRUdFQnUzVmN4RjVZa05PbGZZNmNKZ0Q","boğazından, travmatik","şoförü ... bana yumruk vurdu bu sırada ... araç kapısını ayağıma itekledi, üzerime abandı, bende onu boğazından ... sağ kulak kepçesinde, belde ve göğüs kafesinde ağrı tarif ettiği, somut bir yaradan bahsedilmediği, travmatik"
"625","A.İ.H.M.","Daire","2005/4447","2013/","2013-10-01","N3ZTQ3c0V0pDRXIrZzdYRmJCVEZIUT09","https://mevzuat.sinerjias.com.tr/ictihat/yuksek-mahkeme/yargitay%20karari/N3ZTQ3c0V0pDRXIrZzdYRmJCVEZIUT09","boğazında, travma","Başvuranın halen bağırsaklarında ve boğazında kanaması bulunmaktadır. ... Hekim, ayrıca ekimoz, ödem veya diğer bir travma belirtisi bulunmaması nedeniyle lezyonun meydana geliş"
"626","A.İ.H.M.","Daire","2009/41844","2013/","2013-09-17","dU5hTXhQWXNpT1Z2VDlqUW55WVdVZz09","https://mevzuat.sinerjias.com.tr/ictihat/yuksek-mahkeme/yargitay%20karari/dU5hTXhQWXNpT1Z2VDlqUW55WVdVZz09","travma, boğazlı","Vücudunda veya kafatasında herhangi bir kemik kırığı, kafatasında travma, damarlarda veya iç organlarda ... kalabalığa doğru yürüdüğü sırada, polislerin yüzüne copla vurduğunu ve sonrasında boğulacağı şekilde boğazlı"
"627","A.İ.H.M.","Daire","2004/19866","2013/","2013-07-25","NEVBa2g5N1F1VU5PZVNSVCtuL01uQT09","https://mevzuat.sinerjias.com.tr/ictihat/yuksek-mahkeme/yargitay%20karari/NEVBa2g5N1F1VU5PZVNSVCtuL01uQT09","boğaz, travmatik","Dosyadaki belgelerde, başvuranın gerçekten radyoloji, nöroloji, üroloji hatta kulak burun boğaz veya ... azalması) T5-T6; - Nörolojik inkontinans; - Burun septumunun deviasyonu; - Torakal vertebrada travmatik ... başvuran, hem sakatlığına bağlı sorunlar hem de sağlığının diğer yönleri, örneğin diş veya kulak, burun ve boğaz"
"628","A.İ.H.M.","Daire","2003/33860","2013/","2013-07-09","N1BmUThjRlBSa0g4NVk0NGliT1Mrdz09","https://mevzuat.sinerjias.com.tr/ictihat/yuksek-mahkeme/yargitay%20karari/N1BmUThjRlBSa0g4NVk0NGliT1Mrdz09","hamile, travması","Özellikle, o sırada hamile olan Gülçin Bozdemir çıplak bırakılmış, dövülmüş, hakarete uğramış ve çocuklarının ... Doktor, Gülçin Bozdemir'e ayrıca yumuşak doku travması, üst solunum yolu enfeksiyonu ve akut stres bozukluğu ... bir komite Gülçin Bozdemir'in doktor muayenesiyle ilgili bir sağlık raporu hazırlamış ve yumuşak doku travması"
"629","Yargıtay","Ceza Genel Kurulu","2012/1-1570","2013/339","2013-07-05","NEdyQXVob094N1k1RkIrQlVCRDN0Zz09","https://mevzuat.sinerjias.com.tr/ictihat/yuksek-mahkeme/yargitay%20karari/NEdyQXVob094N1k1RkIrQlVCRDN0Zz09","hamile, travmalarına, travmaların, travmalara, gebelik, hamileliğini","; hamile ... etmediği, otopsi ve adli tıp raporunda vurgulandığı üzere; bebeğin ölümünü sağlayacak biçimde beden travmalarına ... bebeğin cesedini ilk bulan tanığın anlatımı ve tespit tutanağı itibariyle, bebekte oluşan bedensel travmaların ... hiçbir kuşkuya yer vermeyecek şekilde gerçekleştirildiği; diğer bir anlatımla; anne tarafından bebeğin travmalara ... tarihlerinde tıp merkezine başvurduğu ve muayene olduğu, en son yapılan muayenesinde 9 hafta 2 günlük gebelik ... hamile olduğundan şüphe"
"630","Yargıtay","Ceza Dairesi","2012/31718","2013/18102","2013-07-03","OGQ4T3NSa0xTVmpUZjdrWFhYK0g4b1BUSlFOQjNKS2k","https://mevzuat.sinerjias.com.tr/ictihat/yuksek-mahkeme/yargitay%20karari/OGQ4T3NSa0xTVmpUZjdrWFhYK0g4b1BUSlFOQjNKS2k","gebe, travmatik","katılan yolcu Hülya Çakmakçı' nın, hayati tehlike geçirecek 2. derece pelvis iliak kemik kırığına, gebe ... olduğu çocuğunun düşmesine ve post travmatik stres bozukluğu ve depresyona yol açacak şekilde yaralanmasına"
"631","Yargıtay","Ceza Dairesi","2013/2892","2013/6616","2013-05-27","YmFiTjBacWZ1SjJ5cjQ2eXJuVFlUZ1pZK29tL2d3ZTI","https://mevzuat.sinerjias.com.tr/ictihat/yuksek-mahkeme/yargitay%20karari/YmFiTjBacWZ1SjJ5cjQ2eXJuVFlUZ1pZK29tL2d3ZTI","hamile, travma, hamilelik, travmatik","itirazlarının reddine, Ancak; 14 yaşındaki sanık ile bir yıl boyunca rızasıyla ilişkiye girip hamile ... İhtisas Kurulunun 24.06.2011 tarihli raporunda “doğumla ilgili Travma Sonrası Stres Bozukluğu ve doğum ... Depresif Bozukluk denilen psikiyatrik bozukluğun tespit edildiğinin ve mağdurenin yaşanan hamilelik, ... travmatik doğum, bebek ölümü ve sonraki süreç nedeniyle ruh sağlığının bozulduğunun” belirtilmesi, mağdurenin"
"632","A.Y.İ.M.","Daire","2012/165","2013/451","2013-04-09","eUlZY2Z2ZlRSc0RQdGNpUXZHMGlGdz09","https://mevzuat.sinerjias.com.tr/ictihat/yuksek-mahkeme/yargitay%20karari/eUlZY2Z2ZlRSc0RQdGNpUXZHMGlGdz09","boğazı, travmatoloji","tarihleri arasında geçici görevlendirmeyle 3 ay süre ile Üzümlü Jandarma Karakolu Harekat kontrolünde Sansa Boğazı ... dosyasında bulunan bilgi ve belgeler ile davacıya ait özlük dosyalarından; hakkında, Ankara/GATA Ortopedi ve Travmatoloji"
"633","Yargıtay","Ceza Dairesi","2012/17325","2013/8647","2013-04-04","ZzFyTWp6ZVU2VCswVWpvWFQyOHZxeHQ5blFDM1B3U1I","https://mevzuat.sinerjias.com.tr/ictihat/yuksek-mahkeme/yargitay%20karari/ZzFyTWp6ZVU2VCswVWpvWFQyOHZxeHQ5blFDM1B3U1I","travmatoloji, boğaz","tarihli 4181 sayılı, 08.05.2009 tarih ve 1381 sayılı ve yine 08.05.2008 tarih 5796 sayılı, ortapedi - travmatoloji ... , plastik cerrahi ve Kulak-burun-boğaz uzmanları tarafından düzenlenen raporlarda katılanın, olay nedeniyle"
"634","Anayasa","Genel Kurul","2011/65","2013/49","2013-03-28","bEw2OVc1NmdGbllPMzN1cWlxSzgyZz09","https://mevzuat.sinerjias.com.tr/ictihat/yuksek-mahkeme/yargitay%20karari/bEw2OVc1NmdGbllPMzN1cWlxSzgyZz09","travmatoloji, boğaz","Bu alanın rotasyon yaptığı on ayrı uzmanlık alanının içinde 1 ay süre ile Ortopedi ve Travmatoloji alanı ... Harp Cerrahisi Uzmanlık alanı da Ortopedi ve Travmatoloji alanında 2 ay süre ile rotasyon yapmaktadır ... Esasında Harp Cerrahisi uzmanları da cerrahi eğitimi almalarına rağmen Ortopedi ve Travmatoloji uzmanlık ... dallarını ve eğitim sürelerini düzenleyen Ek-1 Sayılı Çizelgenin 27 inci sırasında yer alan Kulak Burun Boğaz ... Tıp 4 yıl Patoloji uzmanları için 2 yıl 3- Ağız, Yüz ve Çene C"
"635","Yargıtay","Ceza Dairesi","2013/931","2013/6062","2013-03-13","ZEZQK1VIWWRGTmNBQy9PLzVZOW9CYWJyUm0vZmp5Q2Q","https://mevzuat.sinerjias.com.tr/ictihat/yuksek-mahkeme/yargitay%20karari/ZEZQK1VIWWRGTmNBQy9PLzVZOW9CYWJyUm0vZmp5Q2Q","boğazını, travmaya","anlatımı ve bu anlatımı destekleyen dosyadaki resimlere göre; deniz kenarında uçurumun önünde telle boğazını ... 2) derece olduğu, sol frontal bölge üst kısmında, 5-6 cm uzunluğunda, sol frontal bölgede 3cm, künt travmaya"
"636","Yargıtay","Ceza Dairesi","2012/13937","2013/1332","2013-02-14","QTZzSHRsQzBiMFA0WnJsQVI1WnRiNHljM3NvTlRnUFA","https://mevzuat.sinerjias.com.tr/ictihat/yuksek-mahkeme/yargitay%20karari/QTZzSHRsQzBiMFA0WnJsQVI1WnRiNHljM3NvTlRnUFA","gebe, travma","Üniversitesi Sağlık Uygulama ve Araştırma Merkezi Heyetinin 13 Mart 2012 günlü “ eylem sonucu gebe kalan ... mağdurenin çocuğu sezeryanla aldırdığı, mağdureye travma sonrası stres bozukluğu tanısı konulduğundan"
"637","Yargıtay","Ceza Genel Kurulu","2012/14-1037","2013/50","2013-02-12","SEtvdzhLdXJMdUxmVURBWXpQaWg0QT09","https://mevzuat.sinerjias.com.tr/ictihat/yuksek-mahkeme/yargitay%20karari/SEtvdzhLdXJMdUxmVURBWXpQaWg0QT09","travma, hamile, travmaya","Adli Tıp İhtisas Kurulunun 13.08.2008 tarih ve 4078 nolu raporunda travma sonrası stres bozukluğu tanısı ... tetkiki sonucunda mağduresi bulunduğu olaydan kaynaklanmış ruh sağlığını bozacak mahiyet ve derecede travma ... aralıklarla ondört onbeş kez kendisine zorla tecavüz ettiğini, bu sırada eşi ile de ilişkiye girdiğini, hamile ... tetkiki sonucunda mağduresi bulunduğu olaydan kaynaklanmış ruh sağlığını bozacak mahiyet ve derecede travma ... raporunda; &lt;mağduru bulunduğu zorla ırza geçme ol"
"638","Askeri Yargıtay","Daire","2013/80","2013/183","2013-02-06","bmg1WFRtRjJmQXN3aDZ3L0J5MjlUeTQrcUl2U3YvekY","https://mevzuat.sinerjias.com.tr/ictihat/yuksek-mahkeme/yargitay%20karari/bmg1WFRtRjJmQXN3aDZ3L0J5MjlUeTQrcUl2U3YvekY","travmatoloji, gebe",";Asker Hastanesi tarafından, katılanın aynı gün ileri tetkik ve tedavi amacıyla …Ortopedi ve Travmatoloji ... kaybolmasına, yüzünde sabit ize veya yüzünün sürekli değişikliğine, yaşamını tehlikeye sokan bir duruma, gebe"
"639","Yargıtay","Ceza Dairesi","2012/5193","2013/179","2013-01-16","aTgxTDRNd2I1U3ZIMmFJUjg0N0hRbThUOHlQVmFLOUg","https://mevzuat.sinerjias.com.tr/ictihat/yuksek-mahkeme/yargitay%20karari/aTgxTDRNd2I1U3ZIMmFJUjg0N0hRbThUOHlQVmFLOUg","boğazını, travmatik, travması","maktül ile sanık arasında tartışma çıktığı, tartışma sırasında sanığın maktülün yakasını tuttuğu ve boğazını ... İhtisas Kurulunun 25.11.2005 tarihli raporuna göre, maktulde tespit edilen travmatik bulguların basit ... bir tıbbi müdahale ile giderilebilecek ölçüde hafif olduklarının, kişinin ölümünün olayın travması"
"640","Yargıtay","Ceza Genel Kurulu","2012/14-1291","2012/1865","2012-12-25","OWk2QkhUWVlXMzZaaVJ4QnJKZm83UT09","https://mevzuat.sinerjias.com.tr/ictihat/yuksek-mahkeme/yargitay%20karari/OWk2QkhUWVlXMzZaaVJ4QnJKZm83UT09","travmaya, hamile, gebeliğinin","geri zekalı olduğu tıbben tespit olan mağdureye yeni bir rapor alınması mağdurenin bir bakıma yeni bir travmaya ... itibaren birçok kez organ sokmak suretiyle cinsel istismarda bulunduğu, sanığın bu eyleminin mağdurenin hamile ... kalması nedeniyle ortaya çıktığı, mağdurenin 15 hafta 5 günlük gebeliğinin 28.04.2010 tarihinde Dr. ... uzun süre devam eden nitelikli cinser istismar eylemine maruz kalmış olması, bu eylemler sonucunda hamile ... kalması, 15 hafta 5 günlüğe ulaşan gebeliğinin kürtaj y"
"641","Yargıtay","Ceza Dairesi","2010/6389","2012/9701","2012-12-19","NWlXSFVjNWZRYzFKMXpRWkpqRjhCY3owVlVsL0Z3bFc","https://mevzuat.sinerjias.com.tr/ictihat/yuksek-mahkeme/yargitay%20karari/NWlXSFVjNWZRYzFKMXpRWkpqRjhCY3owVlVsL0Z3bFc","boğazını, travmatik","in sanığın üzerine çömeldiği, vurmaya devam ettiği, babasının sanığın boğazını sıkmaya çalıştığı, o sırada ... le \""... yapma, soluk soluğa kaldın\"" dediği, sanığın can havliyle babasının boğazını tutarak kalbim\ ... nedenle babası maktul ... ile tartıştıkları, maktulün sanığı darp etmesi üzerine sanığın, babasının boğazını ... meydana geldiği ve olay ile ölüm arasında illiyet bağının bulunduğunun, boyun bölgesinde tespit edilen travmatik"
"642","Yargıtay","Ceza Dairesi","2012/29994","2012/38227","2012-12-14","SFZObmxFL0h2YkZac2RVcE1td1BHcjAxamFGVFA3dzA","https://mevzuat.sinerjias.com.tr/ictihat/yuksek-mahkeme/yargitay%20karari/SFZObmxFL0h2YkZac2RVcE1td1BHcjAxamFGVFA3dzA","gebe, travmanın","a) Çocuğa, beden veya ruh bakımından kendisini savunamayacak durumda bulunan kişiye ya da gebe ... kâbus görme, geleceğinin kalmadığını düşünme gibi ruhsal etkilenme bulgularının belirlenmesi ile ruhsal travmanın"
"643","Yargıtay","Ceza Dairesi","2012/29994","2012/38227","2012-12-13","Wjg0VXBVa3FsUnJkYkRwNkkveS9PQT09","https://mevzuat.sinerjias.com.tr/ictihat/yuksek-mahkeme/yargitay%20karari/Wjg0VXBVa3FsUnJkYkRwNkkveS9PQT09","gebe, travmanın","Suçun; a) Çocuğa, beden veya ruh bakımından kendisini savunamayacak durumda bulunan kişiye ya da gebe ... kâbus görme, geleceğinin kalmadığını düşünme gibi ruhsal etkilenme bulgularının belirlenmesi ile ruhsal travmanın"
"644","A.İ.H.M.","Daire","2007/36487","2012/","2012-11-15","Nm9TZ3ZFQU9hVEh1bHB6ZnVQWjRhdz09","https://mevzuat.sinerjias.com.tr/ictihat/yuksek-mahkeme/yargitay%20karari/Nm9TZ3ZFQU9hVEh1bHB6ZnVQWjRhdz09","boğazında, travmaların","başvuranın sol gözünün altında 3 x 2 cm boyutlarında bir ekimoz ve boynunda kızarıklıklar olduğunu, boğazında ... Bu kapsamda, AİHM, lezyonların ve travmaların meydana geldikleri koşullara ayrı bir önem verdiğini hatırlatır"
"645","Yargıtay","Hukuk Dairesi","2012/11373","2012/22507","2012-11-02","M3FvZWp1bUVJczV3MjFKcG1UQndESWFNZWU3VzRvWFY","https://mevzuat.sinerjias.com.tr/ictihat/yuksek-mahkeme/yargitay%20karari/M3FvZWp1bUVJczV3MjFKcG1UQndESWFNZWU3VzRvWFY","travmatik, boğaz","gerçekleştirilen ikinci ameliyatından beklenen sonuçların elde edilemediği kanaatine varıldığı, ancak travmatik ... ortaya çıkıp çıkmadığı teknik bir konu olduğundan, konunun uzmanı plastik cerrahlardan ve kulak burun boğaz ... Mahkemece, tamamı Plastik ve Rekonstrüktif Cerrahi ile Kulak Burun Boğaz uzmanlarından oluşturulacak ... gönderilerek mümkünse Adli Tıp Kurumu'ndan tamamı Plastik ve Rekonstrüktif Cerrahi ile Kulak Burun Boğaz"
"646","Yargıtay","Ceza Dairesi","2011/4608","2012/34077","2012-10-11","V0crYUFiNHBQQmg0ZHBUZEtHbUxZN3RGa0VTd01Zbzg","https://mevzuat.sinerjias.com.tr/ictihat/yuksek-mahkeme/yargitay%20karari/V0crYUFiNHBQQmg0ZHBUZEtHbUxZN3RGa0VTd01Zbzg","hamile, travmatik, travmaya, hamilelik","a karşı yaralama suçundan kurulan hüküm yönünden; Mağdur ...' un olay tarihinde hamile olduğunu ... 30.06.2008 tarihli raporunda; sağ femur üst ön yüzde 2x2 cm lik ve sağ femur arka üstte 2x1 cm lik travmatik ... ekimoz, karına gelen künt travmaya bağlı hamilelik nedeniyle fetüsün yaşayıp yaşamama durumu gözönüne"
"647","Yargıtay","Ceza Dairesi","2012/3108","2012/6600","2012-09-18","QjBicWRTS2J3U0xwbmxRb0V5WDlFdz09","https://mevzuat.sinerjias.com.tr/ictihat/yuksek-mahkeme/yargitay%20karari/QjBicWRTS2J3U0xwbmxRb0V5WDlFdz09","boğazına, boğazlanmaya, travma, travması, boğazının","dan aldığı ipi maktulün boğazına dolayıp sıkmaya başladığı, bu sırada Ş.' ... bulunamadığı olayda; a) Adli Tıp Morg İhtisas Dairesinin 21.4.2008 gün ve 18435 numaralı raporunda, ölümün boğazlanmaya ... sonucu meydana gelmiş olduğu, ancak baş bölgesi bulunamadığından, bu bölgeye yönelik öldürücü nitelikte travma ... bağlamda Morg İhtisas Dairesinin raporunda belirtilen ölüm nedeni dışında maktulün ölümünün künt kafa travması ... sebebiyle meydana gelmiş olup olmayacağının, sonuç olarak; maktulün "
"648","Yargıtay","Ceza Dairesi","2011/7646","2012/4791","2012-06-12","Q29rT2JxNGtYSW10bWNyQkhycVJtbHhFQWQySXhNUzM","https://mevzuat.sinerjias.com.tr/ictihat/yuksek-mahkeme/yargitay%20karari/Q29rT2JxNGtYSW10bWNyQkhycVJtbHhFQWQySXhNUzM","hamile, travmasına","yönelen ve yerinde görülmeyen sair temyiz itirazlarının reddiyle, Dosya kapsamına göre, sanığın hamile ... olan eşi maktuleyi karın bölgesinden darp ettiği, maktulenin batın travmasına bağlı büyük damar yırtılmasından"
"649","Yargıtay","Ceza Dairesi","2011/4322","2012/3639","2012-05-07","RXZNMERJRW5EK0xKY0dUWVZmNG9QR0p3d0U3clJ2Y3A","https://mevzuat.sinerjias.com.tr/ictihat/yuksek-mahkeme/yargitay%20karari/RXZNMERJRW5EK0xKY0dUWVZmNG9QR0p3d0U3clJ2Y3A","hamile, travmalarına, travmaların, travmalara","ADINA 1-) Oluşa, dosya içeriğine ve gösterilen gerekçeye göre; gayrı meşru ilişki sonucu başkasından hamile ... etmediği, otopsi ve adli tıp raporunda vurgulandığı üzere; bebeğin ölümünü sağlayacak biçimde beden travmalarına ... bebeğin cesedini ilk bulan tanığın anlatımı ve tespit tutanağı itibariyle, bebekte oluşan bedensel travmaların ... hiçbir kuşkuya yer vermeyecek şekilde gerçekleştirildiği; diğer bir anlatımla; anne tarafından bebeğin travmalara"
"650","Yargıtay","Ceza Dairesi","2011/5204","2012/3436","2012-05-02","Nk9LcUh2bFJyME91bGV3bm9jT2oxOVZEMTJHanVScGE","https://mevzuat.sinerjias.com.tr/ictihat/yuksek-mahkeme/yargitay%20karari/Nk9LcUh2bFJyME91bGV3bm9jT2oxOVZEMTJHanVScGE","hamile, travmasına","temyiz itirazlarının reddine, Ancak; Oluşa ve dosya içeriğine göre, Veysi isimli kişiden hamile ... saat:22.00 civarında öldüğü, ölü muayene tutanağında kesin ölüm sebebinin kafa travmasına ve beyin ödemine"
"651","Yargıtay","Hukuk Genel Kurulu","2012/2-302","2012/287","2012-04-11","N3N0THZYNTV4WG9paWRnMFVaU0huZz09","https://mevzuat.sinerjias.com.tr/ictihat/yuksek-mahkeme/yargitay%20karari/N3N0THZYNTV4WG9paWRnMFVaU0huZz09","hamileliğine, hamile, hamileliğini, travmatik, travmatize","ailesinden gizlediğini, hamileliğine kısa bir süre kala arkadaşlarında kalacağını söyleyerek ailesinin ... iken hamile olduğunu anladığı kardeşleri ile birlikte yaşadığı eve gitmeyip arkadaşına gittiği ve hamileliğini ... yedinci ayına kadar hamileliğini fark etmemesi hayatın olağan akışına uygun değildir. ... nin annesine verilmesi aşamasında yaşı nedeniyle uyum güçlüğü çekebileceği, travmatik bir anne yoksunluğu ... C. ile olan evliliğinden hamile kalıp hamileliğini sonlandırmış olup C.Ç.'den "
"652","Yargıtay","Hukuk Dairesi","2011/14829","2011/20304","2011-12-23","cExSOGtaZG92SFRvY211dUl6dTd5WEY1RzBwUE9YTTI","https://mevzuat.sinerjias.com.tr/ictihat/yuksek-mahkeme/yargitay%20karari/cExSOGtaZG92SFRvY211dUl6dTd5WEY1RzBwUE9YTTI","travma, boğaz","Sözleşmesi imzalandığını, Zinnuret Altsoy isimli hastanın 22/12/2008 tarihinde daha önce geçirdiği travma ... Bu durumda mahkemece yeniden oluşturulacak Kulak Burun Boğaz plastik cerrahi konusunda uzman bilirkişi"
"653","Yargıtay","Ceza Genel Kurulu","2011/191","2011/235","2011-11-22","SEFFdlFlRFJzTVFzTGpPWkROTWN4UytUdUNJZnpVckw","https://mevzuat.sinerjias.com.tr/ictihat/yuksek-mahkeme/yargitay%20karari/SEFFdlFlRFJzTVFzTGpPWkROTWN4UytUdUNJZnpVckw","travmanın, gebe","lateral duvarında, sol zigomada ve nazal septumda kırıklara, nazal kemikte parçalı kırığa neden olan künt travmanın ... Konuşmasında sürekli zorluğa, c) Yüzünde sabit ize, d) Yaşamını tehlikeye sokan bir duruma, e) Gebe ... Konuşma ya da çocuk yapma yeteneklerinin kaybolmasına, d) Yüzünün sürekli değişikliğine, e) Gebe"
"654","A.İ.H.M.","Daire","2005/43044","2011/","2011-07-05","bWdUcnRNVGtlM1VoQ2dvTmlJMFlSdz09","https://mevzuat.sinerjias.com.tr/ictihat/yuksek-mahkeme/yargitay%20karari/bWdUcnRNVGtlM1VoQ2dvTmlJMFlSdz09","boğaz, travması, travma","Şahin Geçit: Biri kulak, burun, boğaz uzmanı olmak üzere iki doktor tarafından muayene edilmiştir. ... Kafa travması tespit edilmiştir. ... Savcıdan kendisini travma sonrası stres bozuklukları alanında uzman bir hastaneye sevk etmesini ve ""Avrupa"
"655","Yargıtay","Ceza Dairesi","2011/477","2011/3574","2011-06-03","MW14U3ZLcFY0N2w1MHJYYXA0c0lHaXpPckxUTzA1MzY","https://mevzuat.sinerjias.com.tr/ictihat/yuksek-mahkeme/yargitay%20karari/MW14U3ZLcFY0N2w1MHJYYXA0c0lHaXpPckxUTzA1MzY","travmaya, hamile","maktulün bu hamlesinin, olaydan sonra alınan adli raporla da belirlendiği üzere, sanığın sağ omzunda travmaya ... alınan adli raporla da belirlendiği gibi, sanığın sol bacak ön diz üstünde ve sol bacak dış kısmında travmaya ... şekilde defetmek niyetiyle maktule cinsel ilişki kurmayı kabul ettiğini, ancak, bunun için diğer odadan hamile"
"656","A.İ.H.M.","Daire","2008/6644","2011/","2011-05-24","R0JSMXlIM2xFOVd3YWhKeGdkWTdYdz09","https://mevzuat.sinerjias.com.tr/ictihat/yuksek-mahkeme/yargitay%20karari/R0JSMXlIM2xFOVd3YWhKeGdkWTdYdz09","travmadan, boğazda, travmaya, boğazına","ve morarma, onuncu, onbirinci ve onikinci sağ kaburga kemiklerinde ağrı, yaygın hiperemi ve fiziksel travmadan ... koltukaltının 7-8 cm altı) ağrı, sol ayağının tarak kemiği etrafında şişlik ve ağrı, bel bölgesinde ve boğazda ... ağrı ve travmaya bağlı yutkunmada güçlük olduğunu kaydetmiştir. ... jandarma tarafından Bayrampaşa Cezaevi'nde tuvalete itildiğini, dövüldüğünü, testislerinin sıkıldığını, boğazına"
"657","Yargıtay","Ceza Genel Kurulu","2011/6-68","2011/74","2011-05-03","b1NZQjNWUWdnZmVsdy9uM0hCb2RpZz09","https://mevzuat.sinerjias.com.tr/ictihat/yuksek-mahkeme/yargitay%20karari/b1NZQjNWUWdnZmVsdy9uM0hCb2RpZz09","boğazına, travmatik, boğazıma, boğazımı, boğazından","Yakınan 13.10.2009 tarihli ilk ifadesinde, sanığın elini boğazına attığını, kolyesini sert bir şekilde ... Mahkeme huzurdaki 12.01.2010 tarihli ifadesinde ise sanığın bir elini boğazına attığını, diğer eliyle ... gibi tek eliyle kolyeyi çekip almış olsun, isterse ikinci ifadesinde dile getirdiği biçimde tek elini boğazına ... boyun sol tarafından kızarıklık ekimoz tespit edildiği, bildirildiğine; Kafatası kemiklerinde kırık, travmatik ... G. isimli şahıs elini boğazıma attı, kolyemi sert bir şek"
"658","Anayasa","Genel Kurul","2009/85","2011/49","2011-03-10","YWQ2VnZpUjkxR0p6YWk4MGFMRjVoZz09","https://mevzuat.sinerjias.com.tr/ictihat/yuksek-mahkeme/yargitay%20karari/YWQ2VnZpUjkxR0p6YWk4MGFMRjVoZz09","hamile, travma","doğurma yükümlülüğü hissine kapılan bazı kadınların ise kendilerini ölüm iklimine sürüklemesine rağmen hamile ... görüşmeler yapılmak suretiyle rapor tanzim edilmiş, davacının kızlık soyadını kaybetmiş olmakla yaşadığı travma"
"659","A.İ.H.M.","Daire","2003/23909","2011/","2011-02-01","N2U5NUVGd2lUdkMzclRsR0VacjNRdz09","https://mevzuat.sinerjias.com.tr/ictihat/yuksek-mahkeme/yargitay%20karari/N2U5NUVGd2lUdkMzclRsR0VacjNRdz09","boğaz, travmatik, travmaya, travma","Ege Üniversitesi Kulak Burun Boğaz Bölümü, 6 Kasım 2002 tarihli sağlık raporunda, başvuranın kulak zarlarının ... Raporda, ayrıca, başvuranda ağır depresyon ve post-travmatik stres sendromu teşhis edildiği kaydedilmiştir ... hücre hapsinde tutulduğu dört hafta boyunca gördüğü kötü muamele nedeniyle, başvuranda kronik post-travmatik ... raporların tamamını inceleyen Adli Tıp Kurumu, 16 Temmuz 2004 tarihli raporunda, başvuranın fiziksel travmaya ... olarak, Ege Üniversitesi Tıp Fakültesi Psikiyatr"
"660","Yargıtay","Ceza Dairesi","2009/278","2011/191","2011-01-26","SGNmOGY5Z2dDT3ZsL2FUNkI3SGlZWVduc2JDV3B2Y20","https://mevzuat.sinerjias.com.tr/ictihat/yuksek-mahkeme/yargitay%20karari/SGNmOGY5Z2dDT3ZsL2FUNkI3SGlZWVduc2JDV3B2Y20","hamile, travmasına, travması","arasında çıkan pürüzler nedeniyle evlendirilmediği, nişanlısı ile görüşmeye devam edip ilişki kurarak hamile ... çapında ekimoz görüldüğü, bebeğin miadında ve canlı doğmuş olduğu, bebeğin ölümünün künt kafa ve batın travmasına ... önemli riskler taşıdığı, otopsi raporunda bebeğin ölüm sebebi olarak gösterilen künt kafa ve karın travmasına ... edildiği, otopsi raporunda bebeğin ölümünde ""boyuna basıya bağlı mekanik asfiksinin"", künt kafa ve boyun travması ... değerlendirilmesinin beklenemeyeceği,"
"661","A.İ.H.M.","A.İ.H.M.","2009/30696","2011/","2011-01-21","WUNNcHBlWnc0S3pzeU5ZY2VHYVM3dz09","https://mevzuat.sinerjias.com.tr/ictihat/yuksek-mahkeme/yargitay%20karari/WUNNcHBlWnc0S3pzeU5ZY2VHYVM3dz09","boğazını, hamile, travmatik","Ayrıca boğazını sıktıklarını, göz çukuruna parmak bastırdıklarını, ellerini arkasına büktüklerini ve ... İkinci bölümde, üçü hamile 15 kadın bir hücrede tutuluyordu. ... Hamile kadınlardan biri pek çok kez nefes alamadığından yakınarak ne zaman hücre dışına çıkabileceğini ... olarak, yolculuğu sırasında yaşadığı her şey ve daha öncesinde büyük ihtimalle katlanmak zorunda olduğu travmatik"
"662","Yargıtay","Ceza Dairesi","2008/12874","2010/2218","2010-03-18","WTNVMnFSN2UvT2JEamYydERrbU41ZXY4T0QzUC9LYXE","https://mevzuat.sinerjias.com.tr/ictihat/yuksek-mahkeme/yargitay%20karari/WTNVMnFSN2UvT2JEamYydERrbU41ZXY4T0QzUC9LYXE","boğazını, travma","koltuğa geçerek kapıları kilitlediği, elini omzuna atarak öpmeye çalıştığı, kendisine direnen mağdurenin boğazını ... gösterilmesi,...Üniversitesi Çocuk psikiyatrisi uzmanlarının 12.04.2006 günlü raporu ile mağdurede saptanan travma"
"663","A.İ.H.M.","Daire","2005/31950","2010/","2010-02-23","MmRMY3Q2Rk84ckZrUkFxL0d3SWF4QT09","https://mevzuat.sinerjias.com.tr/ictihat/yuksek-mahkeme/yargitay%20karari/MmRMY3Q2Rk84ckZrUkFxL0d3SWF4QT09","boğazlıyan, boğazının, travmaya, travma, travmanın","muamele izi tespit edilmediğinden kovuşturmaya yer olmadığına karar vermiş, 31 Mayıs 2001 tarihinde Boğazlıyan ... Temmuz 2001 tarihinde yaptığı başvuru üzerine Adalet Bakanlığı yazılı bir emir yayınlayarak Yargıtay'ın Boğazlıyan ... dövüldüğünü, ayaklarından ve kollarından çekilerek yerlerde sürüklendiğini, bir polis memuru tarafından boğazının ... Son olarak, başvuranın hematüriye yol açan travmaya hangi tarihte maruz kaldığının belirlenmesi mümkün ... Bu nedenle travma, başvuranın gözaltından"
"664","Yargıtay","Ceza Dairesi","2009/13575","2010/747","2010-02-09","dUtiR29aYUlYZU1PV0Q2NDZ1VFA4RUcrTmpIT1RWbHE","https://mevzuat.sinerjias.com.tr/ictihat/yuksek-mahkeme/yargitay%20karari/dUtiR29aYUlYZU1PV0Q2NDZ1VFA4RUcrTmpIT1RWbHE","hamile, travma","mağdurenin basit mukavemeti dışında harici bir engelin bulunmadığı, mağdurenin “17 yaşında, evli ve hamile ... oluşturacağı ve Ege Üniversitesi Hastanesi Çocuk Psikiyatri Bölümünce düzenlenen 27.02.2009 günlü rapordaki travma"
"665","Yargıtay","Ceza Genel Kurulu","2009/1-239","2010/14","2010-02-02","YlEwck51WEhGNUpCbXlvZHFOUnNwQT09","https://mevzuat.sinerjias.com.tr/ictihat/yuksek-mahkeme/yargitay%20karari/YlEwck51WEhGNUpCbXlvZHFOUnNwQT09","boğazını, travmatik, hamile, hamileliğinin","paraları aldığı, maktulenin öldüğünden emin olmak için sanık Oktay'ın mutfaktan aldığı bıçakla maktulenin boğazını ... çevrelerinde sıyrık tarzında cilt lezyonların bulunduğu, her iki yanağın ekimozlu olduğu, cesette başkaca travmatik ... satması yönünde Avon'a kaydedeceğini söylediğini, önceki gelişinde de sanık Oktay'ın ... diye söylediğini, hatta ölenin bir defasında kendisine sanık Ayşe'nin sanık Oktay'dan hamile ... pencereden kendisini görünce &lt;zuhal&gt; diye çağırdığını, yanına vardığı"
"666","A.İ.H.M.","Daire","2005/25266","2010/","2010-01-05","MjBhYlVzaEhXMlljMkE2YWJ5dFBCQT09","https://mevzuat.sinerjias.com.tr/ictihat/yuksek-mahkeme/yargitay%20karari/MjBhYlVzaEhXMlljMkE2YWJ5dFBCQT09","hamileliği, hamileliğini, travmadan, hamileliğin, hamilelik","Bayan Yardımcı (Başvuran), 17 Şubat 1996 günü, hamileliği sırasında bir plasenta kanaması geçirmiştir ... tedbirsizlik yüzünden yanlış tedavi yaparak oğullarının sakat kalmasına neden olduğu iddiasıyla başvuranın hamileliğini ... Adli Tıp Kurumu 2 Ekim 2002 tarihinde çocuğun kafatasındaki lezyonların ne doğum sırasındaki bir travmadan ... iddia edilen olaylardan kaynaklandığını, bebekteki patolojilerden tespit edildiği kadarıyla bunların hamileliğin ... Diğer taraftan, tıbbi takip gereklilikleri"
"667","Danıştay","Daire","2008/3705","2009/8701","2009-09-28","eDh4K1MvRWt4Y09WUVlmSzViUDZLZz09","https://mevzuat.sinerjias.com.tr/ictihat/yuksek-mahkeme/yargitay%20karari/eDh4K1MvRWt4Y09WUVlmSzViUDZLZz09","boğazına, travma","sonucu düzenlenen raporda; ihlale konu programda yer alan, yere yatırılmış yüzü kanlar içindeki kişinin boğazına ... adama ilişkin şiddet içeren görüntülerin, çocuklarda ve gençlerde endişe ve korku yaratarak, duygusal travma"
"668","A.İ.H.M.","Daire","2001/71864","2009/","2009-07-07","dTkwdjVYVjg1TmtqcHJRbitjOURZZz09","https://mevzuat.sinerjias.com.tr/ictihat/yuksek-mahkeme/yargitay%20karari/dTkwdjVYVjg1TmtqcHJRbitjOURZZz09","travmatik, boğaz","Doktor, başvuranların vücutlarında herhangi bir travmatik lezyon bulgusuna rastlamamıştır. ... Doktor, Suna Yaşar'ın boğaz ve omuz ağrısından, Evrim Sarısaltıkoğlu'nun omuz ve sırt ağrısından, Sevgi"
"669","A.Y.İ.M.","Daire","2008/1131","2008/1372","2008-12-18","QmtPZWIyYjVLY01HdktqcTVRSUZQdz09","https://mevzuat.sinerjias.com.tr/ictihat/yuksek-mahkeme/yargitay%20karari/QmtPZWIyYjVLY01HdktqcTVRSUZQdz09","boğaz, travmaya","hakkında kesin işlem yapılmamış olduğu, 17.02.2000 tarih ve 1640 sayılı raporda KBB (Kulak, Burun, Boğaz ... terör örgütü mensuplarının roketatar silahı ile saldırısına maruz kalması sonucu geçirdiği yaralanma ve travmaya"
"670","A.İ.H.M.","Daire","2004/33086","2008/","2008-09-18","d2dpTCtCWHZsZXN6VitsTzlpd0t4dz09","https://mevzuat.sinerjias.com.tr/ictihat/yuksek-mahkeme/yargitay%20karari/d2dpTCtCWHZsZXN6VitsTzlpd0t4dz09","boğazını, travma, travmanın","Polisler başvuranın boğazını sıkmışlar, kafasını duvara vurmuşlardır. ... Raporda bu belirtilerin fiziksel travma sonucu oluştuğu kaydedilmiştir. ... Nükleer Tıp Anabilim Dalı, 22 Kasım 2000 tarihinde, başvuranın tarama raporlarındaki bulguların fiziksel travma ... Polislerin onu tekmelediğini, ona yumruk attığını, boğazını sıktığını ve kafasını duvara vurduğunu ileri ... Öte yandan Hükümet, söz konusu fiziksel travmanın, polislerce gözaltına alınmadan önce, alkollü olan ... Ayrıca, soruşturmayı"
"671","Anayasa","Genel Kurul","2008/1","2008/2-3","2008-07-30","K0lvV0E1SENuQk9GbFQ2dHNwQVdlUT09","https://mevzuat.sinerjias.com.tr/ictihat/yuksek-mahkeme/yargitay%20karari/K0lvV0E1SENuQk9GbFQ2dHNwQVdlUT09","travma, boğazının, gebe","Aynı kişi, yabancı bir haber ajansına, ""Atatürk Devrimlerinin toplumda travma yarattığını"" söylemekten ... Sonuçta Türkiye'de muhalefetin sürekli boğazının sıkılmasının yol açtığı en önemli kayıp, sosyal ve iktisadi ... Fakat şunu bilmenizi istiyorum, her şey zamana gebe. Zira millet iradesi birçok şeyi halledecektir. ... Sonuçta Türkiye'de muhalefetin sürekli boğazının sıkılmasının yol açtığı en önemli kayıp, sosyal ve iktisadi"
"672","A.İ.H.M.","Daire","2001/71795","2007/","2007-12-11","Ykg2UmZvUkZDTDhEeVJZd0xIUnR6QT09","https://mevzuat.sinerjias.com.tr/ictihat/yuksek-mahkeme/yargitay%20karari/Ykg2UmZvUkZDTDhEeVJZd0xIUnR6QT09","travmaya, travmatik, travma, boğazının","Doktor, başvuranın psikolojik problemlerinin, geçirdiğini iddia ettiği travmaya bağlı olduğu kanısına ... Ancak, başvuranın genital organlarında hiçbir yeni travmatik lezyon görülmemiştir. 27 Aralık 1999' ... Başvuranın travma sonrası stres sendromu teşhisi konduğunu ve tedavi edildiğini söylemiştir. ... kurumlarca yayımlanan sağlık raporlarında başvuranın vücudunda çok sayıda çürük olduğu, halen şiddetli bir travma ... Bu hususta, AİHS'nin 3. maddesini ihlal edecek şekilde dövüldüğü, boğazının "
"673","Anayasa","Genel Kurul","2006/111-2","2006/112","2006-12-15","VFJZaWU5RVJOZmpCdU1QOU0zTzlNK0NtbFpXblJpT1c","https://mevzuat.sinerjias.com.tr/ictihat/yuksek-mahkeme/yargitay%20karari/VFJZaWU5RVJOZmpCdU1QOU0zTzlNK0NtbFpXblJpT1c","travmaya, gebelik","tıbbi müdahale ve tedaviler, diş çekimi, konservatif diş tedavisi ve kanal tedavisi, hasta takibi, travmaya ... sigorta primi bildirilmiş olması şartıyla, doğumdan önceki ve sonraki sekizer haftalık sürede, çoğul gebelik ... icirc; müdahale ve tedaviler, diş çekimi, konservatif diş tedavisi ve kanal tedavisi, hasta takibi, travmaya"
"674","Yargıtay","Ceza Genel Kurulu","2006/9-169","2006/184","2006-07-11","VmkvU00waXNmTmE1UlBKV2lZaWxKUT09","https://mevzuat.sinerjias.com.tr/ictihat/yuksek-mahkeme/yargitay%20karari/VmkvU00waXNmTmE1UlBKV2lZaWxKUT09","boğazı, travmatik, travmalarıyla, boğazlanmasından","""Boğazı kuruyan ve kana susayan"" faşizan sözleri ile sonunda geçen ""onların tankı, tüfeği, panzeri, faşizmi ... Yine sanık altıncı yazısında, soykırım olarak nitelediği olaylar hakkındaki Ermeni halkının travmatik ... Ne var ki Ermeni Halkının travmatik hastalığı hala sürmektedir sonuçta Ermeniler'in bin yılı aşkın süre ... Ermeniler travmalarıyla Türkler paranoyalarıyla. ... Ermeniler travmalarıyla Türkler de paranoyalarıyla"" demektedir. ... Ermeniler travmalarıyla, Türkler de paranoyalarıyla"" "
"675","Askeri Yargıtay","Daire","2006/1","2006/308","2006-02-28","cTJ4MGtKdE1nOGhkd0hSaW1Ma2x6Zz09","https://mevzuat.sinerjias.com.tr/ictihat/yuksek-mahkeme/yargitay%20karari/cTJ4MGtKdE1nOGhkd0hSaW1Ma2x6Zz09","travması",", ... nın sol kol dirsek bölgesinin iç kısmında, giriş ve çıkış delikleri bulunan yumuşak doku travması saptandığı"
"676","Askeri Yargıtay","Daire","2006/88","2006/87","2006-01-24","S1N3VXF4WlFZbmEyRnpHdWg2cmI1UT09","https://mevzuat.sinerjias.com.tr/ictihat/yuksek-mahkeme/yargitay%20karari/S1N3VXF4WlFZbmEyRnpHdWg2cmI1UT09","travma, travmatik, boğaz","diye bağırarak mağdur onbaşının yüzüne bir tokat vurduğu, sol kulağına rastlayan bu tokat darbesi (travma ... işitme, solda 32 dB sensörinöral işitme kaybı mevcut olduğunun saptandığına..., Sol kulak zarında travmatik ... perforasyona neden olan kunt travmatik yaralanmasının; a) Kişinin hayatını tehlikeye maruz kılmadığına ... Adlî Tıp Kurumu Kanununun 1, 7/b ve 16/II-b madde, fıkra ve bentleri hükümlerine göre; Kulak Burun Boğaz"
"677","A.İ.H.M.","A.İ.H.M.","1998/44774","2005/","2005-11-10","eWxhM0FvT1ArcEJzVnZGa0xGVGNDQT09","https://mevzuat.sinerjias.com.tr/ictihat/yuksek-mahkeme/yargitay%20karari/eWxhM0FvT1ArcEJzVnZGa0xGVGNDQT09","travmatoloji, boğazı, gebelik","sebebiyle, gözetmenler tarafından onkoloji yazılı sınavına alınmamıştır. 20 Mart 1998 tarihinde, ortopedik travmatoloji ... Ancak, başörtüsü (gevşek bağlanan geleneksel Anadolu başörtüsü) ve türban (saçı ve boğazı kapatan, sıkı ... Bir ebelik öğrencisinin küvezden bir bebeği alırken veya yerine koyarken veya gebelik ünitesinde doktora"
"678","A.İ.H.M.","A.İ.H.M.","1998/40262","2005/","2005-10-06","UjFKMHJoVGtzSVJEKzBRbCs1Y3V5dz09","https://mevzuat.sinerjias.com.tr/ictihat/yuksek-mahkeme/yargitay%20karari/UjFKMHJoVGtzSVJEKzBRbCs1Y3V5dz09","gebelek, travması, travmaya, travmadan, travmanın, travma, travmasının","Gebelek, C. Evgi, Y. Gürlek, H. Küçük, A. Bozkuş ve C. Demir) itham etmiş ve TCK'nın 452. ... bağlı kanamaya neden olan kafa travması sonucu ölmüştür. ... Zira ölümün, kurbanın kazara düşüp yere kafasını çarpma sonucunda meydana gelen travmaya bağlı kanamadan ... nin ölümünün, ölümcül travmadan kaynaklanan ""künt travmaya bağlı kanama"" sonucunda meydana gelen komplikasyonlardan ... Sözkonusu travmanın kaynağı, bütün raporların onayladığı gibi, kafaya doğrudan uygulanan travma (darp ... Adli tıp b"
"679","A.İ.H.M.","Daire","1995/27306","2005/","2005-05-31","R0VDM1lMWjNNYjV2c2VHK0Mrb3BuZz09","https://mevzuat.sinerjias.com.tr/ictihat/yuksek-mahkeme/yargitay%20karari/R0VDM1lMWjNNYjV2c2VHK0Mrb3BuZz09","boğaz, travmaya, travmatik, travma, travmanın","Ağız, boğaz ve boyun yapılarının normal olduğu ifade edilmiştir. ... Göğüsteki deformasyonun yapısal olduğu ve bir travmaya bağlı olmadığı not edilmiştir. ... kısmındaki, sağ kaşın üzerindeki ve sağ ayağın başparmağındaki yaralardan başka bir saldırı ya da travmatik ... değişiklik semptomuna rastlanmadığı, bu durumun da ölüm sebebinin bir dış travma olma olasılığını ortadan ... üst kısmında, sağ kaş, ve ayak başparmağı üzerindeki yaralar hariç; başka saldırı belirtileri veya travmatik ... değişi"
"680","A.İ.H.M.","A.İ.H.M.","1996/32446","2004/","2004-11-02","U1VJZjBHeVF1Mnp3MjRKbUpQcTJtZz09","https://mevzuat.sinerjias.com.tr/ictihat/yuksek-mahkeme/yargitay%20karari/U1VJZjBHeVF1Mnp3MjRKbUpQcTJtZz09","boğaz, travmatik","Ayrıca, soğuk suya maruz kalmanın kesin olarak zatürre, ateş ve boğaz ağrısına yol açmayacağını belirtmiştir ... 2001 tarihli raporla tutarlı olan psiko-sonıatik bulgulara atıfta bulunarak, başvuranda kronik ve post-travmatik"
"681","A.İ.H.M.","A.İ.H.M.","1998/44774","2004/","2004-06-29","Mzg2UEhCOG94LzFWTnlMM0Z6WWRWdz09","https://mevzuat.sinerjias.com.tr/ictihat/yuksek-mahkeme/yargitay%20karari/Mzg2UEhCOG94LzFWTnlMM0Z6WWRWdz09","travmatoloji, gebelik","sebebi ile sınav gözlemcileri tarafından onkoloji sınavına alınmamıştır. 20 Mart 1998'de ortopedik travmatoloji ... Bir ebelik öğrencisinin küvezden bir bebeği alırken veya yerine koyarken veya gebelik ünitesinde bir"
"682","Yargıtay","Ceza Genel Kurulu","2004/1-47","2004/101","2004-04-20","WCtMbm56VE5QbVc1bFBmdTBwb2JTQT09","https://mevzuat.sinerjias.com.tr/ictihat/yuksek-mahkeme/yargitay%20karari/WCtMbm56VE5QbVc1bFBmdTBwb2JTQT09","boğazının, boğazında, travmaya, travma, travmasına, travmatik, travmalarına","ın bacağından ve kolundan yaralandığı, boğazının sıkılması nedeniyle boğazında tırnak izlerinin bulunduğu ... yanlarında erozyon ve yırtık, sol kalçada sıyrıklar, sol diz altında sıyrık ve erozyonlar olduğu, sol omuzda travmaya ... bağlı ağrı ve hareket kısıtlılığı bulunduğu, bu yara ve izlerin bir boğuşma ve travma sonucu olabileceği ... bunların yüzeyin yaygın ekimozları ve sıyrıklarıyla abrazyonlarına eşlik etmesi nedeniyle genel beden travmasına ... raporunda; travmatik ... düşmesi ile oluşa"
"683","A.İ.H.M.","Daire","1998/39272","2003/","2003-12-04","QWc2cWI1V0p3d3lKbXNkUTNEWkFmUT09","https://mevzuat.sinerjias.com.tr/ictihat/yuksek-mahkeme/yargitay%20karari/QWc2cWI1V0p3d3lKbXNkUTNEWkFmUT09","travmatik, boğazını, travmalar, travma","Bunlar, şiddetli fiziksel tepki ile ""donuk korku"" olup, bu ikincisi travmatik psikolojik enfantilizm ... alıkoymak, elbiselerini yırtmak ve mağduru dövmek, mağdurun başını yumruklamak ve ona tekme atmak, boğazını ... Başvurucu tecavüze uğradıktan yıllar sonra bile psikolojik travmalar geçirdiğini ifade etmektedir. ... olayda tespit edilen, kısmen yetkililerin yaklaşımındaki kusurdan kaynaklanan gerilim ve psikolojik travma"
"684","A.İ.H.M.","Daire","1993/23145","2003/","2003-11-13","M05YelpGcWVZc1lWMXA5VlR0bkZndz09","https://mevzuat.sinerjias.com.tr/ictihat/yuksek-mahkeme/yargitay%20karari/M05YelpGcWVZc1lWMXA5VlR0bkZndz09","hamile, travmatik","Bayan Ölmez, hamile olması ve o günleri tekrar yaşamak istememesi sebebiyle ifade vermemiştir. ... Zatürre, travmatik bir rahatsızlık olmayıp genelde soğuk algınlığı sonrası bronşitin devamı olarak baş"
"685","A.İ.H.M.","Daire","1996/33218","2002/","2002-11-26","a2l5ZVlrcWh3TllRY1RkdEUyazBBZz09","https://mevzuat.sinerjias.com.tr/ictihat/yuksek-mahkeme/yargitay%20karari/a2l5ZVlrcWh3TllRY1RkdEUyazBBZz09","hamile, travmatik","Kasım 1984'te, T. hamile kalıp çocuğu olduktan sonra evi terk etmiştir. ... alkol sorunları gibi ciddi sorunları vardır. 24 Nisan 1992'deki psikiyatri raporu, E'nin belirtilerinin travmatik ... anlatmamıştır. 24 Nisan 1992 tarihli psikiyatrisi raporu, kabus ve uyku bölünmelerini içeren belirtilerini travmatik ... nin kendisine değer vermediği, korku, güvensizlik ve depresyon içeren belirtilerin travmatik stres ile"
"686","Yargıtay","Ceza Genel Kurulu","2002/1-138","2002/301","2002-07-09","VGMrcXlIKzB6RWt2eG9YNldYaXVWQT09","https://mevzuat.sinerjias.com.tr/ictihat/yuksek-mahkeme/yargitay%20karari/VGMrcXlIKzB6RWt2eG9YNldYaXVWQT09","travmasına, boğazına, boğazını, boğazında","atmalarını söyledikleri, yaralı olarak hastaneye kaldırılan Ahmet'in olaydan 6 gün sonra künt kafa travmasına ... Duruşmada, sanık Savaş'ın anlatımlarına aynen iştirak ettiğini, olayın anlattığı şekilde olduğunu, maktulün boğazına ... yapışıp, boğazını sıktığını, elini de beline atınca, kendisini savunmak için sopa ile birkaç kez rastgele ... kemikleri belirgin, etine dolgun yapılı bir şahıstı, üzerinde mavi kot pantolon, koyu renkli kaban, boğazında ... çukur dış kısmına kadar uzandığı, diğer o"
"687","Yargıtay","Ceza Genel Kurulu","2001/1-83","2001/88","2001-05-08","enhrN1Y4SUNoWUNXNEliRzVIaVdTQT09","https://mevzuat.sinerjias.com.tr/ictihat/yuksek-mahkeme/yargitay%20karari/enhrN1Y4SUNoWUNXNEliRzVIaVdTQT09","boğazının, travmasına, boğazındaki","muayene ve otopsi zaptında 20 adet bıçak yarasından 19 adedinin öldürücü olduğu kesik yaralardan birinin boğazının ... göğüste muhtelif ebatta 6 adet, sol kaşta ...... muhtelif raddi yaralar olduğu ölüm sebebinin künt kafa travmasına ... kafadaki raddi yaranın müstakilen ölümü tevlit eder nitelikte oldukları, kişinin ölümünün; künt kafa travmasına ... cesedin banyoda değil yemek yedikleri salonda, üzerinde bıçak saplı vaziyette bulunduğunu, baktığında boğazının ... başladığı, maktulün göğüs ve k"
"688","A.İ.H.M.","Daire","1993/22947","2000/","2000-10-10","OFJVWlEzemRaclNmM1RwUURHVjUvUT09","https://mevzuat.sinerjias.com.tr/ictihat/yuksek-mahkeme/yargitay%20karari/OFJVWlEzemRaclNmM1RwUURHVjUvUT09","boğaz, travmatik","Bir kulak-burun-boğaz uzmanı, kendisini röntgen çektirmeye göndermiş, fakat başvurucu gözaltında tutulduğunu ... Başvurucuda kronik post travmatik stres bozukluğu teşhis edilmiş ve ilaç tedavisi (fluoxetin ve bir anxiolitic ... başvurucu tarafından Komisyona verilen tıbbi notlar ve reçeteler ile birlikte röntgen filmlerinin de travmatik ... bulunmadığı psikiyatri raporunun, başvurucunun tabi tutulduğunu iddia ettiği işkence ile uyumlu post-travmatik"
"689","Yargıtay","Ceza Genel Kurulu","1999/1-265","1999/268","1999-11-09","TnBERFFpam1wZFBPSlJ2N3pQbkllQT09","https://mevzuat.sinerjias.com.tr/ictihat/yuksek-mahkeme/yargitay%20karari/TnBERFFpam1wZFBPSlJ2N3pQbkllQT09","travma, boğazına, travmasına, travmaya","İhtisas Kurulu'nun 2 Eylül 1998 günlü raporunda ölenin başına yönelik en az dört ayrı künt travma yarası ... saptanmış, ölüm sebebi, ölen Sulhi Pektaş'ın BAŞ BÖLGESİNE YÖNELİK BİR VEYA BİRKAÇ TRAVMA SONUCU GELİŞEN ... Sanık İsmail Açıkalın kollukta maktüle sinirle vurduğunu, boğazına saldırdığını, orada bulunan kalabalığın ... görüldüğü, tanının; subaraknoidal kanama olduğu belirtilerek; Sonuç olarak kişinin ölümünün künt kafa travmasına ... ve boyun ön yüz alt sağda ekimoz tespit edildiğine gör"
"690","A.İ.H.M.","A.İ.H.M.","1994/25803","1999/","1999-07-28","bEZ6ellIaE4xdUVlZEJnajd3ZDdQZz09","https://mevzuat.sinerjias.com.tr/ictihat/yuksek-mahkeme/yargitay%20karari/bEZ6ellIaE4xdUVlZEJnajd3ZDdQZz09","boğazının, boğazda, travmatik, travmanın","Boğazının sol yanında çürükler vardır. Başın tepe kısmında morartı izleri bulunmaktadır. ... Rapor şunları içermektedir: ""Baş ağrıları, sağ ve sol göz altında, kollarda, sırt kısmında, boğazda, ... nezarethanesindeyken kötü muameleye maruz kaldığını belirtmiştir. vücudundaki gözaltında kaldığı zamana denk gelen travmatik ... Cinsel taciz ve saldırıyla ilgili olarak gözle görülür bir yara ve travmanın olmayışı ve herhangi bir"
"691","A.İ.H.M.","A.İ.H.M.","1987/12850","1992/","1992-08-27","SlJ4V2tpTk96M1Y3bTV6WGxOdlU2UT09","https://mevzuat.sinerjias.com.tr/ictihat/yuksek-mahkeme/yargitay%20karari/SlJ4V2tpTk96M1Y3bTV6WGxOdlU2UT09","boğaz, travmaya","Kulaktaki ağrılar ve uğultular için kulak-burun-boğaz uzmanının görüşü gereklidir. ... Görülen cilt sıyrıkları belirli bir travmaya işaret etmemektedir. ... gözaltında tutulan Filippi dahil dört kişinin ve ayrıca Tomasi'yi Nisan 1983'te muayene eden kulak-burun-boğaz ... Başvurucunun kulak zarının delinmiş olması ve kulağının kanaması, kulak-burun-boğaz uzmanı olan Dr Vellutini ... Bu incelemelerden sonra kulak-burun-boğaz bölümünün kıdemli danışmanı Dr. ... incelemeler, sizin muhtemelen 1 Nisan"
"692","Yargıtay","Ceza Dairesi","1970/2331","1970/2769","1970-10-10","dHlyOGtjZjNHd2E3ZXYyQ0N3cDJhQT09","https://mevzuat.sinerjias.com.tr/ictihat/yuksek-mahkeme/yargitay%20karari/dHlyOGtjZjNHd2E3ZXYyQ0N3cDJhQT09","travma, boğaz, boğazının","mütalaasında netice olarak (ölümün el ile boğma sırasında asfiksi ile olmadığı, müessir fiil sonrası travma ... doğrudan doğruya bir illiyet bağı bulunduğu) şeklinde açıklanmış Meclisin bir üyesi Adli Tıp uzmanı ise (boğaz ... Meclisinin çoğunlukla verilen tıbbi mütalaasında netice olarak (Ölenin müessir fiile maruz kaldığı, boğazının ... ve tıbbi verilere göre açıklanmadan (bu sırada ""Sub-exalia""nın ve buna inzimam eden ""Vegal Refba - Travma"
"693","Sigorta Tahkim Komisyonu ","Sigorta Tahkim Komisyonu","/","/","","TTA5aWFNcWs5YzNvSGFwcU9qbUdXQT09","https://mevzuat.sinerjias.com.tr/ictihat/yuksek-mahkeme/yargitay%20karari/TTA5aWFNcWs5YzNvSGFwcU9qbUdXQT09","travma, travmalar, hamilelik, gebeliğin",". - Ameliyat ve Travma: Büyük cerrahi operasyonlar, özellikle karın, pelvis veya bacaklarla ilgili olanlar ... Aynı şekilde, ciddi travmalar (kırıklar veya yaralanmalar) da pıhtıların oluşmasına neden olabilir. - ... ve Doğum Sonrası: Hamilelik sırasında ve doğumdan sonraki dönemde, kadınların kan pıhtılaşma eğilimi ... pıhtı oluşmasına yol açar ve bu pıhtılar zamanla akciğerlere taşınır. - Uzun Süreli Hareketsizlik (Travma ... ve Cerrahi Sonrası): Özellikle büyük cerrahi işlemler (örneğin, kalç"
"694","Sigorta Tahkim Komisyonu ","Sigorta Tahkim Komisyonu","/","/","","OXl4b2FFbGY5Sy85TFRmZE1BeFFLdz09","https://mevzuat.sinerjias.com.tr/ictihat/yuksek-mahkeme/yargitay%20karari/OXl4b2FFbGY5Sy85TFRmZE1BeFFLdz09","boğaz, travmatoloji","az yedi daimi üyeden oluşur: a) İç hastalıkları uzmanı, b) Göz hastalıkları uzmanı, c) Kulak burun boğaz ... Bulunmaması durumunda varsa ortopedi ve travmatoloji uzmanı kurula katılır. (4) Hastanın teşhis ve tedavisinde"
"695","Kamu Denetçiliği Kurumu","Kamu Denetçiliği Kurumu","/","/","","T0pkdE5GajV5VUx3SUJCT3JFajFaZz09","https://mevzuat.sinerjias.com.tr/ictihat/yuksek-mahkeme/yargitay%20karari/T0pkdE5GajV5VUx3SUJCT3JFajFaZz09","travmatoloji, boğaz","sağlık müdürlüğü tarafından; sürücünün bedensel değişikliğinin ortopedik olması halinde; ortopedi ve travmatoloji ... başkanlığında kişinin sağlık raporunda belirtilen tanı ile ilgili branş uzmanı/uzmanları, ortopedi ve travmatoloji ... tarafından ihtiyaç duyulması halinde bu Komisyona iç hastalıkları, ruh sağlığı hastalıkları, kulak burun boğaz"
"696","Kamu Denetçiliği Kurumu","Kamu Denetçiliği Kurumu","/","/","","cWxwblFnMnVyTnNNaGdaZnVPOFVpQT09","https://mevzuat.sinerjias.com.tr/ictihat/yuksek-mahkeme/yargitay%20karari/cWxwblFnMnVyTnNNaGdaZnVPOFVpQT09","boğaz, travmatoloji","tarafından ihtiyaç duyulması halinde bu Komisyona iç hastalıkları, ruh sağlığı hastalıkları, kulak burun boğaz ... Simetriği sağlam olan tek büyük eklem ankiloz veya atrodezinde, ortopedi ve travmatoloji ve/veya fizik ... Üst ekstremitenin tek taraflı noksanlığında da ortopedi ve travmatoloji ve/veya fizik tedavi rehabilitasyon ... Bunun dışındaki alt ekstremite noksanlık veya amputasyonlarında, ortopedi ve travmatoloji uzmanı ve/veya ... Bunun dışındaki durumlarda, ortopedi ve travmatoloji ve/v"
"697","Kamu Denetçiliği Kurumu","Kamu Denetçiliği Kurumu","/","/","","V1J0bFFoakNQbURvRXhiM1d1VDkvUT09","https://mevzuat.sinerjias.com.tr/ictihat/yuksek-mahkeme/yargitay%20karari/V1J0bFFoakNQbURvRXhiM1d1VDkvUT09","boğazını, travma","denilerek yüzüne tokat atıldığı, daha sonra diğer memurların da boğazını sıkarak yüzüne vurmaya başladığı ... tarafından kendilerini sürekli şikayet etmesi sebep gösterilerek yüzüne tokat atıldığı, diğer memurların da boğazını ... Başvuranın içeri de kamera olmayan odasından infaz koruma memurları eşliğinde çıkarılarak travma önleyici ... götürüldüğü kamera görüntüleri (A Tek (16-9) Koridoru, Halısaha 1 Önü kamera, Merdiven önü kamera ve travma ... ; saat 11:04ün devamında hükümlünün dört infaz "
"698","Kamu Denetçiliği Kurumu","Kamu Denetçiliği Kurumu","/","/","","NThQT0tJZE1SazBXS1VNbUU0aERWUT09","https://mevzuat.sinerjias.com.tr/ictihat/yuksek-mahkeme/yargitay%20karari/NThQT0tJZE1SazBXS1VNbUU0aERWUT09","travma, gebeliği, gebenin, gebelerin, travmasının, gebelerde, gebede","geçtiğini, sezaryen doğum yapılması gerekirken normal doğuma alındığını, bebeğin doğum sırasında yaşadığı travma ... Hasta 4cm açıklıkla hastaneye geldi ve ilk gebeliği olduğu halde yaklaşık 2 saat içerisinde normal doğum ... , 2.doğumu olan bebek doğum ağırlığı …. gr. olan gebenin normal vajinal doğum kararının doğru ... Omuz takılması gelişen gebelerin yarısından fazlasında tanımlanabilir herhangi bir riskfaktörü yoktur ... Doğum travmasının; özellikle omuz ve kola giden sinirlerin bulunduğu b"
"699","Kamu Denetçiliği Kurumu","Kamu Denetçiliği Kurumu","/","/","","MjJ6ZXNidmNTZWxTajJ4dk9Pc0tXZz09","https://mevzuat.sinerjias.com.tr/ictihat/yuksek-mahkeme/yargitay%20karari/MjJ6ZXNidmNTZWxTajJ4dk9Pc0tXZz09","travmatoloji, boğaz",") İl sağlık müdürü veya görevlendireceği il sağlık müdürlüğü görevlisinin başkanlığında Ortopedi ve Travmatoloji ... İhtiyaç duyulması halinde komisyona İç Hastalıkları, Ruh Sağlığı Hastalıkları, Kulak Burun Boğaz uzman ... sağlık müdürlüğü tarafından; sürücünün bedensel değişikliğinin ortopedik olması halinde; ortopedi ve travmatoloji ... tarafından ihtiyaç duyulması halinde bu Komisyona iç hastalıkları, ruh sağlığı hastalıkları, kulak burun boğaz ... ) İl sağlık müdürü veya görevlendireceği il"
"700","Kamu Denetçiliği Kurumu","Kamu Denetçiliği Kurumu","/","/","","ZUJHSlU3UHBOM1g0b1ZuU1NIMkRWZz09","https://mevzuat.sinerjias.com.tr/ictihat/yuksek-mahkeme/yargitay%20karari/ZUJHSlU3UHBOM1g0b1ZuU1NIMkRWZz09","boğaziçi, travma","Boğaziçi İmar Müdürlüğü Boğaziçi Öngörünüm sınırları içerisinde kaldığı, bu hususta yol yapılması talep ... Boğaziçi İmar Müdürlüğü ile gerekli yazışmaların yapıldığı ve Boğaziçi İmar Müdürlüğüne bağlı ekiplerce ... Boğaziçi Alanının; 2960 sayılı Boğaziçi Kanunu ile Boğaziçi kıyı ve sahil şeridinden, öngörünüm bölgesinden ... sayılı Boğaziçi Kanununun 3 üncü maddesinde Boğaziçi alanında yer alan kültürel ve tarihi değerler ve ... Tanımlar başlıklı 2 nci maddesinin birinci fıkrasının (a, b, c) be"
"701","Kamu Denetçiliği Kurumu","Kamu Denetçiliği Kurumu","/","/","","SnFIRStXcFh3K3c5S29lK2JsRzlqQT09","https://mevzuat.sinerjias.com.tr/ictihat/yuksek-mahkeme/yargitay%20karari/SnFIRStXcFh3K3c5S29lK2JsRzlqQT09","boğaz, travmatoloji","Ankara Yenimahalle Eğitim ve Araştırma Hastanesine sevk edilmiş olduğu Göz Hastalıkları, Kulak Burun Boğaz ... Nöroloji Anabilim Dalı öğretim elemanı, Göz Hastalıkları Anabilim Dalı öğretim üyesi ve Kulak, Burun ve Boğaz ... Kulak burun boğaz hastalıkları branşı açısından değerlendirildiğinde eldeki verilerle işitme kaybının ... 07.02.2023 tarihinden itibaren birden çok kez farklı günlerde aranıp Göz Hastalıkları, Kulak-Burun-Boğaz ... hastalıkları ve Nöroloji bölümlerinde randevularının olduğu "
"702","Kamu Denetçiliği Kurumu","Kamu Denetçiliği Kurumu","/","/","","RzFXdjNnSWMwaHVmZ25rUzVkWmdqZz09","https://mevzuat.sinerjias.com.tr/ictihat/yuksek-mahkeme/yargitay%20karari/RzFXdjNnSWMwaHVmZ25rUzVkWmdqZz09","boğaz, travmatoloji","genel cerrahi, kadın hastalıkları ve doğum, çocuk sağlığı ve hastalıkları, beyin cerrahi, kulak burun boğaz ... hastalıkları ile ortopedi ve travmatoloji, kardiyoloji, nöroloji, anestezi ve reanimasyon, aile hekimliği"
"703","Kamu Denetçiliği Kurumu","Kamu Denetçiliği Kurumu","/","/","","WHZ6Y1Z3L3NRam4zaklaVzl5SFFkQT09","https://mevzuat.sinerjias.com.tr/ictihat/yuksek-mahkeme/yargitay%20karari/WHZ6Y1Z3L3NRam4zaklaVzl5SFFkQT09","travmatoloji, boğaz","Müdürlükte oluşturulan 12/02/2020 tarihli sürücü komisyonu tarafından komisyon başkanı hekim, Ortopedi ve Travmatoloji ... başkanlığında kişinin sağlık raporunda belirtilen tanı ile ilgili branş uzmanı/uzmanları, ortopedi ve travmatoloji ... tarafından ihtiyaç duyulması halinde bu Komisyona iç hastalıkları, ruh sağlığı hastalıkları, kulak burun boğaz ... : İl sağlık müdürü veya görevlendireceği il sağlık müdürlüğü görevlisinin başkanlığında Ortopedi ve Travmatoloji ... İhtiyaç duyulması halinde "
"704","Kamu Denetçiliği Kurumu","Kamu Denetçiliği Kurumu","/","/","","b2hYdng5TUNmMVZnenI3Si9lRmVrUT09","https://mevzuat.sinerjias.com.tr/ictihat/yuksek-mahkeme/yargitay%20karari/b2hYdng5TUNmMVZnenI3Si9lRmVrUT09","boğaz, travmatoloji","genel cerrahi, kadın hastalıkları ve doğum, çocuk sağlığı ve hastalıkları, beyin cerrahi, kulak burun boğaz ... hastalıkları ile ortopedi ve travmatoloji, kardiyoloji, nöroloji, anestezi ve reanimasyon, aile hekimliği"
"705","Kamu Denetçiliği Kurumu","Kamu Denetçiliği Kurumu","/","/","","aVVRNlpjTDhwZ1lkc2RDNWZVN1RjUT09","https://mevzuat.sinerjias.com.tr/ictihat/yuksek-mahkeme/yargitay%20karari/aVVRNlpjTDhwZ1lkc2RDNWZVN1RjUT09","travmatoloji, boğaz",": İl sağlık müdürü veya görevlendireceği il sağlık müdürlüğü görevlisinin başkanlığında Ortopedi ve Travmatoloji ... İhtiyaç duyulması halinde komisyona İç Hastalıkları, Ruh Sağlığı Hastalıkları, Kulak Burun Boğaz uzman"
"706","Kamu Denetçiliği Kurumu","Kamu Denetçiliği Kurumu","/","/","","d1Z0c0VhVm1CRkxoWnVnT096WHhUdz09","https://mevzuat.sinerjias.com.tr/ictihat/yuksek-mahkeme/yargitay%20karari/d1Z0c0VhVm1CRkxoWnVnT096WHhUdz09","travmatoloji, boğaz","Fiziksel Tıp ve Rehabilitasyon, Ortopedi ve Travmatoloji ve Nöroloji Anabilim Dallarında değerlendirilen ... : İl sağlık müdürü veya görevlendireceği il sağlık müdürlüğü görevlisinin başkanlığında Ortopedi ve Travmatoloji ... İhtiyaç duyulması halinde komisyona İç Hastalıkları, Ruh Sağlığı Hastalıkları, Kulak Burun Boğaz uzman"
"707","Kamu Denetçiliği Kurumu","Kamu Denetçiliği Kurumu","/","/","","RlZxcWZxaDA0anFOR0F6M0F4eWl0UT09","https://mevzuat.sinerjias.com.tr/ictihat/yuksek-mahkeme/yargitay%20karari/RlZxcWZxaDA0anFOR0F6M0F4eWl0UT09","travma, gebe, travmalardan","önleyici ve rehberlik edici hizmet verildiği, psiko-sosyal destek sağlamak üzere faaliyetler yürütüldüğü, travma ... Kurumlarının sağlık hizmetine erişimi güvence altına alma bağlamında, bu bölgelerdeki yaşlı, gebe, çocuk ... tespit edildiği, ailede sağlık sorunları olanların sağlık kurumlarına yönlendirildiği, psikolojik olarak travma ... koşullarından sonra acil psikolojik yardım ihtiyacı içerisinde bulunan kişilere yönelik psikolojik travma ... ya da krizin olumsuz etkilerinin önlenmesi ya da"
"708","Kamu Denetçiliği Kurumu","Kamu Denetçiliği Kurumu","/","/","","V0drNUtST0hRUFVUL2FWV2R1SmJhdz09","https://mevzuat.sinerjias.com.tr/ictihat/yuksek-mahkeme/yargitay%20karari/V0drNUtST0hRUFVUL2FWV2R1SmJhdz09","boğaz, travmatoloji","Grup sürücü olur. kararı verildiği, Kulak Burun Boğaz Hastalıkları hekimince H90.3- Sensorinöral İşitme ... Ortopedi ve Travmatoloji alanında görevli ve bilirkişi olarak görevlendirilen uzman hekim tarafından ... Kulak Burun Boğaz alanında görevli ve bilirkişi olarak görevlendirilen uzman hekim tarafından verilen ... başkanlığında kişinin sağlık raporunda belirtilen tanı ile ilgili branş uzmanı/uzmanları, ortopedi ve travmatoloji ... : İl sağlık müdürü veya görevlendireceği il sağlık müdürlüğü g"
"709","Sigorta Tahkim Komisyonu ","Sigorta Tahkim Komisyonu","/","/","","YlhyZ3FVWS8rMFNweldseTB1QXpsUT09","https://mevzuat.sinerjias.com.tr/ictihat/yuksek-mahkeme/yargitay%20karari/YlhyZ3FVWS8rMFNweldseTB1QXpsUT09","travmatoloji, boğaz","kas-iskelet sistemi arazlarına bağlı olarak 27% sürekli maluliyet, 2 Adli Tıp uzmanı, 1 Ortopedi ve Travmatoloji ... suretiyle kaza tarihinde yürürlükteki yönetmelik çerçevesinde 2 adli tıp uzmanına ek olarak 1 ortopedi ve travmatoloji ... kas- iskelet sistemi arazlarına bağlı olarak 27% sürekli maluliyet, 2 Adli Tıp uzmanı, 1 Ortopedi ve Travmatoloji ... Yön md 6/1 hükmüne göre Özürlü sağlık kurulu; iç hastalıkları, göz hastalıkları, kulak-burun-boğaz, genel ... Oysa kurulda 2 Adli Tıp uzmanı, "