sira,score,tipadi,daire,esasno,esasyil,kararno,karartarihi,kaynak_arama,sinyaller,konu,metin_ozet
1,47.8,Anayasa,2,2803,2013,,2016-01-21,gebe+illiyet,gebe×126 | travma×32 | illiyet×9 | TCK 87/88 | cenin/düşük | obstetrik komp.,ANAYASA MAHKEMESİNİN 21/01/2016TARİHLİ VE 2013/2803 SAYILI KARARI (BİREYSEL BAŞVURU),"(AİHS. m. 2, 3)(2709 S. K. &nbsp;m. 17, 36) (5237 S. K. m. 81, 82, 85, 86, 87) (4721 S. K .m. 8, 427, 582, 643) (2827 S. K. m. 2, 5) (4483 S. K. m. 3, 5) (6098 S. K. m. 49, 74) (6216 S. K. m. 46) &nbsp; *** İncelemekte olduğunuz karar Resmi Gazete&rsquo;de yayımlanmamış olup kararlar bilgibankasi.an"
2,44.6,Yargıtay,CG,269,2014,108,2017-02-28,gebe+travma,gebe×16 | travma×146 | illiyet×8 | TCK 87/88 | cenin/düşük | künt/batın,YARGITAY KARARI,"Kararı Veren Yargıtay Dairesi: 8. Ceza Dairesi Mahkemesi:Ağır Ceza Günü: 01.10.2012 Sayısı: 501-268 Sanık ... hakkında katılan ....'a yönelik eziyet suçundan açılan kamu davasında yapılan yargılama neticesinde sanığın eyleminin işkence suçunu oluşturduğunun kabulü ile TCK'nun 94/1, 62 ve 53/1. madde"
3,44,Yargıtay,3,6496,2021,9381,2024-07-17,gebe+travma,gebe×27 | travma×590 | illiyet×127 | TCK 87/88 | cenin/düşük | trafik/iş kaz,YARGITAY KARARI,"MAHKEMESİ: Ankara Bölge Adliye Mahkemesi 21. Ceza Dairesi SAYISI: 2020/1 E. - 2020/746 K. İLK DERECE MAHKEMESİ:Ankara 17. Ağır Ceza Mahkemesinin 20.06.2019 tarih ve 2017/109 E. - 2019/30 K. sayılı kararı MAKTULLER: M.. G.., B.. İ.., C.. P.., M.. T.., M.. S.., S.. K.., V.. T.., Ş.. D.., M.. Ş.., M.. "
4,43.5,Yargıtay,CG,69,2016,714,2019-12-24,gebe+illiyet,gebe×9 | travma×23 | illiyet×27 | TCK 87/88 | cenin/düşük | trafik/iş kaz,YARGITAY KARARI,"Kararı veren Yargıtay Dairesi: 12. Ceza Dairesi Mahkemesi:Asliye Ceza Sayısı: 448-30 Sanık ... hakkında taksirle birden fazla kişinin yaralanmasına neden olma suçundan yapılan yargılama sonucunda, 5237 sayılı TCK’nın 66/1-e maddesi uyarınca zamanaşımı nedeniyle kamu davasının düşmesine ilişkin Ödemi"
5,42,Anayasa,GK,22169,2016,,2017-06-20,gebe+travma,gebe×4 | travma×41 | illiyet×27 | TCK 87/88 | cenin/düşük | aile içi,ANAYASA MAHKEMESİNİN 20/6/2017 TARİHLİ VE 2016/22169 SAYILI KARARI (BİREYSEL BAŞVURU) ,"(AİHS m. 2, 3, 4, 5, 7, 15) (İnsan Hakları Evrensel Beyannamesi m. 9) (Medeni ve Siyasi Haklara İlişkin Milletlerarası Antlaşma m. 4, 9) (2709 S. K. BAŞLANGIÇ, m. 2, 5, 6, 13, 15, 19, 36, 107, 119, 120, 121, 122, 148) (491 S. K. m. 74, 78, 86) (334 S. K. m. 123, 124) (5271 S. K. m. 100, 101, 104, 10"
6,41,A.İ.H.M.,4,23145,1993,,2003-11-13,gebe+travma,gebe×36 | travma×65 | illiyet×23 | TCK 87/88 | cenin/düşük,ELÇİ VE DİĞERLERİ - TÜRKİYE DAVASI,"(AİHS. m. 3, 5, 8, 25, 35, 41,I NOLU PROTOKOL) (2709 S. K. m. 90, 125)(1136 S. K. m. 58, 59) (1412 S. K. m. 90, 91, 92, 93, 94, 95, 96, 97, 135, 151, 152, 153, 154, 155) (2845 S. K. m. 9, 10) (765 S. K. m. 64, 65, 125, 131, 146, 147, 149, 156, 168, 169, 179, 181, 191, 243, 245) (2577 S. K. m. 13) (8"
7,41,Yargıtay,10,2616,2021,1909,2022-02-15,gebe+illiyet,gebe×4 | travma×16 | illiyet×11 | TCK 87/88 | cenin/düşük | trafik/iş kaz,YARGITAY KARARI,"Mahkemesi: ... Bölge Adliye Mahkemesi 9. Hukuk Dairesi İlk Derece Mahkemesi: ... 5. İş Mahkemesi Dava, iş kazası ölümünden kaynaklanan maddi tazminat istemine ilişkindir. İlk Derece Mahkemesince, hükümde belirtilen gerekçelerle davanın kabulüne dair verilen karara karşı davalı vekili tarafından isti"
8,41,Yargıtay,CG,197,2019,33,2024-01-24,gebe+travma,gebe×13 | travma×131 | illiyet×18 | TCK 87/88 | cenin/düşük,YARGITAY KARARI,İTİRAZ İtirazname No: 2015/288473 KARARI VEREN YARGITAY DAİRESİ : 12. Ceza Dairesi MAHKEMESİ :Ağır Ceza SAYISI: 100-276 I. HUKUKÎ SÜREÇ Sanık hakkında kasten yaralama sonucu ölüme neden olma suçundan açılan kamu davasında yapılan yargılama sonucunda sanığın eyleminin taksirle bir kişinin ölümüne ned
9,41,Anayasa,1,12753,2015,,2019-05-08,gebe+travma,gebe×76 | travma×45 | illiyet×28 | TCK 87/88 | cenin/düşük,ANAYASA MAHKEMESİNİN 8/5/2019 TARİHLİ VE 2015/12753 SAYILI KARARI (BİREYSEL BAŞVURU),"(AİHS m. 3) (2709 S. K. m. 5, 17, 34) (5237 S. K. m. 86, 87, 256) (5271 S. K. m. 160) (2911 S. K. m. 22, 31) (6216 S. K. m. 50) (Anayasa Mahkemesi İçtüzüğü m. 79) (ANY. MAH. 18.09.2013 T. 2012/969 E.) (ANY. MAH. 17.07.2014 T. 2013/293 E.) (ANY. MAH. 28.09.2016 T. 2014/798 E.) (ANY. MAH. 06.01.2015 T"
10,41,Danıştay,10,4432,2020,5849,2023-10-24,gebe+travma,gebe×16 | travma×24 | illiyet×16 | TCK 87/88 | cenin/düşük,DANIŞTAY KARARI,"T.C. D A N I Ş T A Y ONUNCU DAİRE Esas No : 2020/4432 KararNo : 2023/5849 DAVACI: .... Ltd. Şti. VEKİLLERİ: Av. … Av. … DAVALI: … Bakanlığı / ANKARA VEKİLİ: Hukuk Müşaviri Av. … DAVANIN KONUSU: Davacı tarafından, 15/02/2008 tarih ve 26788 sayılı Resmî Gazete'de yayımlanan Ayakta Teşhis ve Tedavi Yap"
11,41,Yargıtay,CG,247,2020,394,2022-06-02,gebe+illiyet,gebe×4 | travma×123 | illiyet×50 | TCK 87/88 | cenin/düşük | trafik/iş kaz,YARGITAY KARARI,"Yargıtay Dairesi: Ceza Genel Kurulü Silahlı terör örgütü yöneticisi olma suçundan sanık hakkında ilk derece mahkemesi sıfatıyla yargılama yapan Yargıtay 9. Ceza Dairesince 26.12.2019 tarih ve 76-170 sayı ile; sanığın TCK'nın 314/2, 3713 sayılı Kanun'un 5/1, TCK'nın 221/4, 62, 53, 58/9 ve 63. maddele"
12,41,Yargıtay,CG,427,2019,417,2020-10-15,gebe+illiyet,gebe×12 | travma×48 | illiyet×32 | TCK 87/88 | cenin/düşük,YARGITAY KARARI,"Kararı veren Yargıtay Dairesi: Ceza Genel Kurulu Mahkemesi:Ceza Dairesi Sayısı: 91-27 Silahlı terör örgütüne üye olma suçundan sanık ... hakkında ilk derece mahkemesi sıfatıyla yargılama yapan Yargıtay 9. Ceza Dairesince 12.03.2019 tarih ve 91-27 sayı ile; sanığın TCK'nın 314/2, 3713 sayılı Kanun'un"
13,41,Yargıtay,CG,614,2019,199,2021-05-04,gebe+travma,gebe×10 | travma×165 | illiyet×33 | TCK 87/88 | cenin/düşük,YARGITAY KARARI,"Kararı Veren Yargıtay Dairesi: 1. Ceza Dairesi Mahkemesi:Ceza Dairesi Sayısı: 3342-3394 Nitelikli kasten öldürme suçundan sanıklar ..., ... ve ...'in TCK'nın 82/1-a, 62/1, 53/1 ve 63. maddeleri uyarınca müebbet hapis cezası ile cezalandırılmasına, hak yoksunluğuna ve mahsuba ilişkin ... 4. Ağır Ceza"
14,41,Yargıtay,CG,59,2021,806,2022-12-15,gebe+travma,gebe×14 | travma×76 | illiyet×58 | TCK 87/88 | cenin/düşük,YARGITAY KARARI,Kararı veren Yargıtay Dairesi: (Kapatılan) 16. Ceza Dairesi Mahkemesi:Ceza Dairesi Sayısı: 628-278 Katılanlar : 1) T.C. ... (Başbakanlık) 2)TBMM Başkanlığı Ankara 19. Ağır Ceza Mahkemesinin 2017/40 Esas sırasına kayden görülmekte iken verilen tefrik kararı sonrasında Ankara 19. Ağır Ceza Mahkemesini
15,41,Yargıtay,3,37483,2022,4897,2024-04-04,gebe+illiyet,gebe×43 | travma×212 | illiyet×27 | TCK 87/88 | cenin/düşük,YARGITAY KARARI,"MAHKEMESİ: İzmir Bölge Adliye Mahkemesi 18. Ceza Dairesi SAYISI: 2022/259 E., 2022/949 K. İLK DERECE MAHKEMESİ: İzmir 20. Ağır Ceza Mahkemesi SAYISI: 2018/41 E., 2021/177 K. SUÇ: Anayasal Düzeni ortadan kaldırmaya teşebbüs etme, Türkiye Büyük Millet Meclisini ortadan kaldırmaya veya görevini yapması"
16,40.5,Yargıtay,1,365,2024,5217,2024-07-10,gebe+travma,gebe×9 | travma×108 | illiyet×46 | TCK 87/88 | cenin/düşük,YARGITAY KARARI,"T U TU K L U D U R U Ş M A ve T A H L İ Y E T A L E P L İ MAHKEMESİ:Ceza Dairesi SAYISI: 2023/310 E., 2023/494 K. KATILANLAR: ..., ..., ..., ...., N... Ç... (Doğan), ..., ..., ..., ..., ..., .... (Aslan), ..., ..., ..., ..., ..., ..., ..., ..., ..., ... ..., Aslı ... (...), ..., ..., ..., Nimet ...,"
17,40,Yargıtay,10,10290,2023,11555,2023-11-21,gebe+illiyet,gebe×2 | travma×28 | illiyet×11 | TCK 87/88 | cenin/düşük | trafik/iş kaz,YARGITAY KARARI,"MAHKEMESİ: ... Bölge Adliye Mahkemesi 48. Hukuk Dairesi SAYISI: 2022/2176 E., 2023/909 K. KARAR: Esastan Ret İLK DERECE MAHKEMESİ: ... 35. İş Mahkemesi SAYISI: 2021/158 E., 2022/539 K. Taraflar arasındaki iş kazasından maddi ve manevi tazminat istemi davasından dolayı yapılan yargılama sonunda İlk D"
18,40,Yargıtay,21,3490,2018,3494,2019-05-07,gebe+illiyet,gebe×2 | travma×33 | illiyet×23 | TCK 87/88 | cenin/düşük | trafik/iş kaz,MADDİ VE MANEVİ TAZMİNAT DAVASI - KAZA OLAYININ MEYDANA GELMESİNDE KUSURU BULUNANLAR ARASINDAKİ KUSUR DAĞILIMININ KENDİ ARALARINDA GÖRÜLMESİ MUHTEMEL RÜCU DAVASINDA YENİDEN DEĞERLENDİRİLMESİNİN MÜMKÜN,"(6098 S. K. m. 56, 60, 61, 71) (6331 S. K. m. 4, 5) (4857 S. K. m. 2, 77) &nbsp; Dava ve Karar: Davacılar, murisinin iş kazası sonucu ölümünden doğan maddi ve manevi tazminatın ödetilmesine karar verilmesini istemiştir. &nbsp; İlk Derece Mahkemesince davanın kısmen kabulüne karar verilmesi üzerine d"
19,40,Yargıtay,21,5922,2018,4411,2019-06-17,gebe+illiyet,gebe×2 | travma×44 | illiyet×23 | TCK 87/88 | cenin/düşük | trafik/iş kaz,YARGITAY KARARI,"MAHKEMESİ: İzmir Bölge Adliye Mahkemesi 9. Hukuk Dairesi MAHKEMESİ: ... İş Mahkemesi TÜRK MİLLETİ ADINA KARAR A)Davacı İstemi; Asıl dosyada davacı ... vekili dava dilekçesinde özetle; ...'un, davacı ...'un eşi olduğunu, 13/05/2014 tarihinde ... ilçesinde ... sahasında davalılardan Türkiye Kömür İşle"
20,40,Yargıtay,10,7072,2020,7833,2020-12-29,gebe+illiyet,gebe×2 | travma×15 | illiyet×11 | TCK 87/88 | cenin/düşük | trafik/iş kaz,YARGITAY KARARI,"Mahkemesi: Bursa Bölge Adliye Mahkemesi 9. Hukuk Dairesi Dava, iş kazasından vefat eden sigortalının hak sahibi eş ve çocuklarının maddi ve manevi zararlarının giderilmesi istemine ilişkindir. İlk Derece Mahkemesince, hükümde belirtilen gerekçelerle maddi tazminat istemlerinin reddine, manevi tazmin"
21,40,Yargıtay,21,7144,2018,4774,2019-06-27,gebe+illiyet,gebe×2 | travma×45 | illiyet×23 | TCK 87/88 | cenin/düşük | trafik/iş kaz,YARGITAY KARARI,"MAHKEMESİ: ... Bölge Adliye Mahkemesi 9. Hukuk Dairesi Davacılar, murisinin iş kazası sonucu ölümünden doğan maddi ve manevi tazminatın ödetilmesine karar verilmesini istemiştir. İlk Derece Mahkemesince davanın kısmen kabulüne karar verilmesi üzerine davacılar ile davalılardar ... Genel Müdürlüğü ve"
22,40,Yargıtay,21,6769,2018,4409,2019-06-17,gebe+illiyet,gebe×2 | travma×44 | illiyet×23 | TCK 87/88 | cenin/düşük | trafik/iş kaz,YARGITAY KARARI,"MAHKEMESİ: ... Bölge Adliye Mahkemesi 9. Hukuk Dairesi Davacılar, murisinin iş kazası sonucu ölümünden doğan maddi ve manevi tazminatın ödetilmesine karar verilmesini istemiştir. İlk Derece Mahkemesince davanın kısmen kabulüne karar verilmesi üzerine davacılardan ..., ... ve ... (...) ... ile davalı"
23,40,Yargıtay,10,10115,2021,15848,2022-12-13,gebe+travma,gebe×2 | travma×23 | illiyet×14 | TCK 87/88 | cenin/düşük | trafik/iş kaz,YARGITAY KARARI,"Bölge Adliye Mahkemesi : ... Bölge Adliye Mahkemesi 9. Hukuk Dairesi No : Dava, iş kazasından sigortalının vefatı nedeniyle hak sahiplerinin maddi ve manevi zararlarının giderilmesi istemine ilişkindir. İlk Derece Mahkemesince, hükümde belirtilen gerekçelerle davanın reddine dair verilen karara karş"
24,40,Yargıtay,10,11687,2020,4203,2021-03-30,gebe+illiyet,gebe×2 | travma×15 | illiyet×17 | TCK 87/88 | cenin/düşük | trafik/iş kaz,YARGITAY KARARI,"Mahkemesi: .... Bölge Adliye Mahkemesi 8. Hukuk Dairesi Dava, iş kazasından kaynaklanan maddi ve manevi tazminat istemine ilişkindir. İlk Derece Mahkemesince, hükümde belirtilen gerekçelerle davanın kısmen kabulüne dair verilen karara karşı ... vekili tarafından istinaf yoluna başvurulması üzerine, "
25,39.5,Yargıtay,21,59,2018,458,2018-01-23,gebe+illiyet,gebe×1 | travma×40 | illiyet×17 | TCK 87/88 | cenin/düşük | trafik/iş kaz,YARGITAY KARARI,"MAHKEMESİ: ... İş Mahkemesi K A R A R A)Davacı İstemi; Davacılar vekili dava dilekçesi ile müvekkillerinin murisinin 13/05/2014 tarihinde meydana gelen ... maden kazasında vefat ettiğini, davalıların kusurlu olduklarını, davacıların bu olay nedeniyle zarara uğradıklarını ileri sürerek davacı eş için"
26,39.5,Yargıtay,21,4601,2017,7189,2017-10-03,gebe+illiyet,gebe×1 | travma×34 | illiyet×14 | TCK 87/88 | cenin/düşük | trafik/iş kaz,TAZMİNAT DAVASI - ÖLÜMLÜ İŞ KAZASI - ÖLENLERİN OLAYDA HİÇ KUSURLARININ BULUNMADIĞI - KUSURLU OLANLAR ARASINDAKİ KUSUR DAĞILIMININ KENDİ ARALARINDAKİ RÜCU DAVASINDA DEĞERLENDİRİLEBİLECEĞİ - DEDE VE BAB,"(4721 S. K. m. 4) (5510 S. K. m. 13) (6331 S. K. m. 4, 5, 10, 19) (6098 S. K. m. 56, 60, 61, 71, 163, 417) (818 S. K. m. 47, 53, 142, 332) (6102 S. K. m. 209) (4857 S. K. m. 2, 77) (6100 S. K. m. 26, 209, 282, 307, 309, 310, 311) (YİBK. 22.6.1966 T. 1966/7 E. 1966/7 K.) (YHGK. 24.12.2014 T. 2014/21-"
27,39.5,Yargıtay,21,4908,2017,8118,2017-10-23,gebe+illiyet,gebe×1 | travma×43 | illiyet×17 | TCK 87/88 | cenin/düşük | trafik/iş kaz,YARGITAY KARARI,"MAHKEMESİ: Bölge Adliye Mahkemesi K A R A R A)Davacı İstemi; Davacılar vekili dava dilekçesi ile müvekkillerinin murisinin 13/05/2014 tarihinde meydana gelen ... maden kazasında vefat ettiğini, davalıların kusurlu olduklarını, davacıların bu olay nedeniyle zarara uğradıklarını ileri sürerek davacı e"
28,39.5,Yargıtay,10,6953,2025,15760,2025-11-19,gebe+illiyet,gebe×1 | travma×12 | illiyet×11 | TCK 87/88 | cenin/düşük | trafik/iş kaz,YARGITAY KARARI,"MAHKEMESİ: ... Bölge Adliye Mahkemesi 3. Hukuk Dairesi SAYISI: 2022/1397 E., 2024/391 K. İLK DERECE MAHKEMESİ: ... 11. İş Mahkemesi SAYISI: 2019/446 E., 2022/140 K. Bölge Adliye Mahkemesi kararı, davalı vekili tarafından temyiz edilmekle; kesinlik, süre, temyiz şartı ve diğer usul eksiklikleri yönün"
29,39,Yargıtay,CG,416,2018,669,2022-10-26,gebe+illiyet,gebe×6 | travma×367 | illiyet×33 | TCK 87/88 | cenin/düşük,YARGITAY KARARI,"Yargıtay Dairesi: (Kapatılan) 16. Ceza Dairesi Sanıklar ..., ... ve ...'ün kasten öldürmeye yardım etme suçundan TCK'nın 81/1, 3713 sayılı Kanun'un 5/1, TCK'nın 39/2-a-c, 62, 53, 58/9 ve 63. maddeleri uyarınca 14 yıl 2 ay hapis; sanık ...'ün Devletin birliğini ve ülke bütünlüğünü bozma suçundan TCK'"
30,39,Anayasa,1,5075,2018,,2022-03-15,gebe+travma,gebe×6 | travma×61 | illiyet×29 | TCK 87/88 | cenin/düşük,ANAYASA MAHKEMESİNİN 15/3/2022 TARİHLİ VE 2018/5075 SAYILI KARARI (BİREYSEL BAŞVURU),"(AİHS m. 1, 2) (2709 S. K. m. 5, 17) (3194 S. K. m. 30, 31, 32) (5393 S. K. m. 15, 48) (5216 S. K. m. 7) (5237 S. K. m. 7, 85, 257) (765 S. K. m. 102, 104, 228, 230) (5271 S. K. m. 223, 231) (6216 S. K. m. 50) (İşyeri Açma ve Çalışma Ruhsatlarına İlişkin Yönetmelik m. 4, 5, 6, 15, 17, 18, 21, 24) (T"
31,38.8,Yargıtay,10,3121,2022,7259,2022-05-17,gebe+illiyet,gebe×2 | travma×15 | illiyet×9 | TCK 87/88 | cenin/düşük | trafik/iş kaz,YARGITAY KARARI,"Mahkemesi : ... Bölge Adliye Mahkemesi 9. Hukuk Dairesi Mahkemesi : Diyarbakır 6. İş Mahkemesi Dava, İş kazasından kaynaklanan maddi ve manevi tazminat istemine ilişkindir. İlk Derece Mahkemesince, hükümde belirtilen gerekçelerle davanın kısmen kabulüne dair verilen karara karşı davacı ve davalılard"
32,38.8,Yargıtay,CG,165,2020,273,2021-06-10,gebe+travma,gebe×8 | travma×225 | illiyet×9 | TCK 87/88 | cenin/düşük,YARGITAY KARARI,"Kararı Veren Yargıtay Dairesi: 1. Ceza Dairesi Mahkemesi:Ceza Dairesi Sayısı: 3575-3263 Olası kasıtla öldürme suçundan sanık ...'ın TCK'nın 81/1, 21/2, 53, 63 ve 54. maddeleri uyarınca 22 yıl hapis cezası ile cezalandırılmasına, hak yoksunluğuna, mahsuba ve müsadereye ilişkin ... 1. Ağır Ceza Mahkem"
33,38.6,Danıştay,10,6306,2019,4040,2020-10-21,gebe+illiyet,gebe×28 | travma×6 | illiyet×11 | cenin/düşük | obstetrik komp.,DANIŞTAY KARARI,"T.C. D A N I Ş T A Y ONUNCU DAİRE Esas No : 2019/6306 KararNo : 2020/4040 TEMYİZ EDEN (DAVACI): . VEKİLİ: Av. .. TEMYİZ EDEN (DAVALI): . Bakanlığı VEKİLİ: Av. .. TEMYİZ EDEN MÜDAHİL (DAVALI YANINDA): . VEKİLİ: Av. .. İSTEMLERİN_KONUSU: . İdare Mahkemesinin . tarih ve E:., K:. sayılı kararının tarafl"
34,38.5,Anayasa,GK,1,2008,2-3,2008-07-30,gebe+travma,gebe×5 | travma×63 | illiyet×51 | TCK 87/88 | cenin/düşük,ADALET VE KALKINMA PARTİSİ KARARI 2008/1 E. 2008/2 K. (3. BÖLÜM),"***NOT: ANAYASA MAHKEMESİ'NİN E: 2008/1 (SİYASİ PARTİ KAPATMA), K: 2008/2 SAYILI KARARI OLAĞANÜSTÜ UZUNLUĞU NEDENİYLE 1. BÖLÜMÜ 2008/2-1, 2. BÖLÜMÜ 2008/2-2, 3. BÖLÜMÜ 2008/2-3 VE 4. BÖLÜMÜ 2008/2-4 KARAR NO'SU İLE OLMAK ÜZERE DÖRT PARÇA HALİNDE PROGRAMA GİRİLMİŞTİR. KARARIN DİĞER PARÇALARINI GÖRMEK"
35,38.5,Anayasa,GK,1,2008,2-2,2008-07-30,gebe+illiyet,gebe×5 | travma×46 | illiyet×101 | TCK 87/88 | cenin/düşük,ADALET VE KALKINMA PARTİSİ KARARI 2008/1 E. 2008/2 K. (2. BÖLÜM),"***NOT: ANAYASA MAHKEMESİ'NİN E: 2008/1 (SİYASİ PARTİ KAPATMA), K: 2008/2 SAYILI KARARI OLAĞANÜSTÜ UZUNLUĞU NEDENİYLE 1. BÖLÜMÜ 2008/2-1, 2. BÖLÜMÜ 2008/2-2, 3. BÖLÜMÜ 2008/2-3 VE 4. BÖLÜMÜ 2008/2-4 KARAR NO'SU İLE OLMAK ÜZERE DÖRT PARÇA HALİNDE PROGRAMA GİRİLMİŞTİR. KARARIN DİĞER PARÇALARINI GÖRMEK"
36,38.5,Yargıtay,CG,183,2017,19,2022-01-13,gebe+illiyet,gebe×5 | travma×71 | illiyet×13 | TCK 87/88 | cenin/düşük,YARGITAY KARARI,"Yargıtay Dairesi : 1. Ceza Dairesi Temyiz Edenler : Sanıklar müdafileri, Cumhuriyet savcısı, katılanlar vekili Sanıklar ... ve ...'ın tasarlayarak kasten öldürme suçuna yardımdan TCK'nın 39/1 maddesi delaletiyle 82/1-a, 21/2, 39/2-b yollaması ile 39/1, 53, 62, 63. maddeleri uyarınca 8 yıl 4'er ay ha"
37,38.4,A.İ.H.M.,A.İ.H.M.,54969,2009,,2019-06-25,gebe+travma,gebe×124 | travma×9 | illiyet×20 | TCK 87/88 | obstetrik komp.,MEHMET ULUSOY VE DİĞERLERİ - TÜRKİYE DAVASI,"(AİHS m. 1, 3, 6, 8, 17, 35, 41, 44) (2659 S. K. m. 23) (2577 S. K. m. 20, 31) (1086 S. K. m. 227) (1219 S. K. m. 72, 73) (Yataklı Tedavi Kurumları İşletme Yönetmeliği m. 32) (Acil Sağlık Hizmetleri Yönetmeliği m. 34) (Devlet Arşiv Hizmetleri Yönetmeliği m. 4, 5, 17) (15. DD. 27.05.2014 T. 2013/4101"
38,38.3,Yargıtay,10,8691,2020,6521,2020-11-16,gebe+illiyet,gebe×1 | travma×15 | illiyet×9 | TCK 87/88 | cenin/düşük | trafik/iş kaz,MADDİ VE MANEVİ TAZMİNAT DAVASI - DAVALI GENEL MÜDÜRLÜĞÜN AŞAMALARDA YATIRDIĞI BAKİYE KARAR VE İLAM HARÇLARININ HÜKÜM ALTINA ALINAN KARAR VE İLAM HARCINDAN MAHSUP EDİLMEDİĞİ - HÜKMÜN DÜZELTİLEREK ONAN,"(6100 S. K. m. 346, 362, 366) (6331 S. K. m. 4, 5, 10, 19) (818 S. K. m. 47, 332) (6098 S. K. m. 56, 417) (4857 S. K. m. 2, 77) (492 S. K. m. 8) (YİBK 01.06.1990 T. 1989/3 E. &nbsp;1990/4 K.) (YHGK 09.10.2013 T. 2013/21-102 E. 2013/1456 K.) &nbsp; Dava, iş kazası nedeniyle maddi ve manevi tazminat t"
39,38.3,Yargıtay,10,3323,2021,4009,2023-04-11,gebe+illiyet,gebe×1 | travma×17 | illiyet×9 | TCK 87/88 | cenin/düşük | trafik/iş kaz,YARGITAY KARARI,"MAHKEMESİ: ... Bölge Adliye Mahkemesi 15. Hukuk Dairesi SAYISI: 2020/1926 Esas, 2020/1623 Karar HÜKÜM/KARAR: Esastan Red İLK DERECE MAHKEMESİ: Soma İş Mahkemesi SAYISI: 2018/527 Esas, 2019/185 Karar Taraflar arasındaki iş kazasından kaynaklanan maddi ve manevi tazminat davasından dolayı yapılan yarg"
40,38.3,A.İ.H.M.,2,24069,2003,,2014-03-18,gebe+illiyet,gebe×7 | travma×20 | illiyet×9 | TCK 87/88 | cenin/düşük,ÖCALAN V. - TÜRKİYE DAVASI (NO. 2),"(AİHS m. 2, 3, 5, 6, 7, 8, 13, 14, 29, 34, 41, 44) (2709 S. K. m. 38) (5237 S. K. m. 46, 47, 68) (5275 S. K. m. 4, 25, 59, 107) (5271 S. K. m. 151) (765 S. K. m. 13, 125, 450) (Medeni ve Siyasi Haklara İlişkin Milletlerarası Antlaşma m. 7, 16) (Başvuru No. 24069/03, 197/04, 6201/06 et 10464/07) KARA"
41,38.3,Yargıtay,10,7344,2020,6192,2020-11-02,gebe+illiyet,gebe×1 | travma×13 | illiyet×9 | TCK 87/88 | cenin/düşük | trafik/iş kaz,MANEVİ TAZMİNAT DAVASI - NİSPİ VEKALET ÜCRETİNİN HESABINDA DAHA DÜŞÜK ORANLAR BELİRLEYEN 2019 YILI TARİFESİNE GÖRE MANEVİ TAZMİNAT RED VEKALET ÜCRETİNİN BELİRLENMESİNİN İSABETSİZ OLDUĞU - HÜKMÜN DÜZEL,"(6100 S. K. m. 362) (6331 S. K. m. 4, 5, 10, 19) (818 S. K. m. 332) (6098 S. K. m. 417) (4857 S. K. m. 2, 77) (YHGK 09.10.2013 T. 2013/21-102 E. 2013/1456 K.) &nbsp; 1-Davacı Çocuklar O.. ve ...&rsquo;nın Maddi, Davacılar Anne-Baba ve Kardeşlerin Manevi Tazminat İstemlerine İlişkin Hükümler Yönünden"
42,38,Anayasa,2,19081,2014,,2017-02-01,gebe+illiyet,gebe×18 | travma×29 | illiyet×5 | TCK 87/88 | cenin/düşük | trafik/iş kaz,ANAYASA MAHKEMESİNİN 1/2/2017 TARİHLİ VE 2014/19081 SAYILI KARARI (BİREYSEL BAŞVURU),"(AİHS. m. 8, 14) (2709 S. K. m. 10, 36, 148) (4857 S. K. m. 5, 11, 17, 18, 25, 66) (2821 S. K. m. 31) (6100 S. K .m. 28) (6331 S. K. m. 16, 17) (1593 S. K. m. 64) (6216 S. K. m. 50) (663 S. KHK. m. 2) RGT: 10.03.2017 RG NO: 30003 İKİNCİ BÖLÜM KARAR T. A. A. BAŞVURUSU Başvuru Numarası: 2014/19081 Kar"
43,38,Anayasa,GK,1,2008,2-4,2008-07-30,gebe+illiyet,gebe×4 | travma×55 | illiyet×119 | TCK 87/88 | cenin/düşük,ADALET VE KALKINMA PARTİSİ KARARI 2008/1 E. 2008/2 K. (4. BÖLÜM),"***NOT: ANAYASA MAHKEMESİ'NİN E: 2008/1 (SİYASİ PARTİ KAPATMA), K: 2008/2 SAYILI KARARI OLAĞANÜSTÜ UZUNLUĞU NEDENİYLE 1. BÖLÜMÜ 2008/2-1, 2. BÖLÜMÜ 2008/2-2, 3. BÖLÜMÜ 2008/2-3 VE 4. BÖLÜMÜ 2008/2-4 KARAR NO'SU İLE OLMAK ÜZERE DÖRT PARÇA HALİNDE PROGRAMA GİRİLMİŞTİR. KARARIN DİĞER PARÇALARINI GÖRMEK"
44,37.8,Yargıtay,3,8504,2022,1652,2023-05-30,gebe+illiyet,gebe×35 | travma×8 | illiyet×12 | TCK 87/88 | obstetrik komp.,YARGITAY KARARI,"MAHKEMESİ: Kayseri Bölge Adliye Mahkemesi 6. Hukuk Dairesi SAYISI: 2022/1859 E., 2022/2045 K. DAVA TARİHİ: 07.07.2020 KARAR: Davanın reddi İLK DERECE MAHKEMESİ: Kayseri 2. Tüketici Mahkemesi SAYISI: 2020/175 E., 2022/288 K. Taraflar arasındaki maddi manevi tazminat davasından dolayı yapılan yargılam"
45,37.6,Yargıtay,10,3823,2023,9886,2024-10-10,gebe+illiyet,gebe×2 | travma×20 | illiyet×8 | TCK 87/88 | cenin/düşük | trafik/iş kaz,YARGITAY KARARI,"MAHKEMESİ: Bursa Bölge Adliye Mahkemesi 9. Hukuk Dairesi SAYISI: 2022/2927 E., 2022/2492 K. KARAR: Kısmen Kabul İLK DERECE MAHKEMESİ: Gönen(Balıkesir) 1. Asliye Hukuk (İş) Mahkemesi SAYISI: 2020/357 E., 2022/97 K. Taraflar arasındaki iş kazasından kaynaklanan maddi ve manevi tazminat davasından dola"
46,37.6,Danıştay,10,4430,2020,5847,2023-10-24,gebe+travma,gebe×8 | travma×12 | illiyet×8 | TCK 87/88 | cenin/düşük,DANIŞTAY KARARI,"T.C. D A N I Ş T A Y ONUNCU DAİRE Esas No : 2020/4430 KararNo : 2023/5847 DAVACI: ... Tıp Merkezi Ltd. Şti. VEKİLLERİ: Av. … Av. … DAVALI: … Bakanlığı / … VEKİLİ: Hukuk Müşaviri Av. … DAVANIN KONUSU: Davacı tarafından, 15/02/2008 tarih ve 26788 sayılı Resmî Gazete'de yayımlanan Ayakta Teşhis ve Teda"
47,37.6,Yargıtay,10,1414,2023,7747,2023-07-11,gebe+illiyet,gebe×2 | travma×29 | illiyet×8 | TCK 87/88 | cenin/düşük | trafik/iş kaz,YARGITAY KARARI,"MAHKEMESİ: ... Bölge Adliye Mahkemesi 10. Hukuk Dairesi SAYISI: 2022/2652 E., 2022/2891 K. KARAR: Esastan Red İLK DERECE MAHKEMESİ: ... 1. Asliye Hukuk (İş) Mahkemesi SAYISI: 2020/314 E., 2022/169 K. Taraflar arasındaki iş kazasından maddi ve manevi tazminat istemi davasından dolayı yapılan yargılam"
48,37.5,Yargıtay,CG,283,2020,507,2021-10-27,gebe+illiyet,gebe×3 | travma×42 | illiyet×22 | TCK 87/88 | cenin/düşük,YARGITAY KARARI,"Kararı veren Yargıtay Dairesi: Ceza Genel Kurulu Mahkemesi:Ceza Dairesi Sayısı: 64-9 Temyiz Edenler: Sanık ve müdafisi Silahlı terör örgütü yöneticisi olma suçundan sanık hakkında ilk derece mahkemesi sıfatıyla yargılama yapan Yargıtay 9. Ceza Dairesince 05.02.2020 tarih ve 64-9 sayı ile; sanığın TC"
49,37.4,Yargıtay,CG,565,2018,524,2021-11-04,gebe+travma,gebe×13 | travma×144 | illiyet×2 | TCK 87/88 | cenin/düşük | künt/batın,YARGITAY KARARI,"Yargıtay Dairesi: 8. Ceza Dairesi İşkence suçundan sanıklar ..., ... ve ...'nın beraatlerine ilişkin ... 5. Ağır Ceza Mahkemesince verilen 20.12.2006 tarihli ve 433-465 sayılı hükümlerin, katılan ve vekili tarafından temyiz edilmesi üzerine dosyayı inceleyen Yargıtay 8. Ceza Dairesince 08.12.2011 ta"
50,37.4,Yargıtay,CG,491,2016,455,2019-05-28,gebe+travma,gebe×13 | travma×25 | illiyet×7 | TCK 87/88 | cenin/düşük,YARGITAY KARARI,"Kararı Veren Yargıtay Dairesi: (Kapatılan) 23. Ceza Dairesi Mahkemesi:Ağır Ceza Sayısı: 80-128 Resmî belgede sahtecilik suçundan sanık ...'ün, TCK'nın 210/2. maddesi yollamasıyla aynı Kanun'un 204/1, 43/1, 62 ve 53. maddeleri uyarınca 2 yıl 2 ay 7 gün hapis cezası ile cezalandırılmasına ve hak yoksu"
51,37,Anayasa,GK,30,2020,12,2023-01-25,gebe+illiyet,gebe×2 | travma×11 | illiyet×12 | TCK 87/88 | cenin/düşük,"ANAYASA MAHKEMESİNİN E: 2020/30 (7196 SAYILI KANUN İLE İLGİLİ), K: 2023/12 SAYILI KARARI","(AİHS m. 8, 7 NOLU PROTOKOL) (2709 S. K. m. 2, 5, 7, 10, 13, 16, 17, 19, 23, 36, 40, 48, 56, 60, 65, 70, 73, 90, 125, 128, 129, 153, 161) (7196 S. K. m. 10, 21, 30, 52, 53, 62, 72, 74, 75, 76, 81, 87) (3201 Geç. m. 29) (2692 S. K. m. 24, Ek m. 4) (2803 S. K. Ek m. 8) (4721 S. K. m. 409, 436) (5510 S"
52,36.8,Yargıtay,BG,9,2017,10,2018-10-19,gebe+illiyet,gebe×33 | travma×25 | illiyet×4 | TCK 87/88 | cenin/düşük | trafik/iş kaz,İÇTİHATLARIN BİRLEŞTİRİLMESİ İSTEMİ - İŞÇİNİN BEKLEME SÜRESİNİ AŞAN İŞE DEVAMSIZLIĞI NEDENİYLE İŞ SÖZLEŞMESİNİN HAKLI NEDENLE DERHAL FESHİ - ALMIŞ OLDUĞU SAĞLIK RAPORLARI NEDENİYLE DERHAL FESİHLERDE İ,"(ILO 158 Nolu Sözleşme - Hizmet İlişkisine İşveren Tarafından Son Verilmesi Hakkında Sözleşme m. 2, 4, 5, 6, 7, 8, 9, 10, 11, 12, 13, 14, 19) (2709 S. K. m. 48, 49) (4857 S. K. m. 8, 17, 18, 19, 24, 25, 27) (6098 S. K. m. 93, 435, 440) (4721 S. K. m. 2) (7036 S. K. m. 20, 21) (9. HD. 24.11.2015 T. 2"
53,36.8,Yargıtay,CG,312,2016,700,2021-12-29,gebe+travma,gebe×39 | travma×106 | illiyet×4 | TCK 87/88 | cenin/düşük | trafik/iş kaz,YARGITAY KARARI,"Kararı Veren Yargıtay Dairesi: (Kapatılan) 14. Ceza Dairesi Mahkemesi:Ağır Ceza Sayısı : 28-45 Çocuğun nitelikli cinsel istismarı suçundan; sanık ...’nin TCK'nın 103/1-a maddesi delaletiyle 103/2, 43/1, 62 ve 53. maddeleri uyarınca 10 yıl 5 ay hapis, sanık ...’ın TCK'nın 103/1-a maddesi delaletiyle "
54,36.5,Yargıtay,CG,495,2017,317,2022-05-10,gebe+travma,gebe×1 | travma×144 | illiyet×15 | TCK 87/88 | cenin/düşük,YARGITAY KARARI,"Yargıtay Dairesi: 1. Ceza Dairesi Sanık ...'ın kasten öldürme suçuna yardım etmeden TCK’nın 81/1, 39/2-c, 29 ve 62. maddeleri uyarınca 3 yıl 1 ay; sanık ...'in silahla tehdit suçundan TCK’nın 106/2-a, 43, 29 ve 62. maddeleri uyarınca 1 yıl 6 ay 22 gün hapis cezası ile cezalandırılmalarına, her iki s"
55,36.5,Yargıtay,CG,406,2023,46,2024-02-13,gebe+illiyet,gebe×1 | travma×15 | illiyet×19 | TCK 87/88 | cenin/düşük,YARGITAY KARARI,"Kararı veren Yargıtay Dairesi: Ceza Genel Kurulu Mahkemesi:Ceza Dairesi Sayısı: 31-13 Silahlı terör örgütüne üye olma suçundan sanık hakkında İlk Derece Mahkemesi sıfatıyla yargılama yapan Yargıtay 9. Ceza Dairesince 08.07.2019 tarih ve 27-121 sayı ile; sanığın 5237 sayılı Türk Ceza Kanunu'nun 314/2"
56,36.5,Yargıtay,CG,280,2019,339,2021-07-06,gebe+illiyet,gebe×1 | travma×15 | illiyet×20 | TCK 87/88 | cenin/düşük,YARGITAY KARARI,"Yargıtay Dairesi: Ceza Genel Kurulu Silahlı terör örgütüne üye olma suçundan sanık ... hakkında ilk derece mahkemesi sıfatıyla yargılama yapan Yargıtay 9. Ceza Dairesince 13.03.2019 tarih ve 118 - 31 sayı ile; sanığın TCK'nın 314/2, 3713 sayılı Kanun'un 5/1, TCK'nın 62, 53, 58/9 ve 63. maddeleri uya"
57,36.5,Yargıtay,CG,491,2019,350,2021-07-08,gebe+illiyet,gebe×1 | travma×16 | illiyet×19 | TCK 87/88 | cenin/düşük,YARGITAY KARARI,"Kararı veren Yargıtay Dairesi: Ceza Genel Kurulu Mahkemesi:Ceza Dairesi Sayısı: 29-78 Silahlı terör örgütüne üye olma suçundan sanık ... hakkında ilk derece mahkemesi sıfatıyla yargılama yapan Yargıtay 9. Ceza Dairesince 20.05.2019 tarih ve 29-78 sayı ile; sanığın TCK'nın 314/2, 3713 sayılı Kanun'un"
58,36.4,Yargıtay,CG,1420,2016,562,2019-09-24,gebe+illiyet,gebe×2 | travma×20 | illiyet×7 | TCK 87/88 | cenin/düşük | trafik/iş kaz,YARGITAY KARARI,"Kararı veren Yargıtay Dairesi: 12. Ceza Dairesi Mahkemesi:Asliye Ceza (Kapatılan Kemer Sulh Ceza Mahkemesinin 80-386 sayılı kararı) Sayısı: 834-417 Taksirle bir kişinin yaralanmasına neden olma suçundan sanık ...'in TCK'nın 89/1, 89/3-b, 62 ve 52. maddeleri uyarınca 9.000 TL adli para cezası ile cez"
59,36.2,A.İ.H.M.,A.İ.H.M.,40448,2006,,2016-08-30,gebe+illiyet,gebe×46 | travma×6 | illiyet×8 | TCK 87/88 | cenin/düşük,AYDOĞDU - TÜRKİYE DAVASI,"(AİHS m. 2, 34, 41, 44, 46) (2709 S. K. m. 129) (4483 S. K. m. 6) (2577 S. K. m. 13) (2659 S. K. m. 6, 7, 8, 16, 23) (2577 S. K. m. 31) (1086 S. K. m. 275) (657 S. K. m. 13) (IŞILDAK - TÜRKİYE DAVASI) (SEVİM GÜNGÖR - TÜRKİYE DAVASI) (SÖDERMAN - İSVEÇ DAVASI) (GÖZÜM - TÜRKİYE DAVASI) (ASİYE GENÇ - TÜ"
60,36.1,A.İ.H.M.,A.İ.H.M.,40262,1998,,2005-10-06,gebe+travma,gebe×5 | travma×31 | illiyet×3 | TCK 87/88 | cenin/düşük | künt/batın,H.Y. VE HÜ.Y. - TÜRKİYE DAVASI,"(Başvuru no:40262/98) KARARIN ÖZET ÇEVİRİSİ STRAZBURG 6 Ekim 2005 İşbu karar Sözleşme'nin 44 § 2. maddesinde belirtilen koşullar çerçevesinde kesinleşecek olup şekli bazı düzeltmelere tabi tutulabilir. Türkiye Cumhuriyeti Devleti aleyhine açılan 40262/98 başvuru no'lu davanın nedeni, Türk vatandaşı "
61,36.1,Danıştay,10,4429,2020,5846,2023-10-24,gebe+travma,gebe×5 | travma×12 | illiyet×8 | TCK 87/88 | cenin/düşük,DANIŞTAY KARARI,"T.C. D A N I Ş T A Y ONUNCU DAİRE Esas No : 2020/4429 KararNo : 2023/5846 DAVACI: … Tıp Sağlık Hizmetleri Ticaret A.Ş. VEKİLLERİ: Av. … Av. … DAVALI: … Bakanlığı / ANKARA VEKİLİ: Hukuk Müşaviri Av. … DAVANIN KONUSU: Davacı tarafından, 15/02/2008 tarih ve 26788 sayılı Resmî Gazete'de yayımlanan Ayakt"
62,35.1,Anayasa,GK,111-2,2006,112,2006-12-15,gebe+travma,gebe×9 | travma×51 | illiyet×3 | TCK 87/88 | cenin/düşük | trafik/iş kaz,"ANAYASA MAHKEMESİNİN E: 2006/111 (5510 SAYILI KANUN İLE İLGİLİ), K: 2006/112 SAYILI KARARI","*** NOT: ANAYASA MAHKEMESİNİN E: 2006/111 (5510 SAYILI KANUN İLE İLGİLİ), K: 2006/112 SAYILI KARARI UZUNLUĞU NEDENİYLE 1. BÖLÜMÜ 2006/111-1, 2. BÖLÜMÜ 2006/111-2, 3. BÖLÜMÜ 2006/ 111-3 ESAS NO'SU İLE OLMAK ÜZERE ÜÇ PARÇA HALİNDE PROGRAMA GİRİLMİŞTİR. KARARIN DİĞER PARÇALARINI GÖRMEK İÇİN LÜTFEN İLGİ"
63,35.1,Yargıtay,1,2632,2023,4474,2023-06-22,gebe+travma,gebe×3 | travma×8 | illiyet×9 | TCK 87/88 | cenin/düşük,YARGITAY KARARI,"MAHKEMESİ:Ceza Dairesi SAYISI: 2022/2213 E., 2022/2617 K. SUÇ: Neticesi sebebiyle ağırlaşmış yaralama HÜKÜM: İstinaf başvurusunun esastan reddi kararı TEBLİĞNAME GÖRÜŞÜ: Temyiz başvurusunun esastan reddi ile hükmün onanması İlk Derece Mahkemesince verilen hükme yönelik istinaf incelemesi üzerine Böl"
64,35,Anayasa,1,33554,2018,,2021-06-15,gebe+travma,gebe×14 | travma×13 | illiyet×5 | TCK 87/88 | cenin/düşük,ANAYASA MAHKEMESİNİN 15/6/2021 TARİHLİ VE 2018/33554 SAYILI KARARI (BİREYSEL BAŞVURU),"(AİHS m. 2) (2709 S. K. m. 5, 17) (2828 S. K. m. 1, 2, 3, 4, 9) (5237 S. K. m. 59) (2577 S. K. m. 16) (6216 S. K. m. 50) (Anayasa Mahkemesi İçtüzüğü m. 79) (SALMAN - TÜRKİYE DAVASI) (YAŞA - TÜRKİYE DAVASI) (GAFGEN - ALMANYA DAVASI) (CALVELLİ VE CİGLİO - İTALYA DAVASI) (MERYEM DOĞAN VE ABDULLAH DOĞAN"
65,34.2,Anayasa,2,1514,2018,,2023-11-22,gebe+illiyet,gebe×72 | travma×2 | illiyet×11 | TCK 87/88 | obstetrik komp.,ANAYASA MAHKEMESİNİN 22/11/2023 TARİHLİ VE 2018/1514 SAYILI KARARI (BİREYSEL BAŞVURU) ,"(2709 S. K. m. 17, 56) (ANY. MAH. 18.09.2013 T. 2012/969 E.) (ANY. MAH. 07.11.2019 T. 2016/12506 E.) &nbsp;(ANY. MAH. 21.01.2021 T. 2020/32949 E.) &nbsp; &nbsp; *** İncelemekte olduğunuz karar Resmi Gazete&rsquo;de yayımlanmamış olup kararlar bilgibankasi.anayasa.gov.tr adresinden alınmıştır. &nbsp;"
66,34.1,Yargıtay,CG,1158,2015,146,2016-03-29,gebe+travma,gebe×1 | travma×103 | illiyet×3 | TCK 87/88 | cenin/düşük | künt/batın,YARGITAY KARARI,"Yargıtay Dairesi: 1. Ceza Dairesi Mahkemesi:Ağır Ceza Eşini kasten öldürme suçundan sanık ...'in 5237 sayılı TCK’nun 82/1-d, 62, 53 ve 63. maddeleri uyarınca müebbet hapis cezası ile cezalandırılmasına, hak yoksunluğuna ve mahsuba ilişkin, Siirt Ağır Ceza Mahkem...ce verilen 13.03.2013 gün ve 161-63"
67,34,Yargıtay,CG,12-10,2013,80,2014-02-18,gebe+travma,gebe×23 | travma×49 | illiyet×23 | TCK 87/88 | trafik/iş kaz,TAKSİRLE ÖLÜME NEDEN OLMA - ASLİ KUSURLU OLDUĞU TESPİT EDİLEN SANIĞIN YAYA OLMASI VE HERHANGİ BİR TRAFİK ARACINI KULLANMAMASI - TAKSİRLE ÖLÜME NEDEN OLMA SUÇUNDAN CEZA SORUMLULUĞU BULUNMADIĞINDAN BAHİ,"(5237 S. K. m. 21, 22, 44, 50, 52, 53, 62, 85, 89) (2918 S. K. m. 3, 46, 67, 84) Dava ve Karar: Taksirle bir kişinin ölümüne neden olmak suçundan sanık M... 'nin 5237 sayılı TCK'nun 85/1, 62, 50, 52/4 ve 53/6. maddeleri uyarınca 18.200 Lira adli para cezası ile cezalandırılmasına, taksitlendirmeye v"
68,34,Yargıtay,CG,13,2014,424,2016-11-15,gebe+illiyet,gebe×23 | travma×43 | illiyet×11 | TCK 87/88 | trafik/iş kaz,YARGITAY KARARI,"Yargıtay Dairesi: 12. Ceza Dairesi Mahkemesi:Sulh Ceza Günü: 08.06.2010 Sayısı: 1134-881 Taksirle bir kişinin yaralanmasına neden olma suçundan sanık ...'un TCK'nun 89/1, 89/2-b-e, 62 ve 51/1-3. maddeleri uyarınca 5 ay hapis cezası ile cezalandırılmasına ve ertelemeye ilişkin, Alanya 1. Sulh Ceza Ma"
69,34,Yargıtay,CG,130,2021,780,2022-12-08,gebe+travma,gebe×27 | travma×132 | illiyet×39 | TCK 87/88 | trafik/iş kaz,YARGITAY KARARI,"Mahkemesi:Ağır Ceza Sanıklar ..., ... ve ...'in nitelikli kasten öldürme suçundan TCK'nın 82/1-h, 62, 53, 63 maddeleri uyarınca müebbet hapis cezasıyla cezalandırılmalarına, hak yoksunluklarına ve mahsuba ilişkin ... 7. Ağır Ceza Mahkemesince 16.04.2014 tarih ve 71-91 sayı ile kurulan ve resen temyi"
70,34,Yargıtay,CG,12-276,2015,263,2016-05-24,gebe+illiyet,gebe×14 | travma×39 | illiyet×26 | TCK 87/88 | trafik/iş kaz,TAKSİRLE YARALAMAYA NEDEN OLMAK SUÇU - KIRMIZI IŞIKTA GEÇTİĞİ YA DA KAVŞAK ALANINA SÜRATLİ DİKKATSİZ VE TEDBİRSİZ BİÇİMDE GİRDİĞİ YA DA MAĞDURU GÖRMESİNE RAĞMEN HIZINI AZALTMADIĞI HUSUSUNDA HERHANGİ B,"(5237 S. K. m. 22, 40, 89) (2918 S. K. m. 52) (5271 S. K. m. 63) (2659 S. K. m. 23) Dava: Taksirle bir kişinin yaralanmasına neden olmak suçundan sanığın beraatına ilişkin, ... Sulh Ceza Mahkemesince verilen ... gün ve ... sayılı hükmün katılan vekili tarafından temyiz edilmesi üzerine dosyayı incel"
71,33.9,Yargıtay,3,16822,2023,20605,2024-12-26,gebe+illiyet,gebe×3 | travma×33 | illiyet×7 | TCK 87/88 | cenin/düşük,YARGITAY KARARI,"MAHKEMESİ :Ağır Ceza Mahkemesi SAYISI : 2022/141 - 2022/308 SUÇ: Anayasayı ihlal, Cumhurbaşkanına Suikast, TBMM'yi ortadan kaldırmaya veya görevini yapmasını engellemeye teşebbüs etme, Türkiye Cumhuriyeti Hükümetini ortadan kaldırmaya veya görevini yapmayı engellemeye teşebbüs etme, Silahlı terör ör"
72,33.9,Anayasa,2,5097,2014,,2016-09-28,gebe+illiyet,gebe×3 | travma×25 | illiyet×7 | TCK 87/88 | cenin/düşük,ANAYASA MAHKEMESİNİN 28/9/2016 TARİHLİ VE 2014/5097 SAYILI KARARI (BİREYSEL BAŞVURU) ,"(AİHS m. 3) (İşkence Ve Diğer Zalimane Gayriinsani Veya Küçültücü Muamele Veya Cezaya Karşı Birleşmiş Milletler Sözleşmesi m. 1) (2709 S. K. m. 15, 17, 19, 36, 40) (2559 S. K. m. 16) (5237 S. K. m. 24, 27, 86, 87, 89) (6216 S. K. m. 50) (ANY. MAH. 18.09.2013 T. 2012/969 E.) (ANY. MAH. 17.09.2013 T. "
73,33.8,Yargıtay,CG,986,2015,102,2018-03-20,gebe+travma,gebe×45 | travma×8 | illiyet×5 | TCK 87/88 | cenin/düşük,YARGITAY KARARI,"Kararı veren Yargıtay Dairesi: 1. Ceza Dairesi Mahkemesi:Ağır Ceza Günü: 14.05.2013 Sayısı: 37-91 Nitelikli kasten öldürme suçuna teşebbüsten sanık ...'nin TCK'nun 82/1-d, 35/1-2, 62/1, 53 ve 63. maddeleri uyarınca 12 yıl 6 ay hapis cezası ile cezalandırılmasına, hak yoksunluğuna ve mahsuba ilişkin "
74,33.8,Yargıtay,12,1236,2020,6759,2020-12-07,gebe+illiyet,gebe×30 | travma×20 | illiyet×4 | cenin/düşük | obstetrik komp.,YARGITAY KARARI,"Mahkemesi:Asliye Ceza Mahkemesi Suç: Görevi kötüye kullanma, Taksirle yaralama Hüküm: Her iki suçtan tüm sanıkların CMK’nın 223/2-e. maddesi uyarınca ayrı ayrı beraatlerine Taksirle yaralama ve görevi kötüye kullanma suçlarından sanıkların beraatlerine ilişkin hüküm, katılan vekili tarafından temyiz"
75,33.5,Yargıtay,CG,584,2022,309,2023-05-24,gebe+travma,gebe×1 | travma×89 | TCK 87/88 | cenin/düşük | künt/batın | trafik/iş kaz,YARGITAY KARARI,"YARGITAY DAİRESİ : 1. Ceza Dairesi MAHKEMESİ :Ağır Ceza SAYISI: 346-77 I. HUKUKÎ SÜREÇ Nitelikli kasten öldürme suçundan sanıklar ... ve ...'in 26.03.2020 tarihli ve 197-94 sayılı kararı ile; 5237 sayılı Türk Ceza Kanunu'nun 37. maddesinin 1. fıkrası delaletiyle 82. maddesinin 1. fıkrasının (a) bend"
76,33.2,Danıştay,10,4458,2024,6504,2024-12-17,gebe+illiyet,gebe×11 | travma×1 | illiyet×8 | cenin/düşük | obstetrik komp.,TAZMİNAT İSTEMİ - TAKDİR EDİLEN MANEVİ TAZMİNAT MİKTARININ UĞRANILAN ZARARA GÖRE ORANTISIZ VE DÜŞÜK KALDIĞI DAVACININ UĞRADIĞI - ELLİ BİN TL MANEVİ ZARARIN TAMAMININ GİDERİLMESİ GEREKİRKEN YİRMİ BEŞ B,"(2709 S. K. m. 125) (2577 S. K. m. 2, 54, Geç. m. 8) &nbsp; İSTEMLERİN KONUSU: ... İdare Mahkemesinin ... tarih ve E:..., K:... sayılı kararının onanmasına dair Danıştay Onuncu Dairesinin 27/12/2023 tarih ve E:2022/6751, K:2023/9029 sayılı kararının; taraflarca aleyhlerine olan kısımlarının 2577 say"
77,33,Anayasa,2,23753,2018,,2022-03-02,gebe+illiyet,gebe×50 | travma×12 | illiyet×31 | cenin/düşük,ANAYASA MAHKEMESİNİN 2/3/2022 TARİHLİ VE 2018/23753 SAYILI KARARI (BİREYSEL BAŞVURU),"(2709 S. K. m. 5, 17) (5237 S. K. m. 50, 62, 257) (6216 S. K. m. 47, 48, 50) (Anayasa Mahkemesi İçtüzüğü m. 64, 80) (ANY. MAH. 30.10.2018 T. 2015/3640 E.) (ANY. MAH. 18.09.2013 T. 2012/969 E.) (ANY. MAH. 17.09.2013 T. 2012/752 E.) (ANY. MAH. 12.02.2013 T. 2012/1075 E.) (ANY. MAH. 23.01.2014 T. 2013/"
78,33,Yargıtay,CG,80,2022,787,2022-12-08,gebe+travma,gebe×8 | travma×35 | illiyet×12 | TCK 87/88 | trafik/iş kaz,YARGITAY KARARI,"Kararı Veren Yargıtay Dairesi: 9. Ceza Dairesi Mahkemesi:Ağır Ceza Sayısı: 139-57 Teşebbüs aşamasında kalan nitelikli cinsel saldırı suçundan sanık ...’ın TCK'nın 102/2, 102/3-a, 35/2, 62, 53 ve 63. maddeleri uyarınca 9 yıl 4 ay 15 gün hapis cezasıyla cezalandırılmasına, hak yoksunluğuna ve mahsuba "
79,32.6,Yargıtay,CG,1-395,2013,28,2014-02-04,gebe+travma,gebe×4 | travma×116 | illiyet×3 | TCK 87/88 | cenin/düşük | trafik/iş kaz,KASTEN YARALAMA SONUCU ÖLÜME NEDEN OLMA SUÇU - MAHKUMİYET HÜKMÜNÜN YALNIZCA ÖLENİN KARDEŞİ OLAN TANIĞIN SORUŞTURMA AŞAMASINDAKİ BEYANINA DEĞİL DOSYADA BULUNAN DİĞER DELİLLERE DE DAYANDIRILDIĞI - MAHKU,"(5237 S. K. m. 86, 87) Dava ve Karar: Kasten yaralama sonucu ölüme neden olma suçundan sanığın, TCK'nun 86/1, 86/3, 87/1-4, 31/3, 62 ve 63. maddeleri uyarınca 6 yıl 8 ay hapis cezası ile cezalandırılmasına ve mahsuba ilişkin, Konya 2. Ağır Ceza Mahkemesince verilen 31.12.2010 gün ve 184-473 sayılı h"
80,32.2,A.İ.H.M.,A.İ.H.M.,30696,2009,,2011-01-21,gebe+travma,gebe×2 | travma×52 | illiyet×6 | TCK 87/88 | cenin/düşük,M.S.S. - BELÇİKA VE YUNANİSTAN DAVASI,"(AİHS m. 2, 3, 13, 26, 29, 30, 34, 35, 36, 41, 45, 46) (Mültecilerin Hukuki Statüsüne İlişkin 1951 Cenevre Sözleşmesi m. 33) (LABITA - İTALYA DAVASI) (PRETTY - BİRLEŞİK KRALLIK DAVASI) (TYRER - BİRLEŞİK KRALLIK DAVASI) (ÇAKICI - TÜRKİYE DAVASI) (JABARİ - TÜRKİYE DAVASI) (BATI VE DİĞERLERİ - TÜRKİYE "
81,31.6,Yargıtay,3,2128,2006,9059,2006-11-29,gebe+illiyet,gebe×8 | travma×8 | illiyet×4 | TCK 87/88 | cenin/düşük,YARALAMA SUÇU - ÇOCUĞUN DÜŞMESİ SONUCUNU DOĞURAN EYLEMDE OLASI KASITLA HAREKET EDİLDİĞİ - NETİCE BAKIMINDAN ÇOCUK DÜŞÜRME SONUCUNDAN SORUMLU TUTULMASI GEREKTİĞİ - TAKSİRLE YARALAMA SUÇUNDAN CEZA VERİL,"(5237 S. K. m. 21, 23, 89) Dava ve Karar: Mahalli mahkemece verilen hüküm temyiz edilmekle evrak okunarak; TÜRK MİLLETİ ADINA GEREĞİ GÖRÜŞÜLDÜ: Yerinde görülmeyen sair itirazların reddine; Ancak; Olay tarihinde sanıkla müdahilin çeşmeden faydalanma hususunda tartıştıkları tartışmanın kavgaya dönüştü"
82,31.5,Yargıtay,10,10148,2024,8944,2024-09-24,gebe+illiyet,gebe×1 | travma×16 | illiyet×11 | cenin/düşük | trafik/iş kaz,YARGITAY KARARI,"MAHKEMESİ: İzmir Bölge Adliye Mahkemesi 3. Hukuk Dairesi SAYISI: 2020/1737 E., 2022/1020 K. KARAR: Esastan Red İLK DERECE MAHKEMESİ: Soma 1. İş Mahkemesi SAYISI: 2014/660 E., 2020/155 K. Kararının davalı ... Genel Müdürlüğü tarafından temyiz edilmesi üzerine Dairemizin 26.12.2023 tarih ve 2022/8605 "
83,31.4,Yargıtay,3,10199,2011,37929,2012-11-13,gebe+illiyet,gebe×13 | travma×2 | illiyet×6 | TCK 87/88 | cenin/düşük,YARGITAY KARARI,"MAHKEMESİ :Asliye Ceza Mahkemesi HÜKÜM: Sanığın mahkumiyetine dair Mahalli mahkemece verilen hüküm temyiz edilmekle evrak okunarak; Gereği görüşülüp düşünüldü; Tanık...nin soruşturma ve kovuşturma aşamasındaki beyanları arasındaki çelişkinin giderilmemesi sonuca etkili görülmediğinden tebliğnamedeki"
84,31.4,Danıştay,10,1207,2022,2850,2023-05-29,gebe+illiyet,gebe×26 | travma×6 | illiyet×4 | cenin/düşük | obstetrik komp.,DANIŞTAY KARARI,"T.C. D A N I Ş T A Y ONUNCU DAİRE Esas No : 2022/1207 KararNo : 2023/2850 TEMYİZ EDEN (DAVACILAR) : Kendi adlarına asaleten …, … ve …'a velayeten … ve … VEKİLİ : Av. … KARŞI TARAF (DAVALI) : … Bakanlığı VEKİLİ : Av. … MÜDAHİL (DAVALI YANINDA) : … VEKİLLERİ : Av. … Av. … İSTEMİN_KONUSU : … Bölge İdar"
85,31.4,Anayasa,GK,65,2011,49,2013-03-28,gebe+travma,gebe×10 | travma×23 | illiyet×2 | TCK 87/88 | cenin/düşük,"ANAYASA MAHKEMESİNİN E: 2011/65 (6225 VE 1219 SAYILI KANUNLAR İLE İLGİLİ), K: 2013/49 SAYILI KARARI","(2709 S. K. m. 5, 12, 15, 17, 56, 90, 135, 153) (3359 S.K. EK m. 9, EK m. 10) (1219 S. K. Geçici m. 8, EK m. 13, EK m. 14) (Tıpta Ve Diş Hekimliğinde Uzmanlık Eğitimi Yönetmeliği m. 15) (ANY.MAH.12.12.1996 T. 1996/64 E. 1996/47 K.) RGT: 25.01.2014 RG NO: 28893 İPTAL DAVASINI AÇAN: Anamuhalefet Parti"
86,31.3,A.İ.H.M.,2,43044,2005,,2011-07-05,gebe+travma,gebe×5 | travma×12 | illiyet×4 | TCK 87/88 | cenin/düşük,SAÇILIK VE DİĞERLERİ - TÜRKİYE DAVASI,"(AİHS m. 1, 2, 3, 34, 35, 41, 44) (ATALAY - TÜRKİYE DAVASI) (KARAYİĞİT - TÜRKİYE DAVASI) (Başvuru no. 43044/05 ve 45001/05) KARARIN ÖZET ÇEVİRİSİ (Nihai esaslar ile kısmi adil tazmin) STRAZBURG 5 Temmuz 2011 İşbu karar AİHS'nin 44/2 maddesinde belirtilen koşullar çerçevesinde kesinleşecektir. Şekli "
87,31.1,Danıştay,6,1326,2022,7448,2022-06-23,gebe+illiyet,gebe×1 | travma×1 | illiyet×10 | TCK 87/88 | cenin/düşük,DANIŞTAY KARARI,T.C. D A N I Ş T A Y ALTINCI DAİRE Esas No : 2022/1326 Karar No : 2022/7448 TEMYİZ EDEN TARAFLAR: I- (DAVACI) ... VEKİLİ: Av. ... II- (DAVALILAR) 1- ... Bakanlığı VEKİLİ: Av. ... 2- ... Büyükşehir Belediye Başkanlığı VEKİLİ: Av. ... 3- ... Belediye Başkanlığı VEKİLİ: Av. ... KARŞI TARAF: 1- ... Baka
88,31,Yargıtay,CG,402,2020,670,2022-10-26,gebe+illiyet,gebe×12 | travma×38 | illiyet×63 | TCK 87/88,YARGITAY KARARI,"Mahkemesi:Ceza Dairesi Anayasayı ihlal suçundan sanıklar ... ve ...'in TCK'nın 309/1, 53, 58/9 ve 63. maddeleri uyarınca ağırlaştırılmış müebbet hapis cezası ile ayrı ayrı cezalandırılmalarına, hak yoksunluğuna, mahsuba ve cezanın mükerrirlere özgü infaz rejimine göre çektirilmesine ilişkin ... 10. "
89,31,Yargıtay,HG,1100,2015,1185,2018-06-13,gebe+illiyet,gebe×4 | travma×200 | illiyet×78 | TCK 87/88 | trafik/iş kaz,YARGITAY KARARI,MAHKEMESİ:İş Mahkemesi Taraflar arasındaki “tazminat” davasından dolayı yapılan yargılama sonunda Kocaeli 2. İş Mahkemesince davanın kabulüne dair verilen 16.05.2013 gün ve 2012/215 E. 2013/188 K. sayılı karar davalı Brisa Bridgestone Sabancı Lastik San. ve Tic. A.Ş. vekili tarafından temyiz edilmek
90,31,Yargıtay,CG,575,2019,587,2021-11-25,gebe+illiyet,gebe×21 | travma×31 | illiyet×107 | TCK 87/88,YARGITAY KARARI,"Yargıtay Dairesi: (Kapatılan) 16. Ceza Dairesi Mahkemesi:Ceza Dairesi Anayasayı ihlal suçundan sanıklar ..., ... ve ...'ın TCK'nın 309/1, 53, 58/9 ve 63. maddeleri uyarınca ağırlaştırılmış müebbet hapis cezası ile ayrı ayrı cezalandırılmalarına, hak yoksunluğuna, mahsuba ve cezalarının mükerrirlere "
91,31,Yargıtay,CG,466,2020,709,2022-11-09,gebe+illiyet,gebe×46 | travma×25 | illiyet×19 | TCK 87/88,YARGITAY KARARI,"Yargıtay Dairesi: 1. Ceza Dairesi Sanık ... hakkında nitelikli kasten öldürme suçundan açılan kamu davasında, ... Ağır Ceza Mahkemesince yapılan yargılama sonucunda, 12.02.2015 tarih ve 28-12 sayı ile; sanığın eyleminin ihmali davranışla işlenen nitelikli kasten öldürme suçunu oluşturduğu kabul edil"
92,31,Yargıtay,CG,3-95,2018,207,2019-03-14,gebe+travma,gebe×24 | travma×122 | illiyet×25 | TCK 87/88,KASTEN YARALAMA SUÇU - SANIK HAKKINDA HAKSIZ TAHRİK HÜKMÜNÜN UYGULANMA KOŞULLARININ MEVCUT OLMADIĞI SONUCUNA ULAŞILDIĞI - HÜKMÜN BOZULMASI,"(5237 S. K. m. 21, 23, 29, 51, 53, 86, 87) (5271 S. K. m. 231) &nbsp; Sanık ... hakkında kasten yaralama suçundan açılan kamu davasında yapılan yargılama sonucunda, Ankara 19. Asliye Ceza Mahkemesince 11.03.2008 tarih ve 122-239 sayı ile sanığın eyleminin olası kastla nitelikli yaralama suçunu oluşt"
93,31,Yargıtay,CG,50,2022,163,2023-03-21,gebe+illiyet,gebe×11 | travma×49 | illiyet×54 | TCK 87/88,YARGITAY KARARI,"İtirazname No: 2021/307 YARGITAY DAİRESİ : (Kapatılan) 16. Ceza MAHKEMESİ :Ağır Ceza SAYISI: 331-30 I. HUKUKİ SÜREÇ Anayasayı ihlal suçundan sanıklar ..., ..., ..., ..., ..., ..., ..., ... Zor, ..., ..., ..., ..., ..., ..., ..., ..., ..., ..., ..., ..., ..., ..., ..., ..., ..., ..., ..., ..., ..., ."
94,31,Yargıtay,CG,1-350,2019,30,2020-01-28,gebe+travma,gebe×38 | travma×130 | illiyet×25 | TCK 87/88,KASTEN ÖLDÜRME SUÇU - FİKRİ İÇTİMA ŞARTLARININ OLUŞTUĞU VE SANIK HAKKINDA OLASI KASTLA YARALAMA SUÇUNDAN MAHKÛMİYET HÜKÜMLERİ KURULAMAYACAĞINA KARAR VERİLDİĞİ - HÜKMÜN BOZULMASI,"(5237 S. K. m. 21, 44, 53, 62, 86) &nbsp; Sanık ... hakkında maktul ...&#39;e yönelik kasten öldürme suçundan, katılan... ve şikayetçi ...&#39;ye yönelik olası kastla öldürme suçuna teşebbüsten açılan kamu davasında yapılan yargılama sonucunda, sanığın kasten öldürme suçundan TCK&#39;nın 81/1, 29/1 "
95,31,Yargıtay,CG,58,2021,57,2025-02-06,gebe+illiyet,gebe×10 | travma×38 | illiyet×49 | TCK 87/88,YARGITAY KARARI,"İtirazname No: 2019/46106 KARARI VEREN YARGITAY DAİRESİ : (Kapatılan) 16. Ceza Dairesi MAHKEMESİ :Ceza Dairesi SAYISI: 1928-188 I. HUKUKİ SÜREÇ Sanıklar ..., ..., ..., ..., ... ve ...’nun Anayasayı ihlal suçundan ayrı ayrı 5237 sayılı Türk Ceza Kanunu'nun 37/1. maddesi delaletiyle 309/1, 3713 sayılı"
96,31,Yargıtay,CG,378,2021,46,2023-01-27,gebe+illiyet,gebe×10 | travma×45 | illiyet×58 | TCK 87/88,YARGITAY KARARI,"MAHKEMESİ:Ceza Dairesi I. HUKUKÎ SÜREÇ Sanıklar ..., ..., ..., ..., ..., ..., ..., ..., ..., ... ve ...'ın Anayasayı ihlal suçundan ... 13. Ağır Ceza Mahkemesince TCK’nın 309/1, 3713 sayılı Kanun'un 5/1, TCK’nın 53, 58/9 ve 63. maddeleri uyarınca ağırlaştırılmış müebbet hapis cezasıyla cezalandırılm"
97,31,Danıştay,10,10269,2019,530,2021-02-16,gebe+illiyet,gebe×27 | travma×12 | illiyet×14 | TCK 87/88,DANIŞTAY KARARI,"T.C. D A N I Ş T A Y ONUNCU DAİRE Esas No : 2019/10269 KararNo : 2021/530 TEMYİZ EDEN (DAVACILAR): Kendi adlarına asaleten …, …, … ve …'e velayeten … ve … VEKİLLERİ: Av. … TEMYİZ EDEN (DAVALI): … Bakanlığı VEKİLİ: Av. … İSTEMLERİN_KONUSU: … Bölge İdare Mahkemesi ... İdari Dava Dairesinin … tarih ve "
98,31,Yargıtay,3,11343,2021,9868,2023-12-05,gebe+illiyet,gebe×19 | travma×399 | illiyet×42 | TCK 87/88,YARGITAY KARARI,"MAHKEMESİ:Ceza Dairesi SAYISI: 2019/1804 E., 2021/315 K. İlk Derece Mahkemesi: Ankara 17. Ağır Ceza Mahkemesi SAYISI: 2017/186 E., 2019/25 K. SUÇ: Anayasal düzeni ortadan kaldırmaya teşebbüs etme, Türkiye Cumhuriyeti Hükümetini ortadan kaldırmaya veya görevini yapmasını engellemeye teşebbüs etme, Tü"
99,31,Yargıtay,16,1443,2017,4758,2017-07-14,gebe+illiyet,gebe×10 | travma×13 | illiyet×41 | TCK 87/88,TÜRKİYE CUMHURİYETİ HÜKÜMETİNİ ORTADAN KALDIRMAYA VEYA GÖREVİNİ YAPMASINI ENGELLEMEYE TEŞEBBÜS ETME SUÇU - MÜNHASIRAN FETÖ/PDY ÖRGÜT MENSUPLARINCA KULLANILDIĞI TESPİT EDİLEN BYLOCK İLETİŞİM SİSTEMİNİ ,"(2709 S. K. m. 2, 22, 122, 137) (5237 S. K. m. 20, 24, 25, 26, 27, 30, 35, 36, 37, 39, 40, 41, 44, 220, 302, 309, 311, 312, 313, 314, 315, 316) (765 S. K. m. 146, 147, 149, 168, 171) (3713 S. K. m. 3) (5271 S. K. m. 217) (1632 S. K. m. 12, 41) (211 S. K. m. 6, 8, 9, 10, 14, 41) (2937 S. K. m. 4, 6) "
100,31,Yargıtay,CG,183,2021,328,2023-06-01,gebe+illiyet,gebe×14 | travma×111 | illiyet×51 | TCK 87/88,YARGITAY KARARI,"İtirazname No: 2019/99986 YARGITAY DAİRESİ : (Kapatılan) 16. Ceza Dairesi MAHKEMESİ :Ceza Dairesi SAYISI: 1687-302 I. HUKUKÎ SÜREÇ Sanıklar ..., ..., ..., ..., ... ve ...'ın TCK'nın 309/1, 3713 sayılı Kanun'un 5/1, TCK'nın 53, 58/9 ve 63. maddeleri uyarınca ağırlaştırılmış müebbet hapis cezası; sanı"
101,31,Yargıtay,CG,549,2019,402,2020-10-06,gebe+illiyet,gebe×18 | travma×52 | illiyet×39 | TCK 87/88,YARGITAY KARARI,"Kararı veren Yargıtay Dairesi: Ceza Genel Kurulu Mahkemesi:Ceza Dairesi Sayısı: 82-81 Silahlı terör örgütüne üye olma suçundan sanık ... hakkında ilk derece mahkemesi sıfatıyla yargılama yapan Yargıtay 9. Ceza Dairesince 22.05.2019 tarih ve 82-81 sayı ile; sanığın TCK'nın 314/2, 3713 sayılı Kanun'un"
102,30.8,Yargıtay,CG,423,2020,230,2022-03-31,gebe+travma,gebe×8 | travma×99 | illiyet×9 | cenin/düşük,YARGITAY KARARI,"Mahkemesi:Ceza Dairesi Nitelikli kasten öldürme suçuna azmettirmeden sanık ...'un ... 1. Ağır Ceza Mahkemesince 16.11.2016 tarih ve 322-465 sayı ile; sanığın TCK'nın 38/1. maddesi yollamasıyla 82/1-h, 62, 53, 54 ve 63. maddeleri uyarınca müebbet hapis cezası ile cezalandırılmasına, hak yoksunluğuna,"
103,30.8,Danıştay,10,5446,2019,2711,2022-05-24,gebe+illiyet,gebe×11 | travma×5 | illiyet×4 | TCK 87/88 | cenin/düşük,DANIŞTAY KARARI,T.C. D A N I Ş T A Y ONUNCU DAİRE Esas No : 2019/5446 KararNo : 2022/2711 TEMYİZ EDEN (DAVACILAR): Kendi adına asaleten ... 'e velayeten ... VEKİLİ: Av. ... TEMYİZ EDEN (DAVALI): ... Üniversitesi- ... Rektörlüğü (... Üniversitesi Rektörlüğü) VEKİLİ: Av. ... İSTEMLERİN_KONUSU: ... Bölge İdare Mahkeme
104,30.6,Anayasa,1,35569,2017,,2020-06-18,gebe+travma,gebe×13 | travma×16 | illiyet×3 | cenin/düşük | künt/batın,ANAYASA MAHKEMESİNİN 18/6/2020 TARİHLİ VE 2017/35569 SAYILI KARARI (BİREYSEL BAŞVURU),"&nbsp; (2709 S. K. m. 2, 17, 36) (ANY. MAH. 18.09.2013 T. 2012/969 E.) (ANY. MAH. &nbsp;17.07.2014 T. &nbsp;2013/293 E.) (ANY. MAH. 12.12.2018 T. 2014/19426 E.) &nbsp; *** İncelemekte olduğunuz karar Resmi Gazete&rsquo;de yayımlanmamış olup kararlar bilgibankasi.anayasa.gov.tr adresinden alınmıştır."
105,30.5,Yargıtay,21,7139,2018,4241,2019-06-12,gebe+illiyet,gebe×3 | travma×42 | illiyet×23 | TCK 87/88 | trafik/iş kaz,YARGITAY KARARI,"MAHKEMESİ: İzmir Bölge Adliye Mahkemesi 9. Hukuk Dairesi İLK DERECE TÜRK MİLLETİ ADINA KARAR 1-Davacı Çocukların Maddi Tazminat İstemlerine Yönelik Hükümler Yönünden, Miktar veya değeri temyiz kesinlik sınırını geçmeyen davalara ilişkin nihai kararlar 6100 sayılı Hukuk Muhakemeleri Kanununun 362/1-("
106,30.5,Yargıtay,21,19122,2016,6874,2018-10-01,gebe+illiyet,gebe×3 | travma×24 | illiyet×28 | TCK 87/88 | trafik/iş kaz,YARGITAY KARARI,"MAHKEMESİ:İş Mahkemesi TÜRK MİLLETİ ADINA Davacılar, murisinin iş kazası sonucu ölümünden doğan maddi ve manevi tazminatın ödetilmesine karar verilmesini istemiştir. Mahkeme ilamında belirtildiği şekilde, isteğin kısmen kabulüne karar vermiştir. Hükmün taraf vekilleri tarafından temyiz edilmesi üzer"
107,30.5,Yargıtay,10,9250,2021,12632,2022-10-18,gebe+illiyet,gebe×3 | travma×16 | illiyet×11 | TCK 87/88 | trafik/iş kaz,YARGITAY KARARI,"Bölge Adliye Mahkemesi : ... Bölge Adliye Mahkemesi 8. Hukuk Dairesi No : Maddi ve manevi tazminat davasının yapılan yargılaması sonunda; ilk derece mahkemesince ilâmda yazılı nedenlerle davanın reddine dair verilen karara karşı davacılar vekili tarafından istinaf yoluna başvurulması üzerine ... Böl"
108,30.5,Yargıtay,10,11440,2020,10153,2021-09-14,gebe+illiyet,gebe×3 | travma×16 | illiyet×13 | TCK 87/88 | trafik/iş kaz,YARGITAY KARARI,"Bölge Adliye Mahkemesi : İzmir Bölge Adliye Mahkemesi 9. Hukuk Dairesi İlk Derece Mahkemesi : İzmir 5. İş Mahkemesi Dava, İş kazası ölümünden kaynaklanan maddi ve manevi tazminat istemine ilişkindir. İlk Derece Mahkemesince, hükümde belirtilen gerekçelerle davanın reddine dair verilen karara karşı d"
109,30.5,Yargıtay,21,7142,2018,4235,2019-06-12,gebe+illiyet,gebe×3 | travma×46 | illiyet×23 | TCK 87/88 | trafik/iş kaz,YARGITAY KARARI,"MAHKEMESİ: İzmir Bölge Adliye Mahkemesi 9. Hukuk Dairesi İLK DERECE MAHKEMESİ: Soma İş Mahkemesi TÜRK MİLLETİ ADINA Davacılar, murisinin iş kazası sonucu ölümünden doğan maddi ve manevi tazminatın ödetilmesine karar verilmesini istemiştir. İlk Derece Mahkemesince davanın kısmen kabulüne karar verilm"
110,30.5,Yargıtay,21,4745,2018,3247,2019-04-30,gebe+illiyet,gebe×3 | travma×55 | illiyet×32 | TCK 87/88 | trafik/iş kaz,TAZMİNAT DAVASI - KUSUR DAĞILIMININ İLERDE KENDİ ARALARINDA AÇILABİLECEK RÜCU DAVASINDA YENİDEN DEĞERLENDİRİLMESİNİN MÜMKÜN BULUNMASI - DAVACI EŞ YARARINA HÜKÜM ALTINA ALINAN MANEVİ TAZMİNAT BİR MİKTA,"(6100 S. K. m. 362) (6098 S. K. m. 65, 61, 71) (818 S. K. m. 47) &nbsp; 1-Miktar veya değeri temyiz kesinlik sınırını geçmeyen davalara ilişkin nihai kararlar 6100 sayılı Hukuk Muhakemeleri Kanununun 362/1-(a) maddesi uyarınca temyiz edilemez. Kesinlik sınırı kamu düzeni ile ilgilidir. &nbsp; Dava d"
111,30.4,Danıştay,10,6347,2020,5504,2021-11-15,gebe+illiyet,gebe×27 | travma×9 | illiyet×19 | TCK 87/88,DANIŞTAY KARARI,T.C. D A N I Ş T A Y ONUNCU DAİRE Esas No : 2020/6347 KararNo : 2021/5504 TEMYİZ EDEN (DAVACILAR) : 1- . 2- . VEKİLLERİ : Av. . TEMYİZ EDENLER (DAVALILAR): 1- .Bakanlığı /. VEKİLİ : Av. . 2- .Üniversitesi Rektörlüğü / . VEKİLİ : Av. . TEMYİZ EDEN MÜDAHİL (DAVALILAR YANINDA) : . VEKİLLERİ : Av. . DİĞ
112,30.4,Yargıtay,CG,585,2018,515,2022-07-04,gebe+travma,gebe×11 | travma×254 | illiyet×7 | TCK 87/88 | trafik/iş kaz,YARGITAY KARARI,"Mahkemesi:Ağır Ceza Sanıklar ... ve ... hakkında kasten öldürme suçuna azmettirmeden açılan kamu davasında yapılan yargılama sonucunda, sanıkların eylemlerinin kastın aşılması suretiyle ölüme neden olma suçunu oluşturduğu kabul edilerek sanıkların lehe olan 765 sayılı TCK'nın 452/1, 59/1 ve 40. madd"
113,30.3,Yargıtay,10,8268,2020,6522,2020-11-16,gebe+illiyet,gebe×1 | travma×15 | illiyet×9 | cenin/düşük | trafik/iş kaz,İŞ KAZASI NEDENİYLE MADDİ VE MANEVİ TAZMİNAT İSTEMİ - KAZA OLAYININ MEYDANA GELMESİNDE KUSURU BULUNANLAR ARASINDAKİ KUSUR DAĞILIMININ KENDİ ARALARINDA GÖRÜLMESİ MUHTEMEL RÜCU DAVASINDA YENİDEN DEĞERLE,"(5521 S. K. m. 8) (7036 S. K. m. 8) (6100 S. K. m. 362) (6331 S. K. m. 4, 5) (6098 S. K. m. 56, 417) (4857 S. K. m. 2) &nbsp; Dava, iş kazası nedeniyle maddi ve manevi tazminat istemine ilişkindir. &nbsp; İlk Derece Mahkemesince, hükümde belirtilen gerekçelerle davanın kısmen kabulüne dair verilen k"
114,30.3,Yargıtay,10,8165,2020,6193,2020-11-02,gebe+illiyet,gebe×1 | travma×13 | illiyet×9 | cenin/düşük | trafik/iş kaz,YARGITAY KARARI,"MAHKEMESİ: ... Bölge Adliye Mahkemesi 3. Hukuk Dairesi KARAR Dosyadaki yazılara, toplanan delillere, hükmün dayandığı gerektirici nedenlerle temyiz edenin sıfatına, temyiz kapsam ve nedenlerine göre; davalı ... Genel Müdürlüğü’nün aşağıdaki bendin kapsamı dışında kalan sair temyiz itirazlarının redd"
115,30.3,Yargıtay,10,12304,2022,3682,2023-04-04,gebe+illiyet,gebe×1 | travma×16 | illiyet×9 | cenin/düşük | trafik/iş kaz,YARGITAY KARARI,"MAHKEMESİ: ... Bölge Adliye Mahkemesi 3. Hukuk Dairesi SAYISI: 2020/1950 E., 2021/1385 K. KARAR: Kısmen kabul İLK DERECE MAHKEMESİ: Soma İş Mahkemesi SAYISI: 2018/536 E., 2019/564 K. Taraflar arasındaki iş kazasından kaynaklanan maddi ve manevi tazminat davasından dolayı yapılan yargılama sonunda, İ"
116,30.3,Yargıtay,4,21148,2021,2423,2023-02-23,gebe+travma,gebe×3 | travma×8 | illiyet×5 | TCK 87/88 | cenin/düşük,YARGITAY KARARI,"MAHKEMESİ: İzmir Bölge Adliye Mahkemesi 4. Hukuk Dairesi SAYISI: 2019/847 E., 2021/1442 K. HÜKÜM/KARAR: İstinaf Başvurusunun Kabulü ile Davanın Reddine İLK DERECE MAHKEMESİ: Turgutlu 1. Asliye Hukuk Mahkemesi SAYISI: 2018/6 E., 2018/840 K. Taraflar arasındaki basın yoluyla kişilik haklarının ihlali "
117,30.2,Yargıtay,3,7374,2022,2149,2023-07-12,gebe+illiyet,gebe×25 | travma×2 | illiyet×5 | TCK 87/88 | cenin/düşük,YARGITAY KARARI,"MAHKEMESİ:Asliye Hukuk Mahkemesi SAYISI: 2017/561 E., 2021/473 K. KARAR : Davanın reddi Taraflar arasındaki tazminat davasından dolayı yapılan yargılama sonunda, Mahkemece bozmaya uyularak davanın reddine karar verilmiştir. Mahkeme kararı davacılar vekili tarafından temyiz edilmekle ve incelemenin d"
118,30.2,Yargıtay,CG,225,2019,558,2022-09-15,gebe+travma,gebe×12 | travma×216 | illiyet×1 | TCK 87/88 | cenin/düşük,YARGITAY KARARI,"Mahkemesi:Ağır Ceza Sanık ... hakkında kasten öldürme suçundan açılan kamu davasında yapılan yargılama sonucunda sanığın eyleminin olası kastla öldürme suçunu oluşturduğu kabul edilerek 5237 sayılı TCK’nın 81/1, 21/2, 29, 62, 53, 54 ve 63. maddeleri uyarınca 12 yıl 10 ay hapis cezası ile cezalandırı"
119,30.2,Yargıtay,HG,11-592,2020,356,2022-03-22,gebe+illiyet,gebe×97 | travma×6 | illiyet×3 | TCK 87/88 | cenin/düşük,TAZMİNAT DAVASI - TIBBİ KÖTÜ UYGULAMAYA İLİŞKİN ZORUNLU MALİ SORUMLULUK SİGORTA POLİÇESİNE DAYALI TAZMİNAT İSTEMİ – SİGORTALI DOKTORUN TIBBİ KÖTÜ UYGULAMASININ BULUNMADIĞI VE KUSURSUZ OLDUĞU - DİRENME,"(Biyoloji Ve Tıbbın Uygulanması Bakımından İnsan Hakları Ve İnsan Haysiyetinin Korunması Sözleşmesi (İnsan Hakları Ve Biyotıp Sözleşmesi) m. 1, 4, 5) (1086 S. K. m. 76) (6100 S. K. m. 33) (6098 S. K. m. 396, 502, 510) (818 S. K. m. 386, 394) (6023 S. K. m. 59) (5947 S. K. m. 8) (1219 S. K. m. 70, 72"
120,30,Yargıtay,21,6892,2018,4557,2019-06-20,gebe+illiyet,gebe×2 | travma×17 | illiyet×11 | TCK 87/88 | trafik/iş kaz,YARGITAY KARARI,"MAHKEMESİ: ... Bölge Adliye Mahkemesi 28. Hukuk Dairesi Davacılar vekili dava dilekçesinde özet olarak; müvekkillerinin eşi ve babaları olan ...’ün tır şoförü olarak aylık 1.000,00 TL maaş aldığı, hasta haliyle yolculuğa gönderilmesi nedeniyle 30/03/2013 tarihinde kaza meydana geldiği, ...’ün kazanı"
121,30,Yargıtay,10,6908,2021,11708,2022-10-04,gebe+illiyet,gebe×2 | travma×18 | illiyet×26 | TCK 87/88 | trafik/iş kaz,YARGITAY KARARI,"Bölge Adliye Mahkemesi : ... Bölge Adliye Mahkemesi 9. Hukuk Dairesi No : Dava, İş kazasından kaynaklanan maddi ve manevi tazminat istemine ilişkindir. İlk Derece Mahkemesince, hükümde belirtilen gerekçelerle davanın reddine dair verilen karara karşı davacı vekili tarafından istinaf yoluna başvurulm"
122,30,Yargıtay,21,5924,2018,4419,2019-06-17,gebe+illiyet,gebe×2 | travma×45 | illiyet×23 | TCK 87/88 | trafik/iş kaz,YARGITAY KARARI,"MAHKEMESİ: İzmir Bölge Adliye Mahkemesi 9. Hukuk Dairesi .İLK DERECE MAHKEMESİ: ... İş Mahkemesi TÜRK MİLLETİ ADINA KARAR A)Davacı İstemi; Davacılar vekili dava dilekçesi ile; Manisa ili ... ilçesi sınırları içerisinde ... tarafından işletilen ve ölen ...'ın işçi olarak çalıştığı işveren nezdinde ça"
123,30,Yargıtay,21,7392,2018,4407,2019-06-17,gebe+illiyet,gebe×2 | travma×50 | illiyet×23 | TCK 87/88 | trafik/iş kaz,YARGITAY KARARI,"MAHKEMESİ: Bölge Adliye Mahkemesi 3. Hukuk Dairesi 1-Davacılar Anne ve Babanın Maddi, Davacı Kardeşin Manevi Tazminat İstemlerine Yönelik Hükümler Yönünden, Miktar veya değeri temyiz kesinlik sınırını geçmeyen davalara ilişkin nihai kararlar 6100 sayılı Hukuk Muhakemeleri Kanununun 362/1-(a) maddesi"
124,30,Yargıtay,10,5137,2021,1886,2022-02-15,gebe+illiyet,gebe×2 | travma×22 | illiyet×20 | TCK 87/88 | trafik/iş kaz,YARGITAY KARARI,"Bölge Adliye Mahkemesi : Samsun Bölge Adliye Mahkemesi 7. Hukuk Dairesi No : 2020/388-2020/927 Dava, iş kazasında vefat eden sigortalının hak sahiplerinin maddi ve manevi zararlarının giderilmesi istemine ilişkindir. İlk Derece Mahkemesince, hükümde belirtilen gerekçelerle davanın kısmen kabul ve kı"
125,30,Yargıtay,21,3493,2018,3250,2019-04-30,gebe+illiyet,gebe×2 | travma×37 | illiyet×23 | TCK 87/88 | trafik/iş kaz,TAZMİNAT DAVASI - MADEN KAZASI GİBİ TOPLUMU DERİNDEN ETKİLEYEN FACİALARDA HÜKÜM ALTINA ALINAN MANEVİ TAZMİNAT TUTARLARI DEĞERLENDİRİLİRKEN MANEVİ TAZMİNATIN CAYDIRICILIK UNSURUNUN ÖNE ÇIKMASI GEREKTİĞ,"(6100 S. K. m. 353, 362) (6098 S. K. m. 56, 60, 61, 71, 163) (818 S. K. m. 47) (4857 S. K. m. 2, 77) (6331 S. K. m. 4, 5) (YHGK. 24.12.2014 T. 2014/21-872 E. 2014/1086 K.) (YHGK. 09.10.2013 T. 2013/21-102 E. 2013/1456 K.) (YHGK. 23.06.2004 T. 2004/13-291 E. 2004/370 K.) (YHGK. 20.03.2013 T. 2012/21-"
126,30,Yargıtay,HG,1912,2016,1235,2019-11-28,gebe+illiyet,gebe×2 | travma×46 | illiyet×49 | TCK 87/88 | trafik/iş kaz,YARGITAY KARARI,"MAHKEMESİ:İş Mahkemesi Taraflar arasındaki “tazminat” davasından dolayı yapılan yargılama sonunda; Mersin 4. İş Mahkemesince maddi tazminatın kabulüne, manevi tazminatın ise kısmen kabulüne dair verilen 30.09.2014 tarihli ve 2012/111 E., 2014/384 K. sayılı karar taraf vekillerince temyiz edilmekle, "
127,30,Yargıtay,10,3875,2021,3588,2022-03-15,gebe+illiyet,gebe×2 | travma×33 | illiyet×11 | TCK 87/88 | trafik/iş kaz,YARGITAY KARARI,"Mahkemesi : ... Bölge Adliye Mahkemesi 8. Hukuk Dairesi İlk DereceMahkemesi: ... 24. İş Mahkemesi Dava, iş kazası nedeniyle sürekli iş göremezliğe uğrayan sigortalının maddi ve manevi zararlarının tazmini istemine ilişkindir. İlk derece mahkemesince davanın kısmen kabul ve kısmen reddine ilişkin kar"
128,30,Yargıtay,21,3488,2018,3251,2019-04-30,gebe+illiyet,gebe×2 | travma×33 | illiyet×23 | TCK 87/88 | trafik/iş kaz,TAZMİNAT DAVASI - İŞ KAZASINA UĞRAYANLARDA VEYA KAZALILARIN YAKINLARINDA DEĞİL TOPLUMUN GENELİNDE DERİN BİR ÜZÜNTÜ MEYDANA GETİRDİĞİ - TOPLUMU DERİNDEN ETKİLEYEN FACİALARDA MANEVİ TAZMİNATIN CAYDIRICI,"(4857 S. K. m. 2, 77) (6098 S. K. m. 56, 60, 61, 62, 71, 163, 417) (818 S. K. m. 47, 142, 332) (6331 &nbsp;S. K. m. 4, 5, 10) (YHGK. 24.12.2014 T. &nbsp;2014/21-872 E. 2014/1086 K.) (YİBK. 22.06.1966 T. 1966/7 E. 1966/7 K.) (YHGK. 09.10.2013 T. 2013/21-102 E. 2013/1456 K.) (YHGK. 20/03/2013 T. &nbsp"
129,30,Yargıtay,21,382,2019,1780,2019-03-11,gebe+illiyet,gebe×2 | travma×14 | illiyet×13 | TCK 87/88 | trafik/iş kaz,YARGITAY KARARI,"MAHKEMESİ: Bölge Adliye Mahkemesi 8. Hukuk Dairesi TÜRK MİLLETİ ADINA K A R A R A) Davacı İstemi; Davacı vekili dava dilekçesinde, davacının davalı şirkette süt dağıtım elemanı çalışmaktayken 27/05/2014 tarihinde geçirmiş olduğu trafik kazası sonucunda ağır şekilde yaralandığını iddia ederek maddi v"
130,30,Yargıtay,HG,604,2022,1117,2022-09-20,gebe+illiyet,gebe×2 | travma×16 | illiyet×13 | TCK 87/88 | trafik/iş kaz,YARGITAY KARARI,"MAHKEMESİ:İş Mahkemesi 1. Taraflar arasındaki “Tazminat” davasından dolayı yapılan yargılama sonunda, ... İş Mahkemesinin davanın kısmen kabulüne ilişkin kararına yönelik ... Bölge Adliye Mahkemesi 10. Hukuk Dairesince davacı ve davalı vekillerinin istinaf başvurularının esastan reddine ilişkin veri"
131,30,Yargıtay,10,3276,2021,1058,2022-01-25,gebe+illiyet,gebe×2 | travma×30 | illiyet×11 | TCK 87/88 | trafik/iş kaz,YARGITAY KARARI,"Bölge Adliye Mahkemesi : ... Bölge Adliye Mahkemesi 47. Hukuk Dairesi No : 2020/4284-2020/388 İlk Derece Mahkemesi :... Anadolu 22. İş Mahkemesi No :2014/508-2020/51 Dava iş kazasından sürekli iş göremezliğe uğrayan sigortalının maddi ve manevi tazminat istemine ilişkindir. İlk Derece Mahkemesince, "
132,30,Yargıtay,10,11551,2022,5079,2023-05-09,gebe+illiyet,gebe×2 | travma×14 | illiyet×14 | TCK 87/88 | trafik/iş kaz,YARGITAY KARARI,"MAHKEMESİ: ... Bölge Adliye Mahkemesi 12. Hukuk Dairesi SAYISI: 2021/2810 E., 2022/1012 K. HÜKÜM/KARAR: Ret İLK DERECE MAHKEMESİ: ... 8. İş Mahkemesi SAYISI: 2019/569 E., 2021/255 K. Taraflar arasındaki sigortalının iş kazasında vefatı nedeniyle hak sahiplerinin maddi ve manevi tazminat istemi davas"
133,30,Yargıtay,21,2985,2018,8147,2018-11-12,gebe+illiyet,gebe×2 | travma×35 | illiyet×23 | TCK 87/88 | trafik/iş kaz,YARGITAY KARARI,MAHKEMESİ: ... Bölge Adliye Mahkemesi 7. Hukuk Dairesi İLK DERECE MAHKEMESİ: ... İş Mahkemesi TÜRK MİLLETİ ADINA K A R A R 1-Miktar veya değeri temyiz kesinlik sınırını geçmeyen davalara ilişkin nihai kararlar 6100 sayılı Hukuk Muhakemeleri Kanununun 362/1-(a) maddesi uyarınca temyiz edilemez. Kesin
134,30,Yargıtay,21,4073,2019,770,2020-02-13,gebe+illiyet,gebe×2 | travma×22 | illiyet×12 | TCK 87/88 | trafik/iş kaz,TAZMİNAT DAVASI - TRAFİK KAZASININ GERÇEKLEŞMESİNDE SİGORTALININ AĞIR KUSURU NEDENİYLE İŞ KAZASI İLE İŞVEREN ARASINDAKİ NEDENSELLİK BAĞININ KESİLDİĞİNİN KABULÜ İLE DAVANIN REDDİ GEREKİRKEN KISMEN KABU,"(2709 S. K. m. 153) (6100 S. K. m. 373) &nbsp; A)Davacı İstemi; &nbsp; Davacı vekili dava ve ıslah dilekçesinde özet olarak; iş kazası neticesinde sürekli iş görmezliği bulunan sigortalı lehine maddi ve manevi tazminat isteminde bulunmuştur. &nbsp; B)Davalı Cevabı; &nbsp; Davalılar ve vekilleri ceva"
135,30,Yargıtay,10,4350,2021,9922,2022-06-28,gebe+illiyet,gebe×2 | travma×32 | illiyet×12 | TCK 87/88 | trafik/iş kaz,YARGITAY KARARI,"Mahkemesi : ... Bölge Adliye Mahkemesi 24. Hukuk Dairesi İlk Derece Mahkemesi : ... 2. İş Mahkemesi Dava, iş kazasından sigortalının vefatı nedeniyle hak sahiplerinin maddi ve manevi zararlarının giderilmesi istemine ilişkindir. İlk Derece Mahkemesince, hükümde belirtilen gerekçelerle davanın kısmen"
136,30,Yargıtay,21,4411,2019,508,2020-02-04,gebe+illiyet,gebe×2 | travma×16 | illiyet×11 | TCK 87/88 | trafik/iş kaz,TAZMİNAT DAVASI - ZARARLI SONUCUN MEYDANA GELİŞİNDE NE KADAR ETKİLİ OLDUĞUNU DA KAPSAR ŞEKİLDE TESPİT EDEN KUSUR RAPORU ALDIKTAN SONRA OLUŞACAK SONUCA GÖRE BİR KARAR VERMEK - HÜKMÜN BOZULMASI,"(6100 S. K. m. 373) (6331 S. K. m. 9) (5510 S. K. m. 83) &nbsp; A) Davacı İstemi; &nbsp; Davacılar dava dilekçesi ile eş için 1.000,00 TL maddi, 30.000,00 TL manevi, çocuklar için 1.000,00&#39;er TL maddi, 25.000,00&#39;er TL manevi tazminatın davalıdan tahsilini talep ve dava dava etmişlerdir. &nbs"
137,30,Yargıtay,10,9341,2020,13748,2021-11-09,gebe+illiyet,gebe×2 | travma×18 | illiyet×23 | TCK 87/88 | trafik/iş kaz,YARGITAY KARARI,"Bölge Adliye Mahkemesi : ... Bölge Adliye Mahkemesi.... Hukuk Dairesi Dava, iş kazasından kaynaklanan maddi ve manevi tazminat istemine ilişkindir. İlk Derece Mahkemesince, hükümde belirtilen gerekçelerle davanın kısmen kabulüne dair verilen karara karşı davacı ve davalı vekili tarafından istinaf yo"
138,30,Yargıtay,21,5923,2018,4416,2019-06-17,gebe+illiyet,gebe×2 | travma×51 | illiyet×24 | TCK 87/88 | trafik/iş kaz,YARGITAY KARARI,"MAHKEMESİ: İzmir Bölge Adliye Mahkemesi 9. Hukuk Dairesi İLK DERECE MAHKEMESİ: ... İş Mahkemesi TÜRK MİLLETİ ADINA Davacılar, murisinin iş kazası sonucu ölümünden doğan maddi ve manevi tazminatın ödetilmesine karar verilmesini istemiştir. İlk Derece Mahkemesince davanın kısmen kabulüne karar verilme"
139,30,Yargıtay,21,7293,2018,4237,2019-06-12,gebe+illiyet,gebe×2 | travma×42 | illiyet×23 | TCK 87/88 | trafik/iş kaz,YARGITAY KARARI,"MAHKEMESİ: İzmir Bölge Adliye Mahkemesi 9. Hukuk Dairesi İLK DERECE MAHKEMESİ: Soma İş Mahkemesi TÜRK MİLLETİ ADINA Davacılar, murisinin iş kazası sonucu ölümünden doğan maddi ve manevi tazminatın ödetilmesine karar verilmesini istemiştir. İlk Derece Mahkemesince davanın kısmen kabulüne karar verilm"
140,30,Anayasa,GK,16452,2023,,2025-09-18,gebe+illiyet,gebe×8 | travma×79 | illiyet×29 | TCK 87/88,ANAYASA MAHKEMESİNİN 18/9/2025 TARİHLİ VE 2023/16452 SAYILI KARARI (BİREYSEL BAŞVURU),"(5237 S. K. m. 24, 30, 36, 37, 39, 220, 302, 309, 314, 316) (1632 S. K. m. 41) (211 S. K. m. 14, 20) (765 S. K. m. 146, 168, 171) (ANY. MAH. 26.10.2022 T. 2020/16-402 E.) (ANY. MAH. 15.12.2022 T. 2021/16-59 E.) (ANY. MAH. 08.11.2023 T. 2023/3-261 E.) (ANY. MAH. 01.06.2023 T. 2021/16-183 E.) &nbsp; R"
141,30,Yargıtay,10,7044,2020,4207,2021-03-30,gebe+illiyet,gebe×2 | travma×10 | illiyet×11 | TCK 87/88 | trafik/iş kaz,YARGITAY KARARI,"Mahkemesi: Ankara Bölge Adliye Mahkemesi 8. Hukuk Dairesi No: 2019/3764-2020/437 İlk Derece Mahkemesi: Kayseri 3. İş Mahkemesi Dava, İş kazasından kaynaklanan maddi ve manevi tazminat istemine ilişkindir. İlk Derece Mahkemesince, hükümde belirtilen gerekçelerle davanın kısmen kabulüne dair verilen k"
142,30,Yargıtay,21,3494,2018,3495,2019-05-07,gebe+illiyet,gebe×2 | travma×33 | illiyet×23 | TCK 87/88 | trafik/iş kaz,TAZMİNAT DAVASI - KAZA OLAYININ MEYDANA GELMESİNDE KUSURU BULUNANLAR ARASINDAKİ KUSUR DAĞILIMININ KENDİ ARALARINDA GÖRÜLMESİ MUHTEMEL RÜCU DAVASINDA YENİDEN DEĞERLENDİRİLMESİNİN MÜMKÜN BULUNMASI - HÜK,"(6100 S. K. m. 362) (6098 S. K. m. 56, 163) (818 S. K. m. 47) &nbsp; Davacılar, murisinin iş kazası sonucu ölümünden doğan maddi ve manevi tazminatın ödetilmesine karar verilmesini istemiştir. &nbsp; İlk Derece Mahkemesince davanın kısmen kabulüne karar verilmesi üzerine Türkiye Kömür İşletmeleri Ge"
143,30,Yargıtay,21,3487,2018,3249,2019-04-30,gebe+illiyet,gebe×2 | travma×33 | illiyet×23 | TCK 87/88 | trafik/iş kaz,TAZMİNAT DAVASI -  ÖLENİN OLAYDA HİÇ KUSURUNUN BULUNMADIĞININ ANLAŞILIP KAZA OLAYININ MEYDANA GELMESİNDE KUSURU BULUNANLAR ARASINDAKİ KUSUR DAĞILIMININ KENDİ ARALARINDA GÖRÜLMESİ MUHTEMEL RÜCU DAVASIN,"(818 S. K. m. 47, 71, 142) (6098 S. K. m. 56, 60, 61, 71, 163) (6100 S. K. m. 353) (6331 S. K. m. 4) (4857 S. K. m. 2, 77) (YHGK. 24.12.2014 T. 2014/21-872 E. 2014/1086 K.) (YBİK. 22.06.1966 T. 1966/7 E. 1966/7 K.) (YHGK. 09.10.2013 T. 2013/21-102 E. 2013/1456 K.) (YHGK. &nbsp;20.03.2013 T. 2012/21-"
144,30,Yargıtay,21,3450,2016,6127,2017-09-12,gebe+illiyet,gebe×2 | travma×20 | illiyet×11 | TCK 87/88 | trafik/iş kaz,YARGITAY KARARI,"MAHKEMESİ:İş Mahkemesi Davacı, iş kazası sonucu maluliyetinden doğan maddi ve manevi tazminatın ödetilmesine karar verilmesini istemiştir. Mahkeme ilamında belirtildiği şekilde, isteğin kısmen kabulüne karar vermiştir. Hükmün davacı ile davalılar vekillerince temyiz edilmesi üzerine temyiz isteğinin"
145,30,Yargıtay,CG,347,2022,381,2023-07-05,gebe+travma,gebe×8 | travma×112 | illiyet×10 | TCK 87/88,YARGITAY KARARI,"YARGITAY DAİRESİ : 1. Ceza Dairesi MAHKEMESİ :Ceza Dairesi SAYISI: 681-950 I. HUKUKÎ SÜREÇ Sanıklar ..., ... ve ...’in nitelikli kasten öldürme suçundan 5237 sayılı TCK'nın 82/1-a, 62, 53 ve 63. maddeleri uyarınca ayrı ayrı müebbet hapis cezası ile cezalandırılmalarına; yağma suçundan ise aynı Kanun"
146,30,Yargıtay,21,3573,2018,3502,2019-05-07,gebe+illiyet,gebe×2 | travma×33 | illiyet×23 | TCK 87/88 | trafik/iş kaz,TAZMİNAT DAVASI - ÖLENİN OLAYDA HİÇ KUSURUNUN BULUNMADIĞININ ANLAŞILIP KAZA OLAYININ MEYDANA GELMESİNDE KUSURU BULUNANLAR ARASINDAKİ KUSUR DAĞILIMININ RÜCU DAVASINDA YENİDEN DEĞERLENDİRİLMESİNİN MÜMKÜ,"(6100 S. K. m. 362) (6098 S. K. m. 56, 61, 71, 163) (818 S. K. m. 47) &nbsp; Davacılar, murisinin iş kazası sonucu ölümünden doğan maddi ve manevi tazminatın ödetilmesine karar verilmesini istemiştir. &nbsp; İlk Derece Mahkemesince davanın kısmen kabulüne karar verilmesi üzerine davacılar ile davalı"
147,30,Yargıtay,21,6110,2018,4414,2019-06-17,gebe+illiyet,gebe×2 | travma×32 | illiyet×23 | TCK 87/88 | trafik/iş kaz,YARGITAY KARARI,"MAHKEMESİ: İzmir Bölge Adliye Mahkemesi 7. Hukuk Dairesi İLK DERECE MAHKEMESİ: ... İş Mahkemesi TÜRK MİLLETİ ADINA Davacılar, murisinin iş kazası sonucu ölümünden doğan maddi ve manevi tazminatın ödetilmesine karar verilmesini istemiştir. İlk Derece Mahkemesince davanın kısmen kabulüne karar verilme"
148,30,Yargıtay,21,3011,2017,204,2018-01-16,gebe+illiyet,gebe×2 | travma×19 | illiyet×11 | TCK 87/88 | trafik/iş kaz,YARGITAY KARARI,"MAHKEMESİ:İş Mahkemesi Davacılar, murisinin iş kazası sonucu maluliyetinden doğan maddi ve manevi tazminatın ödetilmesine karar verilmesini istemiştir. Mahkeme ilamında belirtildiği şekilde, isteğin kısmen kabulüne karar vermiştir. Hükmün taraf vekillerince temyiz edilmesi üzerine temyiz isteğinin s"
149,30,Yargıtay,21,5925,2018,4239,2019-06-12,gebe+travma,gebe×2 | travma×49 | illiyet×23 | TCK 87/88 | trafik/iş kaz,YARGITAY KARARI,"MAHKEMESİ: İzmir Bölge Adliye Mahkemesi 9. Hukuk Dairesi İLK DERECE MAHKEMESİ: Soma İş Mahkemesi TÜRK MİLLETİ ADINA A)Davacı İstemi; Davacılar vekili dava dilekçesi ile; Manisa ili, Soma ilçesi sınırları içerisinde 13/05/2014 tarihinde meydana gelen ... tarafından işletilen ve ölen ...'ün işçi olara"
150,30,Yargıtay,21,7292,2018,4415,2019-06-17,gebe+illiyet,gebe×2 | travma×46 | illiyet×23 | TCK 87/88 | trafik/iş kaz,YARGITAY KARARI,"MAHKEMESİ: İzmir Bölge Adliye Mahkemesi 9. Hukuk Dairesi İLK DERECE MAHKEMESİ: ... İş Mahkemesi TÜRK MİLLETİ ADINA Davacılar, murisinin iş kazası sonucu ölümünden doğan maddi ve manevi tazminatın ödetilmesine karar verilmesini istemiştir. İlk Derece Mahkemesince davanın kısmen kabulüne karar verilme"
151,30,Yargıtay,21,4733,2018,3248,2019-04-30,gebe+illiyet,gebe×2 | travma×33 | illiyet×23 | TCK 87/88 | trafik/iş kaz,TAZMİNAT DAVASI - ÖLENİN OLAYDA HİÇ KUSURUNUN BULUNMADIĞININ ANLAŞILIP KAZA OLAYININ MEYDANA GELMESİNDE KUSURU BULUNANLAR ARASINDAKİ KUSUR DAĞILIMININ KENDİ ARALARINDA GÖRÜLMESİ MUHTEMEL RÜCU DAVASIND,"(6100 S. K. m. 362) (6098 S. K. m. 56, 71) (818 S. K. m. 47) &nbsp; Davacılar, murisinin iş kazası sonucu ölümünden doğan manevi tazminatın ödetilmesine karar verilmesini istemiştir. &nbsp; İlk Derece Mahkemesince davanın kısmen kabulüne karar verilmesi üzerine davalılardan TKİ Genel Müdürlüğü vekil"
152,30,Anayasa,2,11174,2019,,2021-11-16,gebe+illiyet,gebe×81 | travma×5 | illiyet×5 | TCK 87/88 | obstetrik komp.,ANAYASA MAHKEMESİNİN 16/11/2021 TARİHLİ VE 2019/11174 SAYILI KARARI (BİREYSEL BAŞVURU),"(2709 S. K. m. 5, 17, 36, 56) (6216 S. K. m. 46, 50) (ANY. MAH. 14.10.2015 T. 2013/4194 E.) (ANY. MAH. 10.06.2015 T. 2013/8365 E.) (ANY. MAH. 17.09.2013 T. 2012/752 E.) (ANY. MAH. 21.01.2016 T. 2013/2803 E.) (ANY. MAH. 16.07.2014 T. 2013/6319 E.) (ANY. MAH. 21.02.2018 T. 2014/15355 E.) (ANY. MAH. 07"
153,30,Yargıtay,3,3428,2024,2486,2025-04-30,gebe+illiyet,gebe×42 | travma×5 | illiyet×11 | cenin/düşük,YARGITAY KARARI,"MAHKEMESİ: İstanbul Bölge Adliye Mahkemesi 19. Hukuk Dairesi SAYISI: 2024/1304 E., 2024/1453 K. İLK DERECE MAHKEMESİ: İstanbul 11. Tüketici Mahkemesi SAYISI: 2020/214 E., 2024/119 K. Bölge Adliye Mahkemesi kararı, davacılar vekili tarafından temyiz edilmekle; kesinlik, süre, temyiz şartı ve diğer us"
154,30,Yargıtay,21,5926,2018,4240,2019-06-12,gebe+illiyet,gebe×2 | travma×41 | illiyet×23 | TCK 87/88 | trafik/iş kaz,YARGITAY KARARI,"MAHKEMESİ: İzmir Bölge Adliye Mahkemesi 9. Hukuk Dairesi İLK DERECE MAHKEMESİ: ... İş Mahkemesi TÜRK MİLLETİ ADINA Davacılar, murisinin iş kazası sonucu ölümünden doğan maddi ve manevi tazminatın ödetilmesine karar verilmesini istemiştir. İlk Derece Mahkemesince davanın kısmen kabulüne karar verilme"
155,30,Yargıtay,21,6774,2018,4236,2019-06-12,gebe+illiyet,gebe×2 | travma×51 | illiyet×24 | TCK 87/88 | trafik/iş kaz,YARGITAY KARARI,"MAHKEMESİ: ... Bölge Adliye Mahkemesi 9. Hukuk Dairesi Davacılar, murisinin iş kazası sonucu ölümünden doğan maddi ve manevi tazminatın ödetilmesine karar verilmesini istemiştir. İlk Derece Mahkemesince davanın kısmen kabulüne karar verilmesi üzerine davalılardan ... Genel Müdürlüğü ile .... vekille"
156,30,Yargıtay,21,7138,2018,4233,2019-06-12,gebe+illiyet,gebe×2 | travma×43 | illiyet×23 | TCK 87/88 | trafik/iş kaz,YARGITAY KARARI,"MAHKEMESİ: ... Bölge Adliye Mahkemesi 9. Hukuk Dairesi Davacılar, murisinin iş kazası sonucu ölümünden doğan maddi ve manevi tazminatın ödetilmesine karar verilmesini istemiştir. İlk Derece Mahkemesince davanın kısmen kabulüne karar verilmesi üzerine, davalılardan ... Genel Müdürlüğü vekilince istin"
157,30,Yargıtay,21,5342,2018,3645,2019-05-13,gebe+illiyet,gebe×2 | travma×22 | illiyet×17 | TCK 87/88 | trafik/iş kaz,TAZMİNAT DAVASI - DAVACI İŞÇİNİN MÜŞTERİYE CEVABEN HAKARETİ NETİCESİNDE MEYDANA GELEN KAVGA SONUCU ÜÇÜNCÜ KİŞİ TARAFINDAN BIÇAKLANMASI ŞEKLİNDE GERÇEKLEŞTİĞİ İŞVERENİN KANUN KAPSAMINDA ALABİLECEĞİ BİR,"(6100 S. K. m. 353) (818 S. K. m. 332) &nbsp; A)Davacı İstemi; &nbsp; Davacı vekili dava dilekçesinde, Müvekkilinin davalı şirkette pompa görevlisi olarak aylık net 1.300,00 TL maaş ve müşterilerden aldığı günlük ortalama en az 50 TL ve üzeri bahşişle çalışmaktayken, 23/11/2013 tarihinde saat 19: 45"
158,30,Yargıtay,21,3575,2018,3986,2019-05-21,gebe+illiyet,gebe×2 | travma×46 | illiyet×23 | TCK 87/88 | trafik/iş kaz,TAZMİNAT DAVASI - ORGANİK BAĞ BULUNUP BULUNMADIĞI BİRLİKTE İSTİHDAMIN VEYA MUVAZAALI İŞLEMLERİN SÖZ KONUSU OLUP OLMADIĞINI ARAŞTIRMAK - DAVACI EŞ YARARINA HÜKMEDİLECEK MANEVİ TAZMİNATI BELİRLEYİP OLUŞ,"(6098 S. K. m. 56, 71) (818 S. K. m. 47) &nbsp; A)Davacı İstemi; &nbsp; Davacılar vekili dava dilekçesinde özetle; 13/05/2014 tarihinde ...&#39;da meydana gelen maden kazasında davacılar kök murisinin vefat ettiğini, maden kazasının olduğu ... yeraltı maden ocağının davalılardan TKİ. Genel Müdürlüğü"
159,30,Yargıtay,21,3572,2018,3500,2019-05-07,gebe+illiyet,gebe×2 | travma×33 | illiyet×23 | TCK 87/88 | trafik/iş kaz,TAZMİNAT DAVASI - ORGANİK BAĞ BULUNUP BULUNMADIĞI BİRLİKTE İSTİHDAMIN VEYA MUVAZAALI İŞLEMLERİN SÖZ KONUSU OLUP OLMADIĞI ARAŞTIRILARAK OLUŞACAK SONUCA GÖRE KARAR VERMEK - HÜKMÜN BOZULMASI,"(6098 S. K. m. 56, 61, 71, 163) (818 S. K. m. 47) &nbsp; A) Davacı İstemi; &nbsp; Davacılar vekili dava dilekçesinde özetle; 13.05.2014 tarihinde ...&#39;da meydana gelen maden kazasında davacılar kök murisinin vefat ettiğini, maden kazasının olduğu ... yeraltı maden ocağının davalılardan TKİ. Genel"
160,30,Yargıtay,10,4962,2022,6397,2023-06-06,gebe+illiyet,gebe×2 | travma×28 | illiyet×13 | TCK 87/88 | trafik/iş kaz,YARGITAY KARARI,"MAHKEMESİ: ... Bölge Adliye Mahkemesi 3. Hukuk Dairesi SAYISI: 2019/2442 E., 2020/1104 K. KARAR: Esastan ret İLK DERECE MAHKEMESİ: Muğla 1. Asliye Hukuk (İş)Mahkemesi SAYISI: 2016/426 E., 2019/503 K. Taraflar arasındaki iş kazasından maddi ve manevi tazminat davasından dolayı yapılan yargılama sonun"
161,30,Yargıtay,10,7034,2020,3758,2021-03-23,gebe+illiyet,gebe×2 | travma×14 | illiyet×11 | TCK 87/88 | trafik/iş kaz,YARGITAY KARARI,"Mahkemesi: Ankara Bölge Adliye Mahkemesi 7. Hukuk Dairesi No: 2019/969-2020/355 İlk DereceMahkemesi: ... 1. İş Mahkemesi Dava, iş kazası ölümünden kaynaklanan maddi ve manevi tazminat istemine ilişkindir. İlk Derece Mahkemesince, hükümde belirtilen gerekçelerle davanın kısmen kabulüne dair verilen k"
162,30,Yargıtay,10,6587,2021,11704,2022-10-04,gebe+illiyet,gebe×2 | travma×16 | illiyet×19 | TCK 87/88 | trafik/iş kaz,YARGITAY KARARI,"Mahkemesi: ... Bölge Adliye Mahkemesi 9. Hukuk Dairesi No: Dava, iş kazası ölümünden kaynaklanan maddi ve manevi tazminat istemine ilişkindir. İlk Derece Mahkemesince, hükümde belirtilen gerekçelerle davanın reddine dair verilen karara karşı davacı vekili tarafından istinaf yoluna başvurulması üzeri"
163,30,Yargıtay,21,1157,2018,474,2019-02-04,gebe+illiyet,gebe×2 | travma×15 | illiyet×17 | TCK 87/88 | trafik/iş kaz,TAZMİNAT DAVASI - SGK MÜFETTİŞİ TARAFINDAN HAZIRLANAN RAPOR İLE MAHKEMECE İTİBAR EDİLEN RAPOR ARASINDAKİ ÇELİŞKİLERİN GİDERİLMESİ GEREKTİĞİ - İLLİYET BAĞININ TIR SÜRÜCÜSÜ EYLEMİ İLE KESİLİP KESİLMEDİĞ,"(2709 S. K. m. 17, 153) (818 S. K. m. 332) (6098 S. K. m. 417) (4857 S. K. m. 2, 63, 69, 77, 78, 79, 80, 81, 83, 84, 85, 86, 87, 88, 89, 95, 105, Geç. m. 2) (6331 S. K. m. 4, 5, 9, 10, 19, 37, 38, Geç. m. 1) (5510 S. K. m. 83) (YHGK. 09.10.2013 T. 2013/21-102 E., 2013/1456 K.) (YHGK. 20.03.2013 T. 2"
164,30,Yargıtay,10,276,2021,14668,2021-11-23,gebe+illiyet,gebe×2 | travma×11 | illiyet×11 | TCK 87/88 | trafik/iş kaz,YARGITAY KARARI,"Bölge Adliye Mahkemesi : ... Bölge Adliye Mahkemesi ... Hukuk Dairesi Dava, İş kazasından kaynaklanan maddi ve manevi tazminat istemine ilişkindir. İlk Derece Mahkemesince, hükümde belirtilen gerekçelerle davanın kısmen kabulüne dair verilen karara karşı davalılar vekilleri tarafından istinaf yoluna"
165,30,Yargıtay,10,2599,2021,7354,2021-06-01,gebe+illiyet,gebe×2 | travma×14 | illiyet×13 | TCK 87/88 | trafik/iş kaz,YARGITAY KARARI,"Mahkemesi: Zonguldak 2. İş Mahkemesi Dava, iş kazasından kaynaklanan maddi ve manevi tazminat istemine ilişkindir. İlk Derece Mahkemesince, hükümde belirtilen gerekçelerle davanın kısmen kabulüne dair verilen karara karşı taraf vekilleri tarafından istinaf yoluna başvurulması üzerine, Sakarya Bölge "
166,30,Yargıtay,21,7291,2018,4408,2019-06-17,gebe+illiyet,gebe×2 | travma×44 | illiyet×23 | TCK 87/88 | trafik/iş kaz,YARGITAY KARARI,"MAHKEMESİ: ... Bölge Adliye Mahkemesi 9. Hukuk Dairesi Davacılar, murisinin iş kazası sonucu ölümünden doğan maddi ve manevi tazminatın ödetilmesine karar verilmesini istemiştir. İlk Derece Mahkemesince davanın kısmen kabulüne karar verilmesi üzerine ... Genel Müdürlüğü vekilince istinaf kanun yolun"
167,29.8,Yargıtay,19,35817,2019,415,2020-01-27,gebe+illiyet,gebe×19 | travma×8 | illiyet×24 | TCK 87/88,KARAR UYUŞMAZLIĞININ GİDERİLMESİ İSTEMİ - BANKA TARAFINDAN DEĞİŞİK GEREKÇELERLE KARŞILIKSIZDIR İŞLEMİ YAPILMAMASI - YÜKÜMLÜ GERÇEK KİŞİNİN KARŞILIKSIZDIR İŞLEMİ YAPILMASINA SEBEBİYET VERME SUÇUNDAN DO,"(5941 S. K. m. 1, 3, 5, 7) (5235 S. K. m. 35) (5271 S. K. m. 195, 223, 280) (7201 S. K. m. 21) (5237 S. K. m. 2, 5) (6102 S. K. m. 757, 758, 759, 760, 761, 762, 763, 764, 780, 781, 795, 799, 800, 801, 812, 818) (Çek Defterlerinin Baskı Şekline ve Bankaların Hamile Ödemekle Yükümlü Olduğu Miktarın Be"
168,29.8,Yargıtay,12,5059,2020,226,2024-01-17,gebe+illiyet,gebe×2 | travma×22 | illiyet×4 | TCK 87/88 | cenin/düşük,YARGITAY KARARI,"İNCELENEN KARARIN MAHKEMESİ:Asliye Ceza Mahkemesi SUÇ: Taksirle öldürme HÜKÜM: Mahkûmiyet TEBLİĞNAME GÖRÜŞÜ: Onama Sanık hakkında kurulan hükmün; karar tarihi itibarıyla 6723 sayılı Kanun’un 33 üncü maddesiyle değişik 5320 sayılı Kanun’un 8 inci maddesi gereği yürürlükte bulunan 1412 sayılı Ceza Muh"
169,29.7,Yargıtay,CG,588,2019,262,2022-04-12,gebe+travma,gebe×9 | travma×21 | illiyet×1 | TCK 87/88 | cenin/düşük,YARGITAY KARARI,"Yargıtay Dairesi: (Kapatılan) 14. Ceza Dairesi Sanık ...’un çocuğun basit cinsel istismarı suçundan TCK’nın 103/1-1.cümle, 103/3-c, 43, 62, 53 ve 63. maddeleri uyarınca 12 yıl 6 ay hapis cezası ile cezalandırılmasına, hak yoksunluğuna ve mahsuba ilişkin ... 5. Ağır Ceza Mahkemesince verilen 01.03.20"
170,29.7,Yargıtay,CG,189,2018,350,2019-04-18,gebe+illiyet,gebe×1 | travma×7 | illiyet×59 | cenin/düşük | trafik/iş kaz,YARGITAY KARARI,"Kararı Veren Yargıtay Dairesi: 11. Ceza Dairesi Mahkemesi:Ağır Ceza Sayısı: 281-177 Resmî belgede sahtecilik suçundan sanık ...’nin 765 sayılı TCK'nın 342, 80, 59/2 ve 647 sayılı Kanun’un 6. maddeleri uyarınca 1 yıl 11 ay 10 gün hapis cezası ile cezalandırılmasına ve cezasının ertelenmesine ilişkin "
171,29.6,Yargıtay,12,3783,2019,511,2021-01-21,gebe+travma,gebe×10 | travma×5 | illiyet×3 | TCK 87/88 | cenin/düşük,TAKSİRLE ÖLDÜRME SUÇU - GÖREVİNİ YERİNE GETİRMEYEN KAMU GÖREVLİLERİ HAKKINDA KASTAMONU CUMHURİYET BAŞSAVCILIĞINA SUÇ DUYURUSUNDA BULUNULMASI GEREKTİĞİNİN GÖZETİLMEMESİ - HÜKMÜN BOZULMASI,"(5237 S. K. m. 22, 81, 82, 83, 85, 98, 175, 176, 177, 178, 257, 278, 279, 280, 284) (4721 S. K. m. 335, 337, 339, 346, 348) &nbsp; Taksirle öldürme suçundan sanıkların mahkumiyetine ilişkin hükümler, sanıklar müdafileri tarafından temyiz edilmekle, dosya incelenerek gereği düşünüldü: &nbsp; Yapılan "
172,29.6,Anayasa,2,161,2018,,2021-09-14,gebe+travma,gebe×168 | travma×3 | illiyet×4 | TCK 87/88 | cenin/düşük,ANAYASA MAHKEMESİNİN 14/9/2021 TARİHLİ VE 2018/161 SAYILI KARARI (BİREYSEL BAŞVURU) ,"(2709 S. K. m. 2, 5, 17, 125) (6216 S. K. m. 50) (Anayasa Mahkemesi İçtüzüğü m. 79) (ANY. MAH. 14.10.2015 T. 2013/4194 E.) (ANY. MAH. 18.09.2013 T. 2012/969 E.) (ANY. MAH. 17.09.2013 T. 2012/752 E.) (ANY. MAH. 03.04.2014 T. 2013/2839 E.) (ANY. MAH. 21.01.2016 T. 2013/2803 E.) (ANY. MAH. 10.06.2015 T"
173,29.5,Yargıtay,21,3571,2018,3503,2019-05-07,gebe+illiyet,gebe×1 | travma×18 | illiyet×15 | TCK 87/88 | trafik/iş kaz,TAZMİNAT DAVASI - ÖLENİN OLAYDA HİÇ KUSURUNUN BULUNMADIĞININ ANLAŞILIP KAZA OLAYININ MEYDANA GELMESİNDE KUSURU BULUNANLAR ARASINDAKİ KUSUR DAĞILIMININ KENDİ ARALARINDA GÖRÜLMESİ MUHTEMEL RÜCU DAVASIND,"(6100 S. K. m. 362) (6098 S. K. m. 71, 163) (818 S. K. m. 47) &nbsp; TÜRK MİLLETİ ADINA &nbsp; Davacılar, murisinin iş kazası sonucu ölümünden doğan maddi ve manevi tazminatın ödetilmesine karar verilmesini istemiştir. &nbsp; İlk Derece Mahkemesince davanın kısmen kabulüne karar verilmesi üzerine da"
174,29.5,Yargıtay,21,7391,2018,4413,2019-06-17,gebe+illiyet,gebe×1 | travma×31 | illiyet×14 | TCK 87/88 | trafik/iş kaz,YARGITAY KARARI,"MAHKEMESİ: İzmir Bölge Adliye Mahkemesi 3. Hukuk Dairesi İLK DERECE MAHKEMESİ: ... İş Mahkemesi TÜRK MİLLETİ ADINA Davacılar, murisinin iş kazası sonucu ölümünden doğan maddi ve manevi tazminatın ödetilmesine karar verilmesini istemiştir. İlk Derece Mahkemesince davanın kısmen kabulüne karar verilme"
175,29.5,Yargıtay,21,4727,2018,3496,2019-05-07,gebe+illiyet,gebe×1 | travma×23 | illiyet×14 | TCK 87/88 | trafik/iş kaz,YARGITAY KARARI,"MAHKEMESİ: ... Bölge Adliye Mahkemesi 7. Hukuk Dairesi TÜRK MİLLETİ ADINA Davacılar, murisinin iş kazası sonucu ölümünden doğan maddi ve manevi tazminatın ödetilmesine karar verilmesini istemiştir. İlk Derece Mahkemesince davanın kısmen kabulüne karar verilmesi üzerine davacılar ve davalılardan Türk"
176,29.5,A.İ.H.M.,1,22947,1993,,2000-10-10,gebe+travma,gebe×1 | travma×23 | illiyet×13 | TCK 87/88 | trafik/iş kaz,AKKOÇ - TÜRKİYE DAVASI,"(AİHS m. 2, 3, 10, 13, 14, 18, 27, 35, 41) (657 S. K. m. 13, 15, 125) (1412 S. K. m. 151, 152, 153) (765 S. K. m. 235) (2709 S. K. m. 125, 129, 145) (353 S. K. m. 9, 10, 11, 12, 13, 14) (1632 S. K. m. 89) (2577 S. K. m. 13) (818 S. K. m. 41, 42, 43, 44, 45, 46, 50, 53, 55, 100) (285 S. KHK. m. 4) (4"
177,29.5,Yargıtay,10,10419,2022,12727,2023-12-12,gebe+illiyet,gebe×1 | travma×18 | illiyet×11 | TCK 87/88 | trafik/iş kaz,YARGITAY KARARI,"MAHKEMESİ: ... Bölge Adliye Mahkemesi 9. Hukuk Dairesi SAYISI: 2021/16 E., 2022/1591 K. KARAR: Esastan red İLK DERECE MAHKEMESİ: ... İş Mahkemesi SAYISI: 2019/299 E., 2020/790 K. Taraflar arasındaki iş kazasından kaynaklanan maddi ve manevi tazminat davasından dolayı yapılan yargılama sonunda, İlk D"
178,29.5,Yargıtay,21,6513,2018,4234,2019-06-12,gebe+illiyet,gebe×1 | travma×35 | illiyet×23 | TCK 87/88 | trafik/iş kaz,YARGITAY KARARI,"MAHKEMESİ: İzmir Bölge Adliye Mahkemesi 15. Hukuk Dairesi İLK DERECE MAHKEMESİ: Soma İş Mahkemesi TÜRK MİLLETİ ADINA Davacılar, murisinin iş kazası sonucu ölümünden doğan maddi ve manevi tazminatın ödetilmesine karar verilmesini istemiştir. İlk Derece Mahkemesince davanın kısmen kabulüne karar veril"
179,29.5,Yargıtay,21,7052,2018,4238,2019-06-12,gebe+illiyet,gebe×1 | travma×30 | illiyet×14 | TCK 87/88 | trafik/iş kaz,YARGITAY KARARI,"MAHKEMESİ: İzmir Bölge Adliye Mahkemesi 3. Hukuk Dairesi İLK DERECE MAHKEMESİ: Soma İş Mahkemesi TÜRK MİLLETİ ADINA Davacılar, murisinin iş kazası sonucu ölümünden doğan maddi ve manevi tazminatın ödetilmesine karar verilmesini istemiştir. İlk Derece Mahkemesince davanın kısmen kabulüne karar verilm"
180,29.5,Yargıtay,21,3192,2018,9094,2018-12-10,gebe+illiyet,gebe×1 | travma×27 | illiyet×15 | TCK 87/88 | trafik/iş kaz,YARGITAY KARARI,MAHKEMESİ: Bölge Adliye Mahkemesi 7. Hukuk Dairesi İLK DERECE MAHKEMESİ: İş Mahkemesi K A R A R 1-Miktar veya değeri temyiz kesinlik sınırını geçmeyen davalara ilişkin nihai kararlar 6100 sayılı Hukuk Muhakemeleri Kanununun 362/1-(a) maddesi uyarınca temyiz edilemez. Kesinlik sınırı kamu düzeni ile 
181,29.5,Yargıtay,21,3569,2018,3501,2019-05-07,gebe+illiyet,gebe×1 | travma×23 | illiyet×14 | TCK 87/88 | trafik/iş kaz,TAZMİNAT DAVASI - ÖLENİN OLAYDA HİÇ KUSURUNUN BULUNMADIĞININ ANLAŞILIP KAZA OLAYININ MEYDANA GELMESİNDE KUSURU BULUNANLAR ARASINDAKİ KUSUR DAĞILIMININ KENDİ ARALARINDA GÖRÜLMESİ MUHTEMEL RÜCU DAVASIND,"(6100 S. K. m. 362) (6098 S. K. m. 56, 60, 71, 163) (818 S. K. m. 47) &nbsp; Davacılar, murisinin iş kazası sonucu ölümünden doğan maddi ve manevi tazminatın ödetilmesine karar verilmesini istemiştir. &nbsp; İlk Derece Mahkemesince davanın kısmen kabulüne karar verilmesi üzerine davalılardan Türkiye"
182,29.5,Yargıtay,21,3485,2018,8385,2018-11-19,gebe+illiyet,gebe×1 | travma×25 | illiyet×14 | TCK 87/88 | trafik/iş kaz,YARGITAY KARARI,"MAHKEMESİ: ... Bölge Adliye Mahkemesi 7. Hukuk Dairesi İLK DERECE MAHKEMESİ: ... İş Mahkemesi TÜRK MİLLETİ ADINA K A R A R A)Davacı İstemi; Davacı vekili dava dilekçesinde özetle; 13/05/2014 tarihinde ...'da meydana gelen maden kazasında kök murislerinin vefat ettiğini, ailenin desteklerini kaybetti"
183,29.5,Yargıtay,10,12025,2023,12721,2023-12-12,gebe+illiyet,gebe×1 | travma×18 | illiyet×11 | TCK 87/88 | trafik/iş kaz,YARGITAY KARARI,"MAHKEMESİ: ... Bölge Adliye Mahkemesi 9. Hukuk Dairesi SAYISI: 2019/1481 E., 2021/1999 K. KARAR: Kabul İLK DERECE MAHKEMESİ: ... İş Mahkemesi SAYISI: 2014/756 E., 2019/93 K. Taraflar arasındaki iş kazasından kaynaklanan maddi ve manevi tazminat davasından dolayı yapılan yargılama sonunda, İlk Derece"
184,29.5,Yargıtay,10,3385,2024,5268,2025-04-08,gebe+illiyet,gebe×1 | travma×15 | illiyet×14 | TCK 87/88 | trafik/iş kaz,YARGITAY KARARI,"MAHKEMESİ: İstanbul Bölge Adliye Mahkemesi 31. Hukuk Dairesi SAYISI: 2022/3014 E., 2022/1712 K. İLK DERECE MAHKEMESİ: İstanbul Anadolu 24. İş Mahkemesi SAYISI: 2018/77 E., 2022/606 K. Taraflar arasındaki iş kazasından kaynaklanan maddi tazminat davasından dolayı yapılan yargılama sonunda, İlk Derece"
185,29.5,Yargıtay,10,9158,2023,12719,2023-12-12,gebe+illiyet,gebe×1 | travma×18 | illiyet×11 | TCK 87/88 | trafik/iş kaz,YARGITAY KARARI,"MAHKEMESİ:İş Mahkemesi SAYISI: 2020/90 Esas, 2021/664 Karar HÜKÜM/KARAR: Red, Kısmen Kabul Taraflar arasında İlk Derece Mahkemesinde görülen ve istinaf aşamasından geçen iş kazasından kaynaklı maddi ve manevi tazminat davasında verilen karar hakkında yapılan temyiz incelemesi sonucunda, Yargıtay (Ka"
186,29.5,Yargıtay,21,6515,2018,4410,2019-06-17,gebe+illiyet,gebe×1 | travma×30 | illiyet×23 | TCK 87/88 | trafik/iş kaz,YARGITAY KARARI,"MAHKEMESİ: İzmir Bölge Adliye Mahkemesi 15. Hukuk Dairesi İLK DERECE MAHKEMESİ: Soma İş Mahkemesi TÜRK MİLLETİ ADINA 1-Davacı Kardeşin Manevi Tazminat İstemine Yönelik Hüküm Yönünden, Miktar veya değeri temyiz kesinlik sınırını geçmeyen davalara ilişkin nihai kararlar 6100 sayılı Hukuk Muhakemeleri "
187,29.5,Yargıtay,21,3190,2018,9093,2018-12-10,gebe+illiyet,gebe×1 | travma×27 | illiyet×15 | TCK 87/88 | trafik/iş kaz,YARGITAY KARARI,MAHKEMESİ: Bölge Adliye Mahkemesi 7. Hukuk Dairesi İLK DERECE MAHKEMESİ: İş Mahkemesi K A R A R 1-Miktar veya değeri temyiz kesinlik sınırını geçmeyen davalara ilişkin nihai kararlar 6100 sayılı Hukuk Muhakemeleri Kanununun 362/1-(a) maddesi uyarınca temyiz edilemez. Kesinlik sınırı kamu düzeni ile 
188,29.5,Yargıtay,21,7257,2018,4243,2019-06-12,gebe+illiyet,gebe×1 | travma×30 | illiyet×14 | TCK 87/88 | trafik/iş kaz,YARGITAY KARARI,"MAHKEMESİ: İzmir Bölge Adliye Mahkemesi 3. Hukuk Dairesi İLK DERECE MAHKEMESİ: ... İş Mahkemesi TÜRK MİLLETİ ADINA K A R A R A)Davacı İstemi; Asıl ve birleşen davalar yönünden davacılar vekili dava dilekçelerinde özetle; 13/05/2014 tarihinde ...'da meydana gelen maden kazasında davacılar kök murisin"
189,29.5,Yargıtay,21,1293,2018,3145,2018-04-02,gebe+illiyet,gebe×1 | travma×30 | illiyet×23 | TCK 87/88 | trafik/iş kaz,YARGITAY KARARI,"MAHKEMESİ: ... Bölge Adliye Mahkemesi 15. Hukuk Dairesi MAHKEMESİ: İş Mahkemesi A)Davacı İstemi; Davacılar vekili dava dilekçesinde özetle; 13/05/2014 tarihinde ... 'da meydana gelen maden kazasında müvekkillerinin murisinin vefat ettiğini, maden kazasının olduğu Eynez yeraltı maden ocağının davalıl"
190,29.5,Yargıtay,21,7255,2018,4242,2019-06-12,gebe+illiyet,gebe×1 | travma×32 | illiyet×14 | TCK 87/88 | trafik/iş kaz,YARGITAY KARARI,"MAHKEMESİ: İzmir Bölge Adliye Mahkemesi 3. Hukuk Dairesi İLK DERECE MAHKEMESİ: ... İş Mahkemesi TÜRK MİLLETİ ADINA Davacılar, murisinin iş kazası sonucu ölümünden doğan maddi ve manevi tazminatın ödetilmesine karar verilmesini istemiştir. İlk Derece Mahkemesince davanın kısmen kabulüne karar verilme"
191,29.5,A.İ.H.M.,A.İ.H.M.,25803,1994,,1999-07-28,gebe+travma,gebe×7 | travma×43 | illiyet×21 | TCK 87/88,SELMOUNI - FRANSA DAVASI,"(AİHS. m. 3, 6, 35, 41 ) (AKDIVAR VE DİĞERLERİ - TÜRKİYE DAVASI)(MCCANN VE DİĞERLERİ - BİRLEŞİK KRALLIK DAVASI) (AKSOY - TÜRKİYE DAVASI) (TEKİN VD. - TÜRKİYE DAVASI) Başvuru No: 25803/94 Hollanda ve Fas vatandaşı olan başvuru sahibi, Selmouni kendisinin gözaltında iken maruz kaldığı kötü muameleden "
192,29.5,Yargıtay,21,1006,2018,1745,2018-02-26,gebe+illiyet,gebe×1 | travma×30 | illiyet×14 | TCK 87/88 | trafik/iş kaz,YARGITAY KARARI,"MAHKEMESİ: ... Bölge Adliye Mahkemesi 3. Hukuk Dairesi K A R A R A)Davacı İstemi; Davacılar vekili dava dilekçesinde özetle; 13/05/2014 tarihinde ...'da meydana gelen maden kazasında müvekkillerinin murisinin vefat ettiğini, maden kazasının olduğu ... yeraltı maden ocağının davalılardan ... Genel Mü"
193,29.5,Yargıtay,21,1005,2018,1741,2018-02-26,gebe+illiyet,gebe×1 | travma×30 | illiyet×14 | TCK 87/88 | trafik/iş kaz,TAZMİNAT DAVASI - ÖLÜMLÜ İŞ KAZASI - DAVALILAR ARASINDA ORGANİK BAĞ BULUNUP BULUNMADIĞI - BİRLİKTE İSTİHDAMIN VEYA MUVAZAALI İŞLEMLERİN SÖZ KONUSU OLUP OLMADIĞI - YAPILACAK ARAŞTIRMA SONUCUNA GÖRE KAR,"(4857 S. K. m. 2, 77) (6331 S. K. m. 4, 5, 10, 19) (6098 S. K. m. 56, 60, 61, 62, 71, 163, 417) (818 S. K. m. 47, 142, 332) (6100 S. K. m. 114) (YİBK. 22.06.1966 T. 1966/7 E. 1966/7 K.) (YHGK. 24.12.2014 T. 2014/21-872 E. 2014/1086 K.) (YHGK. 09.10.2013 T. 2013/21-102 E. 2013/1456 K.) (YHGK. 20.03.2"
194,29.5,Yargıtay,21,929,2018,1742,2018-02-26,gebe+illiyet,gebe×1 | travma×30 | illiyet×14 | TCK 87/88 | trafik/iş kaz,TAZMİNAT DAVASI - ÖLÜMLÜ İŞ KAZASI - DAVALILAR ARASINDA ORGANİK BAĞ BULUNUP BULUNMADIĞI - BİRLİKTE İSTİHDAMIN VEYA MUVAZAALI İŞLEMLERİN SÖZ KONUSU OLUP OLMADIĞI - YAPILACAK ARAŞTIRMA SONUCUNA GÖRE KAR,"(4857 S. K. m. 2, 77) (6331 S. K. m. 4, 5, 10, 19) (6098 S. K. m. 56, 60, 61, 62, 71, 163, 417) (818 S. K. m. 47, 142, 332) (6100 S. K. m. 114) (YİBK. 22.06.1966 T. 1966/7 E. 1966/7 K.) (YHGK. 24.12.2014 T. 2014/21-872 E. 2014/1086 K.) (YHGK. 09.10.2013 T. 2013/21-102 E. 2013/1456 K.) (YHGK. 20.03.2"
195,29.4,Yargıtay,3,5677,2022,1903,2023-06-13,gebe+illiyet,gebe×45 | travma×4 | illiyet×12 | cenin/düşük,YARGITAY KARARI,"İNCELENEN KARARIN MAHKEMESİ: Samsun Bölge Adliye Mahkemesi 5. Hukuk Dairesi SAYISI: 2022/543 E., 2022/812 K. DAVA TARİHİ: 23.11.2017 KARAR: Davanın reddi İLK DERECE MAHKEMESİ: Samsun 2. Tüketici Mahkemesi SAYISI: 2017/766 E., 2021/511 K. Taraflar arasındaki maddi-manevi tazminat davasından dolayı ya"
196,29.3,Uyuşmazlık Mahkemesi,HUKUK,482,2016,617,2016-12-26,gebe+illiyet,gebe×1 | travma×6 | illiyet×6 | TCK 87/88 | cenin/düşük,MANEVİ TAZMİNAT DAVASI - AĞIR KİŞİSEL KUSURA DAVALI EYLEM SONUCU İDARENİN HİZMET KUSURU VE OLAY ARASINDAKİ İLLİYET BAĞININ KESİLDİĞİ - DAVANIN HAKSIZ FİİLLERE ÖZGÜ ÖZEL HUKUK HÜKÜMLERİ ÇERÇEVESİNDE AD,"(2709 S. K. m. 125, 129) (2577 S. K. m. 13) (2247 S. K. m. 19, 27) OLAY: Davacılar vekili dava dilekçelerinde özetle; müvekkillerinin 07/04/2013 günü Atatürk Üniversitesi Tıp Fakültesi Araştırma Hastanesine muayene için başvurduklarını, gerek duyulması üzerine ultrason çekimi için radyoloji bölümüne"
197,29.2,Danıştay,10,3849,2022,1156,2024-03-28,gebe+illiyet,gebe×25 | travma×7 | illiyet×10 | TCK 87/88,DANIŞTAY KARARI,T.C. D A N I Ş T A Y ONUNCU DAİRE Esas No : 2022/3849 KararNo : 2024/1156 KARARIN DÜZELTİLMESİNİ İSTEYEN (DAVACILAR): 1- ... 2-... VEKİLİ: Av. ... KARARIN DÜZELTİLMESİNİ İSTEYEN (DAVALILAR): 1- ... Bakanlığı / ANKARA VEKİLİ: Av. ... 2-... Üniversitesi Rektörlüğü VEKİLİ: Av. ... KARARIN DÜZELTİLMESİN
198,29.2,A.İ.H.M.,2,38804,2009,,2015-11-10,gebe+travma,gebe×19 | travma×7 | illiyet×10 | TCK 87/88,ÖZLEM VE BÜLENT DELİCE - TÜRKİYE DAVASI,"(AİHS. m. 2, 13, 37) (2709 S. K. m. 125) (2577 S. K. m. 2, 13) (TURGUT VE DİĞERLERİ - TÜRKİYE DAVASI) (MUSTAFA TUNÇ VE FECİRE TUNÇ - TÜRKİYE DAVASI) (CALVELLİ VE CİGLİO - İTALYA DAVASI) (ZAFER ÖZTÜRK - TÜRKİYE DAVASI) (SÜLEYMAN EGE V. - TÜRKİYE DAVASI) (Başvuru No. 38804/09) KABUL EDİLEBİLİRLİK HAKK"
199,29.2,Yargıtay,CG,837,2017,376,2021-09-09,gebe+travma,gebe×18 | travma×49 | illiyet×6 | TCK 87/88 | trafik/iş kaz,YARGITAY KARARI,"Kararı Veren Yargıtay Dairesi: 12. Ceza Dairesi Mahkemesi:Asliye Ceza Sayısı: 43-267 Taksirle bir kişinin ölümüne neden olma suçundan sanık ...'in TCK'nın 85/1, 62, 50/1 ve 52/2-4. maddeleri uyarınca 15.200 TL adli para cezasıyla cezalandırılmasına ve taksitlendirmeye ilişkin ... 21. Asliye Ceza Mah"
200,29.1,Yargıtay,HG,226,2023,234,2024-05-15,gebe+illiyet,gebe×5 | travma×22 | illiyet×8 | TCK 87/88 | trafik/iş kaz,YARGITAY KARARI,"MAHKEMESİ:İş Mahkemesi SAYISI: 2021/388 E., 2021/643 K. KARAR: Davanın reddine ÖZEL DAİRE KARARI: Yargıtay 10. Hukuk Dairesinin 18.05.2021 tarihli ve 2020/7117 Esas, 2021/6449 Karar sayılı BOZMA kararı Taraflar arasındaki tazminat davasından dolayı yapılan yargılama sonunda İlk Derece Mahkemesince d"
201,29,Yargıtay,3,324,2023,1637,2023-05-29,gebe+illiyet,gebe×33 | travma×4 | illiyet×3 | TCK 87/88 | cenin/düşük,YARGITAY KARARI,"MAHKEMESİ: İzmir Bölge Adliye Mahkemesi 21. Hukuk Dairesi SAYISI: 2021/1884 E., 2022/2334 K. DAVA TARİHİ: 11.10.2018 KARAR: Davanın reddi İLK DERECE MAHKEMESİ: İzmir 2. Tüketici Mahkemesi SAYISI: 2018/476 E., 2021/501 K. Taraflar arasındaki tazminat davasından dolayı yapılan yargılama sonunda İlk De"
202,29,Yargıtay,11,3551,2023,6221,2023-10-26,gebe+illiyet,gebe×28 | travma×2 | illiyet×4 | TCK 87/88 | cenin/düşük,YARGITAY KARARI,"İNCELENEN KARARIN MAHKEMESİ:Ticaret Mahkemesi HÜKÜM : Kabul KARAR DÜZELTME İSTEYEN: Davacılar vekili Taraflar arasındaki tazminat davasının bozma ilamına uyularak yapılan yargılaması sonunda, Mahkemece davanın kabulüne karar verilmiştir. Kararın davalı ... vekili ile ihbar olunan vekili tarafından t"
203,29,Danıştay,10,1658,2022,5579,2023-10-12,gebe+travma,gebe×105 | travma×2 | illiyet×4 | TCK 87/88 | cenin/düşük,DANIŞTAY KARARI,"T.C. D A N I Ş T A Y ONUNCU DAİRE Esas No : 2022/1658 KararNo : 2023/5579 TEMYİZ EDEN (DAVACILAR): 1- ... 2- ... VEKİLLERİ: Av. ... KARŞI TARAF (DAVALI): ... Bakanlığı VEKİLİ: Av. ... İSTEMİN_KONUSU: ... İdare Mahkemesince Danıştay Onuncu Dairesinin 07/05/2019 tarih ve E:2019/7209, K:2019/3628 sayıl"
204,29,Anayasa,GK,3262,2013,,2016-05-11,gebe+travma,gebe×13 | travma×36 | TCK 87/88 | cenin/düşük,ANAYASA MAHKEMESİNİN 11/5/2016 TARİHLİ VE 2013/3262 SAYILI KARARI (BİREYSEL BAŞVURU),"(AİHS m. 3, 17, 41) (İnsan Hakları Evrensel Beyannamesi m.16) (Ekonomik, Sosyal Ve Kültürel Haklara İlişkin Uluslararası Sözleşme m. 10 ) (Medeni ve Siyasi Haklara İlişkin Milletlerarası Antlaşma m. 23) (Kadınlara Karşı Her Türlü Ayrımcılığın Önlenmesine Dair Sözleşme m. 16) (Çocuk Hakları Sözleşmes"
205,28.8,Yargıtay,21,2155,2019,6809,2019-11-12,gebe+illiyet,gebe×2 | travma×21 | illiyet×9 | TCK 87/88 | trafik/iş kaz,YARGITAY KARARI,MAHKEMESİ: Bölge Adliye Mahkemesi 29. Hukuk Dairesi MAHKEMESİ: İş Mahkemesi Taraflar arasındaki tazminat davası nedeniyle bölge adliye mahkemesince verilen hükmün davalılardan ... vekilince duruşmalı olarak temyiz edilmesi üzerine temyiz isteğinin süresinde olduğu anlaşıldıktan sonra düzenlenen rapo
206,28.8,Yargıtay,10,9056,2020,14262,2021-11-16,gebe+illiyet,gebe×2 | travma×17 | illiyet×9 | TCK 87/88 | trafik/iş kaz,TAZMİNAT DAVASI - CEZA VE RÜCU DAVA DOSYASINDAKİ KUSUR RAPORUNUN DA DOSYA KAPSAMINA GETİRİLMESİ GEREKTİĞİ - DOSYA KAPSAMINDAKİ BİLGİ VE BELGELER İLE TARAFLAR LEHİNE OLUŞAN USULİ KAZANILMIŞ HAKLARI DA ,"(2709 S. K. m. 17) (6100 S. K. m. 353) (818 S. K. m. 332) (6098 S. K. m. 417) (4857 S. K. m. 2, 63, 69, 77) (6331 S. K. m. 4, 5, 19, 37) (YHGK. 09.10.2013 T. &nbsp;2013/21-102 E. 2013/1456 K.) (YHGK. 20.03.2013 T. 2012/21-1121 E. 2013/386 K.) &nbsp; Dava ve Karar: Dava, iş kazası ölümünden kaynaklan"
207,28.8,Danıştay,10,5210,2024,5908,2024-12-05,gebe+illiyet,gebe×51 | travma×3 | illiyet×11 | cenin/düşük,DANIŞTAY KARARI,T.C. D A N I Ş T A Y ONUNCU DAİRE Esas No : 2024/5210 KararNo : 2024/5908 TEMYİZ EDEN (DAVACI): ...'a velayeten ... ve ... VEKİLİ: Av. ... TEMYİZ EDEN (DAVALI): ... Bakanlığı VEKİLİ: Av. ... TEMYİZ EDEN MÜDAHİL (DAVALI YANINDA): ... VEKİLİ: Av. ... İSTEMİN_KONUSU: ... İdare Mahkemesinin ... tarih ve
208,28.8,Yargıtay,10,9690,2020,15946,2021-12-14,gebe+illiyet,gebe×2 | travma×15 | illiyet×9 | TCK 87/88 | trafik/iş kaz,YARGITAY KARARI,"Bölge Adliye Mahkemesi : ... Bölge Adliye Mahkemesi.... Hukuk Dairesi Dava, iş kazası ölümünden kaynaklanan maddi ve manevi tazminat istemine ilişkindir. İlk Derece Mahkemesince, hükümde belirtilen gerekçelerle davanın kısmen kabulüne dair verilen karara karşı davacılar ile davalı ... ve davalı ... "
209,28.8,Yargıtay,10,2473,2021,3763,2021-03-23,gebe+illiyet,gebe×2 | travma×17 | illiyet×9 | TCK 87/88 | trafik/iş kaz,YARGITAY KARARI,"Bölge Adliye Mahkemesi : İstanbul Bölge Adliye Mahkemesi 31. Hukuk Dairesi No : 2020/907-2020/1979 İlk Derece Mahkemesi : Bakırköy 22. İş Mahkemesi No : 2013/506-2019/502 Dava, iş kazasından kaynaklanan maddi ve manevi tazminat istemine ilişkindir. İlk Derece Mahkemesince, hükümde belirtilen gerekçe"
210,28.8,Yargıtay,10,6981,2020,413,2021-01-19,gebe+illiyet,gebe×2 | travma×17 | illiyet×9 | TCK 87/88 | trafik/iş kaz,MADDİ VE MANEVİ TAZMİNAT İSTEMİ - TARAFLARIN İDDİA VE İTİRAZ SEBEPLERİNİN DEĞERLENDİRİLMESİNİ DE KAPSAR ŞEKİLDE TESPİT EDEN KUSUR RAPORU ALDIKTAN SONRA OLUŞACAK SONUCA GÖRE BİR KARAR VERİLMESİ GEREĞİ ,"(2709 S. K. m. 17) (6100 S. K. m. 353) (818 S. K. m. 332) (6098 S. K. m. 417) (4857 S. K. m. 2, 4, 69, 77, 78, 79, 80, 81, 83, 84, 85, 86, 87, 88, 89, 95, 105, Geç. m. 2) (6331 S. K. m. 4, 5, 10, 19, 37, Geç. m. 1) (YHGK 09.10.2013 T. 2013/21-102 E. 2013/1456 K.) (YHGK 20.03.2013 T. 2012/21-1121 E. "
211,28.8,Yargıtay,21,4514,2019,738,2020-02-11,gebe+illiyet,gebe×2 | travma×11 | illiyet×9 | TCK 87/88 | trafik/iş kaz,TAZMİNAT DAVASI - OLAYIN NİTELİĞİNE GÖRE İŞVERENİN ALMASI GEREKLİ VEYA ALABİLECEĞİ ÖNLEMLERİN OLUP OLMADIĞI VARSA BUNLARDAN HANGİ ÖNLEMLERİ ALDIĞI HANGİ ÖNLEMLERİ ALMADIĞI - HÜKMÜN BOZULMASI,"(6331 S. K. m. 4, 5) (4857 S. K. &nbsp;m. 77) &nbsp; A) Davacı İstemi; &nbsp; Davacılar dava dilekçesi ile eş için 1.000,00 TL maddi, 150.000,00 TL manevi, çocuklar için 100.000,00 TL manevi tazminatın davalılardan tahsilini talep ve dava etmişlerdir. &nbsp; B) Davalı Cevabı; &nbsp; Davalı taraflar "
212,28.8,Yargıtay,10,3838,2022,5980,2023-05-25,gebe+illiyet,gebe×2 | travma×17 | illiyet×9 | TCK 87/88 | trafik/iş kaz,YARGITAY KARARI,"MAHKEMESİ: ... Bölge Adliye Mahkemesi 9. Hukuk Dairesi SAYISI: 2022/106 E., 2022/164 K. HÜKÜM/KARAR: Esastan ret İLK DERECE MAHKEMESİ: ... 10. İş Mahkemesi SAYISI: 2020/330 E., 2021/512 K. Taraflar arasındaki iş kazasında vefat eden sigortalının hak sahiplerinin maddi ve manevi tazminat istemli dava"
213,28.8,Yargıtay,3,4099,2023,2890,2024-10-08,gebe+illiyet,gebe×31 | travma×3 | illiyet×13 | cenin/düşük,YARGITAY KARARI,"MAHKEMESİ: İzmir Bölge Adliye Mahkemesi 13. Hukuk Dairesi SAYISI: 2022/639 E., 2023/938 K. İLK DERECE MAHKEMESİ: Uşak 2. Asliye Hukuk (Tüketici) Mahkemesi SAYISI: 2021/709 E., 2022/20 K. Taraflar arasındaki tazminat davasından dolayı yapılan yargılama sonunda İlk Derece Mahkemesince davanın reddine "
214,28.8,Yargıtay,10,8923,2021,13283,2021-11-02,gebe+illiyet,gebe×2 | travma×15 | illiyet×9 | TCK 87/88 | trafik/iş kaz,YARGITAY KARARI,"Mahkemesi: ... Bölge Adliye Mahkemesi ... Hukuk Dairesi Dava, İş kazası ölümünden kaynaklanan maddi ve manevi tazminat istemine ilişkindir. İlk Derece Mahkemesince, hükümde belirtilen gerekçelerle davanın kısmen kabulüne dair verilen karara karşı davacılar ve davalı vekili tarafından istinaf yoluna "
215,28.8,Yargıtay,21,5315,2018,6513,2019-11-05,gebe+illiyet,gebe×2 | travma×22 | illiyet×9 | TCK 87/88 | trafik/iş kaz,YARGITAY KARARI,"MAHKEMESİ: ... Bölge Adliye Mahkemesi ... Hukuk Dairesi Asıl ve Birleşen Mahkemenin .../... Esas sayılı davası bakımından; İLK DERECE MAHKEMESİ: ... Asliye Hukuk Mahkemesi TÜRK MİLLETİ ADINA Asıl ve birleşen dava bakımından; Davacı, iş kazası sonucu maluliyetinden doğan maddi ve manevi tazminatın öd"
216,28.8,Yargıtay,10,8483,2020,13753,2021-11-09,gebe+illiyet,gebe×2 | travma×18 | illiyet×9 | TCK 87/88 | trafik/iş kaz,YARGITAY KARARI,"Mahkemesi: ... Bölge Adliye Mahkemesi ...Hukuk Dairesi Dava, iş kazası ölümünden kaynaklanan maddi ve manevi tazminat istemine ilişkindir. İlk Derece Mahkemesince, hükümde belirtilen gerekçelerle davanın reddine dair verilen karara karşı davacılar vekili tarafından istinaf yoluna başvurulması üzerin"
217,28.8,Yargıtay,10,7147,2020,7787,2021-06-08,gebe+illiyet,gebe×2 | travma×10 | illiyet×9 | TCK 87/88 | trafik/iş kaz,TAZMİNAT DAVASI - İŞ KAZASINDAN KAYNAKLANAN MADDİ VE MANEVİ TAZMİNAT İSTEMİ - TARAFLARIN İŞ KAZASININ GERÇEKLEŞMESİNDEKİ KUSUR ORANLARINI HER TÜRLÜ ŞÜPHEDEN UZAK ŞEKİLDE TESPİT ETTİRİLMESİ - HÜKMÜN BO,"(2709 S. K. m. 17) (6100 S. K. m. 353) (818 S. K. m. 332) (6098 S. K. m. 417) (4857 S. K. m. 2, 77) (6331 S. K. m. 4, 5, 10, 19, 37, Geç. m. 1) (YHGK 09.10.2013 T. 2013/21-102 E. 2013/1456 K.) (YHGK 20.03.2013 T. 2012/21-1121 E. 2013/386 K.) &nbsp; Dava, İş kazasından kaynaklanan maddi ve manevi taz"
218,28.8,Yargıtay,HG,21-723,2015,147,2019-02-14,gebe+illiyet,gebe×2 | travma×14 | illiyet×9 | TCK 87/88 | trafik/iş kaz,TAZMİNAT DAVASI - İŞVERENİN İŞYERİNDE İŞ SAĞLIĞI VE GÜVENLİĞİNİN SAĞLANMASI İÇİN GEREKLİ OLAN HER TÜRLÜ ÖNLEMİ ALIP ALMADIĞI - DAVACI İŞÇİNİN ÖNLEMLERE UYUP UYMADIĞI KONULARINDA OLAYIN OLUŞUNA UYGUN Ş,"(2709 S. K. m. 17) (4857 S. K. m. 8, 77) (6098 S. K. m. 393) (818 S. K. m. 332) &nbsp; Taraflar arasındaki &quot;tazminat&quot; davasından dolayı yapılan yargılama sonunda Ankara 15. İş Mahkemesince davanın reddine dair verilen 14.06.2012 tarihli ve 2011/924 E., 2012/877 K. sayılı kararın davacı vek"
219,28.8,Yargıtay,10,10976,2021,15088,2021-11-30,gebe+illiyet,gebe×2 | travma×13 | illiyet×9 | TCK 87/88 | trafik/iş kaz,YARGITAY KARARI,"Bölge Adliye Mahkemesi : ... Bölge Adliye Mahkemesi .... Hukuk Dairesi Dava, İş kazasından kaynaklanan maddi ve manevi tazminat istemine ilişkindir. İlk Derece Mahkemesince, hükümde belirtilen gerekçelerle davanın kısmen kabulüne dair verilen karara karşı davalılar ... Mühendislik İnş. ve Tic. A.Ş. "
220,28.6,Yargıtay,HG,15,2021,1276,2022-10-11,gebe+illiyet,gebe×4 | travma×25 | illiyet×8 | TCK 87/88 | trafik/iş kaz,YARGITAY KARARI,"MAHKEMESİ:İş Mahkemesi 1. Taraflar arasındaki “İş kazasından kaynaklanan maddi ve manevi tazminat” davasından dolayı yapılan yargılama sonunda, ... İş Mahkemesinin davanın reddine ilişkin kararına yönelik ... Bölge Adliye Mahkemesi 6. Hukuk Dairesince davacılar vekilinin istinaf başvurusunun esastan"
221,28.6,Yargıtay,2,6473,2023,4571,2023-10-05,gebe+illiyet,gebe×2 | travma×12 | illiyet×3 | TCK 87/88 | cenin/düşük,YARGITAY KARARI,"MAHKEMESİ: Ankara Bölge Adliye Mahkemesi 2. Hukuk Dairesi SAYISI: 2023/195 E., 2023/765 K. KARAR: Kısmen kabul Taraflar arasında İlk Derece Mahkemesinde görülen ve istinaf incelemesinden geçen karşılıklı boşanma davalarında verilen karar hakkında yapılan temyiz incelemesi sonucunda, Dairece Bölge Ad"
222,28.6,Yargıtay,11,3489,2022,5811,2023-10-12,gebe+travma,gebe×71 | travma×6 | illiyet×15 | TCK 87/88,TAZMİNAT DAVASI - DAVACIYA DOWN SENDROMU KONUSUNDA SÖZLÜ OLARAK BİLGİLENDİRME YAPILDIĞINA İLİŞKİN KAYITLARIN AKSİNİN DAVACI TARAFINDAN İSPATLANAMADIĞI GÖZETİLEREK BİR HÜKÜM KURULMASI GEREKTİĞİ - HÜKMÜ,"(2709 S. K. m. 12, 17) (YHGK 22.03.2022 T. 2020/11-592 E. 2022/356 K.) &nbsp; Taraflar arasındaki tazminat davasından dolayı yapılan yargılama sonunda İlk Derece Mahkemesince davanın kabulüne karar verilmiştir. &nbsp; Kararın davalı vekili tarafından istinaf edilmesi üzerine, Bölge Adliye Mahkemesin"
223,28.6,Anayasa,1,1517,2015,,2018-12-25,gebe+travma,gebe×2 | travma×26 | illiyet×3 | TCK 87/88 | cenin/düşük,ANAYASA MAHKEMESİNİN 25/12/2018 TARİHLİ VE 2015/1517 SAYILI KARARI (BİREYSEL BAŞVURU),"(2709 S. K. m. 5, 17) (765 S. K. m. 243, 452, 455, 456) (5271 S. K. m. 173) (6216 S. K. m. 48) &nbsp;(285 S. KHK. m. 4) (ANY. MAH. 18.09.2013 T. 2012/969 E.) (ANY. MAH. 21.04.2016 T. 2013/2640 E.) (ANY. MAH. 21.04.2016 T. 2013/7832 E.) (ANY. MAH. 19.04.2017 T. 2014/17591 E.) (ANY. MAH. 17.09.2013 T."
224,28.6,Yargıtay,4,23044,2021,2707,2023-03-01,gebe+travma,gebe×2 | travma×8 | illiyet×4 | TCK 87/88 | cenin/düşük,YARGITAY KARARI,"MAHKEMESİ : İzmir Bölge Adliye Mahkemesi 4. Hukuk Dairesi İLK DERECE MAHKEMESİ : Turgutlu 2. Asliye Hukuk Mahkemesi HÜKÜM/KARAR : Esastan Ret, Kabul Taraflar arasındaki yayın yoluyla kişilik haklarına saldırı nedeniyle manevi tazminat davasından dolayı yapılan yargılama sonunda, İlk Derece Mahkemesi"
225,28.5,Yargıtay,4,23038,2021,2706,2023-03-01,gebe+travma,gebe×3 | travma×5 | illiyet×5 | TCK 87/88 | cenin/düşük,YARGITAY KARARI,"MAHKEMESİ : İzmir Bölge Adliye Mahkemesi 4. Hukuk Dairesi İLK DERECE MAHKEMESİ : Turgutlu 1. Asliye Hukuk Mahkemesi HÜKÜM/KARAR : Esastan Ret, Kabul Taraflar arasındaki yayın yoluyla kişilik haklarına saldırı nedeniyle manevi tazminat davasından dolayı yapılan yargılama sonunda, İlk Derece Mahkemesi"
226,28.5,Yargıtay,CG,94,2022,486,2022-06-28,gebe+travma,gebe×5 | travma×112 | illiyet×11 | TCK 87/88,YARGITAY KARARI,"Yargıtay Dairesi: 1. Ceza Dairesi Nitelikli kasten öldürme suçundan sanık ...’ın TCK’nın 82/1-b-d-e, 53 ve 63. maddeleri uyarınca ağırlaştırılmış müebbet hapis cezası ile cezalandırılmasına, hak yoksunluğuna ve mahsuba ilişkin ... 2. Ağır Ceza Mahkemesince verilen 16.08.2016 tarihli ve 79-153 sayılı"
227,28.5,Yargıtay,4,24248,2021,2708,2023-03-01,gebe+travma,gebe×3 | travma×5 | illiyet×5 | TCK 87/88 | cenin/düşük,YARGITAY KARARI,"MAHKEMESİ : İzmir Bölge Adliye Mahkemesi 4. Hukuk Dairesi İLK DERECE MAHKEMESİ : Turgutlu 2. Asliye Hukuk Mahkemesi HÜKÜM/KARAR : Esastan Ret, Kabul Taraflar arasındaki yayın yoluyla kişilik haklarına saldırı nedeniyle manevi tazminat davasından dolayı yapılan yargılama sonunda, İlk Derece Mahkemesi"
228,28.4,Anayasa,1,502,2015,,2019-01-10,gebe+illiyet,gebe×22 | travma×1 | illiyet×4 | TCK 87/88 | cenin/düşük,ANAYASA MAHKEMESİNİN 10/1/2019 TARİHLİ VE 2015/502 SAYILI KARARI (BİREYSEL BAŞVURU),"(AİHS m. 8) (2709 S. K. m. 17, 56) (6098 S. K. m. 49) (1219 S. K. m. 75) (6384 S. K. Geç. m. 2) (İCLAL KARAKOCA VE HÜSEYİN KARAKOCA V. - TÜRKİYE DAVASI) (CALVELLİ VE CİGLİO - İTALYA DAVASI) (ŞERİF GECEKUŞU - TÜRKİYE DAVASI) (YARDIMCI - TÜRKİYE DAVASI) (ANY. MAH. 12.09.2018 T. 2014/13828 E.) (ANY. MA"
229,28.4,Danıştay,10,3640,2021,6591,2024-12-18,gebe+illiyet,gebe×25 | travma×1 | illiyet×4 | cenin/düşük | obstetrik komp.,DANIŞTAY KARARI,"T.C. D A N I Ş T A Y ONUNCU DAİRE EsasNo : 2021/3640 KararNo : 2024/6591 KARARIN DÜZELTİLMESİNİ İSTEYEN (DAVACI): ... VEKİLİ: Av. ... KARŞI TARAF (DAVALI): ... Bakanlığı VEKİLİ: Av. ... MÜDAHİL (DAVALI YANINDA): ... VEKİLİ: Av. ... İSTEMİN_KONUSU: ... İdare Mahkemesinin ... tarih ve E:..., K:... say"
230,28.4,Yargıtay,4,21149,2021,2424,2023-02-23,gebe+travma,gebe×4 | travma×4 | illiyet×5 | TCK 87/88 | cenin/düşük,YARGITAY KARARI,"MAHKEMESİ: İzmir Bölge Adliye Mahkemesi 4. Hukuk Dairesi SAYISI: 2019/849 E., 2021/1436 K. HÜKÜM/KARAR: Esastan Ret İLK DERECE MAHKEMESİ: Turgutlu 1. Asliye Hukuk Mahkemesi SAYISI: 2018/7 E., 2018/825 K. Taraflar arasındaki basın yoluyla kişilik haklarının ihlali nedeniyle manevi tazminat davasından"
231,28.3,Yargıtay,21,4744,2018,5643,2019-10-01,gebe+illiyet,gebe×1 | travma×14 | illiyet×9 | TCK 87/88 | trafik/iş kaz,YARGITAY KARARI,"MAHKEMESİ: ... Bölge Adliye Mahkemesi ... Hukuk Dairesi İLK DERECE MAHKEMESİ: ... İş Mahkemesi Davacılar, murisinin iş kazası sonucu ölümünden doğan maddi ve manevi tazminatın ödetilmesine karar verilmesini istemiştir. İlk Derece Mahkemesince davanın kısmen kabulüne karar verilmesi üzerine davalılar"
232,28.3,Yargıtay,21,5277,2018,6071,2019-10-14,gebe+illiyet,gebe×1 | travma×14 | illiyet×9 | TCK 87/88 | trafik/iş kaz,YARGITAY KARARI,"MAHKEMESİ: ... Bölge Adliye Mahkemesi ... Hukuk Dairesi İLK DERECE MAHKEMESİ: ... İş Mahkemesi Davacılar, murisinin iş kazası sonucu ölümünden doğan maddi ve manevi tazminatın ödetilmesine karar verilmesini istemiştir. İlk Derece Mahkemesince davanın kısmen kabulüne karar verilmesi üzerine davacılar"
233,28.3,Yargıtay,10,7559,2021,1931,2022-02-15,gebe+illiyet,gebe×1 | travma×15 | illiyet×9 | TCK 87/88 | trafik/iş kaz,YARGITAY KARARI,"Mahkemesi : ... Bölge Adliye Mahkemesi 3. Hukuk Dairesi İlk DereceMahkemesi : Soma İş Mahkemesi Dava, iş kazasından kaynaklanan maddi ve manevi tazminat istemlerine ilişkindir. İlk Derece Mahkemesince, hükümde belirtilen gerekçelerle asıl dava dosyası yönünden Ege Linyitleri İşletmesi Müessese Müdür"
234,28.3,Yargıtay,10,4426,2024,6611,2025-04-22,gebe+illiyet,gebe×1 | travma×19 | illiyet×9 | TCK 87/88 | trafik/iş kaz,YARGITAY KARARI,"MAHKEMESİ: İzmir Bölge Adliye Mahkemesi 19. Hukuk Dairesi SAYISI: 2020/3015 E., 2022/1438 K. İLK DERECE MAHKEMESİ: ... 1. İş Mahkemesi SAYISI: 2018/671 E., 2020/236 K. Taraflar arasındaki iş kazasından kaynaklanan maddi tazminat davasından dolayı yapılan yargılama sonunda, İlk Derece Mahkemesince da"
235,28.3,Yargıtay,10,2709,2021,1079,2022-01-25,gebe+illiyet,gebe×1 | travma×15 | illiyet×9 | TCK 87/88 | trafik/iş kaz,YARGITAY KARARI,"Mahkemesi:İş Mahkemesi Dava, iş kazasından kaynaklanan maddi ve manevi tazminat istemlerine ilişkindir. Mahkemece, bozmaya uyularak ilamda belirtildiği şekilde birleşen dava dosyası yönünden davanın açılmamış sayılmasına, asıl dava dosyası yönünden davanın kısmen kabulüne karar verilmiştir. Hükmün, "
236,28.3,Yargıtay,10,8689,2020,5591,2021-04-20,gebe+illiyet,gebe×1 | travma×14 | illiyet×9 | TCK 87/88 | trafik/iş kaz,TAZMİNAT DAVASI - DAVACILARINDAN MÜŞTEREKEN VE MÜTESELSİLEN ALINARAK BU TUTARIN BELİRLİ MİKTARININ DAVALILARIN TAMAMINA KALAN BELİRLİ MİKTAR İSE DAVALIYA VERİLMESİNE RAKAM VE SÖZCÜKLERİNİN YAZILMASI G,"(5521 S. K. m. 8) (7036 S. K. m. 7, 8) (6331 S. K. m. 4, 5, 10) (818 S. K. m. 332) (6098 S. K. m. 56, 417) (4857 S. K. m. 2, 77) (6100 S. K. m. 297, 346, 362, 366, 370, Ek. m. 1) (YHGK 09.10.2013 T. 2013/21-102 E. 2013/1456 K.)(YHGK 23.6.2004 T. 2004/13-291 E. 2004/370 K.) &nbsp; Dava: Dava, iş kaza"
237,28.3,Yargıtay,21,3954,2018,4933,2019-09-10,gebe+illiyet,gebe×1 | travma×13 | illiyet×9 | TCK 87/88 | trafik/iş kaz,YARGITAY KARARI,"MAHKEMESİ: ... Bölge Adliye Mahkemesi 15. Hukuk Dairesi İLK DERECE MAHKEMESİ: ...İş Mahkemesi TÜRK MİLLETİ ADINA K A R A R A)Davacı İstemi; Davacılar vekili dava dilekçesi ve ıslahla eş için 135.475,73 TL maddi, 200.000,00 TL manevi, çocuk Nazmiye için 36.886,32 TL maddi, 150.000,00 TL manevi, çocuk"
238,28.3,Yargıtay,21,6072,2018,5426,2019-09-24,gebe+illiyet,gebe×1 | travma×13 | illiyet×9 | TCK 87/88 | trafik/iş kaz,YARGITAY KARARI,"MAHKEMESİ: ...Hukuk Dairesi TÜRK MİLLETİ ADINA Asıl ve birleşen davaların davacılar murisinin, iş kazası sonucu ölümünden doğan maddi ve manevi tazminatın ödetilmesine karar verilmesini istemiştir. İlk Derece Mahkemesince asıl ve birleşen davaların kısmen kabulüne karar verilmesi üzerine davacılarda"
239,28.3,Yargıtay,10,12521,2023,816,2024-02-06,gebe+illiyet,gebe×1 | travma×16 | illiyet×9 | TCK 87/88 | trafik/iş kaz,YARGITAY KARARI,"MAHKEMESİ: İzmir Bölge Adliye Mahkemesi 19. Hukuk Dairesi SAYISI: 2020/3110 E., 2021/1307 K. KARAR: Esastan Ret İLK DERECE MAHKEMESİ: Soma İş Mahkemesi SAYISI: 2014/626 Esas, 2020/158 Karar Taraflar arasındaki iş kazasından kaynaklanan maddi ve manevi tazminat davasından dolayı yapılan yargılama son"
240,28.3,Yargıtay,10,11695,2022,7493,2023-07-04,gebe+illiyet,gebe×1 | travma×16 | illiyet×9 | TCK 87/88 | trafik/iş kaz,YARGITAY KARARI,"MAHKEMESİ: ... Bölge Adliye Mahkemesi 3. Hukuk Dairesi SAYISI: 2021/2028 Esas, 2021/1793 Karar HÜKÜM/KARAR: Kısmen Kabul Taraflar arasında İlk Derece Mahkemesinde görülen ve istinaf incelemesinden geçen iş kazasından kaynaklanan maddi ve manevi tazminat davasından dolayı yapılan yargılama sonunda, D"
241,28.3,Yargıtay,10,13223,2021,1511,2022-02-08,gebe+illiyet,gebe×1 | travma×14 | illiyet×9 | TCK 87/88 | trafik/iş kaz,YARGITAY KARARI,"Mahkemesi:İş Mahkemesi Dava, iş kazasından kaynaklanan maddi ve manevi tazminat istemlerine ilişkindir. Mahkemece, bozmaya uyularak ilamda belirtildiği şekilde davanın kısmen kabulüne karar verilmiştir. Hükmün, davalı ... Genel Müdürlüğü tarafından temyiz edilmesi üzerine temyiz isteğinin süresinde "
242,28.3,Yargıtay,10,9523,2020,2980,2021-03-09,gebe+illiyet,gebe×1 | travma×15 | illiyet×9 | TCK 87/88 | trafik/iş kaz,MADDİ VE MANEVİ TAZMİNAT DAVASI - KUSUR DAĞILIMININ İLERDE KENDİ ARALARINDA AÇILABİLECEK RÜCU DAVASINDA DEĞERLENDİRİLECEĞİ - GENEL MÜDÜRLÜĞÜNÜN ÜNVANININ GEREKÇELİ KARAR BAŞLIĞINDA EKSİK VE HATALI GÖS,"(7036 S. K. m. 8) (6100 S. K. m. 297, 362, 366) (818 S. K m. 332) (6331 S. K. m. 4, 5, 10) (6098 S. K. m. 417) (4857 S. K. m. 2, 77) (6098 S. K. m. 56) (492 S. K. m. 8) (YHGK. 09.10.2013 T. 2013/21-102 E. 2013/1456 K.) (YHGK. 20.03.2013 T. 2012/21-1121 E. 2013/386 K.) &nbsp; Dava ve Karar: Dava, iş "
243,28.3,Yargıtay,21,6076,2018,6068,2019-10-14,gebe+illiyet,gebe×1 | travma×13 | illiyet×9 | TCK 87/88 | trafik/iş kaz,YARGITAY KARARI,"MAHKEMESİ: ... Bölge Adliye Mahkemesi ... Hukuk Dairesi İLK DERECE MAHKEMESİ: ... İş Mahkemesi Asıl ve Birleşen ... İş Mahkemesinin .../... Esas sayılı davası bakımından; K A R A R 1-Davacı Kardeşin Manevi Tazminat İstemine İlişkin Hüküm Yönünden, Miktar veya değeri temyiz kesinlik sınırını geçmeyen"
244,28.3,Yargıtay,10,11578,2020,8292,2021-06-15,gebe+illiyet,gebe×1 | travma×15 | illiyet×9 | TCK 87/88 | trafik/iş kaz,İŞ KAZASINDAN KAYNAKLI TAZMİNAT DAVASI - TEMYİZİN KAPSAM VE NEDENLERİNE GÖRE KARARDA SAİR YÖNLERDEN BİR YANLIŞLIK OLMADIĞI -  DAVALININ ÜNVANININ GEREKÇELİ KARAR BAŞLIĞINDA EKSİK GÖSTERİLMESİ İSABETSİ,"(5521 S. K. m. 8) (7036 S. K. m. 7, 8) (6100 S. K. m. 297, 346, 362, 366, Geç. m. 3) (6331 S. K. m. 4, 5, 10) (818 S. K. m. 47, 332) (1086 S. K. m. 438) (6098 S. K. m. 77, 417) (4857 S. K. m. 2) (YHGK 09.10.2013 T. 2013/21-102 E. 2013/1456 K.) (YHGK 20.03.2013 T., 2012/21-1121 E. 2013/386 K.) (YHGK "
245,28.3,Yargıtay,10,11371,2020,5599,2021-04-20,gebe+illiyet,gebe×1 | travma×14 | illiyet×9 | TCK 87/88 | trafik/iş kaz,YARGITAY KARARI,"Mahkemesi:İş Mahkemesi No: 2020/7-2020/682 Dava, iş kazasından kaynaklanan maddi ve manevi tazminat istemlerine ilişkindir. Mahkemece, bozmaya uyularak ilamda belirtildiği şekilde müteveffa davacı ...'in maddi tazminat istemi yönünden davanın açılmamış sayılmasına, davalılar ... ve ... yönünden husu"
246,28.3,Yargıtay,10,2711,2021,1502,2022-02-08,gebe+illiyet,gebe×1 | travma×15 | illiyet×9 | TCK 87/88 | trafik/iş kaz,YARGITAY KARARI,"Mahkemesi:İş Mahkemesi Dava, iş kazasından kaynaklanan maddi ve manevi tazminat istemlerine istemine ilişkindir. Mahkemece, bozmaya uyularak ilamda belirtildiği şekilde davalı .... yönünden feragat nedeniyle davanın reddine, diğer davalılar yönünden davanın kısmen bulüne karar verilmiştir. Hükmün, d"
247,28.3,Yargıtay,21,580,2020,2096,2020-06-09,gebe+illiyet,gebe×1 | travma×13 | illiyet×9 | TCK 87/88 | trafik/iş kaz,YARGITAY KARARI,"MAHKEMESİ: ... Bölge Adliye Mahkemesi 7. Hukuk Dairesi TÜRK MİLLETİ ADINA K A R A R A)Davacı İstemi Davacılar dava dilekçesi ve ıslah ile eş için 155.121,83 TL maddi, 300.000,00 TL manevi, çocuk ...için 21.510,14 TL maddi, 200.000,00 TL manevi, çocuk ... için 25.535,07 TL maddi, 200.000,00 TL manevi"
248,28.3,Yargıtay,10,8896,2020,7328,2021-06-01,gebe+illiyet,gebe×1 | travma×15 | illiyet×9 | TCK 87/88 | trafik/iş kaz,YARGITAY KARARI,": ... İş Mahkemesi Dava, iş kazasından kaynaklanan maddi ve manevi tazminat istemine ilişkindir. İlk Derece Mahkemesince, hükümde belirtilen gerekçelerle davanın kısmen kabulüne dair verilen karara karşı davalı ... tarafından istinaf yoluna başvurulması üzerine, İzmir Bölge Adliye Mahkemesi 3. Hukuk"
249,28.3,Yargıtay,21,3075,2018,9356,2018-12-17,gebe+illiyet,gebe×1 | travma×14 | illiyet×9 | TCK 87/88 | trafik/iş kaz,YARGITAY KARARI,"MAHKEMESİ: Bölge Adliye Mahkemesi . Hukuk Dairesi İLK DERECE MAHKEMESİ: İş Mahkemesi Davacılar, murisinin iş kazası sonucu ölümünden doğan maddi ve manevi tazminatın ödetilmesine karar verilmesini istemiştir. İlk Derece Mahkemesince davanın kısmen kabulüne karar verilmesi üzerine taraf vekillerince "
250,28.3,Yargıtay,21,185,2019,7425,2019-12-03,gebe+illiyet,gebe×1 | travma×13 | illiyet×9 | TCK 87/88 | trafik/iş kaz,TAZMİNAT DAVASI - SİGORTALININ İŞ KAZASI SONUCUNDA VEFATI - BİRLİKTE İSTİHDAMIN VEYA MUVAZAALI İŞLEMLERİN SÖZ KONUSU OLUP OLMADIĞI - DAVACI EŞİN YENİDEN EVLENMESİ ŞEKLİNDEKİ MADDİ VAKIANIN DEĞERLENDİR,"(6331 S. K. m. 4, 5, 10) (818 S. K. m. 47, 332) (6098 S. K. m. 56, 417) (4857 S. K. m. 2, 77) (YHGK 09.10.2013 T. 2013/21-102 E. 2013/1456 K.) (YHGK 20.03.2013 T. 2012/21-1121 E. 2013/386 K.) (YHGK 23.06.2004 T. 2004/13-291 E. 2004/370 K.) &nbsp; Dava ve Karar: A)Davacı İstemi &nbsp; Davacılar dava "
251,28.3,Yargıtay,10,736,2021,3216,2022-03-08,gebe+illiyet,gebe×1 | travma×19 | illiyet×9 | TCK 87/88 | trafik/iş kaz,YARGITAY KARARI,"Mahkemesi : ... Bölge Adliye Mahkemesi 33. Hukuk Dairesi İlk Derece Mahkemesi : ... 36. İş Mahkemesi Dava, rücuan tazminat istemine ilişkindir. İlk Derece Mahkemesince, hükümde belirtilen gerekçelerle davanın kabulüne dair verilen karara karşı davacı Kurum ve davalılardan...İnş. Ltd. Şti. vekilleri "
252,28.3,Yargıtay,21,4394,2018,4938,2019-09-10,gebe+illiyet,gebe×1 | travma×13 | illiyet×9 | TCK 87/88 | trafik/iş kaz,YARGITAY KARARI,"MAHKEMESİ: ... Bölge Adliye Mahkemesi ... Hukuk Dairesi İLK DERECE MAHKEMESİ: ... İş Mahkemesi K A R A R A)Davacı İstemi; Davacılar vekili dava dilekçesi ve ıslah ile eş için 190.137,89 TL maddi, 120.000,00 TL manevi, çocuk ... için 55.145,07 TL maddi, 80.000,00 TL manevi, çocuk ... için 83.790,87TL"
253,28.3,Yargıtay,10,1815,2021,1076,2022-01-25,gebe+illiyet,gebe×1 | travma×15 | illiyet×9 | TCK 87/88 | trafik/iş kaz,YARGITAY KARARI,"Mahkemesi:İş Mahkemesi Dava, iş kazasından kaynaklanan maddi ve manevi tazminat istemlerine istemine ilişkindir. Mahkemece, bozmaya uyularak ilamda belirtildiği şekilde davalı .... yönünden davanın reddine, diğer davalılar yönünden davanın kısmen kabulüne karar verilmiştir. Hükmün, davalı ... Genel "
254,28.3,Yargıtay,10,2612,2021,1078,2022-01-25,gebe+illiyet,gebe×1 | travma×16 | illiyet×9 | TCK 87/88 | trafik/iş kaz,YARGITAY KARARI,"Mahkemesi:İş Mahkemesi Dava, iş kazasından kaynaklanan maddi ve manevi tazminat istemlerine ilişkindir. Mahkemece, bozmaya uyularak ilamda belirtildiği şekilde davanın kısmen kabulüne karar verilmiştir. Hükmün, davacılar ve davalı ... Genel Müdürlüğü tarafından temyiz edilmesi üzerine temyiz isteğin"
255,28.3,Yargıtay,10,9272,2020,5596,2021-04-20,gebe+illiyet,gebe×1 | travma×15 | illiyet×9 | TCK 87/88 | trafik/iş kaz,YARGITAY KARARI,"Mahkemesi: ... Bölge Adliye Mahkemesi ...Hukuk Dairesi Dava, iş kazasından kaynaklanan maddi ve manevi tazminat istemlerine ilişkindir. İlk Derece Mahkemesince, hükümde belirtilen gerekçelerle asıl dava dosyası yönünden davalı ... hakkındaki davanın husumet nedeniyle reddine, diğer davalılar açısınd"
256,28.3,Yargıtay,21,5112,2017,3288,2019-04-30,gebe+illiyet,gebe×1 | travma×13 | illiyet×9 | TCK 87/88 | trafik/iş kaz,TAZMİNAT DAVASI - MADEN KAZASI GİBİ TOPLUMU DERİNDEN ETKİLEYEN FACİALARDA İLE HÜKÜM ALTINA ALINAN MANEVİ TAZMİNAT TUTARLARI DEĞERLENDİRİLİRKEN MANEVİ TAZMİNATIN CAYDIRICILIK UNSURUNUN ÖNE ÇIKMASI GERE,"(6331 S. K. m. 4, 5) (818 S. K. m. 332,417) (4857 S. K. m. 2, 77) (YHGK. 09.10.2013 T. 2013/21-102 E. 2013/1456 K.) (YHGK. 20.03.2013 T. 2012/21-1121 E. 2013/386 K.) &nbsp; Davacılar murisinin, iş kazası sonucu ölümünden doğan maddi ve manevi tazminatın ödetilmesine karar verilmesini istemiştir. &nb"
257,28.3,Yargıtay,4,11626,2023,2868,2024-03-19,gebe+illiyet,gebe×9 | travma×3 | illiyet×12 | cenin/düşük,YARGITAY KARARI,MAHKEMESİ :Asliye Hukuk Mahkemesi SAYISI : 2019/165 E. 2023/54 K. DAVA TARİHİ : 29.04.2010 HÜKÜM/KARAR : Red Taraflar arasındaki rücuen tazminat davasından dolayı yapılan yargılama sonunda İlk Derece Mahkemesince davanın kabulüne karar verilmiştir. Kararın davalı vekili tarafından temyizi üzerine Da
258,28.3,Yargıtay,10,2710,2021,1080,2022-01-25,gebe+illiyet,gebe×1 | travma×15 | illiyet×9 | TCK 87/88 | trafik/iş kaz,YARGITAY KARARI,"Mahkemesi:İş Mahkemesi Dava, iş kazasından kaynaklanan maddi ve manevi tazminat istemlerine ilişkindir. Mahkemece, (kapatılan) 21. Hukuk Dairesinin bozma kararına uyularak ilamda belirtildiği şekilde davanın kısmen kabulüne karar verilmiştir. Hükmün, davalı ... Genel Müdürlüğü vekili tarafından temy"
259,28.3,Yargıtay,21,120,2020,1725,2020-06-01,gebe+illiyet,gebe×1 | travma×13 | illiyet×9 | TCK 87/88 | trafik/iş kaz,YARGITAY KARARI,"MAHKEMESİ: ... Bölge Adliye Mahkemesi 7. Hukuk Dairesi TÜRK MİLLETİ ADINA K A R A R A)Davacı İstemi Davacılar asıl dava dosyasında; eş için 138.620,35 TL maddi, 300.000,00 TL manevi, eşin önceki evliliğinden olma davacı çocuk için 1.000,00 TL maddi, 80.000,00 TL manevi, birleşen 2015/74 Esas sayılı "
260,28.3,Yargıtay,21,100,2019,7204,2019-11-26,gebe+illiyet,gebe×1 | travma×13 | illiyet×9 | TCK 87/88 | trafik/iş kaz,YARGITAY KARARI,"MAHKEMESİ: Bölge Adliye Mahkemesi 9. Hukuk Dairesi MAHKEMESİ: İş Mahkemesi A)Davacı İstemi Davacılar dava dilekçesi ve ıslah ile eş için 204.871,26 TL maddi, 190.000,00 TL manevi, çocuk İbrahim için 25.998,23 TL maddi, 145.00,00 TL manevi, çocuk ... için 57.097,99 TL maddi, 145.000,00 TL manevi, kar"
261,28.3,Yargıtay,10,8797,2020,7332,2021-06-01,gebe+illiyet,gebe×1 | travma×14 | illiyet×9 | TCK 87/88 | trafik/iş kaz,YARGITAY KARARI,"Mahkemesi: ... İş Mahkemesi Dava, iş kazasından kaynaklanan maddi ve manevi tazminat istemlerine ilişkindir. İlk Derece Mahkemesince, hükümde belirtilen gerekçelerle davanın kısmen kabulüne dair verilen karara karşı davalı ... vekili tarafından istinaf yoluna başvurulması üzerine, İzmir Bölge Adliye"
262,28.3,Yargıtay,21,2705,2019,819,2020-02-17,gebe+illiyet,gebe×1 | travma×14 | illiyet×9 | TCK 87/88 | trafik/iş kaz,YARGITAY KARARI,"MAHKEMESİ:İş Mahkemesi Asıl ve Birleşen Mahkemenin 2018/287 Esas sayılı davası bakımından; TÜRK MİLLETİ ADINA Asıl ve birleşen dava bakımından; Davacılar, iş kazası sonucu ölümünden doğan maddi ve manevi tazminatın ödetilmesine karar verilmesini istemiştir. Mahkeme, bozmaya uyarak ilamında belirtild"
263,28.3,Yargıtay,21,5961,2018,5431,2019-09-24,gebe+illiyet,gebe×1 | travma×13 | illiyet×9 | TCK 87/88 | trafik/iş kaz,YARGITAY KARARI,"MAHKEMESİ: ...Hukuk Dairesi TÜRK MİLLETİ ADINA Asıl ve Birleşen dava dosyaları bakımından davacılar, murisinin iş kazası sonucu ölümünden doğan maddi ve manevi tazminatın ödetilmesine karar verilmesini istemiştir. İlk Derece Mahkemesince davanın kısmen kabulüne karar verilmesi üzerine davacılar ...,"
264,28.3,Yargıtay,10,4217,2021,1928,2022-02-15,gebe+illiyet,gebe×1 | travma×15 | illiyet×9 | TCK 87/88 | trafik/iş kaz,YARGITAY KARARI,"Mahkemesi:İş Mahkemesi Dava, iş kazasından kaynaklanan maddi ve manevi tazminat istemlerine istemine ilişkindir. Mahkemece, (kapatılan) 21. Hukuk Dairesinin bozmaya uyularak ilamda belirtildiği şekilde, birleşen 2014/812 Esas 2016/830 Karar sayılı dava dosyasının davalısı .... yönünden feragat neden"
265,28.3,Yargıtay,10,755,2021,7330,2021-06-01,gebe+illiyet,gebe×1 | travma×18 | illiyet×9 | TCK 87/88 | trafik/iş kaz,YARGITAY KARARI,"Mahkemesi: Ankara 29. İş Mahkemesi Dava, iş kazasından kaynaklanan manevi tazminat istemlerine ilişkindir. İlk Derece Mahkemesince, hükümde belirtilen gerekçelerle davanın kısmen kabulüne dair verilen karara karşı davacılar ile davalı ... tarafından istinaf yoluna başvurulması üzerine, Ankara Bölge "
266,28.3,Yargıtay,21,90,2019,6728,2019-11-11,gebe+illiyet,gebe×1 | travma×13 | illiyet×9 | TCK 87/88 | trafik/iş kaz,YARGITAY KARARI,"MAHKEMESİ: Bölge Adliye Mahkemesi 9. Hukuk Dairesi MAHKEMESİ: İş Mahkemesi Davacılar, murisinin işkazası sonucu ölümünden doğan maddi ve manevi tazminatın ödetilmesine karar verilmesini istemiştir. İlk Derece Mahkemesince davanın kısmen kabulüne karar verilmesi üzerine davalılardan ... Genel Müdürlü"
267,28.3,Yargıtay,21,6436,2019,2162,2020-06-11,gebe+illiyet,gebe×1 | travma×14 | illiyet×9 | TCK 87/88 | trafik/iş kaz,YARGITAY KARARI,"MAHKEMESİ:... Bölge Adliye Mahkemesi 8. Hukuk Dairesi TÜRK MİLLETİ ADINA Davacılar, murisinin iş kazası sonucu ölümünden doğan manevi tazminatın ödetilmesine karar verilmesini istemiştir.İlk Derece Mahkemesince davanın kısmen kabulüne karar verilmesi üzerine davalılardan ... Genel Müdürlüğü vekilinc"
268,28.3,Yargıtay,21,230,2020,1729,2020-06-01,gebe+illiyet,gebe×1 | travma×13 | illiyet×9 | TCK 87/88 | trafik/iş kaz,YARGITAY KARARI,"MAHKEMESİ: ... Bölge Adliye Mahkemesi 7. Hukuk Dairesi TÜRK MİLLETİ ADINA Davacılar, murisinin işkazası sonucu ölümünden doğan maddi tazminatın ödetilmesine karar verilmesini istemiştir.İlk Derece Mahkemesince davanın kabulüne karar verilmesi üzerine davalılardan TKİ vekilince istinaf kanun yoluna b"
269,28.3,Yargıtay,21,4223,2018,4927,2019-09-10,gebe+illiyet,gebe×1 | travma×13 | illiyet×9 | TCK 87/88 | trafik/iş kaz,YARGITAY KARARI,"MAHKEMESİ: İzmir Bölge Adliye Mahkemesi 7. Hukuk Dairesi İLK DERECE MAHKEMESİ: Soma İş Mahkemesi TÜRK MİLLETİ ADINA K A R A R A)Davacı İstemi; Davacılar vekili dava ve ıslah dilekçeleri ile eş için 135.337,92 TL maddi, 150.000,00 TL manevi, çocuk Mehmet için 67.355,44 TL maddi, 120.000,00 TL manevi,"
270,28.3,Yargıtay,10,8799,2020,7333,2021-06-01,gebe+illiyet,gebe×1 | travma×14 | illiyet×9 | TCK 87/88 | trafik/iş kaz,YARGITAY KARARI,"Mahkemesi : Soma İş Mahkemesi Dava, iş kazasından kaynaklanan maddi ve manevi tazminat istemlerine ilişkindir. İlk Derece Mahkemesince, hükümde belirtilen gerekçelerle davanın kısmen kabulüne dair verilen karara karşı davalı ... vekili tarafından istinaf yoluna başvurulması üzerine, İzmir Bölge Adli"
271,28.3,Yargıtay,10,13019,2021,1510,2022-02-08,gebe+illiyet,gebe×1 | travma×15 | illiyet×9 | TCK 87/88 | trafik/iş kaz,YARGITAY KARARI,"Mahkemesi:İş Mahkemesi Dava, iş kazasından kaynaklanan maddi ve manevi tazminat istemlerine ilişkindir. Mahkemece, bozmaya uyularak ilamda belirtildiği şekilde asıl dava dosyasının davalılarından .... hakkındaki davanın husumet nedeniyle reddine, diğer davalılar yönünden davanın kısmen kabulüne kara"
272,28.2,Yargıtay,3,262,2024,4050,2024-12-03,gebe+illiyet,gebe×20 | travma×2 | illiyet×53 | cenin/düşük,YARGITAY KARARI,"MAHKEMESİ: Antalya Bölge Adliye Mahkemesi 3. Hukuk Dairesi SAYISI: 2023/235 E., 2023/2038 K. İLK DERECE MAHKEMESİ: Antalya 2. Tüketici Mahkemesi SAYISI: 2021/470 E., 2022/656 K. Taraflar arasındaki maddi manevi tazminat davasından dolayı yapılan yargılama sonunda İlk Derece Mahkemesince maddi tazmin"
273,28.2,Danıştay,10,5326,2021,1519,2025-03-11,gebe+illiyet,gebe×30 | travma×2 | illiyet×27 | cenin/düşük,DANIŞTAY KARARI,T.C. D A N I Ş T A Y ONUNCU DAİRE Esas No : 2021/5326 KararNo : 2025/1519 TEMYİZ EDEN (DAVACI): ...'ya velayeten ...ve ... VEKİLİ: Av. ... KARŞI TARAF (DAVALI): ... Bakanlığı / ANKARA VEKİLİ: Av. ... MÜDAHİL (DAVALI YANINDA): ... İSTEMİN_KONUSU: ... Bölge İdare Mahkemesi ... İdari Dava Dairesinin ..
274,28.2,Danıştay,15,2076,2018,170,2019-01-17,gebe+illiyet,gebe×29 | travma×2 | illiyet×5 | TCK 87/88 | obstetrik komp.,DANIŞTAY KARARI,"İSTEMİN KONUSU: Antalya 2. İdare Mahkemesinin 27/12/2017 tarih ve E:2015/179, K:2017/1613sayılı kararının temyizen incelenerek bozulması istenilmektedir. &nbsp; YARGILAMA SÜRECİ: &nbsp; Dava konusu istem: Davacı annenin gebelik takibinin ve bebeğinin doğumunun tıbbi esaslara uygun yapılmadığı, sezar"
275,28.1,Anayasa,1,36427,2018,,2021-10-06,gebe+travma,gebe×1 | travma×28 | illiyet×3 | TCK 87/88 | cenin/düşük,ANAYASA MAHKEMESİNİN 6/10/2021 TARİHLİ VE 2018/36427 SAYILI KARARI (BİREYSEL BAŞVURU) ,"(AİHS m. 2, 3, 5) (2709 S. K. m. 2, 3, 5, 13, 17, 19, 20, 36, 141) (6216 S. K. m. 47) (4721 S. K. m. 606) &nbsp;(667 S. KHK m. 6) (Anayasa Mahkemesi İçtüzüğü m. 80) (YURTSEVER VE DİĞERLERİ - TÜRKİYE DAVASI) (MEVLÜT CAN VE DİĞERLERİ - TÜRKİYE DAVASI) (MEHMET KAYA VE DİĞERLERİ - TÜRKİYE DAVASI) (ANY. "
276,28.1,Yargıtay,CG,196,2014,2107,2016-12-20,gebe+illiyet,gebe×1 | travma×8 | illiyet×4 | TCK 87/88 | cenin/düşük,YARGITAY KARARI,"Kararı Veren Yargıtay Dairesi: 11. Ceza Dairesi Mahkemesi:Asliye Ceza Günü: 01.07.2010 Sayısı: 277-611 Sanık hakkında resmi belgede sahtecilik suçundan açılan kamu davasında yapılan yargılama sonucu, eylemin 765 sayılı TCK'nun 354. maddesi kapsamında kaldığı kabul edilerek 765 sayılı TCK'nun 102/4 v"
277,28.1,Yargıtay,21,2513,2019,7438,2019-12-03,gebe+illiyet,gebe×3 | travma×22 | illiyet×8 | TCK 87/88 | trafik/iş kaz,YARGITAY KARARI,"MAHKEMESİ: Bölge Adliye Mahkemesi 9. Hukuk Dairesi TÜRK MİLLETİ ADINA KARAR A)Davacı İstemi; Davacı vekili iş kazası sonucu ölen sigortalının davacı annesinin maddi ve manevi zararlarının giderilmesini talep etmiştir. B)Davalıların Cevapları; Davalı ... vekili davanın reddine karar verilmesini talep"
278,28,Anayasa,GK,1-3,1992,1,1993-07-14,gebe+illiyet,gebe×4 | travma×17 | illiyet×113 | TCK 87/88,"ANAYASA MAHKEMESİNİN E: 1992/1 (SİYASİ PARTİ KAPATMA), K: 1993/1 SAYILI KARARI","*** NOT: ANAYASA MAHKEMESİNİN E: 1992/1 (SİYASİ PARTİ KAPATMA), K: 1993/1 SAYILI KARARI UZUNLUĞU NEDENİYLE 1. BÖLÜMÜ 1992/1-1, 2. BÖLÜMÜ 1992/1-2, 3. BÖLÜMÜ 1992/1-3, 4. BÖLÜMÜ 1992/1-4, 5. BÖLÜMÜ 1992/1-5 ESAS NO&#39;SU İLE OLMAK ÜZERE BEŞ PARÇA HALİNDE PROGRAMA GİRİLMİŞTİR. KARARIN DİĞER PARÇALARI"
279,28,Yargıtay,CG,217,2023,74,2025-02-13,gebe+illiyet,gebe×4 | travma×136 | illiyet×29 | TCK 87/88,YARGITAY KARARI,"İtirazname No: 2020/15511 KARARI VEREN YARGITAY DAİRESİ : 3. Ceza Dairesi MAHKEMESİ :Ceza Dairesi SAYISI: 246-677 I. HUKUKÎ SÜREÇ Sanıklar ..., ..., ..., ..., ..., ..., ..., ..., ..., ..., ..., ..., ..., ..., ..., ..., ..., ..., ..., ..., ..., ..., ..., ..., ..., ..., ... ve ...'in Anayasayı ihlal s"
280,28,Anayasa,GK,1-4,1997,1,1998-01-16,gebe+illiyet,gebe×4 | travma×13 | illiyet×46 | TCK 87/88,"ANAYASA MAHKEMESİNİN E: 1997/1 (SİYASİ PARTİ KAPATMA), K: 1998/1 SAYILI KARARI","*** NOT: ANAYASA MAHKEMESİNİN E: 1997/1 (SİYASİ PARTİ KAPATMA), K: 1998/1 SAYILI KARARI UZUNLUĞU NEDENİYLE 1. BÖLÜMÜ 1997/1-1, 2. BÖLÜMÜ 1997/1-2, 3. BÖLÜMÜ 1997/1-3, 4. BÖLÜMÜ 1997/1-4, 5. BÖLÜMÜ 1997/1-5 ESAS NO&#39;SU İLE OLMAK ÜZERE BEŞ PARÇA HALİNDE PROGRAMA GİRİLMİŞTİR. KARARIN DİĞER PARÇALARI"
281,28,Danıştay,10,6932,2019,1750,2021-04-12,gebe+illiyet,gebe×6 | travma×5 | illiyet×10 | cenin/düşük,DANIŞTAY KARARI,"T.C. D A N I Ş T A Y ONUNCU DAİRE Esas No : 2019/6932 Karar No : 2021/1750 TEMYİZ EDEN (DAVACILAR) : 1- … 2- … VEKİLLERİ: Av. … TEMYİZ EDEN (DAVALI): … Bakanlığı (Mülga … Kurumu) VEKİLLERİ : Hukuk Müşaviri …, Hukuk Müşaviri … TEMYİZ EDEN MÜDAHİL (DAVALI) : … VEKİLLERİ : Av. …, Av. … İSTEMLERİN_KONUS"
282,28,Yargıtay,CG,360,2021,363,2022-05-18,gebe+travma,gebe×8 | travma×39 | TCK 87/88 | cenin/düşük,YARGITAY KARARI,"Mahkemesi:Ceza Dairesi Zincirleme şekilde çocuğun nitelikli cinsel istismarı suçundan TCK'nın 103/2-1.cümle, 43/1, 62, 53 ve 63. maddeleri uyarınca 16 yıl 8 ay hapis; reşit olmayanla cinsel ilişki suçundan aynı Kanun'un 104/1, 43/1, 62 ve 53. uyarınca 2 yıl 1 ay hapis cezasıyla cezalandırılmasına, h"
283,27.9,Anayasa,1,17591,2014,,2017-04-19,gebe+travma,gebe×3 | travma×236 | illiyet×2 | TCK 87/88 | cenin/düşük,ANAYASA MAHKEMESİNİN 19/4/2017 TARİHLİ VE 2014/17591 SAYILI KARARI (BİREYSEL BAŞVURU),"(AİHS. m. 1, 2, 3) (2709 S. K. m. 17, 148) (5271 S. K. m. 172) (2559 S. K. m. 13, 16) (5237 S. K .m. 24, 25) (6216 S. K. m. 45, 46, 50) RGT: 31.05.2017 RG NO: 30082 BİRİNCİ BÖLÜM KARAR ESMA ÇELEBİ BAŞVURUSU Başvuru Numarası: 2014/17591 Karar Tarihi: 19/4/2017 Başkan: Burhan ÜSTÜN Üyeler: Hicabi DURS"
284,27.8,Yargıtay,4,21142,2021,2422,2023-02-23,gebe+travma,gebe×4 | travma×3 | illiyet×5 | TCK 87/88 | cenin/düşük,YARGITAY KARARI,"MAHKEMESİ: İzmir Bölge Adliye Mahkemesi 4. Hukuk Dairesi SAYISI: 2019/858 E., 2021/1438 K. HÜKÜM/KARAR: İstinaf Başvurusunun Kabulü ile Davanın Reddine İLK DERECE MAHKEMESİ: Turgutlu 1. Asliye Hukuk Mahkemesi SAYISI: 2018/10 E., 2018/948 K. Taraflar arasındaki basın yoluyla kişilik haklarına saldırı"
285,27.6,Yargıtay,10,6234,2021,11267,2022-09-27,gebe+illiyet,gebe×2 | travma×24 | illiyet×8 | TCK 87/88 | trafik/iş kaz,YARGITAY KARARI,"Mahkemesi :... 1. Asliye Hukuk (İş) Mahkemesi Dava, iş kazasından kaynaklanan maddi ve manevi tazminat istemine ilişkindir. İlk Derece Mahkemesince, hükümde belirtilen gerekçelerle davanın kısmen kabulüne dair verilen karara karşı davalı ... Yapı ve Endüstri Ltd. Şti. vekili tarafından istinaf yolun"
286,27.6,Yargıtay,21,18430,2016,2773,2017-04-04,gebe+illiyet,gebe×2 | travma×15 | illiyet×8 | TCK 87/88 | trafik/iş kaz,YARGITAY KARARI,"MAHKEMESİ:İş Mahkemesi Davacı, murisinin iş kazası sonucu ölümünden doğan maddi ve manevi tazminatın ödetilmesine karar verilmesini istemiştir. Mahkeme ilamında belirtildiği şekilde, isteğin kısmen kabulüne karar vermiştir. Hükmün davalı ... A.Ş vekili tarafından temyiz edilmesi üzerine temyiz isteğ"
287,27.6,Yargıtay,21,21760,2015,15697,2016-12-28,gebe+illiyet,gebe×2 | travma×16 | illiyet×8 | TCK 87/88 | trafik/iş kaz,YARGITAY KARARI,"MAHKEMESİ:İş Mahkemesi Davacı, iş kazası sonucu maluliyetinden doğan maddi ve manevi tazminatın ödetilmesine karar verilmesini istemiştir. Mahkeme ilamında belirtildiği şekilde, isteğin reddine karar vermiştir. Hükmün davacı vekili tarafından temyiz edilmesi üzerine temyiz isteğinin süresinde olduğu"
288,27.6,Yargıtay,21,21005,2015,340,2017-01-23,gebe+illiyet,gebe×2 | travma×13 | illiyet×8 | TCK 87/88 | trafik/iş kaz,YARGITAY KARARI,"MAHKEMESİ:Asliye Hukuk (İş) Mahkemesi Davacı, murisinin iş kazası sonucu ölümünden doğan maddi ve manevi tazminatın ödetilmesine karar verilmesini istemiştir. Mahkeme ilamında belirtildiği şekilde, isteğin kısmen kabulüne karar vermiştir. Hükmün, davacılar ve davalılardan ... Sigorta A.Ş. vekillerin"
289,27.6,Yargıtay,21,18255,2016,2423,2018-03-19,gebe+illiyet,gebe×2 | travma×14 | illiyet×8 | TCK 87/88 | trafik/iş kaz,YARGITAY KARARI,"MAHKEMESİ:İş Mahkemesi Davacılar, murisinin iş kazası sonucu ölümünden doğan maddi ve manevi tazminatın ödetilmesine karar verilmesini istemiştir. Mahkeme ilamında belirtildiği şekilde, isteğin reddine karar vermiştir. Hükmün, davacılar vekili tarafından temyiz edilmesi üzerine temyiz isteğinin süre"
290,27.6,Yargıtay,21,18280,2016,2567,2018-03-20,gebe+illiyet,gebe×2 | travma×14 | illiyet×8 | TCK 87/88 | trafik/iş kaz,YARGITAY KARARI,"MAHKEMESİ:İş Mahkemesi Asıl ve birleşen dava bakımından; Davacılar murisinin, iş kazası sonucu ölümünden doğan maddi ve manevi tazminatın ödetilmesi davasının yapılan yargılaması sonunda; ilamda yazılı nedenlerle, asıl davanın reddine, birleşen davanın kısmen kabulü ile 130.000,00 TL manevi tazminat"
291,27.6,Yargıtay,10,2798,2021,2304,2022-02-22,gebe+illiyet,gebe×2 | travma×15 | illiyet×8 | TCK 87/88 | trafik/iş kaz,YARGITAY KARARI,"Bölge Adliye Mahkemesi : ... Bölge Adliye Mahkemesi 30. Hukuk Dairesi No : 2020/1548-2020/2674 İlk Derece Mahkemesi : ... Anadolu 1. İş Mahkemesi No : 2015/699-2019/750 Dava, İş kazasından kaynaklanan maddi tazminat istemine ilişkindir. İlk Derece Mahkemesince, hükümde belirtilen gerekçelerle davanı"
292,27.6,Yargıtay,10,2474,2021,1035,2022-01-25,gebe+illiyet,gebe×2 | travma×10 | illiyet×8 | TCK 87/88 | trafik/iş kaz,YARGITAY KARARI,"Bölge Adliye Mahkemesi : ... Bölge Adliye Mahkemesi 31. Hukuk Dairesi No : 2019/3899-2020/1969 İlk Derece Mahkemesi: ... 1. İş Mahkemesi Dava, İş kazasından kaynaklanan maddi ve manevi tazminat istemine ilişkindir. İlk Derece Mahkemesince, hükümde belirtilen gerekçelerle davanın kabulüne dair verile"
293,27.6,Yargıtay,10,11063,2020,14299,2021-11-16,gebe+illiyet,gebe×2 | travma×18 | illiyet×8 | TCK 87/88 | trafik/iş kaz,TAZMİNAT DAVASI - İŞ KAZASINDAN SİGORTALININ VEFATI - İŞVERENİN İŞ KAZASI OLARAK KABUL EDİLEN OLAYDA ALABİLECEĞİ ÖNLEMLERİN BULUNUP BULUNMADIĞI - GEREKÇELİ RAPOR DÜZENLENMESİNİN TEMİNİ SURETİYLE KARAR,"(2709 S. K. m. 17) (818 S. K. m. 332) (6098 S. K. m. 417) (4857 S. K. m. 77) (6331 S. K. m. 4, 5, 10, 37, Geç. m. 1) (YHGK 09.10.2013 T. 2013/21-102 E. 2013/1456 K.) (YHGK 20.03.2013 T. 2012/21-1121 E. 2013/386 K.) &nbsp; Dava: Dava, iş kazasından sigortalının vefatı nedeniyle hak sahiplerinin maddi"
294,27.6,Danıştay,10,8438,2019,460,2023-02-09,gebe+illiyet,gebe×64 | travma×1 | illiyet×11 | cenin/düşük,DANIŞTAY KARARI,"T.C. D A N I Ş T A Y ONUNCU DAİRE Esas No : 2019/8438 KararNo : 2023/460 TEMYİZ EDEN (DAVACI): … VEKİLİ: Av. … KARŞI TARAF (DAVALI): … Üniversitesi Rektörlüğü / … VEKİLİ: Av. … İSTEMİN_KONUSU: …İdare Mahkemesinin …tarih ve E:…, K:…sayılı kararının temyizen incelenerek bozulması istenilmektedir. YARG"
295,27.6,Yargıtay,10,62,2021,14672,2021-11-23,gebe+illiyet,gebe×2 | travma×13 | illiyet×8 | TCK 87/88 | trafik/iş kaz,YARGITAY KARARI,"Mahkemesi: ... Bölge Adliye Mahkemesi .... Hukuk Dairesi Dava, iş kazasından kaynaklanan maddi ve manevi tazminat istemine ilişkindir. İlk Derece Mahkemesince, hükümde belirtilen gerekçelerle davanın kısmen kabulüne dair verilen karara karşı davalı ... Dağıtım Anonim Şirketi vekili tarafından istina"
296,27.6,Yargıtay,21,3958,2016,6570,2017-09-19,gebe+illiyet,gebe×2 | travma×14 | illiyet×8 | TCK 87/88 | trafik/iş kaz,YARGITAY KARARI,"MAHKEMESİ:Asliye Hukuk Mahkemesi Asıl ve Birleşen davaların davacı murisinin iş kazası sonucu ölümünden doğan maddi ve manevi tazminatın ödetilmesine karar verilmesini istemiştir. Mahkeme ilamında belirtildiği şekilde, asıl ve birleşen davanın reddine karar vermiştir. Hükmün, asıl ve birleşen davala"
297,27.6,Danıştay,10,5357,2021,1671,2025-03-18,gebe+illiyet,gebe×28 | travma×1 | illiyet×16 | cenin/düşük,DANIŞTAY KARARI,T.C. D A N I Ş T A Y ONUNCU DAİRE Esas No : 2021/5357 KararNo : 2025/1671 TEMYİZ EDEN (DAVACILAR): Kendi adlarına asaleten ... adına velayeten ... ve ... VEKİLİ: Av. ... KARŞI TARAF (DAVALI): ... Bakanlığı / ANKARA VEKİLLERİ: Huk. Müş. Av. ... Huk. Müş. Av. ... MÜDAHİLLER (DAVALI YANINDA): 1- ... 2-
298,27.6,Yargıtay,10,1836,2021,1920,2022-02-15,gebe+illiyet,gebe×2 | travma×20 | illiyet×8 | TCK 87/88 | trafik/iş kaz,YARGITAY KARARI,"Mahkemesi : Kayseri Bölge Adliye Mahkemesi 7. Hukuk Dairesi İlk DereceMahkemesi : Kayseri 2. İş Mahkemesi Dava, iş kazası ölümünden kaynaklanan maddi ve manevi tazminat istemine ilişkindir. İlk Derece Mahkemesince, hükümde belirtilen gerekçelerle davanın kısmen kabulüne dair verilen karara karşı dav"
299,27.6,Yargıtay,21,5614,2019,2377,2020-06-16,gebe+illiyet,gebe×2 | travma×13 | illiyet×8 | TCK 87/88 | trafik/iş kaz,YARGITAY KARARI,"MAHKEMESİ: ... Bölge Adliye Mahkemesi 8. Hukuk Dairesi TÜRK MİLLETİ ADINA K A R A R A)Davacı İstemi; Davacılar dava dilekçeleri ve ıslahla eş için 112.601,00 TL maddi, 65.000,00 TL manevi, çocuklar için 60.000,00’er TL manevi tazminat ödenmesini talep etmişlerdir. B) Davalı Cevabı; Davalı davanın re"
300,27.6,Yargıtay,10,1035,2021,16737,2021-12-28,gebe+illiyet,gebe×2 | travma×18 | illiyet×8 | TCK 87/88 | trafik/iş kaz,YARGITAY KARARI,"Bölge Adliye Mahkemesi : ... Bölge Adliye Mahkemesi ...Hukuk Dairesi Dava, iş kazasından sigortalının vefatı nedeniyle hak sahiplerinin maddi ve manevi zararlarının giderilmesi istemine ilişkindir. İlk Derece Mahkemesince, hükümde belirtilen gerekçelerle davanın reddine dair verilen karara karşı, da"
301,27.6,Yargıtay,10,7797,2021,8172,2022-05-31,gebe+illiyet,gebe×2 | travma×17 | illiyet×8 | TCK 87/88 | trafik/iş kaz,YARGITAY KARARI,"Mahkemesi : ... Bölge Adliye Mahkemesi 7. Hukuk Dairesi İlk Derece Mahkemesi : ... 2. İş Mahkemesi Dava, İş kazası ölümünden kaynaklanan maddi ve manevi tazminat istemine ilişkindir. İlk Derece Mahkemesince, hükümde belirtilen gerekçelerle davanın kısmen kabulüne dair verilen karara karşı taraflar v"
302,27.6,Yargıtay,21,6189,2019,1625,2020-03-10,gebe+illiyet,gebe×2 | travma×13 | illiyet×8 | TCK 87/88 | trafik/iş kaz,YARGITAY KARARI,"MAHKEMESİ: ...Bölge Adliye Mahkemesi 3. Hukuk Dairesi İLK DERECE MAHKEMESİ: ...1. Asliye Hukuk Mahkemesi TÜRK MİLLETİ ADINA K A R A R A) Davacı İstemi; Davacı dava dilekçesi ile 1.000,00 TL maddi, 50.000,00 TL manevi tazminatın davalıdan tahsilini talep ve dava etmiştir. B) Davalı Cevabı; Davalı tar"
303,27.6,Yargıtay,10,9406,2022,5078,2023-05-09,gebe+illiyet,gebe×2 | travma×30 | illiyet×8 | TCK 87/88 | trafik/iş kaz,YARGITAY KARARI,"MAHKEMESİ: ... Bölge Adliye Mahkemesi 9. Hukuk Dairesi SAYISI: 2022/209 E., 2022/1131 K. İLK DERECE MAHKEMESİ: Uşak 1. İş Mahkemesi SAYISI: 2021/161 E., 2021/415 K. Taraflar arasındaki iş kazasından maddi ve manevi tazminat davasından dolayı yapılan yargılama sonunda İlk Derece Mahkemesince davanın "
304,27.6,Yargıtay,10,6690,2021,11558,2021-10-05,gebe+illiyet,gebe×2 | travma×13 | illiyet×8 | TCK 87/88 | trafik/iş kaz,YARGITAY KARARI,"Bölge Adliye Mahkemesi :... Bölge Adliye Mahkemesi 7. Hukuk Dairesi 2-...İnşaat Taahhüt Yapı Malzemeleri Peyzaj Temizlik Hizmeteri Mühendislik Isı Sistemleri Turizm Hayvancılık Sanayi ve Ticaret Limited Şirketi adına Av. ... İlk Derece Mahkemesi :... 4. İş Mahkemesi No : 2016/171-2020/170 Dava, İş k"
305,27.6,Yargıtay,10,7594,2020,6449,2020-11-12,gebe+illiyet,gebe×2 | travma×17 | illiyet×8 | TCK 87/88 | trafik/iş kaz,TAZMİNAT DAVASI - SİGORTALININ KENDİ BÜNYESİNDEN KAYNAKLANAN NEDENLERİN ZARARLI SONUCUN MEYDANA GELİŞİNDE NE KADAR ETKİLİ OLDUĞUNU DA KAPSAR ŞEKİLDE TESPİT EDEN KUSUR RAPORU ALDIKTAN SONRA OLUŞACAK SO,"(2709 S. K. m. 17) (6098 S. K. m. 417) &nbsp; A) Davacı İstemi; &nbsp; Davacı vekili dava ve ıslah dilekçesi ile toplamda eş için 95.621,21 TL maddi tazminatın davalıdan tahsilini talep ve dava etmiştir. &nbsp; B) Davalı Cevabı; &nbsp; Davalı taraf davanın reddi gerektiğini savunmuştur. &nbsp; C) İl"
306,27.6,Yargıtay,21,4415,2017,168,2019-01-15,gebe+illiyet,gebe×2 | travma×12 | illiyet×8 | TCK 87/88 | trafik/iş kaz,YARGITAY KARARI,"MAHKEMESİ:İş Mahkemesi TÜRK MİLLETİ ADINA Davacı, iş kazası sonucu maluliyetinden doğan maddi ve manevi tazminatın ödetilmesine karar verilmesini istemiştir.Mahkeme ilamında belirtildiği şekilde, isteğin kısmen kabulüne karar vermiştir.Hükmün, davalı vekili tarafından temyiz edilmesi üzerine temyiz "
307,27.6,Yargıtay,21,21787,2015,15695,2016-12-28,gebe+illiyet,gebe×2 | travma×16 | illiyet×8 | TCK 87/88 | trafik/iş kaz,YARGITAY KARARI,"MAHKEMESİ:İş Mahkemesi Davacılar, murisinin iş kazası sonucu ölümünden doğan maddi ve manevi tazminatın ödetilmesine karar verilmesini istemiştir. Mahkeme ilamında belirtildiği şekilde, isteğin reddine karar vermiştir. Hükmün, davacılar vekili tarafından duruşmalı olarak temyiz edilmesi üzerine temy"
308,27.6,Yargıtay,10,4229,2023,5445,2023-05-16,gebe+illiyet,gebe×2 | travma×36 | illiyet×8 | TCK 87/88 | trafik/iş kaz,YARGITAY KARARI,"MAHKEMESİ: ... Bölge Adliye Mahkemesi 11. Hukuk Dairesi SAYISI: 2022/2325 E., 2023/56 K. KARAR: Esastan Ret İLK DERECE MAHKEMESİ: ... 2. İş Mahkemesi SAYISI: 2016/653 E., 2022/33 K. Taraflar arasındaki iş kazasına dayalı manevi tazminat davasından dolayı yapılan yargılama sonunda İlk Derece Mahkemes"
309,27.6,Yargıtay,21,6078,2018,5233,2019-09-17,gebe+illiyet,gebe×2 | travma×31 | illiyet×8 | TCK 87/88 | trafik/iş kaz,YARGITAY KARARI,"MAHKEMESİ:İş Mahkemesi TÜRK MİLLETİ ADINA Davacılar, murisinin iş kazası sonucu ölümünden doğan maddi ve manevi tazminatın ödetilmesine karar verilmesini istemiştir. Mahkeme bozmaya uyarak ilamında belirtildiği şekilde, isteğin reddine karar vermiştir. Hükmün davacılar vekili tarafından temyiz edilm"
310,27.6,Yargıtay,10,6964,2020,7222,2020-12-15,gebe+illiyet,gebe×2 | travma×19 | illiyet×8 | TCK 87/88 | trafik/iş kaz,YARGITAY KARARI,"Bölge Adliye Mahkemesi : İstanbul Bölge Adliye Mahkemesi 41. Hukuk Dairesi İlk Derece Mahkemesi : İstanbul 7. İş Mahkemesi Dava, iş kazasından vefat eden sigortalının hak sahibi eş ve çocuklarının maddi ve manevi zararlarının giderilmesi istemine ilişkindir. İlk Derece Mahkemesince, hükümde belirtil"
311,27.6,Yargıtay,10,7117,2020,6449,2021-05-18,gebe+illiyet,gebe×2 | travma×13 | illiyet×8 | TCK 87/88 | trafik/iş kaz,YARGITAY KARARI,"Bölge Adliye Mahkemesi : ... Bölge Adliye Mahkemesi.... Hukuk Dairesi Dava, iş kazası ölümünden kaynaklanan maddi tazminat istemine ilişkindir. İlk Derece Mahkemesince, hükümde belirtilen gerekçelerle davanın reddine dair verilen karara karşı davacılar vekili tarafından istinaf yoluna başvurulması ü"
312,27.6,Yargıtay,21,13871,2016,6561,2017-09-19,gebe+illiyet,gebe×2 | travma×14 | illiyet×8 | TCK 87/88 | trafik/iş kaz,TAZMİNAT DAVASI - İŞ KAZASI SONUCU MALULİYET - İŞ KAZASININ TARİHİNE GÖRE HANGİ KANUNUN UYGULANACAĞININ AÇIK OLARAK BELİRLENMESİ LÜZUMU - UZMAN BİLİRKİŞİ KURULUNDAN USULÜNCE KUSUR ORANLARININ DEĞERLEN,"(2709 S. K. m. 17, 153) (5510 S. K. m. 83) (6098 S. K. m. 417) (818 S. K. m. 332) (4857 S. K. m. 2, 63, 69, 77, 78, 79, 80, 81, 83, 84, 85, 86, 87, 88, 89, 95, 98, 105, Geç. m. 1, 2) (6331 S. K. m. 4, 5, 9, 10, 19, 37, 38) (İş Sağlığı ve Güvenliğine ilişkin İşyeri Tehlike Sınıfları Tebliği m. 1) (YH"
313,27.6,Anayasa,2,9123,2016,,2021-05-18,gebe+travma,gebe×8 | travma×15 | illiyet×8 | TCK 87/88,ANAYASA MAHKEMESİNİN 18/5/2021 TARİHLİ VE 2016/9123 SAYILI KARARI (BİREYSEL BAŞVURU),"(AİHS m. 1, 6) (2709 S. K. m. 17) (6216 S. K. m. 50) (ANY. MAH. 18.09.2013 T. 2012/969 E.) (ANY. MAH. 07.06.2018 T. 2014/8875 E.) (ANY. MAH. 07.11.2019 T. 2016/12506 E.) (ANY. MAH. 09.01.2018 T. 2014/19797 E.) (ANY. MAH. 11.05.2016 T. 2013/3262 E.) (ANY. MAH. 07.05.2018 T. 2014/19112 E.) (ANY. MAH. "
314,27.6,Yargıtay,10,7078,2021,12440,2021-10-19,gebe+illiyet,gebe×2 | travma×14 | illiyet×8 | TCK 87/88 | trafik/iş kaz,YARGITAY KARARI,"Mahkemesi: ... Bölge Adliye Mahkemesi ... Hukuk Dairesi Dava, iş kazası ölümünden kaynaklanan maddi ve manevi tazminat istemlerine ilişkindir. İlk Derece Mahkemesince, hükümde belirtilen gerekçelerle davanın kısmen kabulüne dair verilen karara karşı davacılar ve davalı .... vekilleri tarafından isti"
315,27.6,Yargıtay,10,9343,2020,13277,2021-11-02,gebe+illiyet,gebe×2 | travma×14 | illiyet×8 | TCK 87/88 | trafik/iş kaz,YARGITAY KARARI,"Bölge Adliye Mahkemesi : ... Bölge Adliye Mahkemesi ...Hukuk Dairesi Dava, İş kazasından kaynaklanan maddi ve manevi tazminat istemine ilişkindir. İlk Derece Mahkemesince, hükümde belirtilen gerekçelerle davanın kısmen kabulüne dair verilen karara karşı davalı vekili tarafından istinaf yoluna başvur"
316,27.6,Yargıtay,21,4174,2016,5185,2016-03-24,gebe+illiyet,gebe×2 | travma×15 | illiyet×8 | TCK 87/88 | trafik/iş kaz,YARGITAY KARARI,"Davacı, iş kazası sonucu maluliyetinden doğan maddi ve manevi tazminatın ödetilmesine karar verilmesini istemiştir. Mahkeme ilamında belirtildiği şekilde, isteğin kısmen kabulüne karar vermiştir. Hükmün taraf vekillerince temyiz edilmesi üzerine temyiz isteğinin süresinde olduğu anlaşıldıktan ve Tet"
317,27.6,Yargıtay,10,5498,2021,11054,2021-09-28,gebe+illiyet,gebe×2 | travma×13 | illiyet×8 | TCK 87/88 | trafik/iş kaz,YARGITAY KARARI,"Mahkemesi: ... Bölge Adliye Mahkemesi ...Hukuk Dairesi Dava, İş kazasından kaynaklanan maddi ve manevi tazminat istemine ilişkindir. İlk Derece Mahkemesince, hükümde belirtilen gerekçelerle davanın kısmen kabulüne dair verilen karara karşı davalı vekili tarafından istinaf yoluna başvurulması üzerine"
318,27.6,Yargıtay,21,13300,2016,1342,2018-02-19,gebe+illiyet,gebe×2 | travma×31 | illiyet×8 | TCK 87/88 | trafik/iş kaz,YARGITAY KARARI,"MAHKEMESİ:İş Mahkemesi Davacı, iş kazası sonucu maluliyetinden doğan maddi ve manevi tazminatın ödetilmesine karar verilmesini istemiştir. Mahkeme ilamında belirtildiği şekilde, isteğin reddine karar vermiştir. Hükmün davacı vekili tarafından temyiz edilmesi üzerine temyiz isteğinin süresinde olduğu"
319,27.6,Yargıtay,10,11412,2020,2333,2022-02-22,gebe+illiyet,gebe×2 | travma×22 | illiyet×8 | TCK 87/88 | trafik/iş kaz,YARGITAY KARARI,"Bölge Adliye Mahkemesi : ... Bölge Adliye Mahkemesi 3. Hukuk Dairesi No : 2019/918-2020/1115 İlk Derece Mahkemesi : ... 8. İş Mahkemesi No : 2015/593-2018/559 Dava, iş kazası sonucu sigortalının vefatı nedeniyle hak sahiplerinin maddi ve manevi tazminat davasının yapılan yargılaması sonunda; ilk der"
320,27.6,Yargıtay,10,4049,2021,11059,2021-09-28,gebe+illiyet,gebe×2 | travma×16 | illiyet×8 | TCK 87/88 | trafik/iş kaz,YARGITAY KARARI,"Bölge Adliye Mahkemesi : Kayseri Bölge Adliye Mahkemesi 7. Hukuk Dairesi No : 2020/1728-2021/241 İlk Derece Mahkemesi : Kayseri 4. İş Mahkemesi No : 2017/280-2019/1103 Dava, İş kazası ölümünden kaynaklanan maddi ve manevi tazminat istemine ilişkindir. İlk Derece Mahkemesince, hükümde belirtilen gere"
321,27.6,Yargıtay,21,5945,2018,7010,2019-11-19,gebe+illiyet,gebe×2 | travma×16 | illiyet×8 | TCK 87/88 | trafik/iş kaz,YARGITAY KARARI,"MAHKEMESİ:İş Mahkemesi Davacılar murisinin, iş kazası sonucu ölümünden doğan manevi tazminatın ödetilmesi davasının yapılan yargılaması sonunda; bozmaya uyarak ilamda yazılı nedenlerle, davanın reddine ilişkin hükmün süresi içinde temyizen incelenmesi davacılar vekilince istenilmesi ve de duruşma ta"
322,27.6,Yargıtay,3,2076,2023,3740,2023-12-14,gebe+illiyet,gebe×21 | travma×7 | illiyet×7 | cenin/düşük,YARGITAY KARARI,"MAHKEMESİ: ... Bölge Adliye Mahkemesi 21. Hukuk Dairesi Taraflar arasındaki tazminat davasından dolayı yapılan yargılama sonunda İlk Derece Mahkemesince davanın reddine karar verilmiştir. Kararın davacılar vekili tarafından istinaf edilmesi üzerine, Bölge Adliye Mahkemesince davacılar vekilinin isti"
323,27.6,Yargıtay,10,1412,2021,9919,2022-06-28,gebe+illiyet,gebe×2 | travma×13 | illiyet×8 | TCK 87/88 | trafik/iş kaz,YARGITAY KARARI,"Mahkemesi: ... Bölge Adliye Mahkemesi 3. Hukuk Dairesi İlk Derece Mahkemesi : Akhisar 1. Asliye Hukuk (İş) Mahkemesi Dava, İş kazası ölümünden kaynaklanan maddi ve manevi tazminat istemine ilişkindir. İlk Derece Mahkemesince, hükümde belirtilen gerekçelerle davanın kısmen kabulüne dair verilen karar"
324,27.6,Yargıtay,21,18251,2016,2422,2018-03-19,gebe+illiyet,gebe×2 | travma×15 | illiyet×8 | TCK 87/88 | trafik/iş kaz,YARGITAY KARARI,"MAHKEMESİ:Asliye Hukuk (İş) Mahkemesi Davacı, iş kazası sonucu maluliyetinden doğan maddi ve manevi tazminatın ödetilmesine karar verilmesini istemiştir. Mahkeme ilamında belirtildiği şekilde, isteğin reddine karar vermiştir. Hükmün, davacı vekili tarafından temyiz edilmesi üzerine temyiz isteğinin "
325,27.6,Yargıtay,10,10045,2021,12441,2021-10-19,gebe+illiyet,gebe×2 | travma×15 | illiyet×8 | TCK 87/88 | trafik/iş kaz,YARGITAY KARARI,"Mahkemesi: ... Bölge Adliye Mahkemesi 25. Hukuk Dairesi No: 2020/115-2021/911 İlk Derece Mahkemesi: ... 30. İş Mahkemesi Dava, iş kazasından kaynaklanan maddi ve manevi tazminat istemine ilişkindir. İlk Derece Mahkemesince, hükümde belirtilen gerekçelerle davanın kısmen kabulüne dair verilen karara "
326,27.6,Yargıtay,21,9150,2016,1203,2017-02-21,gebe+illiyet,gebe×2 | travma×17 | illiyet×8 | TCK 87/88 | trafik/iş kaz,MANEVİ TAZMİNAT DAVASI - ARALARINDA TRAFİK İŞ GÜVENLİĞİ UZMANI DA BULUNAN BİLİRKİŞİ HEYETİNE İNCELEME YAPTIRILMASI - FARKLI KUSUR DEĞERLENDİRMELERİ ARASINDAKİ ÇELİŞKİLERİ GİDERECEK ŞEKİLDE TARAFLARIN ,"(2709 S. K. m. 17, 153) (818 S. K. m. 332) (6098 S. K. m. 417) (4857 S. K. m. 77) (6331 S. K. m. 4, 5, 10, 19, 37, 98) (YHGK. 20.03.2013 T. 2012/21-1121 E. 2013/386 K.) Dava ve Karar: Davacılar murisinin, iş kazası sonucu ölümünden doğan manevi tazminatın ödetilmesi davasının yapılan yargılaması son"
327,27.6,Yargıtay,21,12322,2016,1190,2018-02-13,gebe+illiyet,gebe×2 | travma×13 | illiyet×8 | TCK 87/88 | trafik/iş kaz,YARGITAY KARARI,"MAHKEMESİ:İş Mahkemesi Davacı, iş kazası sonucu maluliyetinden doğan maddi ve manevi tazminatın ödetilmesine karar verilmesini istemiştir. Mahkeme ilamında belirtildiği şekilde, isteğin kısmen kabulüne karar vermiştir. Hükmün taraf vekillerince temyiz edilmesi üzerine temyiz isteğinin süresinde oldu"
328,27.6,Yargıtay,10,5721,2021,10871,2022-09-20,gebe+illiyet,gebe×2 | travma×30 | illiyet×8 | TCK 87/88 | trafik/iş kaz,YARGITAY KARARI,"Mahkemesi : ... Anadolu 16. İş Mahkemesi Dava, İş kazasından kaynaklanan maddi ve manevi tazminat istemine ilişkindir. İlk Derece Mahkemesince, hükümde belirtilen gerekçelerle davanın kısmen kabulüne dair verilen karara karşı taraflar vekilleri tarafından istinaf yoluna başvurulması üzerine, ... Böl"
329,27.6,Yargıtay,10,7157,2020,7349,2021-06-01,gebe+illiyet,gebe×2 | travma×13 | illiyet×8 | TCK 87/88 | trafik/iş kaz,YARGITAY KARARI,"Mahkemesi: İstanbul 14. İş Mahkemesi Dava, İş kazasından kaynaklanan maddi ve manevi tazminat istemine ilişkindir. İlk Derece Mahkemesince, hükümde belirtilen gerekçelerle davanın kabulüne dair verilen karara karşı davalı ... Enerji Elek. Üret. San. ve Tic. A.Ş.vekili tarafından istinaf yoluna başvu"
330,27.6,Yargıtay,21,6705,2015,5732,2016-03-31,gebe+illiyet,gebe×2 | travma×16 | illiyet×8 | TCK 87/88 | trafik/iş kaz,YARGITAY KARARI,"MAHKEMESİ:İş Mahkemesi Davacı, murisinin iş kazası sonucu ölümünden doğan maddi ve manevi tazminatın ödetilmesine karar verilmesini istemiştir. Mahkeme ilamında belirtildiği şekilde, isteğin kısmen kabulüne karar vermiştir. Hükmün davalılardan ..., .... Ve ..A.Ş. ve ... vekillerince temyiz edilmesi "
331,27.6,Yargıtay,10,7584,2020,6255,2020-11-03,gebe+illiyet,gebe×2 | travma×13 | illiyet×8 | TCK 87/88 | trafik/iş kaz,TAZMİNAT DAVASI - OLAYDA MEVCUT İSE KUSURUN AİDİYETİ VE ORANININ HİÇBİR KUŞKU VE DURAKSAMAYA YER VERMEYECEK BİÇİMDE BELİRLENECEĞİ BİR RAPOR ALINIP İRDELENEREK SONUCUNA GÖRE KARAR VERİLMESİ GEREĞİ - HÜ,"(2709 S. K. m. 17) (2918 S. K. m. 84) (6100 S. K. m. 353) (818 S. K. m. 332) (6098 S. K. m. 417) (4857 S. K. m. 2, 77) (6331 S. K. m. 4, 5, 37) (YHGK 20.03.2013 T. 2012/21-1121 E. 2013/386 K.) &nbsp; A) Davacı İstemi; &nbsp; Davacı dava dilekçesi ile 1.000,00 TL maddi, 20.000,00 TL manevi tazminatın"
332,27.6,Yargıtay,21,123,2019,4328,2019-06-13,gebe+illiyet,gebe×2 | travma×25 | illiyet×8 | TCK 87/88 | trafik/iş kaz,YARGITAY KARARI,"MAHKEMESİ: ... Bölge Adliye Mahkemesi 7. Hukuk Dairesi Davacılar vekili dava dilekçesinde özet olarak; davalılardan ... A.Ş.'nin asıl işveren, diğer davalının alt işveren olduğu ... yolu 15. km'de inşa edilen ... isimli şantiyede müvekkillerinden ...'ün eşi, ... ve ...'nın babaları ...'ün kalıp usta"
333,27.6,Yargıtay,21,16485,2015,10406,2016-06-21,gebe+illiyet,gebe×2 | travma×14 | illiyet×8 | TCK 87/88 | trafik/iş kaz,YARGITAY KARARI,"MAHKEMESİ:İş Mahkemesi Davacı, iş kazası sonucu maluliyetinden doğan maddi ve manevi tazminatın ödetilmesine karar verilmesini istemiştir. Mahkeme ilamında belirtildiği şekilde, isteğin kısmen kabulüne karar vermiştir. Hükmün davalılardan ... ve Serbest İş Doğrama Turizm İnşaat Taahhüt Ticaret AŞ ve"
334,27.6,Yargıtay,10,8921,2021,11058,2021-09-28,gebe+illiyet,gebe×2 | travma×13 | illiyet×8 | TCK 87/88 | trafik/iş kaz,YARGITAY KARARI,"Mahkemesi: ... Bölge Adliye Mahkemesi .... Hukuk Dairesi Dava, İş kazasından kaynaklanan maddi ve manevi tazminat istemine ilişkindir. İlk Derece Mahkemesince, hükümde belirtilen gerekçelerle davanın kısmen kabulüne dair verilen karara karşı davalı vekili tarafından istinaf yoluna başvurulması üzeri"
335,27.6,Yargıtay,10,11765,2020,9131,2021-06-29,gebe+illiyet,gebe×2 | travma×14 | illiyet×8 | TCK 87/88 | trafik/iş kaz,YARGITAY KARARI,"Mahkemesi: Şebinkarahisar Asliye Hukuk (İş) Mahkemesi Dava, iş kazasından kaynaklanan maddi ve manevi tazminat istemine ilişkindir. İlk Derece Mahkemesince, hükümde belirtilen gerekçelerle asıl dava ve birleşen davanın kabulüne dair verilen karara karşı davalı ... İnş.Taah.San ve Tic. Ltd. Şti. veki"
336,27.6,Yargıtay,21,21806,2015,15696,2016-12-28,gebe+illiyet,gebe×2 | travma×16 | illiyet×8 | TCK 87/88 | trafik/iş kaz,YARGITAY KARARI,"MAHKEMESİ:İş Mahkemesi Davacı, iş kazası sonucu maluliyetinden doğan maddi ve manevi tazminatın ödetilmesine karar verilmesini istemiştir. Mahkeme ilamında belirtildiği şekilde, isteğin reddine karar vermiştir. Hükmün, davacı vekili tarafından temyiz edilmesi üzerine temyiz isteğinin süresinde olduğ"
337,27.6,Yargıtay,10,8204,2021,14269,2021-11-16,gebe+illiyet,gebe×2 | travma×27 | illiyet×8 | TCK 87/88 | trafik/iş kaz,YARGITAY KARARI,"Mahkemesi: ... Bölge Adliye Mahkemesi... Hukuk Dairesi Dava, iş kazası ölümünden kaynaklanan maddi ve manevi tazminat istemlerine ilişkindir. İlk Derece Mahkemesince, hükümde belirtilen gerekçelerle davanın kısmen kabulüne dair verilen karara karşı davacı ve davalı ... Enerji Metal İnş. Taah. San. v"
338,27.6,Danıştay,15,9511,2013,3873,2018-04-17,gebe+illiyet,gebe×34 | travma×3 | illiyet×9 | cenin/düşük,İŞLEMİN İPTALİ İSTEMİ - İDARE MAHKEMESİNCE REDDEDİLEN MADDİ TAZMİNAT MİKTARI İÇİN DAVALI İDARE LEHİNE MAKTU VEKALET ÜCRETİNE HÜKMEDİLMESİ GEREKTİĞİ - DAVALI İDARE LEHİNE NİSPİ VEKALET ÜCRETİNE HÜKMEDİ,"(AİHS m. 6) (2709 S. K. m. 90) (1136 S. K. m. 168) &nbsp; İstemin Özeti: Kayseri 2. İdare Mahkemesi&#39;nin 26/02/2013 tarih ve E:2009/689; K:2013/182 sayılı kararının hukuka uygun olmadığı ileri sürülerek temyizen incelenerek bozulması istenilmektedir. &nbsp; Savunmanın Özeti: Temyiz isteminin redd"
339,27.6,Yargıtay,21,16618,2016,683,2017-02-07,gebe+illiyet,gebe×2 | travma×18 | illiyet×8 | TCK 87/88 | trafik/iş kaz,YARGITAY KARARI,"MAHKEMESİ:İş Mahkemesi Davacı, murisinin iş kazası sonucu ölümünden doğan manevi tazminatın ödetilmesine karar verilmesini istemiştir. Mahkeme ilamında belirtildiği şekilde, isteğin reddine karar vermiştir. Hükmün davacılar vekili tarafından temyiz edilmesi üzerine temyiz isteğinin süresinde olduğu "
340,27.6,Yargıtay,21,13159,2016,1347,2018-02-19,gebe+illiyet,gebe×2 | travma×21 | illiyet×8 | TCK 87/88 | trafik/iş kaz,YARGITAY KARARI,"MAHKEMESİ:Asliye Hukuk Mahkemesi Davacılar, iş kazası sonucu maluliyetten doğan maddi ve manevi tazminatın ödetilmesine karar verilmesini istemiştir. Mahkeme ilamında belirtildiği şekilde, isteğin reddine karar vermiştir. Hükmün, davacılar vekili tarafından temyiz edilmesi üzerine temyiz isteğinin s"
341,27.6,Yargıtay,21,15381,2016,2894,2018-03-27,gebe+illiyet,gebe×2 | travma×13 | illiyet×8 | TCK 87/88 | trafik/iş kaz,YARGITAY KARARI,"MAHKEMESİ:İş Mahkemesi Davacı, iş kazası sonucu maluliyetinden doğan maddi ve manevi tazminatın ödetilmesine karar verilmesini istemiştir. Mahkeme ilamında belirtildiği şekilde, isteğin kısmen kabulüne karar vermiştir. Hükmün davalı vekili tarafından temyiz edilmesi üzerine temyiz isteğinin süresind"
342,27.6,Yargıtay,10,5161,2021,11266,2022-09-27,gebe+illiyet,gebe×2 | travma×15 | illiyet×8 | TCK 87/88 | trafik/iş kaz,YARGITAY KARARI,"Mahkemesi: ... 3. İş Mahkemesi Dava, İş kazasından kaynaklanan maddi ve manevi tazminat istemine ilişkindir. İlk Derece Mahkemesince, hükümde belirtilen gerekçelerle davanın kısmen kabulüne dair verilen karara karşı davalılar vekilleri tarafından istinaf yoluna başvurulması üzerine, ... Bölge Adliye"
343,27.6,Yargıtay,21,3003,2016,6212,2017-09-12,gebe+illiyet,gebe×2 | travma×17 | illiyet×8 | TCK 87/88 | trafik/iş kaz,YARGITAY KARARI,"MAHKEMESİ :İş Mahkemesi Davacı, iş kazası sonucu maluliyetinden doğan maddi ve manevi tazminatın ödetilmesine karar verilmesini istemiştir. Mahkeme ilamında belirtildiği şekilde, isteğin kısmen kabulüne karar vermiştir. Hükmün, davacı vekili tarafından temyiz edilmesi üzerine temyiz isteğinin süresi"
344,27.5,Yargıtay,CG,106,2018,367,2022-05-18,gebe+travma,gebe×1 | travma×176 | illiyet×19 | künt/batın | trafik/iş kaz,YARGITAY KARARI,"Yargıtay Dairesi : 1. Ceza Dairesi Suça sürüklenen çocuk : ... Suça sürüklenen çocuk ... hakkında kasten öldürme, sanıklar ..., ... ve ... hakkında kasten öldürme suçuna yardım etmeden açılan kamu davalarında yapılan yargılama sonucunda, suça sürüklenen çocuğun TCK'nın 81/1, 29, 31/3, 62 ve 63. madd"
345,27.5,Yargıtay,CG,86,2020,211,2022-03-24,gebe+illiyet,gebe×3 | travma×119 | illiyet×10 | TCK 87/88,YARGITAY KARARI,Yargıtay Dairesi: 1. Ceza Dairesi Sanıklar ... ve ...'in ...’a yönelik eylemleri nedeniyle TCK’nın 38/1 maddesi delaletiyle 82/1-h ve 53. maddeleri uyarınca ayrı ayrı iki kez ağırlaştırılmış müebbet hapis cezasıyla cezalandırılmalarına ve hak yoksunluklarına ilişkin ... 11. Ağır Ceza Mahkemesince 06
346,27.5,Yargıtay,CG,9-169,2006,184,2006-07-11,gebe+travma,gebe×3 | travma×13 | illiyet×17 | TCK 87/88,HRANT DİNK DAVASI - TÜRKLÜĞÜ BASIN YOLUYLA TAHKİR VE TEZYİF SUÇU - MAKALE VE MAKALE DİZİSİNDEKİ İBARELERİN İFADE ÖZGÜRLÜĞÜ KAPSAMINDA İNCELENMESİ - İFADE ÖZGÜRLÜĞÜNÜN ULUSAL VE ULUSLAR ARASI HUKUK NOR,"(765 S. K. m. 159) (5680 S. K. m. 16) (5237 S. K. m. 7) (5187 S. K. m. 11) (647 S. K. m. 4, 6) (2709 S. K. m. 25, 26, 28, 66) Dava: Türklüğü basın yoluyla tahkir ve tezyif etmek suçundan, sanıkların 5680 SY. 16/1. maddesi yollaması ile TCY'nın 159/1. maddesi uyarınca ayrı ayrı cezalandırılmaları ist"
347,27.4,Danıştay,10,5454,2019,1592,2022-03-23,gebe+illiyet,gebe×33 | travma×4 | illiyet×10 | TCK 87/88,DANIŞTAY KARARI,"T.C. D A N I Ş T A Y ONUNCU DAİRE Esas No : 2019/5454 KararNo : 2022/1592 TEMYİZ EDEN (DAVACILAR): Kendi adlarına asaleten, ... 'ya velayeten ... ve ... VEKİLLERİ: Av. ... TEMYİZ EDEN (DAVALI): ... Bakanlığı / ANKARA (Mülga ... Kurumu) VEKİLLERİ: Hukuk Müşaviri Av. ... Av. ... / Aynı yerde İSTEMLERİ"
348,27.4,Yargıtay,CG,220,2020,632,2021-12-14,gebe+travma,gebe×10 | travma×37 | illiyet×7 | TCK 87/88,YARGITAY KARARI,"Kararı Veren Yargıtay Dairesi: (Kapatılan)14. Ceza Dairesi Beden veya ruh sağlığını bozacak şekilde çocuğun nitelikli cinsel istismarı suçundan sanık ...'nin TCK’nın 103/1-a maddesi delaletiyle 103/2, 103/6, 53 ve 63. maddeleri uyarınca 15 yıl hapis cezası ile cezalandırılmasına, hak yoksunluğuna ve"
349,27.2,Yargıtay,4,21164,2021,2426,2023-02-23,gebe+travma,gebe×4 | travma×2 | illiyet×5 | TCK 87/88 | cenin/düşük,YARGITAY KARARI,"MAHKEMESİ: İzmir Bölge Adliye Mahkemesi 4. Hukuk Dairesi SAYISI: 2019/854 E., 2021/1437 K. HÜKÜM/KARAR: İstinaf Başvurusunun Kabulü ile Davanın Reddine İLK DERECE MAHKEMESİ: Turgutlu 1. Asliye Hukuk Mahkemesi SAYISI: 2018/9 E., 2018/826 K. Taraflar arasındaki basın yoluyla kişilik haklarının ihlali "
350,27.2,Yargıtay,8,207,2018,6390,2018-06-04,gebe+travma,gebe×8 | travma×36 | illiyet×1 | cenin/düşük | künt/batın,İŞKENCE SUÇU - SANIKLARIN EYLEMLERİNİN İŞKENCE YAPMAK SUÇUNU OLUŞTURDUĞUNA KARAR VEREN MAHKEMENİN DELİLLERİ TAKDİR VE DEĞERLENDİRMESİ İLE SUÇ VASFININ TAYİNİNDE BİR İSABETSİZLİK BULUNMADIĞI - HÜKMÜN O,"(AİHS m. 3) (2709 S. K. m. 17) (5237 S. K. m. 94, 256) &nbsp; Dava: Gereği görüşülüp düşünüldü: &nbsp; İşkence, ulusal hukukta olduğu gibi uluslararası sözleşmelerle de yasaklanmıştır. T.C. Anayasası&#39;nın 17. maddesinde herkesin, yaşama, maddi ve manevi varlığını koruma ve geliştirme hakkına sahi"
351,27.1,Yargıtay,10,3230,2022,9949,2022-06-28,gebe+illiyet,gebe×1 | travma×12 | illiyet×8 | TCK 87/88 | trafik/iş kaz,YARGITAY KARARI,"Mahkemesi: Samsun Bölge Adliye Mahkemesi 8. Hukuk Dairesi İlk Derece Mahkemesi: Samsun 3. İş Mahkemesi Dava, rücuan tazminat istemine ilişkindir. İlk Derece Mahkemesince, hükümde belirtilen gerekçelerle davanın kabulüne dair verilen karara karşı taraflarca istinaf yoluna başvurulması üzerine, Samsun"
352,27.1,Danıştay,1,1718,2018,1571,2018-10-09,gebe+illiyet,gebe×9 | travma×3 | illiyet×9 | cenin/düşük,MEN-İ MUHAKEMEDEN DOĞAN DAVA - KANAMA YAKINMASIYLA BAŞVURDUĞUNDA ŞİKAYETÇİNİN SAĞLIK DURUMUNUN TEŞHİSİ TAKİBİ VE TEDAVİSİNDE ACEMİLİK TEDBİRSİZLİK DİKKATSİZLİK İHMAL VEYA HATA BULUNUP BULUNMADIĞI - HÜ,"(2547 S. K. &nbsp;m. 53) &nbsp; Niğde Ömer Halisdemir Üniversitesi Rektörlüğünün 2.8.2018 tarih ve 782 sayılı yazısı ekinde gönderilen soruşturma dosyası ve yukarıda belirtilen Kurul kararı ile bu karara yapılan itiraz, Tetkik Hakimi &hellip;..&#39;in açıklamaları dinlenildikten sonra, 2547 sayılı Y"
353,27,Anayasa,1,7537,2016,,2022-05-11,gebe+illiyet,gebe×2 | travma×21 | illiyet×11 | TCK 87/88,ANAYASA MAHKEMESİNİN 11/5/2022 TARİHLİ VE 2016/7537 SAYILI KARARI (BİREYSEL BAŞVURU),"(AİHM m. 3) (2709 S. K. m. 17, 34, 36) (2911 S. K. m. 22) (2559 S. K. m. 16) (5237 S. K. m. 24, 27, 86, 87, 89) (6216 S. K. m. 50) (OYA ATAMAN - TÜRKİYE DAVASI) (ALİ GÜNEŞ - TÜRKİYE DAVASI) (LABITA - İTALYA DAVASI) (ÇELİK VE İMRET - TÜRKİYE DAVASI) (SAÇILIK VE DİĞERLERİ - TÜRKİYE DAVASI) (ANY. MAH. "
354,27,Anayasa,1,10568,2016,,2020-03-10,gebe+illiyet,gebe×2 | travma×11 | illiyet×11 | TCK 87/88,ANAYASA MAHKEMESİNİN 10/3/2020 TARİHLİ VE 2016/10568 SAYILI KARARI (BİREYSEL BAŞVURU) ,"(AİHS m. 6) (2709 S. K. m. 13, 36, 40, 125, 129) (6216 S. K. m. 50) (1602 S. K. m. 43) (657 S. K. m. 13) (Anayasa Mahkemesi İçtüzüğü m. 71, 79) (ANY. MAH. 10.10.2019 T. 2016/12354 E.) (ANY. MAH. 02.10.2013 T. 2013/1718 E.) (ANY. MAH. 07.11.2013 T. 2012/660 E.) (ANY. MAH. 25.07.2017 T. 2014/6673 E.) "
355,27,Yargıtay,CG,446,2020,230,2021-06-01,gebe+illiyet,gebe×2 | travma×95 | illiyet×11 | TCK 87/88,YARGITAY KARARI,"Kararı Veren Yargıtay Dairesi: 1. Ceza Dairesi Mahkemesi:Ağır Ceza Sanık ... hakkında kasten öldürme suçundan açılan kamu davasında yapılan yargılama sonucunda, eylemin kasten yaralama sonucu ölüme neden olma suçunu oluşturduğu kabul edilerek sanığın TCK'nın 87/4, 29/1, 62/1, 53/1-2-3, 63 ve 54/1. m"
356,27,Danıştay,4,5588,2020,2551,2023-05-09,gebe+illiyet,gebe×2 | travma×10 | illiyet×12 | TCK 87/88,DANIŞTAY KARARI,"T.C. D A N I Ş T A Y DÖRDÜNCÜ DAİRE Esas No : 2020/5588 KararNo : 2023/2551 TEMYİZ EDEN (DAVALI): … Vergi Dairesi Başkanlığı VEKİLİ: Av. … KARŞI TARAF (DAVACI): ... İSTEMİN KONUSU: … Bölge İdare Mahkemesi ... Vergi Dava Dairesinin … tarih ve E:…, K:… sayılı kararının temyizen incelenerek bozulması i"
357,27,Yargıtay,CG,381,2020,512,2020-12-10,gebe+illiyet,gebe×2 | travma×103 | illiyet×16 | TCK 87/88,YARGITAY KARARI,"Kararı Veren Yargıtay Dairesi: 1. Ceza Dairesi Mahkemesi:Ağır Ceza Sayısı: 300-296 Kasten yaralama sonucu ölüme neden olma suçundan sanık ...'nın TCK'nın 87/4-2. cümle, 62, 53 ve 63. maddeleri uyarınca 10 yıl hapis cezası ile cezalandırılmasına, hak yoksunluğuna ve mahsuba ilişkin Malatya 3. Ağır Ce"
358,27,Yargıtay,3,4150,2021,14733,2024-11-07,gebe+illiyet,gebe×2 | travma×35 | illiyet×27 | TCK 87/88,YARGITAY KARARI,"MAHKEMESİ: Sakarya Bölge Adliye Mahkemesi 2. Ceza Dairesi SAYISI: 2019/1742 E., 2020/312 K. İLK DERECE MAHKEMESİ: Kocaeli 5. Ağır Ceza Mahkemesi SAYISI: 2018/326 E, 2019/257 K. SUÇ: Anayasayı ihlal, Silahlı terör örgütüne üye olma, Suçluyu Kayırma, HÜKÜM:A) Anayasal düzeni ortadan kaldırmaya teşebbü"
359,27,Yargıtay,CG,412,2017,308,2021-06-24,gebe+travma,gebe×2 | travma×50 | illiyet×18 | TCK 87/88,YARGITAY KARARI,"Kararı Veren Yargıtay Dairesi: 1. Ceza Dairesi Mahkemesi:Ağır Ceza Sayısı: 400-447 Sanık ... hakkında maktul ...'e yönelik kasten öldürme suçundan açılan kamu davasında yapılan yargılama sonucunda, eyleminin kasten yaralama suçunu oluşturduğu kabul edilerek sanığın TCK’nın 86/1, 86/3-e, 29, 62, 53 v"
360,27,Yargıtay,CG,73,2016,40,2020-01-30,gebe+travma,gebe×25 | travma×27 | cenin/düşük | künt/batın,YARGITAY KARARI,"Kararı Veren Yargıtay Dairesi: 14. Ceza Dairesi Mahkemesi:Ağır Ceza Sayısı : 191-329 Cebir ve tehdit kullanarak çocuğun nitelikli cinsel istismarı suçundan sanık ...'nın TCK’nın 103/1-a, 103/2, 103/4, 103/6, 43/1, 53 ve 63. maddeleri uyarınca 18 yıl hapis; çocuğun nitelikli cinsel istismarı suçundan"
361,27,Yargıtay,CG,755,2016,454,2016-11-29,gebe+travma,gebe×6 | travma×18 | TCK 87/88 | cenin/düşük,YARGITAY KARARI,"Yargıtay Dairesi: 14. Ceza Dairesi Çocuğun nitelikli cinsel istismarı suçundan sanık ...'ın TCK'nun 103/2, 103/6, 43, 53 ve 63. maddeleri gereğince 18 yıl 4 ay hapis cezası ile cezalandırılmasına, hak yoksunluğuna ve mahsuba ilişkin, Bursa 2. Ağır Ceza Mahkemesince verilen 02.10.2012 gün ve 127-320 "
362,27,Yargıtay,9,9110,2013,12351,2013-10-09,gebe+illiyet,gebe×2 | travma×49 | illiyet×21 | TCK 87/88,SİLAHLI TERÖR ÖRGÜTÜNE ÜYE OLMA SUÇU - HÜKÜMETİ CEBREN ISKAT VEYA VAZİFE GÖRMEKTEN CEBREN MEN ETME EYLEMİ - İTTİFAK SUÇU - PLAN SEMİNERİNE KATILAN SANIKLARIN HUKUKİ DURUMLARININ TESPİTİ - HÜKMÜN BOZUL,"(AİHS m. 5) (2709 S. K. m. 6, 14, 83, 112, 137, 142, 143, 145) (211 S. K. m. 8, 14, 16) (353 S. K. m. 9, 17) (5271 S. K. m. 8, 11, 127, 172, 206, 250) (3713 S. K. m. 3, 5, 10, 17) (357 S. K. m. 28) (2802 S. K. m. 2, Ek Geç. m. 2) (1632 S. K. m. 41, Ek m. 8) (1412 S. K. m. 394/A) (5320 S. K. m. 2) (6"
363,27,Yargıtay,CG,1-5,2020,376,2020-09-24,gebe+travma,gebe×2 | travma×97 | illiyet×10 | TCK 87/88,KASTEN ÖLDÜRME SUÇU - MAKTULDEN KAYNAKLANAN VE SANIĞA YÖNELEN HERHANGİ BİR HAKSIZ FİİL BULUNMAYAN OLAYDA SANIK HAKKINDA HAKSIZ TAHRİK HÜKMÜNÜN UYGULANMA KOŞULLARININ OLUŞMADIĞI - İTİRAZIN REDDİ,"(5237 S. K. m. 21, 23, 29, 53, 58, 63, 81, 86, 87) (5271 S. K. m. 308) &nbsp; Kasten öldürme suçundan sanık ...&#39;nın TCK&#39;nın 81/1, 53, 58 ve 63. maddeleri uyarınca müebbet hapis cezası ile cezalandırılmasına, hak yoksunluğuna, cezasının mükerrirlere özgü infaz rejimine göre çektirilmesine ve "
364,26.9,Yargıtay,16,5643,2019,7684,2019-12-10,gebe+illiyet,gebe×9 | travma×4 | illiyet×33 | TCK 87/88,YARGITAY KARARI,"Mahkemesi :Ceza Dairesi İlk Derece Mahkemesi : ... 17. Ağır Ceza Mahkemesinin 27.10.2017 tarih ve... sayılı kararı Suç: Anayasal düzeni ortadan kaldırmaya teşebbüs etme, Türkiye Cumhuriyeti Hükümetini ortadan kaldırmaya teşebbüs etme, Türkiye Büyük Millet Meclisini ortadan kaldırmaya teşebbüs etme, "
365,26.8,Yargıtay,CG,126,2021,617,2021-12-07,gebe+travma,gebe×30 | travma×125 | illiyet×4 | TCK 87/88 | trafik/iş kaz,YARGITAY KARARI,"Sanık ... hakkında bilinçli taksirle bir kişinin ölümüne neden olma suçundan açılan kamu davasında yapılan yargılama sırasında, sanığın eyleminin kasten öldürme suçunu oluşturabileceği gerekçesiyle Bolvadin Asliye Ceza Mahkemesince verilen 16.10.2014 tarihli ve 435-272 sayılı görevsizlik kararı üzer"
366,26.8,Yargıtay,16,1950,2019,2164,2019-03-29,gebe+illiyet,gebe×13 | travma×3 | illiyet×46 | TCK 87/88,ANAYASAL DÜZENİ ORTADAN KALDIRMAYA TEŞEBBÜS SUÇU - SIKIYÖNETİM KOMUTANI OLARAK GÖREVLENDİRİLMİŞ OLAN SANIK – SANIĞIN SUÇA FAİL YA DA YARDIM EDEN SIFATIYLA İŞTİRAK ETTİĞİNE DAİR MAHKUMİYETİNE YETERLİ K,"(5271 S. K. m. 296, 299) (5237 S. K. m. 20, 37, 39, 40, 44, 168, 171, 220, 302, 309, 311, 312, 314, 315, 316) (765 S. K. m. 65, 146) (YCGK 23.11.1999 T. 1999/9-274 E. 1999/284 K.) (YCGK 09.02.2010 T. 2009/9-103 E. 2010/22 K.) (YCGK 19.10.2010 T. 2010/1-153 E. 2010/206 K.) (YCGK 20.01.2009 T. 2008/1-"
367,26.8,Yargıtay,3,5051,2023,740,2025-02-11,gebe+illiyet,gebe×20 | travma×3 | illiyet×10 | TCK 87/88,YARGITAY KARARI,"MAHKEMESİ: İzmir Bölge Adliye Mahkemesi 21. Hukuk Dairesi SAYISI: 2023/871 E., 2023/1302 K. İLK DERECE MAHKEMESİ: Aydın 2. Asliye Hukuk (Tüketici) Mahkemesi SAYISI: 2022/699 E., 2023/198 K. Bölge Adliye Mahkemesi kararı davalı .... vekili ile davalı ... Sağlık Hizmetleri A.Ş. vekili tarafından temyi"
368,26.7,Anayasa,2,6774,2015,,2019-03-20,gebe+travma,gebe×1 | travma×9 | illiyet×9 | cenin/düşük,ANAYASA MAHKEMESİNİN 20/3/2019 TARİHLİ VE 2015/6774 SAYILI KARARI (BİREYSEL BAŞVURU),"(2709 S. K. m. 5, 17) (5237 S. K. m. 83, 98) (5271 S. K. m. 231) (ANY. MAH. 17.09.2013 T. 2012/752 E.) (ANY. MAH. 18.09.2013 T. 2012/1017 E.) (ANY. MAH. 16.12.2015 T. 2013/6574 E.) (ANY. MAH. 21.04.2016 T. 2013/7832 E.) (ANY. MAH. 16.07.2014 T. 2013/6319 E.) &nbsp; *** İncelemekte olduğunuz karar Re"
369,26.7,Yargıtay,4,21165,2021,2427,2023-02-23,gebe+travma,gebe×3 | travma×2 | illiyet×5 | TCK 87/88 | cenin/düşük,YARGITAY KARARI,"MAHKEMESİ: İzmir Bölge Adliye Mahkemesi 4. Hukuk Dairesi SAYISI: 2019/852 E., 2021/1435 K. HÜKÜM/KARAR: İstinaf Başvurusunun Kabulü ile Davanın Reddine İLK DERECE MAHKEMESİ: Turgutlu 1. Asliye Hukuk Mahkemesi SAYISI: 2018/5 E., 2018/824 K. Taraflar arasındaki basın yoluyla kişilik haklarının ihlali "
370,26.5,Yargıtay,3,6488,2021,1606,2022-03-30,gebe+illiyet,gebe×1 | travma×25 | illiyet×18 | TCK 87/88,YARGITAY KARARI,İtiraz Eden : Yargıtay Cumhuriyet Başsavcılığı İtiraz Edilen Karar : Yargıtay 16. Ceza Dairesinin 14. 11.2019 tarih ve 2019/7943 - 2019/7266 sayılı kararı İtirazla İlgili Mahkeme Kararı: Akara Bölge Adliye Mahkemesi 4. Ceza Dairesinin 08.03.2019 tarih ve 2018/2213 - 2019/140 sayılı kararı İlk Derece
371,26.5,Yargıtay,CG,576,2019,212,2021-05-25,gebe+travma,gebe×1 | travma×165 | illiyet×10 | TCK 87/88,YARGITAY KARARI,"Kararı veren Yargıtay Dairesi: 1. Ceza Dairesi Mahkemesi:Ağır Ceza Kasten öldürme suçundan sanık ...'ın TCK’nın 81/1, 62, 53 ve 63. maddeleri uyarınca 25 yıl hapis cezası ile cezalandırılmasına, hak yoksunluğuna ve mahsuba ilişkin Antalya 3. Ağır Ceza Mahkemesince verilen 08.07.2015 tarihli, 22-247 "
372,26.5,Yargıtay,10,11430,2021,4995,2022-04-05,gebe+illiyet,gebe×1 | travma×5 | illiyet×11 | TCK 87/88 | trafik/iş kaz,YARGITAY KARARI,"Mahkemesi:İş Mahkemesi Dava, rücuan tazminat istemine ilişkindir. Mahkemece, bozma kararına uyularak ilamda belirtildiği şekilde davanın kısmen kabulüne karar verilmiştir. Hükmün, davacı Kurum ile davalı ... ve davalı ...-... Ticaret Merkezi vekilleri tarafından temyiz edilmesi üzerine, temyiz istek"
373,26.4,Yargıtay,21,13820,2016,3196,2018-04-02,gebe+illiyet,gebe×2 | travma×8 | illiyet×8 | TCK 87/88 | trafik/iş kaz,YARGITAY KARARI,"MAHKEMESİ: ... Mahkemesi Davacı, ... sonucu maluliyetinden doğan maddi ve manevi ...ın ödetilmesine karar verilmesini istemiştir. Mahkeme ilamında belirtildiği şekilde, isteğin reddine karar vermiştir. Hükmün davacı vekili tarafından temyiz edilmesi üzerine temyiz isteğinin süresinde olduğu anlaşıld"
374,26.4,Yargıtay,3,7473,2022,2150,2023-07-12,gebe+illiyet,gebe×20 | travma×5 | illiyet×7 | cenin/düşük,YARGITAY KARARI,"MAHKEMESİ: Küçükçekmece 9. Asliye Hukuk Mahkemesi SAYISI: 2021/29 E., 2022/234 K. Taraflar arasındaki asıl dosyada maddi ve manevi tazminat, birleşen Küçükçekmece 1. Asliye Hukuk Mahkemesinin 2016/598 Esas sayılı dosyasında faiz, birleşen Küçükçekmece 1. Asliye Hukuk Mahkemesinin 2021/334 Esas sayıl"
375,26.3,Yargıtay,4,21160,2021,2425,2023-02-23,gebe+travma,gebe×1 | travma×3 | illiyet×5 | TCK 87/88 | cenin/düşük,YARGITAY KARARI,"MAHKEMESİ: İzmir Bölge Adliye Mahkemesi 4. Hukuk Dairesi SAYISI: 2019/898 E., 2021/1446 K. HÜKÜM/KARAR: İstinaf Başvurusunun Kabulü ile Davanın Reddine İLK DERECE MAHKEMESİ: Turgutlu 2. Asliye Hukuk Mahkemesi SAYISI: 2018/4 E., 2018/340 K. Taraflar arasındaki basın yoluyla kişilik haklarının ihlali "
376,26.3,Yargıtay,11,532,1988,1513,1988-02-19,gebe+illiyet,gebe×1 | travma×1 | illiyet×6 | TCK 87/88 | cenin/düşük,TAZMİNAT DAVASI - İHRACAT MEBLAĞININ ZAMANINDA GÖNDERİLMEMESİ SONUCU OLUŞAN ZARARI TAZMİNİ TALEBİ - UYUŞMAZLIĞI UZMANLIK GEREKTİRMESİ - YETERSİZ BİLİRKİŞİ RAPORUNA DAYANILARAK HÜKÜM KURULMAMASI GEREĞİ,(1086 S. K. m. 284) Dava: (M.B.) ile T.Garanti Bankası A.Ş. arasında çıkan davadan dolayı İstanbul Asliye 4. Ticaret Mahkemesince verilen hükmü onayan dairenin 4.11.1987 gün ve 3359-5888 sayılı ilamı aleyhinde davalı T.Garanti bankası A.Ş. vekili tarafından karar düzeltilmesi isteğinde bulunulmuş ol
377,26.3,Danıştay,1,545,2018,644,2018-04-24,gebe+illiyet,gebe×5 | travma×3 | illiyet×13 | cenin/düşük,MENİ MUHAKEME DAVASI - İLAÇ VE İZLEM UYGULAMALARINDA TIBBİ KUSUR VEYA İHMAL YAHUT UYGULAMA HATASI BULUNUP BULUNMADIĞI VE BU DURUMDAN KİMLERİN SORUMLULUĞU BULUNDUĞU HUSUSLARINI AYRINTILI OLARAK AÇIKLAY,"(2547 S. K. m. 53) (5271 S. K. m. 147, 233) &nbsp; Trakya Üniversitesi Rektörlüğünün 21.2.2018 tarih ve E.100791 sayılı yazısı ekinde gönderilen soruşturma dosyası ile yukarıda belirtilen Kurul kararı ve bu kararın lüzum-u muhakemeye ilişkin kısmına hakkında lüzum-u muhakeme kararı verilen ...., men"
378,26.2,Anayasa,1,17652,2017,,2020-12-15,gebe+illiyet,gebe×30 | travma×2 | illiyet×15 | TCK 87/88,ANAYASA MAHKEMESİNİN 15/12/2020 TARİHLİ VE 2017/17652 SAYILI KARARI (BİREYSEL BAŞVURU) ,"(2709 S. K. m. 5, 17) (6216 S. K. m. 50) (Anayasa Mahkemesi İçtüzüğü m. 79) (ANY. MAH. 20.04.2016 T. 2013/4086 E.) (ANY. MAH. 18.09.2013 T. &nbsp;2012/969 E.) (ANY. MAH. 17.09.2013 T. 2012/752 E.) (ANY. MAH. 03.04.2014 T. 2013/2839 E.) (ANY. MAH. 30.10.2018 T. 2015/3640 E.) (ANY. MAH. 16.07.2014 T. "
379,26.2,Anayasa,2,12621,2021,,2024-09-18,gebe+illiyet,gebe×28 | travma×2 | illiyet×12 | TCK 87/88,ANAYASA MAHKEMESİNİN 18/9/2024 TARİHLİ VE 2021/12621 SAYILI KARARI (BİREYSEL BAŞVURU),(2709 S. K. m. 17)(ANY. MAH. 27.04.2023 T. 2022/100837 E.)(ANY. MAH. 15.10.2015 T. 2013/2084 E.) (ANY. MAH. 09.09.2015 T. 2013/1943 E.)(ANY. MAH. 14.04.2016 T. 2013/8147 E.)(ANY. MAH. 18.09.2013 T. 2012/969 E.)(ANY. MAH. 07.11.2019 T. 2016/12506 E.)(ANY. MAH. 21.01.2021 T. 2020/32949 E.) (ANY. MAH. 
380,26.2,Yargıtay,CG,238,2021,504,2021-10-26,gebe+illiyet,gebe×13 | travma×27 | illiyet×6 | TCK 87/88,YARGITAY KARARI,"Kararı Veren Yargıtay Dairesi : (Kapatılan) 14. Ceza Dairesi Mahkemesi :Ağır Ceza Sayısı : 307-388 Katılanlar : 1- ..., 2- ..., 3- ... Temyiz Edenler : Sanık müdafisi ve katılan ... vekili Sanık ...'in nitelikli cinsel saldırı suçundan TCK'nın 102/2, 53 ve 63. maddeleri uyarınca 14 yıl hapis cezası "
381,26,Yargıtay,CG,12-67,2014,45,2016-02-09,gebe+illiyet,gebe×24 | travma×56 | illiyet×10 | trafik/iş kaz,TAKSİRLE BİR KİŞİNİN YARALANMASINA NEDEN OLMAK SUÇU - SANIĞIN YAYA OLMASI VE HERHANGİ BİR TRAFİK ARACINI KULLANMAMASI NEDENİYLE SUÇUN FAİLİ OLUP OLAMAYACAĞI - YARGITAY CUMHURİYET BAŞSAVCILIĞI İTİRAZIN,"(5237 S. K. m. 22, 85, 89) (5271 S. K. m. 308) (2918 S. K. m. 3, 46, 68, 81) (Karayolları Trafik Yönetmeliği m. 94, 95, 138) (YCGK 07.06.2011 T. 2011/1-54 E. 2011/120 K.) (YCGK 06.10.2009 T. 2009/9-189 E. 2009/220 K.) (YCGK 12.10.2004 T. 2004/1-163 E. 2004/194 K.) (YCGK 11.05.2004 T. 2004/2-97 E. 20"
382,26,Askeri Yargıtay,3,80,2013,183,2013-02-06,gebe+travma,gebe×4 | travma×14 | TCK 87/88 | cenin/düşük,ASTA MÜESSİR FİİL SUÇU - İPTAL EDİLEN KANUNUN İLGA EDİLEN KANUN GİBİ OLDUĞU - SANIĞIN HUKUKİ DURUMUNUN YENİDEN DEĞERLENDİRİLMESİ İÇİN MAHKÛMİYET HÜKMÜNÜN UYGULAMA YÖNÜNDEN BOZULMASI GEREĞİ,"(2709 S. K. m. 153) (6216 S. K. m. 66) (5237 S. K. m. 7, 87) (1632 S. K. m. 47, 91, 117, 118, 132, Ek m. 8, 10) (765 S. K. m. 456) (ANY. MAH. 17.01.2013 T. 2012/80 E. 2013/16 K.) &nbsp; Sanık İs.Kd.Bçvş. M.E.&rsquo;nin, &hellip;K.lığı emrinde &hellip;Astsubayı, Tnk.Ütğm. S.Ş.&rsquo;nin ise, &hellip;"
383,25.9,Yargıtay,CG,293,2021,129,2023-03-08,gebe+illiyet,gebe×7 | travma×64 | illiyet×7 | TCK 87/88,YARGITAY KARARI,"YARGITAY DAİRESİ : 1. Ceza Dairesi I. HUKUKÎ SÜREÇ Sanık ... hakkında nitelikli kasten öldürme suçundan açılan kamu davasında yapılan yargılaması sonucunda, eyleminin kasten yaralama sonucu ölüme neden olma suçunu oluşturduğu kabul edilerek sanığın TCK’nın 87/4, 29, 62, 53, 54 ve 63. maddeleri uyarı"
384,25.8,Yargıtay,11,2841,2024,15582,2024-12-16,gebe+illiyet,gebe×2 | travma×11 | illiyet×9 | TCK 87/88,YARGITAY KARARI,"MAHKEMESİ:Ağır Ceza Mahkemesi SAYISI: 2023/179 Değişik İş SUÇ: Serbest meslek sahibi kişiler tarafından mesleklerinden dolayı kendilerine duyulan güvenin kötüye kullanılması suretiyle dolandırıcılık Sanık hakkında serbest meslek sahibi kişiler tarafından, mesleklerinden dolayı kendilerine duyulan gü"
385,25.8,Yargıtay,21,18956,2016,3939,2018-04-17,gebe+illiyet,gebe×2 | travma×7 | illiyet×8 | TCK 87/88 | trafik/iş kaz,YARGITAY KARARI,"MAHKEMESİ: ...... Mahkemesi Davacılar, ......inin ......... sonucu maluliyetinden doğan maddi ve manevi ......ın ödetilmesi davasının yapılan yargılaması sonunda; ilamda yazılı nedenlerle davanın reddine ilişkin hükmün süresi içinde temyizen incelenmesi davacı vekilince istenilmesi ve duruşma talep "
386,25.8,Yargıtay,3,3597,2021,1600,2022-03-31,gebe+illiyet,gebe×2 | travma×41 | illiyet×9 | TCK 87/88,ANAYASAYI İHLAL SUÇU - SANIĞIN İCRA HAREKETLERİNDEN ÖNCE ÖRGÜTSEL ORGANİZASYON İÇİNDE YER ALARAK DARBE GİRİŞİMİNDEN HABERDAR OLDUĞU VE SUÇ İŞLEME KARARI İLE İRADESİNE KATILDIĞININ KANITLANAMADIĞI - HÜ,"(2709 S. K. m. 137) (5271 S. K. m. 216, 223, 279, 298, 299) (5237 S. K. m. 24, 30, 37, 58, 220, 302, 309, 310, 311, 312, 314, 315, 316) (1632 S. K. m. 41) (765 S. K. m. 156, 168, 171) (3713 S. K. m. 3, 5) (YCGK 10.12.1990 T. 1990/9-301 E. 1990/329 K.) (YCGK 21.02.1983 T. 1982/6-495 E. 1983/64 K.) (Y"
387,25.7,Yargıtay,3,7043,2008,18807,2010-12-01,gebe+illiyet,gebe×1 | travma×4 | illiyet×4 | TCK 87/88 | cenin/düşük,YARGITAY KARARI,"MAHKEMESİ :Asliye Ceza Mahkemesi HÜKÜM: Sanıkların mahkumiyetine dair. Mahalli mahkemece verilen hüküm temyiz edilmekle evrak okunarak; Gereği görüşülüp düşünüldü: Sanık ... hakkında düzenlenen tebliğnamede hükmün açıklanmasının geri bırakılması değerlendirilmesi istenilmiş ise de sanık hakkında doğ"
388,25.6,Yargıtay,3,3757,2024,4227,2024-12-10,gebe+illiyet,gebe×17 | travma×1 | illiyet×17 | TCK 87/88,YARGITAY KARARI,"MAHKEMESİ:Asliye Hukuk Mahkemesi SAYISI: 2018/124 E., 2023/218 K. Taraflar arasındaki asıl ve birleşen maddi manevi tazminat davalarından dolayı bozmaya uyularak yapılan yargılama sonunda Mahkemece asıl ve birleşen davaların reddine karar verilmiştir. Kararın davacılar vekili tarafından temyiz edilm"
389,25.6,Yargıtay,3,2843,2024,1967,2025-04-08,gebe+illiyet,gebe×49 | travma×1 | illiyet×10 | TCK 87/88,YARGITAY KARARI,"MAHKEMESİ: Ankara Bölge Adliye Mahkemesi 3. Hukuk Dairesi SAYISI: 2023/795 E., 2024/1043 K. İLK DERECE MAHKEMESİ: Ankara 1. Tüketici Mahkemesi SAYISI: 2016/1388 E., 2022/454 K. Bölge Adliye Mahkemesi kararı, davacılar vekili tarafından temyiz edilmekle; kesinlik, süre, temyiz şartı ve diğer usul eks"
390,25.6,Danıştay,10,4654,2020,4225,2021-09-22,gebe+travma,gebe×44 | travma×1 | illiyet×15 | obstetrik komp.,DANIŞTAY KARARI,"T.C. D A N I Ş T A Y ONUNCU DAİRE Esas No: 2020/4654 Karar No: 2021/4225 TEMYİZ EDENLER (DAVACILAR) : Kendi adlarına asaleten, …'a velayeten …, … VEKİLLERİ : Av. … KARŞI TARAF (DAVALI) : … Bakanlığı / … VEKİLİ : Hukuk Müşaviri Av. … İSTEMİN_KONUSU : … İdare Mahkemesinin … tarih ve E:…, K:… sayılı ka"
391,25.5,Uyuşmazlık Mahkemesi,HUKUK,489,2015,112,2016-03-14,gebe+illiyet,gebe×5 | travma×5 | illiyet×18 | TCK 87/88,İŞLEMİN İPTALİ İSTEMİ  - SONRADAN İPTALİNE KARAR VERİLEN İŞLEMLERİN DEVİRDEN ÖNCE TİCARET SİCİLİNDE TESCİL VE İLAN EDİLDİĞİ - DAVALININ BUNA DAYANARAK MÜLKİYET İKTİSAP ETTİĞİ - UYUŞMAZLIĞIN ADLİ YARGI,"(6762 S. K. m. 37, 39) UYUŞMAZLIK MAHKEMESİNDEN İSTEK: Davacı M.E.B. vekili talep dilekçesinde; ""1-K. Yapı ve Maden Sanayi ve Ticaret A.Ş'nin sahibi olduğu İstanbul ili Çatalca ilçesi Ormanlı köyü mevkiinde bulunan İR:2817 nolu Maden işletme ruhsatını 2001 yılında ekonomik olarak borçlarını ödeyemez"
392,25.5,Yargıtay,1,2142,2021,6852,2021-04-14,gebe+illiyet,gebe×3 | travma×4 | illiyet×3 | TCK 87/88 | cenin/düşük,KASTEN YARALAMA SUÇU - ORANTILILIK İLKESİ GÖZETİLEREK TCK MADDESİ GEREĞİNCE ASGARİ ORANDA İNDİRİM YAPILMASI GEREKTİĞİ GÖZETİLMEDEN İNDİRİM YAPILMASI SURETİYLE EKSİK CEZA TAYİN EDİLMESİ - HÜKMÜN BOZULM,"(AİHS m. 6) (2709 S. K. m. 36) (5271 S. K. m. 226, 237, 260) (5237 S. K. m. 3, 29, 87) &nbsp; Mahalli mahkemece verilen hükümler temyiz edilmekle evrak okunarak; &nbsp; Gereği görüşülüp düşünüldü: &nbsp; Müşteki ...&#39;nın yargılama sırasında sanık ...&#39;den şikayetçi olduğu ancak; kamu davasına "
393,25.3,Yargıtay,CG,166,2018,308,2018-06-26,gebe+illiyet,gebe×1 | travma×127 | illiyet×9 | TCK 87/88,YARGITAY KARARI,"Kasten yaralama sonucu ölüme neden olma suçundan sanık ...'ın, TCK'nun 87/4, 29, 62, 53 ve 54. maddeleri uyarınca 5 yıl hapis cezası ile cezalandırılmasına, hak yoksunluğuna ve müsadereye ilişkin Nizip Ağır Ceza Mahkemesince verilen 20.01.2016 gün ve 145-16 sayılı hükmün, sanık müdafii, katılanlar v"
394,25.2,Danıştay,10,6392,2019,1886,2021-04-26,gebe+illiyet,gebe×16 | travma×1 | illiyet×3 | TCK 87/88 | obstetrik komp.,DANIŞTAY KARARI,"T.C. D A N I Ş T A Y ONUNCU DAİRE Esas No : 2019/6392 KararNo : 2021/1886 TEMYİZ EDEN (DAVACILAR): Kendilerine Asaleten Çocukları …'eVelayeten … ve … VEKİLLERİ: Av. … KARŞI TARAF (DAVALI): … Üniversitesi Rektörlüğü VEKİLİ: Av. … İSTEMİN_KONUSU: … İdare Mahkemesinin … tarih ve E:…, K:… sayılı kararın"
395,25,Yargıtay,13,29582,2013,30846,2014-10-13,gebe+illiyet,gebe×19 | travma×2 | illiyet×9 | obstetrik komp.,YARGITAY KARARI,MAHKEMESİ: İstanbul 30. Asliye Ticaret Mahkemesi TARİHİ: 08/05/2013 NUMARASI: 2011/74-2013/145 Taraflar arasındaki tazminat davasının yapılan yargılaması sonunda ilamda yazılı nedenlerden dolayı davanın reddine yönelik olarak verilen hükmün davacı avukatınca duruşmalı olarak temyiz edilmesi üzerine 
396,25,Anayasa,GK,3782,2013,,2016-04-21,gebe+travma,gebe×2 | travma×43 | TCK 87/88 | cenin/düşük,ANAYASA MAHKEMESİNİN 21/4/2016 TARİHLİ VE 2013/3782 SAYILI KARARI (BİREYSEL BAŞVURU),"(2709 S. K. m. 17, 19, 36, 40) (5275 S. K. m. 6, 8, 57, 71, 78, 79, 80, 81, 111, 116) (5271 S. K. m. 86, 87) (6216 S. K. m. 46, 50, Geç. m. 1) (Ceza İnfaz Kurumlarında Bulundurulabilecek Eşya ve Maddeler Hakkında Yönetmelik m. 7) (Ceza infaz Kurumlarının Yönetimi ile Ceza ve Güvenlik Tedbirlerinin i"
397,25,Yargıtay,13,7843,2012,5023,2013-03-04,gebe+illiyet,gebe×29 | travma×2 | illiyet×9 | TCK 87/88,YARGITAY KARARI,MAHKEMESİ:Asliye Hukuk Mahkemesi Taraflar arasındaki maddi ve manevi tazminat davasının yapılan yargılaması sonunda ilamda yazılı nedenlerden dolayı davanın kısmen kabul kısmen reddine yönelik olarak verilen hükmün taraflar avukatınca duruşmalı olarak temyiz edilmesi üzerine ilgililere çağrı kağıdı 
398,25,Yargıtay,CG,174,2020,602,2022-10-04,gebe+travma,gebe×10 | travma×41 | illiyet×5 | TCK 87/88,YARGITAY KARARI,"Mahkemesi:Çocuk Ağır Ceza Suça sürüklenen çocuk ...’ın beden veya ruh sağlığını bozacak şekilde çocuğun nitelikli cinsel istismarı suçundan TCK’nın 103/2, 103/6, 31/2-son ve 62. maddeleri uyarınca 5 yıl 10 ay; suça sürüklenen çocuk ...’nin beden veya ruh sağlığını bozacak şekilde çocuğun nitelikli c"
399,25,Yargıtay,CG,1-164,2020,239,2020-05-28,gebe+travma,gebe×38 | travma×21 | illiyet×5 | TCK 87/88,İHMAL SURETİYLE NİTELİKLİ KASTEN ÖLDÜRME SUÇU - ANA VE BABANIN EVLİ OLMAMASI HALİNDE DOĞAN ÇOCUK ANNENİN VELAYETİ ALTINDA OLACAĞINDAN ANNENİN ÇOCUK ÜZERİNDE KANUNDAN DOĞAN KORUMA VE GÖZETİM YÜKÜMLÜLÜĞ,"(2709 S. K. m. 141) (4721 S. K. m. 335, 337, 339, 340, 346, 348) (6284 S. K. m. 2, 20) (5237 S. K. m. 21, 52, 62, 63, 81, 82, 83, 85, 98, 175, 177, 178, 257, 278, 279, 280, 284) (5271 S. K. m. 34, 35, 233, 234, 260, 307) (1412 S. K. m. 294, 305, 310, 320, 325, 326, 360, 367) (5320 S. K. m. 8) &nbsp;"
400,25,Yargıtay,CG,161,2014,493,2015-12-08,gebe+illiyet,gebe×40 | travma×8 | illiyet×6 | TCK 87/88,YARGITAY KARARI,"Mahkemesi: .... Ağır Ceza Olası kastla öldürme suçundan sanık ...'ın 5237 sayılı TCK'nun 82/1-d-e, 21/2, 62, 53 ve 63. maddeleri uyarınca 25 yıl hapis cezası ile cezalandırılmasına, hak yoksunluğuna ve mahsuba ilişkin, ... Ağır Ceza Mahkemesince verilen ... gün ve ... sayılı resen temyize tâbi olan "
401,24.9,Yargıtay,4,2240,2024,4218,2024-05-06,gebe+travma,gebe×7 | travma×1 | illiyet×9 | cenin/düşük,YARGITAY KARARI,"MAHKEMESİ: Bursa Bölge Adliye Mahkemesi 10. Hukuk Dairesi SAYISI: 2020/1361 E., 2021/345 K. HÜKÜM/KARAR: Davanın Kısmen Kabulü/ Davacılar Vekilinin Başvurusunun Esastan Reddi/ Davalı Vekilinin Başvurusunun Kısmen Kabulü İLK DERECE MAHKEMESİ: Ayvacık Asliye Hukuk Mahkemesi SAYISI: 2017/12 E., 2018/10"
402,24.8,Yargıtay,HG,814,2019,833,2022-06-07,gebe+illiyet,gebe×6 | travma×3 | illiyet×29 | TCK 87/88,YARGITAY KARARI,"MAHKEMESİ:Asliye Hukuk Mahkemesi 1. Taraflar arasındaki “manevi tazminat” davasından dolayı yapılan yargılama sonunda, ... Asliye Hukuk Mahkemesince verilen da...ın reddine ilişkin karar davacı vekili tarafından temyiz edilmesi üzerine Yargıtay 4. Hukuk Dairesince yapılan inceleme sonunda bozulmuş, "
403,24.8,Danıştay,10,7513,2021,2144,2025-04-21,gebe+travma,gebe×20 | travma×1 | illiyet×1 | cenin/düşük | obstetrik komp.,DANIŞTAY KARARI,"T.C. D A N I Ş T A Y ONUNCU DAİRE Esas No : 2021/7513 KararNo : 2025/2144 TEMYİZ EDEN (DAVACILAR): 1- ... 2- ... VEKİLİ: Av. ... KARŞI TARAF (DAVALI): ... Üniversitesi Rektörlüğü / ... VEKİLİ: Av. ... İSTEMİN_KONUSU: ... Bölge İdare Mahkemesi ... İdari Dava Dairesinin ... tarih ve E:..., K:... sayıl"
404,24.8,Yargıtay,CG,540,2018,207,2022-03-24,gebe+travma,gebe×12 | travma×45 | illiyet×9 | trafik/iş kaz,YARGITAY KARARI,Yargıtay Dairesi: 12. Ceza Dairesi Taksirle birden fazla kişinin ölümüne ve bir kişinin yaralanmasına neden olma suçundan sanıklar ... ve ...'ın CMK'nın 223/2-c maddesi uyarınca beraatlerine ilişkin ... 10. Ağır Ceza Mahkemesince verilen 25.12.2014 tarihli ve 210-508 sayılı hükümlerin Cumhuriyet sav
405,24.8,Danıştay,10,12238,2019,5859,2023-10-24,gebe+travma,gebe×4 | travma×4 | illiyet×2 | TCK 87/88 | cenin/düşük,DANIŞTAY KARARI,"T.C. D A N I Ş T A Y ONUNCU DAİRE Esas No : 2019/12238 KararNo : 2023/5859 DAVACI: ... Merkez Konseyi Başkanlığı VEKİLİ: Av. ... DAVALI: ...Bakanlığı / ANKARA VEKİLLERİ: Huk. Müş. Av. ..., Huk. Müş. ... DAVANIN KONUSU: Davacı tarafından, 1) 15/02/2008 tarihli ve 26788 sayılı Resmî Gazete'de yayımlan"
406,24.6,Yargıtay,3,3932,2023,2158,2024-09-10,gebe+illiyet,gebe×28 | travma×2 | illiyet×7 | cenin/düşük,YARGITAY KARARI,"MAHKEMESİ: Kayseri Bölge Adliye Mahkemesi 6. Hukuk Dairesi SAYISI: 2023/918 E., 2023/956 K. İLK DERECE MAHKEMESİ: Kayseri 2. Tüketici Mahkemesi SAYISI: 2021/273 E., 2023/84 K. Taraflar arasındaki tazminat davasından dolayı yapılan yargılama sonunda İlk Derece Mahkemesince davanın reddine karar veril"
407,24.6,Danıştay,10,6649,2019,5533,2021-11-15,gebe+illiyet,gebe×33 | travma×2 | illiyet×7 | cenin/düşük,DANIŞTAY KARARI,T.C. D A N I Ş T A Y ONUNCU DAİRE Esas No: 2019/6649 KararNo: 2021/5533 TEMYİZ EDEN (DAVACILAR): 1- ... 2- ... VEKİLLERİ: Av. ... KARŞI TARAF (DAVALI):... Bakanlığı VEKİLİ: Av. ... MÜDAHİLLER (DAVALI YANINDA): 1- ... Anonim Türk Sigorta Şirketi 2- ... 3- ... VEKİLLERİ: Av. ... İSTEMİN_KONUSU: ... İd
408,24.5,Anayasa,1,31589,2018,,2022-03-31,gebe+travma,gebe×3 | travma×39 | illiyet×5 | TCK 87/88 | trafik/iş kaz,ANAYASA MAHKEMESİNİN 31/3/2022 TARİHLİ VE 2018/31589 SAYILI KARARI (BİREYSEL BAŞVURU),"(2709 S. K. m. 5, 17) (5237 S. K. m. 64, 86) (ANY. MAH. 21.09.2017 T. 2014/18274 E.) (ANY. MAH. 21.04.2016 T. 2013/3782 E.) (ANY. MAH. 20.05.2015 T. 2013/6979 E.) (ANY. MAH. 18.09.2013 T. 2012/969 E.) (ANY. MAH. 17.09.2013 T. 2012/752 E.) (ANY. MAH. 23.01.2014 T. 2013/841 E.) (ANY. MAH. 10.12.2014 T"
409,24.5,Yargıtay,CG,3-727,2016,146,2020-03-03,gebe+travma,gebe×1 | travma×51 | TCK 87/88 | cenin/düşük,KASTEN YARALAMA SUÇU - ORTA DERECEDEKİ KEMİK KIRIĞI NEDENİYLE YAPILAN ORANINDAKİ ARTIRIMIN MAKUL OLDUĞU VE ORANTILILIK İLKESİNİN İHLAL EDİLMEDİĞİ - İTİRAZIN REDDİ,"(5237 S. K. m. 53, 62, 86, 87) (5271 S. K. m. 231) &nbsp; Sanık ...&#39;ın mağdurlar ... ve ...&#39;a yönelik kemik kırığına neden olacak şekilde kasten yaralama suçundan TCK&#39;nın 86/1, 87/3, 62 ve 53. maddeleri uyarınca iki kez 1 yıl 15 gün hapis cezası ile cezalandırılmasına ve hak yoksunluğuna"
410,24.5,Anayasa,1,2841,2014,,2016-06-09,gebe+illiyet,gebe×9 | travma×13 | illiyet×5 | TCK 87/88,ANAYASA MAHKEMESİNİN 2014/2841 TARİHLİ VE 9/6/2016 SAYILI KARARI (BİREYSEL BAŞVURU),"(AİHS. m. 5, 13) (2709 S. K. m. 17, 19, 40, 148) (6216 S. K. m. 47, 48) RGT: 29.06.2016 RG NO: 29757 BİRİNCİ BÖLÜM KARAR A. S. BAŞVURUSU Başvuru Numarası: 2014/2841 Karar Tarihi: 9/6/2016 Başkan: Burhan ÜSTÜN Üyeler: Serruh KALELİ Nuri NECİPOĞLU Hicabi DURSUN Rıdvan GÜLEÇ Raportör: Recep ÜNAL Başvur"
411,24.3,Danıştay,4,6412,2020,2556,2023-05-09,gebe+illiyet,gebe×1 | travma×3 | illiyet×12 | cenin/düşük,DANIŞTAY KARARI,"T.C. D A N I Ş T A Y DÖRDÜNCÜ DAİRE Esas No : 2020/6412 KararNo : 2023/2556 TEMYİZ EDEN (DAVALI): … Vergi Dairesi Başkanlığı VEKİLİ : Av. … KARŞI TARAF (DAVACI): … İSTEMİN KONUSU: … Bölge İdare Mahkemesi ... Vergi Dava Dairesinin … tarih ve E:…, K:… sayılı kararının temyizen incelenerek bozulması is"
412,24.2,Yargıtay,CG,1-253,2014,46,2015-03-17,gebe+travma,gebe×6 | travma×51 | illiyet×6 | TCK 87/88,NİTELİKLİ KASTEN ÖLDÜRME SUÇU - SANIĞIN ÖZ KIZI OLAN MAKTULEYİ ÖLDÜRMEYİ GEREKTİRECEK HERHANGİ BİR SEBEBİN BULUNMADIĞI VE DEVAMLI AĞLAYAN KIZINI DARP ETMEK SURETİYLE YARALAMAK İSTEDİĞİ - SANIĞIN ÖLDÜR,"(5237 S. K. m. 21, 23, 53, 62, 81, 82, 87) (YCGK 08.07.2003 T. 2003/1-196 E. 2003/212 K.) (YCGK 30.09.2003 T. 2003/1-226 E. 2003/229 K.) (YCGK 08.07.2008 T. 2008/1-88 E. 2008/184 K.) (YCGK 31.03.2009 T. 2008/1-248 E. 2009/82 K.) Dava ve Karar: Nitelikli kasten öldürme suçundan sanık A.. K..'ın 5237 "
413,24.1,Yargıtay,2,2829,2023,733,2024-02-08,gebe+travma,gebe×5 | travma×4 | illiyet×1 | TCK 87/88 | cenin/düşük,YARGITAY KARARI,"... MAHKEMESİ: İstanbul Bölge Adliye Mahkemesi 42. Hukuk Dairesi SAYISI: 2022/1232 E., 2022/1880 K. DAVA TARİHİ: 21.08.2015 KARAR: Başvurunun kısmen kabulü ile yeniden esas hakkında hüküm kurma İLK DERECE MAHKEMESİ: İstanbul Anadolu 19. Aile Mahkemesi SAYISI: 2021/1231 E., 2022/232 K. Taraflar arası"
414,24.1,Yargıtay,10,3288,2022,6937,2022-05-11,gebe+illiyet,gebe×1 | travma×5 | illiyet×8 | TCK 87/88 | trafik/iş kaz,RÜCUAN TAZMİNAT İSTEMİ - İLK KUSUR RAPORUNDA İŞVERENİN YÜZDE YÜZ KUSURLU OLDUĞU İKİNCİ KUSUR RAPORUNDA İŞVERENİN YÜZDE DOKSAN SİGORTALININ YÜZDE ON KUSURUNUN BULUNDUĞU - RAPORLAR ARASINDAKİ ÇELİŞKİ Gİ,"(4857 S. K. m. 2, 63, 69, 77, 85, 98) (6331 S. K. m. 4, 5, 10, 19, 37, Geç. m. 1) (818 S. K. m. 332) (6098 S. K. m. 417) (İşçi Sağlığı ve İş Güvenliği Tüzüğü m. 2) (5510 S. K. m. 13, 21, 76) (6100 S. K. m. 353) (YHGK 09.10.2013 T. &nbsp;2013/21-102 E. 2013/1456 K.) (YHGK 20.03.2013 T. 2012/21-1121 E"
415,24.1,Yargıtay,1,7766,2022,337,2023-02-07,gebe+travma,gebe×1 | travma×29 | illiyet×8 | TCK 87/88,YARGITAY KARARI,"MAHKEMESİ:Ceza Dairesi SUÇ: Eşi kasten öldürmek HÜKÜM: İstinaf başvurularının esastan reddi kararı İlk Derece Mahkemesince verilen hükme yönelik istinaf incelemesi üzerine Bölge Adliye Mahkemesi tarafından verilen kararın; 5271 sayılı Ceza Muhakemesi Kanunu’nun (5271 sayılı Kanun) 286 ncı maddesinin"
416,24.1,Yargıtay,10,11100,2021,3717,2022-03-16,gebe+illiyet,gebe×1 | travma×5 | illiyet×8 | TCK 87/88 | trafik/iş kaz,YARGITAY KARARI,"Bölge Adliye Mahkemesi : ... Bölge Adliye Mahkemesi 10. Hukuk Dairesi No : 2020/119-2021/1221 İlk Derece Mahkemesi :Gülşehir Asliye Hukuk (İş) Mahkemesi No :2014/379-2017/301 Dava, rücuan tazminat istemine ilişkindir. İlk Derece Mahkemesince, hükümde belirtilen gerekçelerle davanın kabulüne dair ver"
417,24,Yargıtay,11,6193,2023,209,2025-01-16,gebe+illiyet,gebe×30 | travma×1 | illiyet×7 | cenin/düşük,TAZMİNAT DAVASI - SOSYAL DEVLET İLKESİ ÇERÇEVESİNDE ENGELLİ BİREYLERE TANINAN TÜM HAKLARDAN DAVACI ÇOCUĞUN DA YARARLANACAĞI - KURULAN HÜKÜMDE İSABET GÖRÜLMEDİĞİ - HÜKMÜN BOZULMASI,"(2709 S. K. m. 12) (6100 S. K. m. 373) &nbsp; Bölge Adliye Mahkemesi kararı davalılar vekilleri tarafından temyiz edilmekle; temyiz şartı ve diğer usul eksiklikleri yönünden yapılan ön inceleme sonucunda, temyiz dilekçesinin kabulüne karar verildikten ve Tetkik Hâkimi tarafından hazırlanan rapor din"
418,24,Yargıtay,11,1669,2023,4009,2024-05-16,gebe+travma,gebe×40 | travma×1 | illiyet×7 | cenin/düşük,YARGITAY KARARI,"MAHKEMESİ: İstanbul Bölge Adliye Mahkemesi 12. Hukuk Dairesi SAYISI: 2022/850 Esas, 2022/1786 Karar HÜKÜM: Esastan ret İLK DERECE MAHKEMESİ : İstanbul Anadolu 1. Asliye Ticaret Mahkemesi SAYISI : 2019/177 E., 2021/1013 K. Taraflar arasındaki tazminat davasından dolayı yapılan yargılama sonunda İlk D"
419,24,Yargıtay,3,1182,2024,679,2025-02-06,gebe+illiyet,gebe×28 | travma×1 | illiyet×7 | cenin/düşük,TAZMİNAT DAVASI - VEKİLİN ÖZEN BORCUNA AYKIRILIĞINDAN DOĞAN MADDİ MANEVİ ZARARIN TAZMİNİ İSTEMİ - YAPILAN UYGULAMALARIN TIP KURALLARINA UYGUN OLDUĞU - USUL VE YASAYA UYGUN HÜKMÜN ONANDIĞI,"(6100 S. K. m. 370) &nbsp; Bölge Adliye Mahkemesi kararı davacılar vekili tarafından temyiz edilmekle: kesinlik, süre, temyiz şartı ve diğer usul eksiklikleri yönünden yapılan ön inceleme sonucunda, temyiz dilekçesinin kabulüne karar verildikten ve Tetkik Hakimi tarafından hazırlanan rapor dinlendik"
420,24,Anayasa,2,2910,2013,,2015-11-05,gebe+travma,gebe×8 | travma×27 | illiyet×5 | TCK 87/88,ANAYASA MAHKEMESİNİN 5/11/2015 TARİHLİ VE 2013/2910 SAYILI KARARI (BİREYSEL BAŞVURU),"(AİHS m. 6, 8, 1 NOLU PROTOKOL) (Çocuk Hakları Sözleşmesi m. 3, 9, 12, 18, 19, 20) (2709 S. K. m. 13, 20, 36, 41, 42, 74, 129, 148) (6284 S. K. m. 1, 4, 5) (5395 S. K. m. 1, 2, 3, 4, 5, 6, 7, 9, 10) (4483 S. K. m. 4) (4721 S. K. m. 346, 347) (2004 S. K. m. 25, 25/B) (6216 S. K. m. 45, 48) (ANY. MAH."
421,23.9,A.İ.H.M.,2,23909,2003,,2011-02-01,gebe+travma,gebe×3 | travma×20 | illiyet×7 | TCK 87/88,DESDE - TÜRKİYE DAVASI,"(AİHS. m. 5, 6, 13, 19, 34, 35, 41, 44) (3713 S. K. m. 1, 7) (İnsan Hakları İhlalleri İle İşkence Ve Kötü Muamele İddialarına İlişkin Soruşturmalar Hakkında Genelge METİN) (ÇOLAK VE FİLİZER - TÜRKİYE DAVASI) (SELMOUNI - FRANSA DAVASI) (AKSOY - TÜRKİYE DAVASI) (ORHAN - TÜRKİYE DAVASI) (SALMAN - TÜRKİ"
422,23.9,A.İ.H.M.,A.İ.H.M.,44774,1998,,2005-11-10,gebe+travma,gebe×3 | travma×11 | illiyet×7 | TCK 87/88,LEYLA ŞAHİN - TÜRKİYE DAVASI,"(Başvuru no. 44774/98) KARAR STRAZBURG 10 Kasım 2005 USUL 1. Dava, Leyla Şahin (""başvuran"") isimli Türk vatandaşı tarafından 21 Temmuz 1998 tarihinde İnsan Hakları ve Temel Özgürlüklerin Korunması Sözleşmesi'nin (""Sözleşme"") eski 25. maddesi çerçevesinde Avrupa İnsan Hakları Komisyonu'na (""Komisyon"""
423,23.8,Yargıtay,14,17560,2014,5490,2016-05-04,gebe+illiyet,gebe×2 | travma×2 | illiyet×3 | TCK 87/88 | cenin/düşük,BAZ İSTASYONUNUN KALDIRILMASI İSTEMİ - MAHKEME KARARI VE DAYANDIĞI GEREKÇELER USUL VE YASAYA UYGUN BULUNDUĞU - TEMYİZ İTİRAZLARININ REDDİ - HÜKMÜN ONANMASI,"(2709 S. K. m. 17, 56) (1086 S. K. m. 426) Dava ve Karar: Davacı vekili tarafından, davalılar aleyhine 08.11.2013 gününde verilen dilekçe ile baz istasyonunun kaldırılması istenmesi üzerine yapılan duruşma sonunda; davanın reddine dair verilen 11.11.2014 günlü hükmün Yargıtayca incelenmesi davacı ta"
424,23.8,Yargıtay,14,53,2015,5557,2016-05-09,gebe+illiyet,gebe×2 | travma×2 | illiyet×3 | TCK 87/88 | cenin/düşük,BAZ İSTASYONUNUN KALİ İSTEMİ - İNSAN SAĞLIĞINA VE ÇEVREYE ZARAR VERİLDİĞİ İDDİASI İLE GSM ŞİRKETİNE AİT BAZ İSTASYONUNUN KALDIRILMASI - MAHKEME KARARI VE DAYANDIĞI GEREKÇELERİN USUL VE YASAYA UYGUN BU,"(1086 S. K. m. 426) Dava ve Karar: Davacılar vekili tarafından, davalılar aleyhine 28.12.2012 gününde verilen dilekçe ile baz istasyonunun kal'i istenmesi üzerine yapılan duruşma sonunda; davanın reddine dair verilen 03.07.2014 günlü hükmün Yargıtayca incelenmesi davacılar vekili tarafından istenilm"
425,23.8,Yargıtay,14,16293,2015,4331,2016-04-11,gebe+illiyet,gebe×2 | travma×2 | illiyet×3 | TCK 87/88 | cenin/düşük,BAZ İSTASYONUNUN KALDIRILMASI İSTEMİ - İNSAN SAĞLIĞINA VE ÇEVREYE ZARAR VERİLDİĞİ İDDİASI İLE GSM ŞİRKETİNE AİT BAZ İSTASYONUNUN KALDIRILMASI - BOZMA İLAMI DOĞRULTUSUNDA ARAŞTIRMA YAPILARAK VERİLMİŞ O,"(1086 S. K. m. 426) Dava ve Karar: Davacı vekili tarafından, davalı aleyhine 08.12.2011 gününde verilen dilekçe ile baz istasyonunun kaldırılması istenmesi üzerine bozma ilamına uyularak yapılan duruşma sonunda; davanın reddine dair verilen 08.05.2015 günlü hükmün Yargıtayca incelenmesi davacı vekil"
426,23.8,Yargıtay,14,9472,2015,9900,2015-11-05,gebe+illiyet,gebe×2 | travma×2 | illiyet×3 | TCK 87/88 | cenin/düşük,BAZ İSTASYONUNUN KALDIRILMASI İSTEMİ - İNSAN SAĞLIĞINA VE ÇEVREYE ZARAR VERİLDİĞİ İDDİASI İLE GSM ŞİRKETİNE AİT BAZ İSTASYONUNUN KALDIRILMASI İSTENİLDİĞİ - DAİRENİN BOZMA İLAMI DOĞRULTUSUNDA VERDİĞİ K,"(2709 S. K. m. 17, 56) (4721 S. K. m. 737) Dava ve Karar: Davacı vekili tarafından, davalı aleyhine 08.12.2011 gününde verilen dilekçe ile baz istasyonunun kaldırılması istenmesi üzerine bozma ilamına uyularak yapılan duruşma sonunda; davanın reddine dair verilen 26.02.2015 günlü hükmün Yargıtayca i"
427,23.8,Yargıtay,14,1216,2016,5235,2016-04-29,gebe+illiyet,gebe×2 | travma×2 | illiyet×3 | TCK 87/88 | cenin/düşük,KARAR DÜZELTME İSTEMİ - İNSAN SAĞLIĞINA VE ÇEVREYE ZARAR VERİLDİĞİ İDDİASI İLE GSM ŞİRKETİNE AİT BAZ İSTASYONUNUN KALDIRILMASI - KANUNDA YER ALAN NEDENLERDEN HİÇBİRİSİNE UYMAYAN KARAR DÜZELTME İSTEMİN,"(1086 S. K. m. 440) (14. HD. 05.11.2015 T. 2015/9472 E. 2015/9900 K.) Dava ve Karar: Taraflar arasındaki baz istasyonunun kaldırılması davasından dolayı mahal mahkemesinden verilen yukarıda gün ve sayısı yazılı hükmün; Dairemizin 05.11.2015 gün ve 2015/9472 Esas, 2015/9900 Karar sayılı ilamı ile ona"
428,23.8,Yargıtay,14,10238,2015,10608,2015-11-19,gebe+illiyet,gebe×2 | travma×2 | illiyet×3 | TCK 87/88 | cenin/düşük,ELATMANIN ÖNLENMESİ VE KAL İSTEMİ - DAVAYA KONU BAZ İSTASYONUNUN İLGİLİ YÖNETMELİKTE BELİRTİLEN GÜVENLİK MESAFESİNE UYGUN OLARAK ÇALIŞTIĞI - PSİKOLOJİK DANIŞMAN BİLİRKİŞİNİN RAPORUNDAKİ GÖRÜŞLERE YANL,"(4721 S. K. m. 683) Dava ve Karar: Davacılar vekili tarafından, davalı aleyhine 09.12.2011 gününde verilen dilekçe ile komşuluk hukukuna aykırılık nedeniyle elatmanın önlenmesi ve kal istenmesi üzerine yapılan duruşma sonunda; davanın kabulüne dair verilen 12.03.2015 günlü hükmün Yargıtayca incelenm"
429,23.8,Yargıtay,14,16484,2014,3420,2016-03-21,gebe+illiyet,gebe×2 | travma×2 | illiyet×3 | TCK 87/88 | cenin/düşük,BAZ İSTASYONUNUN KALDIRILMASI İSTEMİ - İNSAN SAĞLIĞINA VE ÇEVREYE ZARAR VERİLDİĞİ İDDİASI İLE GSM ŞİRKETİNE AİT BAZ İSTASYONUNUN KALDIRILMASI - MAHKEME KARARI VE DAYANDIĞI GEREKÇELERİN USUL VE YASAYA ,"(1086 S. K. m. 426) Dava ve Karar: Davacı vekili tarafından, davalılar aleyhine 20.05.2013 gününde verilen dilekçe ile baz istasyonunun kaldırılması istenmesi üzerine yapılan duruşma sonunda; davanın reddine dair verilen 25.09.2014 günlü hükmün Yargıtayca incelenmesi davacı vekili tarafından istenil"
430,23.8,Yargıtay,14,14969,2015,6066,2016-05-18,gebe+illiyet,gebe×2 | travma×2 | illiyet×3 | TCK 87/88 | cenin/düşük,YARGITAY KARARI,"MAHKEMESİ: Asliye Hukuk Mahkemesi Davacı vekili tarafından, davalılar aleyhine 24.04.2013 gününde verilen dilekçe ile elatmanın önlenmesi ve kal istenmesi üzerine yapılan duruşma sonunda; davanın reddine dair verilen 20.11.2014 günlü hükmün Yargıtayca incelenmesi davacı vekili tarafından istenilmekl"
431,23.8,Yargıtay,3,4608,2011,34077,2012-10-11,gebe+travma,gebe×6 | travma×8 | cenin/düşük | künt/batın,YARGITAY KARARI,"MAHKEMESİ :Asliye Ceza Mahkemesi HÜKÜM: Mahkumiyet, beraat Mahalli mahkemece verilen hüküm temyiz edilmekle evrak okunarak; Gereği görüşülüp düşünüldü; 1) Sanık hakkında mağdur ...'a karşı yaralama suçundan kurulan hüküm yönünden; Mağdur ...' un olay tarihinde hamile olduğunu sanığın karnına tekme a"
432,23.8,Yargıtay,14,9377,2015,9669,2015-11-03,gebe+illiyet,gebe×2 | travma×2 | illiyet×3 | TCK 87/88 | cenin/düşük,BAZ İSTASYONUNUN KALDIRILMASI İSTEMİ - İNSAN SAĞLIĞINA VE ÇEVREYE ZARAR VERİLDİĞİ İDDİASI İLE GSM ŞİRKETİNE AİT BAZ İSTASYONUNUN KALDIRILMASI - BOZMA İLAMI DOĞRULTUSUNDA ARAŞTIRMA YAPILARAK VERİLMİŞ O,"(1086 S. K. m. 426) Dava ve Karar: Davacı vekili tarafından, davalılar aleyhine 31.03.2011 gününde verilen dilekçe ile elatmanın önlenmesi, baz istasyonunun kaldırılması istenmesi üzerine bozma ilamına uyularak yapılan duruşma sonunda; davanın reddine dair verilen 03.02.2015 günlü hükmün Yargıtayca "
433,23.8,Yargıtay,14,11550,2015,11016,2015-11-30,gebe+illiyet,gebe×2 | travma×2 | illiyet×3 | TCK 87/88 | cenin/düşük,ELATMANIN ÖNLENMESİ VE KAL İSTEMİ - İNSAN SAĞLIĞINA VE ÇEVREYE ZARAR VERİLDİĞİ İDDİASI İLE GSM ŞİRKETİNE AİT BAZ İSTASYONUNUN KALDIRILMASI - BOZMA İLAMI DOĞRULTUSUNDA ARAŞTIRMA YAPILARAK VERİLMİŞ OLAN,"(4721 S. K. m. 683) Dava ve Karar: Davacılar tarafından, davalılar aleyhine 25.05.2012 gününde verilen dilekçe ile elatmanın önlenmesi ve kal istenmesi üzerine bozma ilamına uyularak yapılan yargılama sonunda; davanın reddine dair verilen 16.10.2014 günlü hükmün Yargıtayca incelenmesi davacı vekili "
434,23.8,Anayasa,2,2084,2013,,2015-10-15,gebe+travma,gebe×2 | travma×2 | illiyet×3 | TCK 87/88 | cenin/düşük,ANAYASA MAHKEMESİNİN 15/10/2015 TARİHLİ VE 2013/2084 SAYILI KARARI (BİREYSEL BAŞVURU),"(AİHS m. 6, 8) (2709 S. K. m. 2, 17, 36, 37, 40, 41, 56, 141) (6098 S. K. m. 49, 74) (1219 S. K. m. 70) (2238 S. K. m. 1, 2, 6) (6216 S. K. m. 50) (Hasta Hakları Yönetmeliği m. 15, 22, 24, 29, 31, 42, 43, 47) (Üremeye Yardımcı Tedavi Merkezleri Yönetmeliği m. 20) (Özel Hastaneler Yönetmeliği m. 62) "
435,23.8,Yargıtay,14,17963,2015,4868,2016-04-21,gebe+illiyet,gebe×2 | travma×2 | illiyet×3 | TCK 87/88 | cenin/düşük,BAZ İSTASYONUNUN KALDIRILMASI İSTEMİ - İNSAN SAĞLIĞINA VE ÇEVREYE ZARAR VERİLDİĞİ İDDİASI İLE GSM ŞİRKETİNE AİT BAZ İSTASYONUNUN KALDIRILMASI - BOZMA İLAMI DOĞRULTUSUNDA ARAŞTIRMA YAPILARAK VERİLMİŞ O,"(1086 S. K. m. 426) Dava ve Karar: Davacı vekili tarafından, davalılar aleyhine 22.07.2009 gününde verilen dilekçe ile baz istasyonunun kaldırılması istenmesi üzerine bozma ilamına uyularak yapılan duruşma sonunda; davanın reddine dair verilen 11.02.2014 günlü hükmün Yargıtayca incelenmesi davacı ve"
436,23.4,Yargıtay,CG,354,2021,697,2022-11-03,gebe+travma,gebe×2 | travma×97 | illiyet×2 | TCK 87/88 | künt/batın,YARGITAY KARARI,"Yargıtay Dairesi: 9. Ceza Dairesi Beden veya ruh sağlığını bozacak şekilde nitelikli cinsel saldırıya teşebbüs suçundan sanık ...’ın TCK'nın 39/b-c delaletiyle 103/2, 102/5, 35/2, 39/1, 62/1, 53 ve 63. maddeleri uyarınca 2 yıl 1 ay hapis; sanık ...’ın ise TCK’nın 102/2, 102/5, 35/2, 62/1, 53 ve 63. "
437,23.4,Yargıtay,1,2914,2024,5001,2024-07-03,gebe+illiyet,gebe×2 | travma×17 | illiyet×7 | TCK 87/88,YARGITAY KARARI,"İ T İ R A Z T U T U K L U MAHKEMESİ:Ceza Dairesi SAYISI: 2023/38 E., 2023/98 K. SUÇ: Kasten öldürme HÜKÜM: İstinaf başvurusunun esastan reddi kararı İTİRAZNAME GÖRÜŞÜ: Bozma İTİRAZA KONU KARAR: Onama İTİRAZ EDEN: Yargıtay Cumhuriyet Başsavcılığı Yargıtay 1. Ceza Dairesinin, 17.01.2024 tarihli ve 202"
438,23.4,Danıştay,15,13723,2013,1092,2017-03-08,gebe+travma,gebe×6 | travma×4 | TCK 87/88 | cenin/düşük,TEBLİĞ DÜZENLEMESİNİN İPTALİ İSTEMİ - SOSYAL GÜVENLİK KURUMU SAĞLIK UYGULAMA TEBLİĞİ - ACİL SAĞLIK HİZMETLERİNİN KAPSAMINI DARALTARAK BU HİZMETTEN YARARLANACAK KİŞİLERİN SAĞLIK HAKKINI İHLAL EDER NİTE,"(ILO 102 Nolu Sözleşme - Sosyal Güvenliğin Asgari Normları Hakkında Sözleşme m. 10) &nbsp;(Avrupa Sosyal Güvenlik Kodu m. 10) (2709 S. K. m. 2, 5, 56, 60, 65, 90) (5510 S. K. m. 1, 3, 63, 68, 69, 70, 71, 72, 73) (Genel Sağlık Sigortası İşlemleri Yönetmeliği m. 42) (Acil Sağlık Hizmetleri Yönetmeliği"
439,23.4,Yargıtay,CG,608,2016,167,2020-03-10,gebe+illiyet,gebe×2 | travma×17 | illiyet×7 | TCK 87/88,YARGITAY KARARI,Kararı Veren Yargıtay Dairesi: (Kapatılan) 21. Ceza Dairesi Mahkemesi:Ağır Ceza Sayısı: 9-55 Görevi kötüye kullanma suçundan açılan kamu davasında yapılan yargılama sırasında eylemin resmi belgede sahtecilik suçunu oluşturabileceği gerekçesiyle Elazığ (Kapatılan) 1. Sulh Ceza Mahkemesince 20.10.2011
440,23.4,Yargıtay,1,4533,2023,407,2024-01-17,gebe+illiyet,gebe×2 | travma×15 | illiyet×7 | TCK 87/88,YARGITAY KARARI,"MAHKEMESİ:Ceza Dairesi İlk Derece Mahkemesince verilen hükme yönelik istinaf incelemesi üzerine Bölge Adliye Mahkemesi tarafından verilen kararın; 5271 sayılı Ceza Muhakemesi Kanunu’nun (5271 sayılı Kanun) 286 ncı maddesinin birinci fıkrası uyarınca temyiz edilebilir olduğu, 260 ıncı maddesinin biri"
441,23.4,Yargıtay,3,1553,2024,884,2025-02-17,gebe+illiyet,gebe×32 | travma×2 | illiyet×6 | cenin/düşük,"TAZMİNAT İSTEMİ - DAVACININ GEBE KALMASININ HEKİMİN BİR EKSİKLİĞİNDEN KAYNAKLANMADIĞI, DAVALI DOKTORUN YAPILAN İŞLEMLERDE BİR KUSUR VEYA İHMALİNİN BULUNMADIĞI DAVALILARA ATFI KABİL KUSUR BULUNMADIĞI -","(6100 S. K. m. 369, 370) &nbsp; Bölge Adliye Mahkemesi kararı, davacılar vekili tarafından temyiz edilmekle; kesinlik, süre, temyiz şartı ve diğer usul eksiklikleri yönünden yapılan ön inceleme sonucunda, temyiz dilekçesinin kabulüne karar verildikten ve Tetkik Hâkimi tarafından hazırlanan rapor din"
442,23.2,Danıştay,10,5841,2019,1312,2021-03-23,gebe+illiyet,gebe×2 | travma×1 | illiyet×3 | TCK 87/88 | cenin/düşük,DANIŞTAY KARARI,T.C. D A N I Ş T A Y ONUNCU DAİRE Esas No : 2019/5841 KararNo : 2021/1312 TEMYİZ EDENLER (DAVACILAR): Kendi adına asaleten . ve .'a velayaten . VEKİLLERİ: Av. . TEMYİZ EDENLER (DAVALILAR): 1- . Bakanlığı / ANKARA VEKİLİ:I. Hukuk Müş. Yrd. . 2- . Valiliği / İSTANBUL VEKİLİ: Av. . İSTEMLERİN KONUSU: .
443,23,Yargıtay,HG,2244,2017,961,2021-07-07,gebe+illiyet,gebe×11 | travma×14 | illiyet×36,YARGITAY KARARI,"MAHKEMESİ:Asliye Hukuk Mahkemesi 1. Taraflar arasındaki “maddi ve manevi” davasından dolayı yapılan yargılama sonunda, ... 6. Asliye Hukuk Mahkemesince verilen davanın reddine ilişkin karar davacılar vekilinin temyizi üzerine Yargıtay (kapatılan) 13. Hukuk Dairesince yapılan inceleme sonunda bozulmu"
444,22.9,Anayasa,2,3030,2016,,2020-01-28,gebe+travma,gebe×1 | travma×57 | illiyet×7 | TCK 87/88,ANAYASA MAHKEMESİNİN 28/1/2020 TARİHLİ VE 2016/3030 SAYILI KARARI (BİREYSEL BAŞVURU) ,"(2709 S. K. m. 5, 17) (ANY. MAH. 21.04.2016 T. 2013/3782 E.) (ANY. MAH. 18.09.2013 T. 2012/969 E.) (ANY. MAH. 17.09.2013 T. 2012/752 E.) (ANY. MAH. 03.04.2014 T. 2013/2839 E.) (ANY. MAH. 21.01.2016 T. 2013/2803 E.) (ANY. MAH. 01.12.2016 T. 2014/14844 E.) (ANY. MAH. 15.03.2018 T. 2014/11770 E.) (ANY."
445,22.9,A.İ.H.M.,A.İ.H.M.,12850,1987,,1992-08-27,gebe+travma,gebe×1 | travma×46 | illiyet×7 | TCK 87/88,TOMASI - FRANSA DAVASI,"(AİHS m. 3, 5, 6, 50) DAVANIN ESASI 7. 1952 doğumlu bir Fransız vatandaşı Félix Tomasi, Bastia'da (Haute-Course) ikamet etmektedir. Kendisi dükkan sahibi ve aylıklı bir muhasebecidir. Gözaltına alındığı sırada yerel seçimler için aday gösteren Korsikacı siyasal partinin aktif bir üyesi ve saymanıdır"
446,22.9,A.İ.H.M.,A.İ.H.M.,20347,2007,,2016-07-05,gebe+illiyet,gebe×1 | travma×12 | illiyet×7 | TCK 87/88,EĞİTİM VE BİLİM EMEKÇİLERİ SENDİKASI VE DİĞERLERİ - TÜRKİYE DAVASI,"(AİHS m. 3, 5, 10, 11, 13, 34, 35, 41, 44) (2709 S. K. m. 10, 34, 90) (2911 S. K. m. 3, 6, 10, 22, 23, 24) (4483 S. K. m. 2, 4, 9) (5271 S. K. m. 172) (765 S. K. m. 243, 245) (5237 S. K. m. 94, 95, 256) (ÇAMÇİ VE DİĞERLERİ - TÜRKİYE DAVASI) (ÖZALP ULUSOY V. - TÜRKİYE DAVASI) (ŞAKİR KAÇMAZ - TÜRKİYE "
447,22.9,Yargıtay,11,2348,2025,675,2026-02-03,gebe+illiyet,gebe×1 | travma×4 | illiyet×10 | TCK 87/88,YARGITAY KARARI,"MAHKEMESİ: İstanbul Bölge Adliye Mahkemesi 43. Hukuk Dairesi SAYISI: 2021/984 Esas, 2025/119 Karar KARAR: Esastan ret İLK DERECE MAHKEMESİ: İstanbul 18. Asliye Ticaret Mahkemesi SAYISI: 2016/946 E., 2021/92 K. Bölge Adliye Mahkemesi kararı davacılar vekili tarafından temyiz edilmekle; temyiz şartı v"
448,22.8,Anayasa,1,1069,2021,,2024-11-19,gebe+illiyet,gebe×13 | travma×1 | illiyet×6 | cenin/düşük,ANAYASA MAHKEMESİNİN 19/11/2024 TARİHLİ VE 2021/1069 SAYILI KARARI (BİREYSEL BAŞVURU) ,"(2709 S. K. m. 17) (ANY. MAH. 09.03.2024 T. 2019/39635 E.) (ANY. MAH. 21.02.2018 T. 2014/15355 E.) (ANY. MAH. 07.05.2015 T. 2013/9047 E.) &nbsp; ***İncelemekte olduğunuz karar Resmi Gazete&rsquo;de yayımlanmamış olup kararlar bilgibankasi.anayasa.gov.tr adresinden alınmıştır. &nbsp; BİRİNCİ BÖLÜM &n"
449,22.8,Yargıtay,CG,322,2024,300,2025-07-02,gebe+travma,gebe×89 | travma×7 | illiyet×3 | cenin/düşük,YARGITAY KARARI,"İtirazname No: 2024/4176 KARARI VEREN YARGITAY DAİRESİ : 1. Ceza Dairesi MAHKEMESİ :Ceza Dairesi SAYISI: 1700-1495 I. HUKUKİ SÜREÇ Sanığın nitelikli kasten öldürme suçundan 5237 sayılı Türk Ceza Kanunu’nun 82/1-d-e, 62, 53 ve 63. maddeleri uyarınca müebbet hapis cezası ile cezalandırılmasına, hak yo"
450,22.7,Yargıtay,HG,3-40,2008,102,2008-02-06,gebe+illiyet,gebe×1 | travma×1 | illiyet×3 | TCK 87/88 | cenin/düşük,ALACAK DAVASI - SEBEPSİZ ZENGİNLEŞMEDEN DOĞAN GERİ VERME BORCUNDA GASP EDENİN SÜREKLİ TEMERRÜT HALİNDE BULUNDUĞU - DAVALININ PARASAL HAKLARININ MAHKEME İLAMINA BAĞLI OLARAK ÖDENDİĞİ - DAVA TARİHİNDEN ,"(818 S. K. m 61, 63, 64, 101) (2577 S. K. m. 28) (2709 S. K. m. 138) Dava: Taraflar arasındaki &lt;alacak&gt; davasından dolayı yapılan yargılama sonunda; Ankara Asliye 11. Hukuk Mahkemesince davanın kısmen kabulüne dair verilen 06.07.2006 gün ve 2005/319 E- 2006/487 K. sayılı kararın incelenmesi da"
451,22.7,A.İ.H.M.,2,33218,1996,,2002-11-26,gebe+travma,gebe×1 | travma×7 | TCK 87/88 | cenin/düşük,E. VE DİĞERLERİ - BİRLEŞİK KRALLIK DAVASI,"(Özel Hayata Saygı ve Etkili Başvuru Hakları ile Kötü Muamele Yasağı İhlali İddiaları) Avrupa İnsan Hakları Mahkemesi 2. Daire Kararı Başkan: J.-P. Costa, Üyeler: Sir Nicolas Bratza, L. Loucaides, C. Bîrsan, K. Jungwiert, V. Butkevych, ve W. Thomassen Başvuru No: 33218/96 Karar Tarihi: 26 Kasım 2002"
452,22.6,Yargıtay,CG,1-1570,2012,339,2013-07-05,gebe+travma,gebe×34 | travma×12 | illiyet×3 | TCK 87/88,OLASI KASTLA ÖLDÜRME SUÇU - EVLİLİK DIŞI İLİŞKİ SONUCU HAMİLE KALDIĞI BEBEĞİNİ EVİNDE DOĞURDUKTAN HEMEN SONRA BİR BEZE SARARAK BOŞ BİR ARSAYA BIRAKTIĞI - ÖLÜM NETİCESİNİN MEYDANA GELMESİNE İCRAİ DAVRA,"(5237 S. K. m. 53, 62, 81, 82, 83, 85, 88, 98, 175, 176, 177, 178, 257, 278, 279, 280, 284) (5271 S. K. m. 308) (4721 S. K. m. 335, 337, 339, 340, 348) Dava: Olası kastla öldürme suçundan açılan kamu davasında sanık Duygu Taşkıran'ın eylemi kasten öldürmenin ihmali davranışla gerçekleştirilmesi olar"
453,22.6,Yargıtay,12,2442,2023,2428,2023-07-05,gebe+travma,gebe×37 | travma×26 | illiyet×3 | TCK 87/88,TAKSİRLE ÖLDÜRME SUÇU - KENDİSİNİ VEKİLLE TEMSİL ETTİREN KATILAN KURUM LEHİNE VEKALET ÜCRETİ ÖDENMESİNE KARAR VERİLMESİ GEREKTİĞİNİN GÖZETİLMEMESİ HUKUKA AYKIRI GÖRÜLMÜŞSE DE BU HATANIN YARGITAY TARAF,"(5320 S. K. m. 8) (1412 S. K. m. 305, 310, 317, 321, 326) (5271 S. K. m. 260) (5237 S. K. m. 3, 22, 37, 54, 62, 63, 81, 82, 83, 85, 88, 98, 175, 176, 177, 178, 257, 278, 279, 280, 284) (4721 S. K. m. 335, 337, 339, 340, 346, 348) &nbsp; Sanık hakkında Dairemizce verilen bozma kararı üzerine kurulan "
454,22.6,Yargıtay,12,13309,2019,907,2022-02-09,gebe+travma,gebe×21 | travma×12 | illiyet×3 | TCK 87/88,TAKSİRLE ÖLDÜRME SUÇU - ADLİ EMANETİN KAYITLI BİR ADAT MAKET BIÇAĞININ KANUN MADDESİ GEREĞİNCE MÜSADERESİNE KARAR VERİLMESİNİN KANUNA AYKIRI OLDUĞU - HÜKMÜN BOZULMASI,"(5237 S. K. m. 54, 81, 82, 83, 98, 175, 176, 177, 178) (4721 S. K. m. 335, 336, 337, 339, 340, 348) (1412 S. K. m. 321, 326) &nbsp; Taksirle öldürme suçundan sanık ...&#39;nün mahkumiyetine ilişkin hüküm sanık ... müdafii tarafından, sanık ...&#39;nın mahkumiyetine ilişkin hüküm ise sanık ... müdafi"
455,22.6,Yargıtay,CG,14-171,2019,169,2020-03-10,gebe+illiyet,gebe×21 | travma×60 | illiyet×3 | TCK 87/88,ÇOCUĞUN NİTELİKLİ CİNSEL İSTİSMARI SUÇU - SANIĞIN ATILI SUÇLARI İŞLEDİĞİNE DAİR HER TÜRLÜ ŞÜPHEDEN UZAK KESİN VE İNANDIRICI DELİL BULUNMADIĞI - DÜZELTİLEREK ONAMA KARARININ KALDIRILARAK BÖLGE ADLİYE M,"(2709 S. K. m. 13, 36, 40) (5237 S. K. m. 53, 63, 103, 109) (6284 S. K. m. 20) (5271 S. K. m. 231, 260, 277,289, 291, 294, 295, 296, 298, 303) (6706 S. K. m. 18) (6216 S. K. m. 47) &nbsp; Dava: Sanık ...&#39;nin çocuğun nitelikli cinsel istismarı suçundan TCK&#39;nın 103/2, 103/4 ve 53. maddeleri uy"
456,22.6,Yargıtay,CG,597,2019,344,2021-07-06,gebe+travma,gebe×57 | travma×262 | illiyet×3 | TCK 87/88,YARGITAY KARARI,"Kararı Veren Yargıtay Dairesi: 1. Ceza Dairesi Mahkemesi:Ağır Ceza Sayısı: 52-24 Sanık ... hakkında nitelikli kasten öldürme suçundan açılan kamu davasında yapılan yargılama sonunda Yalvaç Ağır Ceza Mahkemesince 25.03.2015 tarih ve 60-29 sayı ile; sanığın eyleminin kasten öldürme suçunu oluşturduğu "
457,22.6,A.İ.H.M.,2,45847,2005,,2015-10-20,gebe+travma,gebe×85 | travma×14 | illiyet×3 | TCK 87/88,CENGİZ VE VELİ MARAŞ - TÜRKİYE DAVASI,"(AİHS m. 2, 6, 35) İKİNCİ BÖLÜM (Başvuru No: 45847/05) KABUL EDİLEBİLİRLİK HAKKINDA KARAR Başkan, Paul Lemmens, Hakimler, Işıl Karakaş, Nebojsa Vucinic, Ksenija Turkovic, Robert Spano, Jon Fridrik Kjolbro, Stephanie Mourou-Vikström, Ve Bölüm Yazı İşleri Müdürü Stanley Naismith'in katılımıyla 20 Ekim"
458,22.6,Yargıtay,CG,140,2021,602,2021-12-02,gebe+travma,gebe×17 | travma×151 | illiyet×3 | TCK 87/88,YARGITAY KARARI,"Kararı Veren Yargıtay Dairesi: (Kapatılan)14. Ceza Dairesi Mahkemesi :Ağır Ceza Sayısı : 292-79 Beden veya ruh sağlığını bozacak şekilde nitelikli cinsel saldırı, kasten yaralama, hakaret, şantaj ve tehdit suçlarından sanık ...'ın CMK’nın 223/2-e maddesi gereğince beraatine ilişkin İstanbul 1. Ağır "
459,22.5,Yargıtay,CG,1-279,2017,30,2019-01-22,gebe+travma,gebe×1 | travma×78 | illiyet×5 | cenin/düşük,KASTEN ÖLDÜRME SUÇU - HER İKİ SANIKTA DA BİRLİKTE MAKTULE YÖNELİK SUÇ İŞLEME KARARLARININ OLDUĞU - SANIĞIN OLAYDA BAŞKA BİR BIÇAK KULLANDIĞI HUSUSU HER TÜRLÜ ŞÜPHEDEN UZAK KESİN VE İNANDIRICI DELİLLER,"(5237 S. K. m. 31, 37, 62, 63, 73, 81, 86) (5271 S. K. m. 223) (5320 S. K. Geç. m. 10) &nbsp; Dava: Sanık ... hakkında kasten öldürme suçundan açılan kamu davasında yapılan yargılama sonucunda, sanığın TCK&#39;nın 37/1. maddesi delaletiyle aynı Kanun&#39;un 81/1, 31/3, 62/1 ve 63. maddeleri uyarınca"
460,22.5,Danıştay,10,6553,2019,6841,2020-12-23,gebe+illiyet,gebe×9 | travma×32 | illiyet×25,DANIŞTAY KARARI,"T.C. D A N I Ş T A Y ONUNCU DAİRE Esas No : 2019/6553 KararNo : 2020/6841 TEMYİZ EDEN (DAVALI): ... Bakanlığı VEKİLİ: Av. ... KARŞI TARAF (DAVACILAR): 1- ...'a velayeten ... ve ... 2- ... 3- ... VEKİLLERİ: Av. ... İSTEMİN_KONUSU: ... İdare Mahkemesinin ... tarih ve E:..., K:... sayılı kararının dava"
461,22.3,Yargıtay,12,6621,2021,8181,2025-11-25,gebe+travma,gebe×1 | travma×9 | illiyet×7 | TCK 87/88,YARGITAY KARARI,"MAHKEMESİ:Ceza Dairesi SAYISI: 2018/3028 Esas, 2018/2484 Karar SUÇ: Taksirle öldürme HÜKÜM: İstinaf başvurusunun kabulü ile kararın kaldırılarak sanığın mahkumiyetine TEBLİĞNAME GÖRÜŞÜ: Temyiz istemlerinin esastan reddi İlk Derece Mahkemesince verilen hükme yönelik istinaf incelemesi üzerine Bölge A"
462,22.3,Yargıtay,3,1499,2020,4679,2020-03-09,gebe+travma,gebe×9 | travma×3 | TCK 87/88 | obstetrik komp.,YARGITAY KARARI,"MAHKEMESİ :Ceza Dairesi SUÇ: Kasten yaralama HÜKÜM: a) Sanığın mahkumiyetine dair; Şanlıurfa 2. Asliye Ceza Mahkemesinin 18/09/2019 gün ve 2019/828 Esas, 2019/1022 Karar sayılı kararı b) İstinaf başvurusunun esastan reddine dair; Gaziantep Bölge Adliye Mahkemesi 2. Ceza Dairesinin 26/11/2019 gün ve "
463,22.2,Yargıtay,CG,191,2011,235,2011-11-22,gebe+travma,gebe×2 | travma×33 | illiyet×1 | TCK 87/88 | künt/batın,YARGITAY KARARI,"İtirazname : 2011/212065 Yargıtay Dairesi : 6. Ceza Dairesi Mahkemesi : ÇANAKKALE Ağır Ceza Günü : 28.05.2009 Sayısı : 338-203 Sanıklar G.E.ve N.E.hakkında itiraza konu edilmeyen diğer sanık R.D.ile birlikte yağma, kişiyi hürriyetinden yoksun kılma ve kasten yaralama suçlarından açılan kamu davası s"
464,22.2,Yargıtay,CG,932,2016,426,2016-11-15,gebe+travma,gebe×2 | travma×52 | illiyet×6 | TCK 87/88,YARGITAY KARARI,"Yargıtay Dairesi: 1. Ceza Dairesi Mahkemesi:Ağır Ceza Kasten öldürme suçundan sanığın 5237 sayılı TCK'nun 81/1, 29, 62, 53/1 ve 63. maddeleri uyarınca 15 yıl hapis cezası ile cezalandırılmasına, hak yoksunluğuna ve mahsuba ilişkin Erzincan Ağır Ceza Mahkemesince verilen 27.01.2014 gün ve 172-9 sayıl"
465,22.2,Yargıtay,1,14287,2022,2012,2023-04-13,gebe+illiyet,gebe×2 | travma×14 | illiyet×6 | TCK 87/88,YARGITAY KARARI,"MAHKEMESİ:Ceza Dairesi SUÇ: Kasten yaralama HÜKÜM: Mahkûmiyet Sanık hakkında bozma üzerine verilen kararın; 5271 sayılı Ceza Muhakemesi Kanunu’nun (5271 sayılı Kanun) 286 ncı maddesinin birinci fıkrası uyarınca temyiz edilebilir olduğu, 260 ıncı maddesinin birinci fıkrası gereği temyiz edenin hükmü "
466,22.2,Danıştay,İD,3055,2023,1768,2024-09-25,gebe+illiyet,gebe×77 | travma×2 | illiyet×5 | cenin/düşük,DANIŞTAY KARARI,"T.C. D A N I Ş T A Y İDARİ DAVA DAİRELERİ KURULU Esas No : 2023/3055 KararNo : 2024/1768 TEMYİZ EDEN (DAVACILAR): Kendi Adlarına Asaleten Yaşı Küçük Müşterek Bebek ... Adına Velayeten ...,... VEKİLİ: Av. ... KARŞI TARAF (DAVALI): ... Bakanlığı VEKİLLERİ: Huk. Müş. ..., Huk. Müş. ... DAVALI YANINDA M"
467,22.1,Anayasa,GK,85,2009,49,2011-03-10,gebe+travma,gebe×7 | travma×5 | illiyet×3 | TCK 87/88 | aile içi,"ANAYASA MAHKEMESİNİN E: 2009/85 (4721 SAYILI KANUN İLE İLGİLİ), K: 2011/49 SAYILI KARARI","(Kadınlara Karşı Her Türlü Ayrımcılığın Önlenmesine Dair Sözleşme m. 1, 16) (AİHS m. 8, 14) (İnsan Hakları Evrensel Beyannamesi m. 16) (Ekonomik, Sosyal Ve Kültürel Haklara İlişkin Uluslararası Sözleşme m. 10) (4721 S. K. m. 27, 173, 187) (2709 S. K. m. 2, 10, 12, 17, 41, 90) (5490 S. K. m. 35, 36, "
468,22,A.İ.H.M.,A.İ.H.M.,63034,2011,,2016-06-28,gebe+travma,gebe×8 | travma×98 | TCK 87/88 | aile içi,HALİME KILIÇ - TÜRKİYE DAVASI ,"(AİHS m. 2, 3, 6, 13, 14, 34, 35, 41, 44) (5237 S. K. m. 53, 86, 96) (6284 S. K. m. 14) (Ailenin Korunmasına Dair Kanunun Uygulanması Hakkında Yönetmelik m. 15) (OPUZ - TÜRKİYE DAVASI) (AKSU - TÜRKİYE DAVASI) (ZEYNEP ÇİÇEK VE DİĞERLERİ V. - TÜRKİYE DAVASI) (DEMİR VE BAYKARA - TÜRKİYE DAVASI) &nbsp; "
469,22,Anayasa,2,59814,2021,,2025-06-11,gebe+illiyet,gebe×19 | travma×5 | illiyet×5 | TCK 87/88,ANAYASA MAHKEMESİNİN 11/6/2025 TARİHLİ VE 2021/59814 SAYILI KARARI (BİREYSEL BAŞVURU) ,"(2709 S. K. m. 5, 17, 56, 148, 153) (6216 S. K. m. 50, 66) (6384 S. K. Geç. m. 2) (AYDOĞDU - TÜRKİYE DAVASI) (ANY. MAH. 01.12.2016 T. 2014/14844 E.) (ANY. MAH. 03.04.2014 T. 2013/2839 E.) (ANY. MAH. 28.07.2022 T. 2019/25727 E.) (ANY. MAH. 13.02.2024 T. 2020/3325 E.) (ANY. MAH. 20.04.2016 T. 2013/408"
470,22,Yargıtay,13,22814,2013,2861,2014-07-03,gebe+illiyet,gebe×32 | travma×1 | illiyet×7 | TCK 87/88,MADDİ VE MANEVİ TAZMİNAT DAVASI - BİLİRKİŞİ RAPORU İLE TIBBİ STANDARTLARA UYGUN HAREKET EDİLİP EDİLMEDİĞİ DOLAYISIYLA TIBBIN GEREK VE KURALLARINA GÖRE DAVALILARIN SORUMLULUĞUNU GEREKTİRECEK İHMAL VE H,"(6100 S. K. m. 33) (818 S. K. m. 321, 386, 387, 388, 389, 390, 394) Dava ve Karar: Taraflar arasındaki maddi ve manevi tazminat davasının yapılan yargılaması sonunda ilamda yazılı nedenlerden dolayı davanın reddine yönelik olarak verilen hükmün davacı avukatınca duruşmalı olarak temyiz edilmesi üzer"
471,22,Yargıtay,CG,319,2019,766,2022-12-06,gebe+travma,gebe×4 | travma×76 | TCK 87/88 | künt/batın,YARGITAY KARARI,"Yargıtay Dairesi: 8. Ceza Dairesi Sanık ...'un 6136 sayılı Kanun'a aykırılık suçundan aynı Kanun'un 13/1. maddesi uyarınca 1 yıl 6 ay hapis ve 450 TL adli para cezası; kasten yaralama suçundan ise TCK'nın 86/2 ve 86/3-e maddeleri uyarınca 9 ay hapis cezası ile cezalandırılmasına, her iki suç bakımın"
472,22,Yargıtay,21,5394,2018,6074,2019-10-14,gebe+illiyet,gebe×2 | travma×26 | illiyet×18 | trafik/iş kaz,YARGITAY KARARI,"MAHKEMESİ: ... Bölge Adliye Mahkemesi ... Hukuk Dairesi İLK DERECE MAHKEMESİ: ... İş Mahkemesi Asıl ve Birleşen ... İş Mahkemesinin .../... Esas sayılı davası bakımından; K A R A R I)Asıl Dava Dosyası Yönünden 1-Davacı Eşin Maddi Tazminat İstemine İlişkin Hüküm Yönünden, Miktar veya değeri temyiz ke"
473,22,Yargıtay,21,424,2019,7564,2019-12-09,gebe+illiyet,gebe×2 | travma×25 | illiyet×18 | trafik/iş kaz,TAZMİNAT DAVASI - ÖLENİN OLAYDA HİÇ KUSURUNUN BULUNMADIĞININ ANLAŞILIP KAZA OLAYININ MEYDANA GELMESİNDE KUSURU BULUNANLAR ARASINDAKİ KUSUR DAĞILIMININ KENDİ ARALARINDA GÖRÜLMESİ MUHTEMEL RÜCU DAVASIND,"(6100 S. K. m. 353) (6331 S. K. m. 4) (4857 S. K. m. 77) &nbsp; I) Asıl Dava Dosyası Yönünden &nbsp; A) Davacı İstemi; &nbsp; Asıl dava dosyası davacıları dava dilekçeleri ve ıslah ile eş için 226.939,54 TL maddi, 250.000,00 TL manevi, anne için 76.586,68 TL maddi, 150.000,00 TL manevi, baba için 61"
474,22,Yargıtay,21,5392,2018,6075,2019-10-14,gebe+illiyet,gebe×2 | travma×26 | illiyet×18 | trafik/iş kaz,YARGITAY KARARI,"MAHKEMESİ: ... Bölge Adliye Mahkemesi ... Hukuk Dairesi İLK DERECE MAHKEMESİ: ... İş Mahkemesi Asıl ve Birleşen ....İş Mahkemesinin .../... Esas sayılı davası bakımından; K A R A R I)Asıl Dava Dosyası Yönünden A)Davacı İstemi; Asıl dava dosyası davacıları dava dilekçeleri ve ıslah ile eş için 63.738"
475,21.9,Yargıtay,4,5065,2016,1462,2019-03-14,gebe+illiyet,gebe×7 | travma×2 | illiyet×6 | cenin/düşük,RÜCUEN TAZMİNAT DAVASI - DAVALININ KUSUR ORANINI GÖSTEREN HERHANGİ BİR RAPOR ALINMADIĞI - İSE DAVALININ KUSUR ORANI BELİRLENMEK ÜZERE ADLİ TIP KURUMU GENEL KURULUNDAN RAPOR ALINMASI GEREKTİĞİ - HÜKMÜN,"(6098 S. K. m. 49) &nbsp; Dava: Davacı ... vekili Avukat ... tarafından, davalı ... aleyhine 29/04/2010 gününde verilen dilekçe ile rücuen tazminat istenmesi üzerine mahkemece yapılan yargılama sonunda; davanın kabulüne dair verilen 24/12/2014 günlü kararın Yargıtayca duruşmalı olarak incelenmesi da"
476,21.9,Yargıtay,11,2491,2019,572,2021-01-28,gebe+illiyet,gebe×1 | travma×1 | illiyet×9 | cenin/düşük,TAZMİNAT DAVASI - KLAS KURULUŞU İLE DENİZCİLİK MÜSTEŞARLIĞI SÖRVEYÖRLERİNİN YAPILAN ONARIMLARA DAİR ONAYLARIN ALINMASINDAN SONRA SEYRE DEVAM EDİLDİĞİ VE GEMİNİN GEÇERLİ KLAS SERTİFİKASI İLE DENİZE ELV,"(818 S. K. m. 41, 161) (3095 S. K. m. 4) &nbsp; Taraflar arasında görülen davada İstanbul 17. Asliye Ticaret Mahkemesince verilen 29.11.2017 tarih ve 2014/449 E. - 2017/412 K. sayılı kararın davalı ...... Oy Services vekili tarafından istinaf edilmesi üzerine, istinaf isteminin esastan reddine dair "
477,21.7,Anayasa,1,39945,2017,,2020-12-03,gebe+travma,gebe×1 | travma×15 | illiyet×1 | TCK 87/88 | künt/batın,ANAYASA MAHKEMESİNİN 3/12/2020 TARİHLİ VE 2017/39945 SAYILI KARARI (BİREYSEL BAŞVURU) ,"BİRİNCİ BÖLÜM &nbsp; KARAR &nbsp; RÜYA AĞDAŞ SÖNMEZ BAŞVURUSU &nbsp; Başvuru Numarası: 2017/39945 &nbsp; Karar Tarihi: 3/12/2020 &nbsp; Başkan: Hasan Tahsin GÖKCAN &nbsp; Üyeler: Burhan ÜSTÜN &nbsp; Hicabi DURSUN &nbsp; Muammer TOPAL &nbsp; Yusuf Şevki HAKYEMEZ &nbsp; Raportör: Sinan ARMAĞAN &nbsp; "
478,21.7,Anayasa,2,14509,2018,,2021-09-08,gebe+travma,gebe×1 | travma×12 | illiyet×6 | TCK 87/88,ANAYASA MAHKEMESİNİN 8/9/2021 TARİHLİ VE 2018/14509 SAYILI KARARI (BİREYSEL BAŞVURU),"(2709 S. K. m. 5, 17, 36) (5271 S. K. Ek m. 1) (6216 S. K. m. 50) (Anayasa Mahkemesi İçtüzüğü m. 79) (ANY. MAH. 13.02.2020 T. 2016/16050 E.) (ANY. MAH. 19.04.2017 T. 2014/17591 E.) (ANY. MAH. 28.11.2019 T. 2016/7039 E.) (ANY. MAH. 29.09.2016 T. 2014/5785 E.) (ANY. MAH. 15.12.2015 T. 2013/9461 E.) (A"
479,21.7,Yargıtay,CG,14-259,2018,339,2022-05-11,gebe+travma,gebe×1 | travma×80 | illiyet×6 | TCK 87/88,ÇOCUĞUN NİTELİKLİ CİNSEL İSTİSMARI SUÇU - SANIĞIN EYLEMİ GERÇEKLEŞTİRDİĞİNİ GÖSTEREN HER TÜRLÜ ŞÜPHEDEN UZAK KESİN VE İNANDIRICI KANIT BULUNMADIĞI - İDDİANIN ŞÜPHEDE KALMASI VE ŞÜPHENİN SANIK LEHİNE Y,"(5237 S. K. m. 43, 53, 62, 86, 87, 103, 109) &nbsp; Dava ve Karar: Sanık ....&#39;ın beden veya ruh sağlığını bozacak şekilde çocuğun nitelikli cinsel istismarı suçundan TCK&#39;nın 103/2, 103/6, 43/1, 62 ve 53. maddeleri uyarınca 15 yıl 10 ay hapis; kişiyi hürriyetinden yoksun kılma suçundan aynı K"
480,21.6,Yargıtay,11,3914,2022,6113,2023-10-24,gebe+travma,gebe×57 | travma×1 | illiyet×5 | cenin/düşük,YARGITAY KARARI,"İNCELENEN KARARIN MAHKEMESİ: İstanbul Bölge Adliye Mahkemesi 12. Hukuk Dairesi Taraflar arasındaki tazminat davasından dolayı yapılan yargılama sonunda İlk Derece Mahkemesince davanın kabulüne karar verilmiştir. Kararın davalı vekili tarafından istinaf edilmesi üzerine, Bölge Adliye Mahkemesince baş"
481,21.5,Yargıtay,21,5962,2018,6076,2019-10-14,gebe+illiyet,gebe×1 | travma×14 | illiyet×10 | trafik/iş kaz,YARGITAY KARARI,"MAHKEMESİ: ... Bölge Adliye Mahkemesi ... Hukuk Dairesi İLK DERECE MAHKEMESİ: ... İş Mahkemesi Asıl ve Birleşen ... İş Mahkemesinin .../... E.sayılı davası bakımından; K A R A R 1-Davacı Annenin Maddi Tazminat İstemine İlişkin Hüküm Yönünden Miktar veya değeri temyiz kesinlik sınırını geçmeyen daval"
482,21.5,Yargıtay,10,6214,2023,12725,2023-12-12,gebe+illiyet,gebe×1 | travma×18 | illiyet×11 | trafik/iş kaz,YARGITAY KARARI,"MAHKEMESİ: ... Bölge Adliye Mahkemesi 15. Hukuk Dairesi SAYISI: 2022/1656 E., 2022/1808 K. KARAR: Esastan Ret İLK DERECE MAHKEMESİ: ... İş Mahkemesi SAYISI: 2019/1078 Esas, 2022/72 Karar Taraflar arasındaki iş kazasından kaynaklanan maddi ve manevi tazminat davasından dolayı yapılan yargılama sonund"
483,21.5,Yargıtay,10,7176,2020,5205,2021-04-13,gebe+illiyet,gebe×1 | travma×17 | illiyet×11 | trafik/iş kaz,YARGITAY KARARI,"Mahkemesi : İzmir Bölge Adliye Mahkemesi 9. Hukuk Dairesi No : 2019/1357-2019/1049 İş kazası sonucu vefat eden sigortalının hak sahiplerinin maddi ve manevi zararlarının giderilmesi davasının yapılan yargılaması sonunda; ilk derece mahkemesince ilâmda yazılı nedenlerle asıl dava dosyasında maddi taz"
484,21.5,Yargıtay,10,9932,2023,12714,2023-12-12,gebe+illiyet,gebe×1 | travma×18 | illiyet×11 | trafik/iş kaz,YARGITAY KARARI,"MAHKEMESİ: ... Bölge Adliye Mahkemesi 3. Hukuk Dairesi SAYISI: 2020/196 E., 2022/450 K. KARAR: Esastan Ret İLK DERECE MAHKEMESİ: ... İş Mahkemesi SAYISI: 2018/300 E., 2019/458 K. Taraflar arasındaki iş kazasından kaynaklanan maddi ve manevi tazminat davasından dolayı yapılan yargılama sonunda, İlk D"
485,21.5,Yargıtay,10,9933,2023,12720,2023-12-12,gebe+illiyet,gebe×1 | travma×18 | illiyet×11 | trafik/iş kaz,YARGITAY KARARI,"MAHKEMESİ: ... Bölge Adliye Mahkemesi 3. Hukuk Dairesi SAYISI: 2020/193 Esas, 2022/437 Karar HÜKÜM/KARAR: Esastan Ret İLK DERECE MAHKEMESİ: ... İş Mahkemesi SAYISI: 2018/126 Esas, 2019/402 Karar Taraflar arasındaki iş kazasından kaynaklanan maddi ve manevi tazminat davasından dolayı yapılan yargılam"
486,21.5,Yargıtay,10,10728,2022,12729,2023-12-12,gebe+illiyet,gebe×1 | travma×18 | illiyet×11 | trafik/iş kaz,YARGITAY KARARI,"MAHKEMESİ:İş Mahkemesi SAYISI: 2021/213 Esas, 2022/206 Karar HÜKÜM/KARAR: Kısmen Kabul Taraflar arasında İlk Derece Mahkemesinde görülen ve istinaf incelemesinden geçen iş kazasından kaynaklanan maddi ve manevi tazminat davasında verilen karar hakkında yapılan temyiz incelemesi sonucunda, Dairece Bö"
487,21.5,Yargıtay,10,3020,2023,12718,2023-12-12,gebe+illiyet,gebe×1 | travma×18 | illiyet×11 | trafik/iş kaz,YARGITAY KARARI,"MAHKEMESİ: ... Bölge Adliye Mahkemesi 3. Hukuk Dairesi SAYISI: 2020/709 E., 2021/1289 K. HÜKÜM/KARAR: Esastan Red İLK DERECE MAHKEMESİ: ... İş Mahkemesi SAYISI: 2018/478 Esas, 2019/497 Karar Taraflar arasındaki iş kazasından kaynaklanan maddi ve manevi tazminat davasından dolayı yapılan yargılama so"
488,21.5,Yargıtay,21,78,2019,6569,2019-11-06,gebe+illiyet,gebe×1 | travma×14 | illiyet×10 | trafik/iş kaz,YARGITAY KARARI,"MAHKEMESİ: Bölge Adliye Mahkemesi 9. Hukuk Dairesi İLK DERECE MAHKEMESİ: İş Mahkemesi Davacılar, murisinin iş kazası sonucu ölümünden doğan maddi ve manevi tazminatın ödetilmesine karar verilmesini istemiştir. İlk Derece Mahkemesince davanın kısmen kabulüne karar verilmesi üzerine davacılar ile dava"
489,21.5,Yargıtay,10,8925,2022,11249,2023-11-14,gebe+illiyet,gebe×1 | travma×23 | illiyet×11 | trafik/iş kaz,YARGITAY KARARI,"MAHKEMESİ:İş Mahkemesi SAYISI: 2019/1205 E., 2021/501 K. KARAR: Kısmen kabul Kurumu Genel Müdürlüğü vekilleri Taraflar arasında İlk Derece Mahkemesinde görülen ve istinaf incelemesinden geçen iş kazasından kaynaklanan maddi ve manevi tazminat davasından dolayı yapılan yargılama sonunda, Yargıtay (Ka"
490,21.5,Yargıtay,10,12135,2023,12716,2023-12-12,gebe+illiyet,gebe×1 | travma×18 | illiyet×11 | trafik/iş kaz,YARGITAY KARARI,"MAHKEMESİ: ... Bölge Adliye Mahkemesi 3. Hukuk Dairesi SAYISI: 2020/137 E., 2022/381 K. KARAR: Esastan Ret İLK DERECE MAHKEMESİ: ... İş Mahkemesi SAYISI: 2017/126 Esas, 2019/408 Karar Taraflar arasındaki iş kazasından kaynaklanan maddi ve manevi tazminat davasından dolayı yapılan yargılama sonunda, "
491,21.5,Yargıtay,10,11678,2022,12726,2023-12-12,gebe+illiyet,gebe×1 | travma×18 | illiyet×11 | trafik/iş kaz,YARGITAY KARARI,"MAHKEMESİ: ... Bölge Adliye Mahkemesi 3. Hukuk Dairesi SAYISI: 2021/198 E., 2022/1408 K. KARAR: Esastan Ret İLK DERECE MAHKEMESİ: ... İş Mahkemesi SAYISI: 2018/237 E., 2020/843 K. Taraflar arasındaki iş kazasından kaynaklanan maddi tazminat davasından dolayı yapılan yargılama sonunda, İlk Derece Mah"
492,21.5,Anayasa,1,34996,2019,,2022-07-26,gebe+illiyet,gebe×1 | travma×21 | illiyet×13 | trafik/iş kaz,ANAYASA MAHKEMESİNİN 26/7/2022 TARİHLİ VE 2019/34996 SAYILI KARARI (BİREYSEL BAŞVURU) ,"BİRİNCİ BÖLÜM &nbsp; KARAR &nbsp; TUĞÇE DAĞDEMİR MUSLU BAŞVURUSU &nbsp; Başvuru Numarası: 2019/34996 &nbsp; Karar Tarihi: 26/7/2022 &nbsp; Başkan: Hasan Tahsin GÖKCAN &nbsp; Üyeler: Muammer TOPAL &nbsp; Recai AKYEL &nbsp; Yusuf Şevki HAKYEMEZ &nbsp; İrfan FİDAN &nbsp; Raportör: Murat İlter DEVECİ &n"
493,21.5,Yargıtay,10,9927,2023,12724,2023-12-12,gebe+illiyet,gebe×1 | travma×18 | illiyet×11 | trafik/iş kaz,YARGITAY KARARI,"MAHKEMESİ: ... Bölge Adliye Mahkemesi 3. Hukuk Dairesi SAYISI: 2020/194 E., 2022/435 K. KARAR: Esastan Ret İLK DERECE MAHKEMESİ: ... İş Mahkemesi SAYISI: 2018/199 E., 2019/464 K. Taraflar arasındaki iş kazasından kaynaklanan maddi ve manevi tazminat davasından dolayı yapılan yargılama sonunda, İlk D"
494,21.5,Yargıtay,10,4918,2021,10347,2022-09-13,gebe+illiyet,gebe×1 | travma×19 | illiyet×11 | trafik/iş kaz,YARGITAY KARARI,"Mahkemesi : ... İş Mahkemesi Dava, iş kazası sonucu vefat eden sigortalının hak sahiplerinin maddi ve manevi zararlarının giderilmesi istemine ilişkindir İlk Derece Mahkemesince, hükümde belirtilen gerekçelerle davanın kısmen kabul ve kısmen reddine dair verilen karara karşı, davacılardan ... ve ..."
495,21.5,Yargıtay,16,11498,2019,3604,2020-06-25,gebe+travma,gebe×3 | travma×73 | illiyet×5 | TCK 87/88,YARGITAY KARARI,"Mahkemesi :Ceza Dairesi İlk Derece Mahkemesi : İstanbul 14. Ağır Ceza Mahkemesinin 17.04.2018 tarih ve 2017/24 - 2018/88 sayılı kararı Suç: Anayasayı ihlal, Hükumete karşı suç, Yasama organına karşı suç, Kasten öldürme, Konut dokunulmazlığının ihlali, İş yeri donulmazlığının ihlali, Kişiyi hürriyeti"
496,21.5,Yargıtay,10,2739,2024,13636,2024-12-24,gebe+illiyet,gebe×1 | travma×12 | illiyet×13 | trafik/iş kaz,YARGITAY KARARI,"MAHKEMESİ: Ankara Bölge Adliye Mahkemesi 33. Hukuk Dairesi SAYISI: 2023/2337 E., 2023/2760 K. HÜKÜM/KARAR: Esastan Ret İLK DERECE MAHKEMESİ: Ankara 7. İş Mahkemesi SAYISI: 2021/648 Esas, 2023/625 Karar Taraflar arasındaki iş kazasından kaynaklanan maddi tazminat davasından dolayı yapılan yargılama s"
497,21.4,Yargıtay,13,9457,2011,8303,2012-03-27,gebe+illiyet,gebe×27 | travma×2 | illiyet×6 | TCK 87/88,TAZMİNAT DAVASI - DAVACI KÜÇÜĞÜN VAR OLAN FİZİKSEL SORUNLARININ 2857 SAYILI YASANIN İLGİLİ MADDESİNDE YER BULAN TAHLİYE KOŞULLARINA UYGUN OLUP OLMADIĞI HUSUSUNDA ADLİ TIP KURUMUNDAN RAPOR ALINMASI GER,"(2857 S. K. m. 5) &nbsp; Dava: Davacılar vekili, hamile olan davacı Z..&rsquo;in 2.4.2007 tarihinde devlet hastanesine gittiğini, akabinde 19.7.2007 tarihinde de davalı şirkete ait hastaneye giderek diğer davalı doktora muayene olduğunu, hamileliğin sonuna kadar da davalı doktorun kontrolünde kaldığ"
498,21.4,Yargıtay,13,38727,2015,3509,2017-03-22,gebe+illiyet,gebe×27 | travma×2 | illiyet×6 | TCK 87/88,TAZMİNAT DAVASI - OLAYDAN DİREKT OLARAK ZARAR GÖREN ŞAHSIN ANNE VE BABANIN YANINDA KÜÇÜK ÇOCUĞUN OLDUĞU - KÜÇÜK ÇOCUK İÇİNDE UYGUN BİR MANEVİ TAZMİNATA HÜKMEDİLMESİ GEREKTİĞİ - HÜKMÜN BOZULMASI,(2857 S. K. m. 5) Dava ve Karar: Taraflar arasındaki tazminat davasının yapılan yargılaması sonunda ilamda yazılı nedenlerden dolayı davanın kabulüne yönelik olarak verilen hükmün davalılar avukatınca duruşmalı olarak temyiz edilmesi üzerine ilgililere çağrı kağıdı gönderilmişti. Belli günde davalı 
499,21.4,Yargıtay,CG,409,2018,479,2022-06-23,gebe+travma,gebe×12 | travma×37 | illiyet×2 | TCK 87/88,YARGITAY KARARI,"Mahkemesi:Ceza Dairesi Çocuğun basit cinsel istismarı suçundan sanık ...’ın TCK'nın 6545 sayılı Kanun ile değişik 103/1, 103/3-c, 43/1, 62/1 ve 53/1. maddeleri uyarınca 12 yıl 6 ay hapis cezasıyla cezalandırılmasına ve hak yoksunluğuna ilişkin ... 1. Ağır Ceza Mahkemesince verilen 26.05.2017 tarihli"
500,21.2,Yargıtay,4,18482,2012,16631,2013-10-30,gebe+illiyet,gebe×16 | travma×7 | illiyet×18,YARGITAY KARARI,"MAHKEMESİ:Asliye Hukuk Mahkemesi Davacı ... vekili Avukat ... tarafından, davalılar ... vdl. aleyhine 20/02/2006 gününde verilen dilekçe ile tazminat istenmesi üzerine mahkemece yapılan yargılama sonunda; davanın kabulüne dair verilen 14/06/2012 günlü kararın Yargıtay’ca incelenmesi davacı ve davalı"
501,21.2,Yargıtay,3,13784,2020,17120,2020-11-24,gebe+travma,gebe×4 | travma×2 | TCK 87/88 | cenin/düşük,YARGITAY KARARI,"MAHKEMESİ :Asliye Ceza Mahkemesi SUÇ: Kasten yaralama HÜKÜM: Beraat Mahalli mahkemece verilen hüküm temyiz edilmekle evrak okunarak; Gereği görüşülüp düşünüldü: Oluşa, müştekinin soruşturma aşamasındaki ifadesine, sanık savunması ve dinlenen tanık beyanı ile dosya kapsamına göre; müştekinin darp edi"
502,21.1,Yargıtay,CG,92,2018,452,2022-06-21,gebe+travma,gebe×7 | travma×96 | illiyet×3 | TCK 87/88,YARGITAY KARARI,. Yargıtay Dairesi: 9. Ceza Dairesi . Devletin hakimiyeti altında bulunan topraklardan bir kısmını devlet idaresinden ayırmaya yönelik eylemlerde bulunma ve silahlı terör örgütüne üye olma suçlarından açılan kamu davalarının ... (Kapatılan) 12. Ağır Ceza Mahkemesince (CMK'nın mülga 250. maddesiyle g
503,21.1,Yargıtay,3,3304,2021,3017,2022-05-26,gebe+illiyet,gebe×1 | travma×9 | illiyet×6 | TCK 87/88,YARGITAY KARARI,"Mahkemesi :Ceza Dairesi Suç: Anayasal düzeni ortadan kaldırmaya teşebbüs etme, Türkiye Büyük Millet Meclisini ortadan kaldırmaya veya görevini yapmasını engellemeye teşebbüs etme, Türkiye Cumhuriyeti Hükümetini ortadan kaldırmaya veya görevini yapmasını engellemeye teşebbüs etme, kasten öldürme, kas"
504,21.1,Danıştay,2,2938,2024,1595,2025-03-28,gebe+illiyet,gebe×7 | travma×8 | illiyet×4 | TCK 87/88,DANIŞTAY KARARI,"T.C. D A N I Ş T A Y İKİNCİ DAİRE Esas No : 2024/2938 Karar No : 2025/1595 TEMYİZ EDENLER (KARŞILIKLI): 1- (DAVACI): ... VEKİLİ: Av. ... 2- (DAVALI): ... Bakanlığı VEKİLİ: Av. ... İSTEMİNKONUSU: ... Bölge İdare Mahkemesi ...İdari Dava Dairesince verilen ... günlü, E:..., K:...sayılı kararın, dilekçe"
505,21.1,Yargıtay,HG,246,2018,470,2022-04-05,gebe+illiyet,gebe×1 | travma×1 | illiyet×10 | TCK 87/88,YARGITAY KARARI,"MAHKEMESİ:Asliye Hukuk Mahkemesi 1. Taraflar arasındaki “manevi tazminat” davasından dolayı yapılan yargılama sonunda, İzmir 8. Asliye Hukuk Mahkemesince verilen davanın kısmen kabulüne ilişkin karar davalı vekili tarafından temyiz edilmesi üzerine Yargıtay 4. Hukuk Dairesince yapılan inceleme sonun"
506,21,Yargıtay,12,10391,2014,9571,2015-06-02,gebe+illiyet,gebe×13 | travma×4 | illiyet×3 | cenin/düşük,YARGITAY KARARI,"Mahkemesi :Asliye Ceza Mahkemesi Suç: Taksirle öldürme Taksirle öldürme suçundan sanıkların beraatlerine ilişkin hükümler, katılan tarafından temyiz edilmekle, dosya incelenerek gereği düşünüldü: 1-Sanıklar..... ve ... hakkında verilen beraat hükümlerine yönelik temyiz itirazlarının incelenmesinde, "
507,21,Yargıtay,3,1911,2024,1047,2025-02-24,gebe+illiyet,gebe×19 | travma×4 | illiyet×3 | cenin/düşük,YARGITAY KARARI,"MAHKEMESİ: İstanbul Bölge Adliye Mahkemesi 19. Hukuk Dairesi SAYISI: 2021/1457 E., 2024/360 K. İLK DERECE MAHKEMESİ: Bakırköy 1. Tüketici Mahkemesi SAYISI: 2017/506 E., 2020/385 K. Bölge Adliye Mahkemesi kararı, davacılar vekili ve davalılardan ... vekili tarafından temyiz edilmekle; kesinlik, süre,"
508,21,Yargıtay,CG,12,2022,377,2022-05-24,gebe+travma,gebe×14 | travma×102 | cenin/düşük,YARGITAY KARARI,"Kararı Veren Yargıtay Dairesi: 9. Ceza Dairesi Mahkemesi:Ceza Dairesi Sayısı: 158-451 Çocuğun nitelikli cinsel istismarı suçundan sanık ...'ın TCK’nın 103/1-b, 103/2, 103/3-c, 53, 58/6 ve 63. maddeleri uyarınca 24 yıl hapis cezası ile cezalandırılmasına, hak yoksunluğuna, cezasının mükerrirlere özgü"
509,21,Yargıtay,11,4239,2018,5756,2019-09-24,gebe+illiyet,gebe×13 | travma×4 | illiyet×3 | cenin/düşük,YARGITAY KARARI,MAHKEMESİ:TÜKETİCİ MAHKEMESİ TÜRK MİLLETİ ADINA Taraflar arasında görülen davada İstanbul 1. Tüketici Mahkemesince verilen 17/05/2018 tarih ve 2016/1034-2018/369 sayılı kararın Yargıtayca incelenmesinin davacılar vekili tarafından istenildiği ve temyiz dilekçesinin süresi içinde verildiği anlaşılmış
510,21,Yargıtay,CG,425,2015,61,2016-02-16,gebe+travma,gebe×13 | travma×15 | cenin/düşük,YARGITAY KARARI,"Mahkemesi:Ağır Ceza Çocuğun nitelikli cinsel istismarı suçundan sanığın TCK'nun 103/2, 103/4, 103/6, 53/1 ve 63/1. maddeleri uyarınca ondört yıl iki ay hapis cezası ile cezalandırılmasına, hak yoksunluğuna ve mahsuba ilişkin, Yalova Ağır Ceza Mahkemesince verilen gün ve ...-... sayılı hükmün, sanık "
511,21,Yargıtay,12,11270,2015,9099,2016-05-31,gebe+illiyet,gebe×17 | travma×4 | illiyet×3 | cenin/düşük,GÖREVİ KÖTÜYE KULLANMA SUÇU - DOKTORUN ZAMANINDA GELİP GEBENİN MUAYENESİNİ YAPMAMASI NEDENİYLE KUSURLU OLDUĞU - İHMALİ EYLEMİ İLE ÖLÜM ARASINDA İLLİYET BAĞI BULUNAN SANIĞIN TAKSİRLE ÖLDÜRME SUÇUNDAN M,"(5320 S. K. m. 8) (5271 S. K. m. 299) (5237 S. K. m. 53) Dava ve Karar: Görevi kötüye kullanma suçundan sanığın mahkûmiyetine ilişkin hüküm, sanık müdafii, katılan vekili ve mahalli Cumhuriyet savcısı tarafından temyiz edilmekle, dosya incelenerek gereği düşünüldü: I-Katılan vekilinin temyiz itirazl"
512,21,Danıştay,10,8104,2019,1598,2022-03-23,gebe+illiyet,gebe×30 | travma×2 | illiyet×4 | cenin/düşük,DANIŞTAY KARARI,"T.C. D A N I Ş T A Y ONUNCU DAİRE Esas No : 2019/8104 KararNo : 2022/1598 KARARIN DÜZELTİLMESİNİ İSTEYEN (DAVALI): … Bakanlığı VEKİLİ: Av. … KARŞI TARAF (DAVACILAR) : 1- … 2- … VEKİLİ: Av. … İSTEMİN_KONUSU: … İdare Mahkemesinin … tarih ve E:…, K:… sayılı kararının gerekçeli olarak onanmasına dair Da"
513,21,Danıştay,10,5357,2022,1227,2023-03-14,gebe+illiyet,gebe×14 | travma×2 | illiyet×4 | cenin/düşük,DANIŞTAY KARARI,"T.C. D A N I Ş T A Y ONUNCU DAİRE Esas No : 2022/5357 KararNo : 2023/1227 TEMYİZ EDEN (DAVACI): … VEKİLİ: Av. … TEMYİZ EDEN (DAVALI): …Üniversitesi Rektörlüğü VEKİLİ: Av. … İSTEMİN_KONUSU: …Bölge İdare Mahkemesi … İdari Dava Dairesinin … tarih ve E:…, K:… sayılı kararının taraflarca aleyhlerine olan"
514,20.8,Danıştay,10,4756,2022,4788,2025-10-23,gebe+illiyet,gebe×10 | travma×5 | illiyet×4 | TCK 87/88,DANIŞTAY KARARI,T.C. D A N I Ş T A Y ONUNCU DAİRE Esas No : 2022/4756 KararNo : 2025/4788 TEMYİZ EDEN (DAVACILAR): 1- ... 2- ... VEKİLİ: Av. ... KARŞI TARAF (DAVALI): ... Bakanlığı / ANKARA VEKİLİ: Av. ... DAVALI YANINDA MÜDAHİL: ... İSTEMİN_KONUSU: ... Bölge İdare Mahkemesi ... İdari Dava Dairesinin ... tarih ve E
515,20.8,Yargıtay,12,3662,2020,518,2023-02-22,gebe+travma,gebe×131 | travma×7 | illiyet×3 | TCK 87/88,YARGITAY KARARI,"MAHKEMESİ:Asliye Ceza Mahkemesi Sanık hakkında kurulan hükmün; karar tarihi itibarıyla 6723 sayılı Kanun’un 33 üncü maddesiyle değişik 5320 sayılı Kanun’un 8 inci maddesi gereği yürürlükte bulunan 1412 sayılı Ceza Muhakemeleri Usulü Kanunu’nun (1412 sayılı Kanun) 305 inci maddesi gereği temyiz edile"
516,20.8,Yargıtay,21,429,2019,7560,2019-12-09,gebe+illiyet,gebe×2 | travma×19 | illiyet×9 | trafik/iş kaz,TAZMİNAT DAVASI - BÖLGE ADLİYE MAHKEMESİNCE DAVACILARIN ADLİ YARDIM KARARI NEDENİYLE İSTİNAF YOLUNA BAŞVURU HARCI VE MAKTU İSTİNAF HARCI YATIRMADIKLARININ BU DAVACILARIN İSTİNAF BAŞVURULARININ ESASTAN,"(6100 S. K. m. 362) (6331 S. K. m. 4) (4857 S. K. m. 2, 77) (6098 S. K. m. 50, 51, 55) &nbsp; KARAR &nbsp; 1-Davacı Kardeşlerin Manevi Tazminat İstemlerine İlişkin Hükümler Yönünden, &nbsp; Miktar veya değeri temyiz kesinlik sınırını geçmeyen davalara ilişkin nihai kararlar 6100 sayılı Hukuk Muhakem"
517,20.8,Danıştay,10,445,2022,2475,2025-05-08,gebe+travma,gebe×34 | travma×5 | illiyet×4 | obstetrik komp.,DANIŞTAY KARARI,T.C. D A N I Ş T A Y ONUNCU DAİRE Esas No : 2022/445 KararNo : 2025/2475 TEMYİZ EDEN (DAVACILAR) :Kendi adına asaleten ...'a velayeten ... VEKİLİ: Av. ... KARŞI TARAF (DAVALI): ... Bakanlığı / ANKARA VEKİLİ: Av. ... İSTEMİN_KONUSU: ... Bölge İdare Mahkemesi ... İdari Dava Dairesinin ... tarih ve E:.
518,20.8,Yargıtay,21,213,2019,7417,2019-12-03,gebe+illiyet,gebe×2 | travma×20 | illiyet×9 | trafik/iş kaz,TAZMİNAT DAVASI - DAVALI HAKKINDAKİ DAVADAN FERAGAT BEYANININ DİĞER MÜTESELSİL BORÇLU DAVALILARA ETKİSİNİ DİKKATE ALMAK - HAKKANİYETE UYGUN MAKUL BİR MADDİ TAZMİNAT BELİRLEMEK - HÜKMÜN BOZULMASI,"(6100 S. K. m. 353) &nbsp; A)Davacı İstemi; &nbsp; Davacılar dava dilekçeleri ve ıslah ile eş için 227.795,49 TL maddi, 190.000,00 TL manevi, çocuk ... için 90.818,03 TL maddi, 145.000,00 TL manevi, çocuk ... için 99.694,13 TL maddi, 145.000,00 TL manevi, anne için 1.000,00 TL maddi, 60.000,00 TL ma"
519,20.8,Anayasa,GK,3924,2013,,2015-01-06,gebe+travma,gebe×4 | travma×42 | illiyet×4 | TCK 87/88,ANAYASA MAHKEMESİNİN 6/1/2015 TARİHLİ VE 2013/3924 SAYILI KARARI (BİREYSEL BAŞVURU),"(AİHS. m. 3) (2709 S. K. m. 17, 25, 26, 34) (2911 S. K. m. 3, 6, 22, 23, 32) (5271 S. K. m. 223) (5237 S. K. m. 265) (2559 S. K. m. 16) (6216 S. K. m. 47) (PEKASLAN VE DİĞERLERİ - TÜRKİYE DAVASI) (OYA ATAMAN - TÜRKİYE DAVASI) (BALÇIK VE DİĞERLERİ - TÜRKİYE DAVASI) (GÜN VE DİĞERLERİ V. - TÜRKİYE DAVA"
520,20.8,Yargıtay,21,249,2019,7420,2019-12-03,gebe+illiyet,gebe×2 | travma×19 | illiyet×9 | trafik/iş kaz,YARGITAY KARARI,"MAHKEMESİ:Bölge Adliye Mahkemesi 3. Hukuk Dairesi TÜRK MİLLETİ ADINA K A R A R 1-Davacı Çocuk ... 'in Maddi, Davacı Kardeşin Manevi Tazminat İstemlerine İlişkin Hükümler Yönünden,Miktar veya değeri temyiz kesinlik sınırını geçmeyen davalara ilişkin nihai kararlar 6100 sayılı Hukuk Muhakemeleri Kanun"
521,20.8,Yargıtay,21,251,2019,7416,2019-12-03,gebe+illiyet,gebe×2 | travma×19 | illiyet×9 | trafik/iş kaz,TAZMİNAT DAVASI - BİRİNCİ BİRLEŞEN DAVA DOSYASI HAKKINDA KURULAN HÜKÜMDE SONUCU DOĞRU OLMAKLA BİRLİKTE ALINMASI GEREKEN KARAR VE İLAM HARCINDAN MAHSUP EDİLECEK TUTARIN YAZILMASI - HÜKMÜN BOZULMASI,"(6100 S. K. m. 362) &nbsp; KARAR &nbsp; 1-Davacı Annenin Maddi, Davacı Kardeşlerin Manevi Tazminat İstemlerine İlişkin Hükümler Yönünden,Miktar veya değeri temyiz kesinlik sınırını geçmeyen davalara ilişkin nihai kararlar 6100 sayılı Hukuk Muhakemeleri Kanununun 362/1-(a) maddesi uyarınca temyiz edi"
522,20.7,Yargıtay,9,10449,2009,10508,2011-04-07,gebe+illiyet,gebe×3 | travma×2 | TCK 87/88 | cenin/düşük,İŞÇİLİK ALACAKLARI DAVASI - DAVAYA KARŞI İLERİ SÜRÜLEN ZAMANAŞIMI DEFİNİN DİKKATE ALINMADIĞI - EK BİLİRKİŞİ RAPORUNUN USULEN EKSİK OLDUĞU - NEYE İLİŞKİN OLDUĞUNUN ANLAŞILAMADIĞI - YARGILAMA GİDERLERİN,"(4857 S. K. m. 2, 5, 26, 28, 32) (1086 S. K. m. 187, 188, 202) (818 S. K. m. 50, 51, 101, 125, 126, 127, 128, 130, 131, 132, 133, 134, 135, 136, 137, 139) (6762 S. K. m. 1235, 1259) (4721 S. K. m. 2) (5521 S. K. m. 7) (9. HD. 20.4.2010 T. 2008/ 23521 E. 2010/11354 K.) (YHGK. 05.07.2000 T. 2000/9-107"
523,20.6,Anayasa,1,19127,2015,,2019-07-18,gebe+travma,gebe×4 | travma×1 | TCK 87/88 | cenin/düşük,ANAYASA MAHKEMESİNİN 18/7/2019 TARİHLİ VE 2015/19127 SAYILI KARARI (BİREYSEL BAŞVURU),"(2709 S. K. m. 5, 12, 17, 49, 56) (ANY. MAH. 18.09.2013 T. 2012/969 E.) (ANY. MAH. 19.12.2013 T. 2013/2187 E.) (ANY. MAH. 15.04.2014 T. 2013/2284 E.) &nbsp; *** İncelemekte olduğunuz karar Resmi Gazete&rsquo;de yayımlanmamış olup kararlarbilgibankasi.anayasa.gov.tr adresinden alınmıştır. &nbsp; BİRİ"
524,20.5,Yargıtay,9,3393,2021,4496,2023-06-21,gebe+travma,gebe×7 | travma×3 | illiyet×6 | TCK 87/88,YARGITAY KARARI,"MAHKEMESİ:Ağır Ceza Mahkemesi SAYISI: 2011/272 E., 2014/288 K. SUÇLAR: Beden veya ruh sağlığını bozacak şekilde çocuğun nitelikli cinsel istismarı, kişiyi hürriyetinden yoksun kılma HÜKÜMLER: Beraat TEBLİĞNAME GÖRÜŞÜ: Onama Sanıklar hakkında kurulan hükümlerin; karar tarihi itibarıyla 6723 sayılı Ka"
525,20.5,Yargıtay,3,6268,2021,3880,2022-06-23,gebe+illiyet,gebe×1 | travma×24 | illiyet×5 | TCK 87/88,YARGITAY KARARI,"Mahkemesi :Ceza Dairesi İlk Derece Mahkemesi : Kars 2. Ağır Ceza Mahkemesinin 26.02.2020 tarih ve Katılanlar:Türkiye Cumhuriyeti ... ve TBMM Başkanlığı Suç:Anayasal Düzeni ortadan kaldırmaya teşebbüs, Türkiye Büyük Millet Meclisini ortadan kaldırmaya veya görevini yapmasını engellemeye teşebbüs, Tür"
526,20.5,Askeri Yargıtay,4,1,2006,308,2006-02-28,gebe+travma,gebe×5 | travma×12 | illiyet×10,KASTEN ADAM ÖLDÜRMEK SUÇU - SANIĞIN KULLANDIĞI SİLAHIN NİTELİĞİ - NETİCENİN GERÇEKLEŞMEMESİ - SANIK EYLEMİNİN KASTEN ADAM ÖLDÜRMEYE TEŞEBBÜS SUÇUNU OLUŞTURMASI - EYLEMİN DOĞRUDAN KAST İLE GEÇEKLEŞTİRİ,"(5237 S. K. m. 21, 22, 29, 35, 44, 53, 62, 81, 266) (353 S. K. m. 16, 218, 251) Sanık hakkında tesis edilen ilk mahkûmiyet hükümlerinin, Dairemizin 6.8.2002 tarih ve 2002/667-796 E.K. sayılı ilâmı ile bozulmasını müteakip, askerî mahkemece bu karara uyularak yeniden yapılan yargılama sonunda sanığın"
527,20.4,Yargıtay,9,7427,2023,7325,2023-11-07,gebe+travma,gebe×40 | travma×9 | cenin/düşük,ÇOCUK DÜŞÜRTME SUÇU - MAĞDURENİN BEDEN VEYA RUH SAĞLIĞI BAKIMINDAN BİR ZARARA UĞRAYIP UĞRAMADIĞI YÖNÜNDEN ATK RAPORU ALDIKTAN SONRA SONUCUNA GÖRE SANIKLARIN HUKUKİ DURUMLARININ TAYİN VE TAKTİRİ GEREKT,"(5271 S. K. m. 223, 237, 260) (5237 S. K. m. 99) (5320 S. K. m. 8) (1412 S. K. m. 305, 310, 317, 321) (YCGK. 19.10.2010 T. 2010/9-149 E. 2010/205 K.) &nbsp; Sanıklar hakkında kurulan hükümlerin; karar tarihi itibarıyla 6723 sayılı Kanun&rsquo;un 33 üncü maddesiyle değişik 5320 sayılı Kanun&rsquo;un "
528,20.4,Yargıtay,9,3413,2024,7893,2024-05-07,gebe+illiyet,gebe×38 | travma×3 | illiyet×3 | cenin/düşük,YARGITAY KARARI,"MAHKEMESİ: İstanbul Bölge Adliye Mahkemesi 47. Hukuk Dairesi SAYISI: 2020/4561 E., 2023/2472 K. KARAR: İstinaf başvurularının esastan reddi İLK DERECE MAHKEMESİ: İstanbul 32. İş Mahkemesi SAYISI: 2017/208 E., 2020/440 K. Taraflar arasındaki alacak davasından dolayı yapılan yargılama sonunda İlk Dere"
529,20.4,A.İ.H.M.,A.İ.H.M.,38477,2010,,2020-05-26,gebe+travma,gebe×38 | travma×7 | illiyet×1 | cenin/düşük,RAFET KAYA VE ELMAS KAYA - TÜRKİYE DAVASI,"(AİHS m. 2, 6, 35) &nbsp; İKİNCİ BÖLÜM &nbsp; KABUL EDİLEBİLİRLİK HAKKINDA KARAR &nbsp; Başvuru no. 38477/10 &nbsp; Başkan, &nbsp; Valeriu Gritco, &nbsp; Hâkimler, &nbsp; Arnfinn Bârdsen, &nbsp; Peeter Roosma, &nbsp; ve Bölüm Yazı İşleri Müdür Yardımcısı Hasan Bakırcı&rsquo;nın katılımıyla 26 Mayıs "
530,20.4,A.İ.H.M.,A.İ.H.M.,10491,2012,,2018-03-27,gebe+travma,gebe×54 | travma×3 | illiyet×3 | cenin/düşük,İBRAHİM KESKİN - TÜRKİYE DAVASI,"(AİHS m. 2, 6, 8, 34, 35, 41, 44) (5283 S. K. m. 4) (İCLAL KARAKOCA VE HÜSEYİN KARAKOCA V. - TÜRKİYE DAVASI) (BİLSEN TAMER VE DİĞERLERİ - TÜRKİYE DAVASI) (CALVELLİ VE CİGLİO - İTALYA DAVASI) (SÜLEYMAN EGE V. - TÜRKİYE DAVASI) &nbsp; İKİNCİ BÖLÜM &nbsp; (Başvuru No. 10491/12) &nbsp; KARAR &nbsp; STRA"
531,20.3,Yargıtay,21,1856,2019,7774,2019-12-16,gebe+illiyet,gebe×1 | travma×16 | illiyet×9 | trafik/iş kaz,YARGITAY KARARI,"MAHKEMESİ: Bölge Adliye Mahkemesi 15. Hukuk Dairesi TÜRK MİLLETİ ADINA Davacılar, murisinin iş kazası sonucu ölümünden doğan maddi ve manevi tazminatın ödetilmesine karar verilmesini istemiştir.İlk Derece Mahkemesince davanın kısmen kabulüne karar verilmesi üzerine davacılar ile davalılardan ... Gen"
532,20.3,Yargıtay,21,3965,2018,4926,2019-09-10,gebe+illiyet,gebe×1 | travma×13 | illiyet×9 | trafik/iş kaz,YARGITAY KARARI,"MAHKEMESİ: ... Bölge Adliye Mahkemesi 15. Hukuk Dairesi İLK DERECE MAHKEMESİ: ...İş Mahkemesi TÜRK MİLLETİ ADINA Davacılar murisinin, iş kazası sonucu ölümünden doğan maddi ve manevi tazminatın ödetilmesine karar verilmesini istemiştir. İlk Derece Mahkemesince davanın kısmen kabulüne karar verilmesi"
533,20.3,Yargıtay,21,81,2019,6571,2019-11-06,gebe+illiyet,gebe×1 | travma×14 | illiyet×9 | trafik/iş kaz,YARGITAY KARARI,"MAHKEMESİ:Bölge Adliye Mahkemesi 9. Hukuk Dairesi İLK DERECE MAHKEMESİ: ... İş Mahkemesi TÜRK MİLLETİ ADINA Davacılar, murisinin iş kazası sonucu ölümünden doğan maddi ve manevi tazminatın ödetilmesine karar verilmesini istemiştir. İlk Derece Mahkemesince davanın kısmen kabulüne karar verilmesi üzer"
534,20.3,Yargıtay,21,3495,2018,8386,2018-11-19,gebe+illiyet,gebe×1 | travma×14 | illiyet×9 | trafik/iş kaz,YARGITAY KARARI,"MAHKEMESİ: ... Bölge Adliye Mahkemesi 7. Hukuk Dairesi İLK DERECE MAHKEMESİ: ...İş Mahkemesi TÜRK MİLLETİ ADINA Davacılar murisinin, iş kazası sonucu ölümünden doğan maddi ve manevi tazminatın ödetilmesine karar verilmesini istemiştir. İlk Derece Mahkemesince davanın kısmen kabulüne karar verilmesi "
535,20.3,Yargıtay,21,5275,2018,5814,2019-10-07,gebe+illiyet,gebe×1 | travma×14 | illiyet×9 | trafik/iş kaz,YARGITAY KARARI,"MAHKEMESİ: ... Bölge Adliye Mahkemesi ... Hukuk Dairesi İLK DERECE MAHKEMESİ: ... İş Mahkemesi Davacılar murisinin, iş kazası sonucu ölümünden doğan maddi ve manevi tazminatın ödetilmesine karar verilmesini istemiştir. İlk Derece Mahkemesince davanın kısmen kabulüne karar verilmesi üzerine davalılar"
536,20.3,Yargıtay,21,2707,2019,8027,2019-12-23,gebe+illiyet,gebe×1 | travma×14 | illiyet×9 | trafik/iş kaz,YARGITAY KARARI,"MAHKEMESİ: Bölge Adliye Mahkemesi 7. Hukuk Dairesi TÜRK MİLLETİ ADINA Davacılar, murisinin iş kazası sonucu ölümünden doğan maddi ve manevi tazminatın ödetilmesine karar verilmesini istemiştir.İlk Derece Mahkemesince davanın kısmen kabulüne karar verilmesi üzerine davalılardan ... Genel Müdürlüğü ve"
537,20.3,Yargıtay,21,95,2019,6730,2019-11-11,gebe+illiyet,gebe×1 | travma×14 | illiyet×9 | trafik/iş kaz,YARGITAY KARARI,"MAHKEMESİ: ...Bölge Adliye Mahkemesi 9. Hukuk Dairesi MAHKEMESİ: ... İş Mahkemesi A)Davacı İstemi; Davacılar vekili dava dilekçesinde özetle; 13.05.2014 tarihinde ...'da meydana gelen maden kazasında davacılar kök murisinin vefat ettiğini, maden kazasının olduğu Eynez yeraltı maden ocağının davalıla"
538,20.3,Yargıtay,10,9612,2020,2974,2021-03-09,gebe+illiyet,gebe×1 | travma×15 | illiyet×9 | trafik/iş kaz,TAZMİNAT DAVASI - KUSUR DAĞILIMININ İLERDE KENDİ ARALARINDA AÇILABİLECEK RÜCU DAVASINDA YENİDEN DEĞERLENDİRİLMESİNİN MÜMKÜN BULUNDUĞU - MAHKEMECE EKSİK İNCELEME VE ARAŞTIRMA SONUCU KARAR VERİLDİĞİ - H,"(7036 S. K. m. 8) (6100 S. K. m. 297, 346, 362, 366) (4857 S. K. m. 2, 56, 77) (818 S. K. m. 47, 332) (6098 S. K. m. 417) (6331 S. K. m. 4, 5) (492 S. K. m. 8) (YHGK. 09.10.2013 T. 2013/21-102 E. 2013/1456 K.) (YHGK. 20.03.2013 T. 2012/21-1121 E. 2013/386 K.) (YHGK 23.06.2004 T. 2004/13-291 E. 2004/"
539,20.3,Yargıtay,21,2459,2019,821,2020-02-17,gebe+illiyet,gebe×1 | travma×14 | illiyet×9 | trafik/iş kaz,YARGITAY KARARI,"MAHKEMESİ:İş Mahkemesi TÜRK MİLLETİ ADINA Davacılar, murisinin iş kazası sonucu ölümünden doğan maddi ve manevi tazminatın ödetilmesine karar verilmesini istemiştir. Mahkeme, bozmaya uyarak ilamında belirtildiği şekilde, isteğin kısmen kabulüne karar vermiştir. Hükmün, davalılardan TKİ Kurumu Genel "
540,20.3,Yargıtay,21,902,2018,1737,2018-02-26,gebe+illiyet,gebe×1 | travma×13 | illiyet×9 | trafik/iş kaz,TAZMİNAT DAVASI - ÖLÜMLÜ İŞ KAZASI - ÖLENİN OLAYDA HİÇ KUSURUNUN BULUNMADIĞI - KUSURU BULUNANLAR ARASINDAKİ KUSUR DAĞILIMININ KENDİ ARALARINDA GÖRÜLMESİ MUHTEMEL RÜCU DAVASINDA YENİDEN DEĞERLENDİRİLEB,"(4857 S. K. m. 2, 77) (6331 S. K. m. 4, 5, 10, 19) (6098 S. K. m. 56, 417) (818 S. K. m. 47, 332) (YHGK. 09.10.2013 T. 2013/21-102 E. 2013/1456 K.) (YHGK. 20.03.2013 T. 2012/21-1121 E. 2013/386 K.) (YHGK. 23.6.2004 T. 2004/13-291 E. 2004/370 K.) &nbsp; Davacılar murisinin, iş kazası sonucu ölümünden"
541,20.3,Yargıtay,21,6217,2017,10643,2017-12-18,gebe+illiyet,gebe×1 | travma×13 | illiyet×9 | trafik/iş kaz,YARGITAY KARARI,"MAHKEMESİ: ... Bölge Adliye Mahkemesi 3. Hukuk Dairesi İLK DERECE MAHKEMESİ : ... İş Mahkemesi Davacılar murisinin, iş kazası sonucu ölümünden doğan manevi tazminatın ödetilmesine karar verilmesini istemiştir. İlk Derece Mahkemesince davanın kısmen kabulüne karar verilmesi üzerine, davalılar vekille"
542,20.3,Yargıtay,21,3960,2018,4934,2019-09-10,gebe+illiyet,gebe×1 | travma×13 | illiyet×9 | trafik/iş kaz,YARGITAY KARARI,"MAHKEMESİ: ... Bölge Adliye Mahkemesi 7. Hukuk Dairesi İLK DERECE MAHKEMESİ: ... İş Mahkemesi TÜRK MİLLETİ ADINA Davacılar murisinin, iş kazası sonucu ölümünden doğan maddi ve manevi tazminatın ödetilmesine karar verilmesini istemiştir. İlk Derece Mahkemesince davanın kısmen kabulüne karar verilmesi"
543,20.3,Yargıtay,21,928,2018,1735,2018-02-26,gebe+illiyet,gebe×1 | travma×13 | illiyet×9 | trafik/iş kaz,TAZMİNAT DAVASI - ÖLÜMLÜ İŞ KAZASI - ÖLENİN OLAYDA HİÇ KUSURUNUN BULUNMADIĞI - KUSURU BULUNANLAR ARASINDAKİ KUSUR DAĞILIMININ KENDİ ARALARINDA GÖRÜLMESİ MUHTEMEL RÜCU DAVASINDA YENİDEN DEĞERLENDİRİLEB,"(4857 S. K. m. 2, 77) (6331 S. K. m. 4, 5, 10, 19) (6098 S. K. m. 56, 417) (818 S. K. m. 47, 332) (YHGK. 09.10.2013 T. 2013/21-102 E. 2013/1456 K.) (YHGK. 20.03.2013 T. 2012/21-1121 E. 2013/386 K.) (YHGK. 23.6.2004 T. 2004/13-291 E. 2004/370 K.) &nbsp; Davacılar murisinin, iş kazası sonucu ölümünden"
544,20.3,Yargıtay,21,5395,2018,6066,2019-10-14,gebe+illiyet,gebe×1 | travma×14 | illiyet×9 | trafik/iş kaz,YARGITAY KARARI,"MAHKEMESİ: ... Bölge Adliye Mahkemesi ... Hukuk Dairesi İLK DERECE MAHKEMESİ: ... İş Mahkemesi Davacılar murisinin, iş kazası sonucu ölümünden doğan maddi ve manevi tazminatın ödetilmesine karar verilmesini istemiştir. İlk Derece Mahkemesince davanın kısmen kabulüne karar verilmesi üzerine davalılar"
545,20.3,Yargıtay,21,1294,2018,6419,2018-09-17,gebe+illiyet,gebe×1 | travma×13 | illiyet×9 | trafik/iş kaz,MANEVİ TAZMİNAT DAVASI - ÖLÜMLÜ İŞ KAZASI - ÖLENİN OLAYDA HİÇ KUSURUNUN BULUNMADIĞI - İŞ KAZASININ MEYDANA GELMESİNDE KUSURU BULUNANLAR ARASINDAKİ KUSUR DAĞILIMININ İLERDE KENDİ ARALARINDA AÇILABİLECE,"(6331 S. K. m. 4, 5, 10, 19) (4857 S. K. m. 2, 77) (6098 S. K. m. 56, 417) (818 S. K. m. 47, 332) (YHGK. 09.10.2013 T. 2013/21-102 E. 2013/1456 K.) (YHGK. 20.03.2013 T. 2012/21-1121 E. 2013/386 K.) (YHGK. 23.06.2004 T. 2004/13-291 E. 2004/370 K.) &nbsp; Davacılar, murisinin iş kazası sonucu ölümünde"
546,20.3,Yargıtay,21,3396,2018,7640,2018-10-22,gebe+illiyet,gebe×1 | travma×13 | illiyet×9 | trafik/iş kaz,YARGITAY KARARI,"MAHKEMESİ: ... Bölge Adliye Mahkemesi 7. Hukuk Dairesi TÜRK MİLLETİ ADINA Davacılar murisinin, iş kazası sonucu ölümünden doğan maddi ve manevi tazminatın ödetilmesine karar verilmesini istemiştir. İlk Derece Mahkemesince davanın kısmen kabulüne karar verilmesi üzerine davalılardan ... vekilince ist"
547,20.3,Yargıtay,21,98,2019,6732,2019-11-11,gebe+illiyet,gebe×1 | travma×14 | illiyet×9 | trafik/iş kaz,YARGITAY KARARI,"MAHKEMESİ: Bölge Adliye Mahkemesi 9. Hukuk Dairesi MAHKEMESİ: İş Mahkemesi A)Davacı İstemi; Davacılar dava dilekçeleri ve ıslah ile eş için 94.373,58 TL maddi, 195.000,00 TL manevi, çocuk Rızgar için 39.905,65 TL maddi, 145.000,00 TL manevi, çocuk Rojda için 49.075,30 TL maddi, 145.000,00 TL manevi "
548,20.3,Yargıtay,10,7422,2024,6616,2025-04-22,gebe+illiyet,gebe×1 | travma×14 | illiyet×9 | trafik/iş kaz,YARGITAY KARARI,"MAHKEMESİ: Ankara Bölge Adliye Mahkemesi 29. Hukuk Dairesi SAYISI: 2020/2730 E., 2022/478 K. İLK DERECE MAHKEMESİ: Ankara 15. İş Mahkemesi SAYISI: 2018/73 E., 2020/11 K. Taraflar arasındaki iş kazasından kaynaklanan maddi ve manevi tazminat davasından dolayı yapılan yargılama sonunda, İlk Derece Mah"
549,20.3,Yargıtay,21,897,2019,7566,2019-12-09,gebe+illiyet,gebe×1 | travma×13 | illiyet×9 | trafik/iş kaz,YARGITAY KARARI,"MAHKEMESİ:Bölge Adliye Mahkemesi 9. Hukuk Dairesi K A R A R A)Davacı İstemi Davacılar dava dilekçesi ve ıslah ile eş için Eş için 102.909,81 TL maddi, 250.000,00 TL manevi, her iki çocuk için 76.043,26'şar TL maddi, 250.000,00'er TL manevi, anne ve baba için 250.000,00'er TL manevi tazminat talep et"
550,20.3,Yargıtay,21,2830,2019,8031,2019-12-23,gebe+illiyet,gebe×1 | travma×14 | illiyet×9 | trafik/iş kaz,YARGITAY KARARI,"MAHKEMESİ: Bölge Adliye Mahkemesi 15. Hukuk Dairesi TÜRK MİLLETİ ADINA Davacılar, murisinin iş kazası sonucu ölümünden doğan maddi ve manevi tazminatın ödetilmesine karar verilmesini istemiştir.İlk Derece Mahkemesince davanın kabulüne karar verilmesi üzerine davalılardan ... Genel Müdürlüğü vekilinc"
551,20.3,Yargıtay,10,1107,2024,13123,2024-12-17,gebe+illiyet,gebe×1 | travma×14 | illiyet×9 | trafik/iş kaz,YARGITAY KARARI,"MAHKEMESİ: İzmir Bölge Adliye Mahkemesi 15. Hukuk Dairesi SAYISI: 2023/1418 E., 2023/1525 K. İLK DERECE MAHKEMESİ: Soma 1. İş Mahkemesi SAYISI: 2021/373 E., 2023/126 K. Taraflar arasındaki iş kazasından kaynaklanan maddi tazminat davasından dolayı yapılan yargılama sonunda, İlk Derece Mahkemesince d"
552,20.3,Yargıtay,21,650,2019,7452,2019-12-03,gebe+illiyet,gebe×1 | travma×13 | illiyet×9 | trafik/iş kaz,YARGITAY KARARI,"MAHKEMESİ: Bölge Adliye Mahkemesi 15. Hukuk Dairesi TÜRK MİLLETİ ADINA Asıl ve birleşen davalar bakımından davacılar, murisinin, işkazası sonucu ölümünden doğan maddi ve manevi tazminatın ödetilmesine karar verilmesini istemiştir.İlk Derece Mahkemesince davanın kısmen kabulüne karar verilmesi üzerin"
553,20.3,Yargıtay,21,280,2019,7412,2019-12-03,gebe+illiyet,gebe×1 | travma×12 | illiyet×9 | trafik/iş kaz,YARGITAY KARARI,"MAHKEMESİ: Bölge Adliye Mahkemesi 3. Hukuk Dairesi TÜRK MİLLETİ ADINA Davacı, murisinin işkazası sonucu ölümünden doğan maddi ve manevi tazminatın ödetilmesine karar verilmesini istemiştir.İlk Derece Mahkemesince davanın kabulüne karar verilmesi üzerine davalılardan ... vekilince istinaf kanun yolun"
554,20.3,Yargıtay,21,1206,2019,7765,2019-12-16,gebe+illiyet,gebe×1 | travma×13 | illiyet×9 | trafik/iş kaz,YARGITAY KARARI,"MAHKEMESİ: Bölge Adliye Mahkemesi 7. Hukuk Dairesi TÜRK MİLLETİ ADINA Davacılar, murisinin iş kazası sonucu ölümünden doğan maddi tazminatın ödetilmesine karar verilmesini istemiştir.İlk Derece Mahkemesince davanın kısmen kabulüne karar verilmesi üzerine davalılardan ... İşletmeleri Gen.Müd. vekilin"
555,20.3,Yargıtay,21,3394,2018,8143,2018-11-12,gebe+illiyet,gebe×1 | travma×14 | illiyet×9 | trafik/iş kaz,YARGITAY KARARI,"MAHKEMESİ: Bölge Adliye Mahkemesi 7. Hukuk Dairesi İLK DERECE MAHKEMESİ: İş Mahkemesi Davacılar, murisinin iş kazası sonucu ölümünden doğan maddi ve manevi tazminatın ödetilmesine karar verilmesini istemiştir. İlk Derece Mahkemesince davanın kısmen kabulüne karar verilmesi üzerine davacılar ve daval"
556,20.3,Yargıtay,10,8690,2020,2976,2021-03-09,gebe+illiyet,gebe×1 | travma×14 | illiyet×9 | trafik/iş kaz,YARGITAY KARARI,"Mahkemesi: İzmir Bölge Adliye Mahkemesi 7. Hukuk Dairesi ... Dava, iş kazasından kaynaklanan maddi ve manevi tazminat istemlerine ilişkindir. İlk Derece Mahkemesince, hükümde belirtilen gerekçelerle davanın davalılar ... Linyit İşletmesi Müessese Müdürlüğü yönünden reddine, ... Genel Müdürlüğü, ...."
557,20.3,Yargıtay,10,6751,2021,11751,2022-10-04,gebe+illiyet,gebe×1 | travma×15 | illiyet×9 | trafik/iş kaz,YARGITAY KARARI,"Bölge Adliye Mahkemesi : ... Bölge Adliye Mahkemesi 19. Hukuk Dairesi No : Dava, iş kazasından kaynaklanan maddi ve manevi tazminat istemlerine ilişkindir. İlk Derece Mahkemesince, hükümde belirtilen gerekçelerle davanın kısmen kabulüne dair verilen karara karşı davalı ... ... Müdürlüğü tarafından i"
558,20.3,Yargıtay,10,10120,2020,2077,2021-02-23,gebe+illiyet,gebe×1 | travma×14 | illiyet×9 | trafik/iş kaz,YARGITAY KARARI,"Mahkemesi:İş Mahkemesi Dava, iş kazasından kaynaklanan maddi ve manevi tazminat istemlerine ilişkindir. İlk Derece Mahkemesince, hükümde belirtilen gerekçelerle davalı ...Ş. ile davalı ... Müessesesi Müdürlüğü yönünden davanın husumet nedeniyle reddine, diğer davalılar yönünden davanın kısmen kabulü"
559,20.3,Yargıtay,21,3652,2018,5639,2019-10-01,gebe+illiyet,gebe×1 | travma×13 | illiyet×9 | trafik/iş kaz,YARGITAY KARARI,"MAHKEMESİ: ... Bölge Adliye Mahkemesi ... Hukuk Dairesi İLK DERECE MAHKEMESİ: ... İş Mahkemesi A)Davacı İstemi; Davacılar dava dilekçesi ve ıslah ile eş için 232.582,31 TL maddi, 150.000,00 TL manevi, çocuk ... için 68.782,57 TL maddi, 100.000,00 TL manevi, çocuk ... için 92.483,92 TL maddi, 100.000"
560,20.3,Yargıtay,21,16757,2016,3200,2017-04-18,gebe+illiyet,gebe×1 | travma×14 | illiyet×9 | trafik/iş kaz,YARGITAY KARARI,"MAHKEMESİ:İş Mahkemesi Davacılar murisinin, iş kazası sonucu ölümünden doğan manevi tazminatın ödetilmesi davasının yapılan yargılaması sonunda; ilamda yazılı nedenlerle, 220.000,00TL manevi tazminatın yasal faiziyle birlikte davalılardan müştereken ve müteselsilen alınarak davacılara verilmesine il"
561,20.3,Yargıtay,21,1246,2019,7764,2019-12-16,gebe+illiyet,gebe×1 | travma×13 | illiyet×9 | trafik/iş kaz,YARGITAY KARARI,"MAHKEMESİ:Bölge Adliye Mahkemesi 15. Hukuk Dairesi TÜRK MİLLETİ ADINA Davacılar, murisinin işkazası sonucu ölümünden doğan maddi ve manevi tazminatın ödetilmesine karar verilmesini istemiştir.İlk Derece Mahkemesince davanın kısmen kabulüne karar verilmesi üzerine davalılardan ...Genel Müdürlüğü veki"
562,20.3,Yargıtay,21,722,2019,7563,2019-12-09,gebe+illiyet,gebe×1 | travma×14 | illiyet×9 | trafik/iş kaz,TAZMİNAT DAVASI - İLK DERECE MAHKEMESİNCE DAVALILARA YÜKLENECEK KARAR VE İLAM HARCI HESAPLANIRKEN EKSİK EKSİK HESAPLAMA YAPILMASI - HÜKMÜN DÜZELTİLEREK ONANMASI,"(6100 S. K. m. 362, 370) (6098 S. K. m. 417) (818 S. K. m. 332) (4857 S. K. m. 2) (6331 S. K. m. 4, 5) (YHGK. 23.06.2004 T. 2004/13-291 E. 2004/370 K.) (YHGK. 09.10.2013 T. 2013/21-102 E. 2013/1456 K.) &nbsp; Davacılar, murisinin iş kazası sonucu ölümünden doğan maddi ve manevi tazminatın ödetilmesi"
563,20.3,Yargıtay,21,99,2019,6729,2019-11-11,gebe+illiyet,gebe×1 | travma×16 | illiyet×9 | trafik/iş kaz,YARGITAY KARARI,"MAHKEMESİ:Bölge Adliye Mahkemesi 9. Hukuk Dairesi MAHKEMESİ: İş Mahkemesi A)Davacı İstemi Davacılar dava dilekçesi ve ıslah ile eş için 176.699,69 TL maddi, 200.000,00 TL manevi, anne için 64.944,48 TL maddi, 180.000,00 TL manevi, kardeşler için 2.000,00'er TL maddi, 120.000,00'er TL manevi tazminat"
564,20.3,Yargıtay,21,1292,2018,3144,2018-04-02,gebe+illiyet,gebe×1 | travma×13 | illiyet×9 | trafik/iş kaz,MANEVİ TAZMİNAT DAVASI - ÖLÜMLÜ İŞ KAZASI - ÖLENİN OLAYDA HİÇ KUSURUNUN BULUNMADIĞI - İŞ KAZASININ MEYDANA GELMESİNDE KUSURU BULUNANLAR ARASINDAKİ KUSUR DAĞILIMININ İLERDE KENDİ ARALARINDA AÇILABİLECE,"(6331 S. K. m. 4, 5, 10, 19) (4857 S. K. m. 2, 77) (6098 S. K. m. 56, 417) (818 S. K. m. 47, 332) (YHGK. 09.10.2013 T. 2013/21-102 E. 2013/1456 K.) (YHGK. 20.03.2013 T. 2012/21-1121 E. 2013/386 K.) (YHGK. 23.06.2004 T. 2004/13-291 E. 2004/370 K.) &nbsp; Davacılar, murisinin iş kazası sonucu ölümünde"
565,20.3,Yargıtay,21,673,2018,796,2018-02-06,gebe+illiyet,gebe×1 | travma×13 | illiyet×9 | trafik/iş kaz,TAZMİNAT DAVASI - ÖLÜMLÜ İŞ KAZASI - ÖLENİN OLAYDA HİÇ KUSURUNUN BULUNMADIĞI - KUSURU BULUNANLAR ARASINDAKİ KUSUR DAĞILIMININ KENDİ ARALARINDA GÖRÜLMESİ MUHTEMEL RÜCU DAVASINDA YENİDEN DEĞERLENDİRİLEB,"(4857 S. K. m. 2, 77) (6331 S. K. m. 4, 5, 10, 19) (6098 S. K. m. 56, 417) (818 S. K. m. 47, 332) (YHGK. 09.10.2013 T. 2013/21-102 E. 2013/1456 K.) (YHGK. 20.03.2013 T. 2012/21-1121 E. 2013/386 K.) (YHGK. 23.6.2004 T. 2004/13-291 E. 2004/370 K.) &nbsp; Asıl ve Birleşen dava bakımından davacılar, mur"
566,20.3,Yargıtay,10,8882,2020,5597,2021-04-20,gebe+illiyet,gebe×1 | travma×14 | illiyet×9 | trafik/iş kaz,YARGITAY KARARI,"Mahkemesi: ... Bölge Adliye Mahkemesi ... Hukuk Dairesi Dava, iş kazasından kaynaklanan maddi ve manevi tazminat istemlerine ilişkindir. İlk Derece Mahkemesince, hükümde belirtilen gerekçelerle davalı .... hakkındaki davanın husumet nedeniyle reddine, diğer davalılar açısından davanın kısmen kabulün"
567,20.3,Yargıtay,21,134,2017,3208,2017-04-18,gebe+illiyet,gebe×1 | travma×14 | illiyet×9 | trafik/iş kaz,YARGITAY KARARI,"MAHKEMESİ:İş Mahkemesi Davacılar murisinin, iş kazası sonucu ölümünden doğan manevi tazminatın ödetilmesi davasının yapılan yargılaması sonunda; ilamda yazılı nedenlerle, 390.000.00TL manevi tazminatın yasal faiziyle birlikte davalılardan müştereken ve müteselsilen alınarak davacılara verilmesine il"
568,20.3,Yargıtay,21,79,2019,6739,2019-11-11,gebe+illiyet,gebe×1 | travma×14 | illiyet×9 | trafik/iş kaz,YARGITAY KARARI,"MAHKEMESİ:Bölge Adliye Mahkemesi 9. Hukuk Dairesi MAHKEMESİ: İş Mahkemesi Davacılar, murisinin iş kazası sonucu ölümünden doğan maddi ve manevi tazminatın ödetilmesine karar verilmesini istemiştir. İlk Derece Mahkemesince davanın kısmen kabulüne karar verilmesi üzerine davalılardan ... Genel Müdürlü"
569,20.3,Yargıtay,21,7141,2018,5430,2019-09-24,gebe+illiyet,gebe×1 | travma×13 | illiyet×9 | trafik/iş kaz,YARGITAY KARARI,"MAHKEMESİ: ... Hukuk Dairesi İLK DERECE MAHKEMESİ: ... İş Mahkemesi TÜRK MİLLETİ ADINA Davacılar, murisinin iş kazası sonucu maluliyetinden doğan maddi ve manevi tazminatın ödetilmesine karar verilmesini istemiştir. İlk Derece Mahkemesince davanın kısmen kabulüne karar verilmesi üzerine davalılardan"
570,20.3,Yargıtay,21,3504,2017,2136,2019-03-19,gebe+illiyet,gebe×1 | travma×13 | illiyet×9 | trafik/iş kaz,YARGITAY KARARI,"MAHKEMESİ:İş Mahkemesi TÜRK MİLLETİ ADINA Davacılar, murisinin iş kazası sonucu ölümünden doğan maddi ve manevi tazminatın ödetilmesi davasının yapılan yargılaması sonunda; ilamda yazılı nedenlerle gerçekleşen 360.000,00 TL'nin davalılardan müştereken ve müteselsilen davalılardan alınarak davacılara"
571,20.3,Yargıtay,21,623,2017,3210,2017-04-18,gebe+illiyet,gebe×1 | travma×15 | illiyet×9 | trafik/iş kaz,YARGITAY KARARI,"MAHKEMESİ:İş Mahkemesi Davacılar murisinin, iş kazası sonucu ölümünden doğan manevi tazminatın ödetilmesi davasının yapılan yargılaması sonunda; ilamda yazılı nedenlerle, 100.000.00TL manevi tazminatın yasal faiziyle birlikte davalılardan müştereken ve müteselsilen alınarak davacılara verilmesine il"
572,20.3,Yargıtay,21,5701,2018,5427,2019-09-24,gebe+illiyet,gebe×1 | travma×13 | illiyet×9 | trafik/iş kaz,YARGITAY KARARI,"MAHKEMESİ: ... Hukuk Dairesi İLK DERECE MAHKEMESİ: ...İş Mahkemesi TÜRK MİLLETİ ADINA Asıl ve birleşen dava bakımından; Davacılar, murisinin iş kazası sonucu ölümünden doğan maddi ve manevi tazminatın ödetilmesine karar verilmesini istemiştir. İlk Derece Mahkemesince asıl ve birleşen davanın kısmen "
573,20.3,Yargıtay,21,16347,2016,3197,2017-04-18,gebe+illiyet,gebe×1 | travma×16 | illiyet×9 | trafik/iş kaz,YARGITAY KARARI,"MAHKEMESİ:İş Mahkemesi Davacılar murisinin, iş kazası sonucu ölümünden doğan manevi tazminatın ödetilmesi davasının yapılan yargılaması sonunda; ilamda yazılı nedenlerle, 260.000,00TL manevi tazminatın yasal faiziyle birlikte davalılardan müştereken ve müteselsilen alınarak davacılara verilmesine il"
574,20.3,Yargıtay,21,3395,2018,8383,2018-11-19,gebe+illiyet,gebe×1 | travma×14 | illiyet×9 | trafik/iş kaz,YARGITAY KARARI,"MAHKEMESİ: ... Bölge Adliye Mahkemesi 7. Hukuk Dairesi İLK DERECE MAHKEMESİ: ... İş Mahkemesi TÜRK MİLLETİ ADINA Davacılar murisinin, iş kazası sonucu ölümünden doğan maddi ve manevi tazminatın ödetilmesine karar verilmesini istemiştir. İlk Derece Mahkemesince davanın kısmen kabulüne karar verilmesi"
575,20.3,Yargıtay,21,1747,2018,3147,2018-04-02,gebe+illiyet,gebe×1 | travma×13 | illiyet×9 | trafik/iş kaz,TAZMİNAT DAVASI - ÖLÜMLÜ İŞ KAZASI - ÖLENİN OLAYDA KUSURU OLMADIĞI - DAVALILAR ARASINDAKİ KUSUR DAĞILIMININ KENDİ ARALARINDA GÖRÜLMESİ MUHTEMEL RÜCU DAVASINDA YENİDEN DEĞERLENDİRİLEBİLECEĞİ - HÜKMÜN O,"(4857 S. K. m. 2, 77) (6098 S. K. m. 56, 417) (818 S. K. m. 47, 332) (6331 S. K. m. 4, 5, 10, 19) (YHGK. 09.10.2013 T. 2013/21-102 E. 2013/1456 K.) (YHGK. 20.03.2013 T. 2012/21-1121 E. 2013/386 K.) (YHGK. 23.6.2004 T. 2004/13-291 E. 2004/370 K.) &nbsp; Davacı, murisinin iş kazası sonucu ölümünden do"
576,20.3,Yargıtay,10,10424,2021,15998,2021-12-14,gebe+illiyet,gebe×1 | travma×14 | illiyet×9 | trafik/iş kaz,YARGITAY KARARI,"Bölge Adliye Mahkemesi : ... Bölge Adliye Mahkemesi ... Hukuk Dairesi Dava, iş kazasından kaynaklanan maddi ve manevi tazminat istemlerine ilişkindir. İlk Derece Mahkemesince, hükümde belirtilen gerekçelerle davanın kısmen kabulüne dair verilen karara karşı davacı ve davalı ... Genel Müdürlüğü taraf"
577,20.3,Yargıtay,21,2211,2017,3704,2017-05-08,gebe+illiyet,gebe×1 | travma×14 | illiyet×9 | trafik/iş kaz,MANEVİ TAZMİNAT DAVASI - ÖLÜMLÜ İŞ KAZASI - ÖLENİN OLAYDA HİÇ KUSURUNUN BULUNMADIĞI - İŞ KAZASININ MEYDANA GELMESİNDE KUSURU BULUNANLAR ARASINDAKİ KUSUR DAĞILIMININ İLERDE KENDİ ARALARINDA AÇILABİLECE,"(6331 S. K. m. 4, 5, 10, 19) (4857 S. K. m. 2, 77) (6098 S. K. m. 56, 417) (818 S. K. m. 47, 332) (YHGK. 09.10.2013 T. 2013/21-102 E. 2013/1456 K.) (YHGK. 20.03.2013 T. 2012/21-1121 E. 2013/386 K.) (YHGK. 23.06.2004 T. 2004/13-291 E. 2004/370 K.) Davacılar murisinin, iş kazası sonucu ölümünden doğan"
578,20.3,Yargıtay,21,2165,2019,7775,2019-12-16,gebe+illiyet,gebe×1 | travma×13 | illiyet×9 | trafik/iş kaz,YARGITAY KARARI,"MAHKEMESİ: Bölge Adliye Mahkemesi 15. Hukuk Dairesi TÜRK MİLLETİ ADINA Davacılar, murisinin işkazası sonucu ölümünden doğan maddi ve manevi tazminatın ödetilmesine karar verilmesini istemiştir.İlk Derece Mahkemesince davanın kısmen kabulüne karar verilmesi üzerine davacılar ve davalılardan ... Genel"
579,20.3,Yargıtay,21,16351,2016,10445,2017-12-12,gebe+illiyet,gebe×1 | travma×13 | illiyet×9 | trafik/iş kaz,YARGITAY KARARI,"MAHKEMESİ:İş Mahkemesi Davacılar, murisinin iş kazası sonucu ölümünden doğan manevi tazminatın ödetilmesi davasının yapılan yargılaması sonunda; ilamda yazılı nedenlerle gerçekleşen 240.000,00 TL'nin davalılardan müştereken ve müteselsilen alınarak davacılara verilmesine ilişkin hükmün süresi içinde"
580,20.3,Yargıtay,21,3415,2019,824,2020-02-17,gebe+illiyet,gebe×1 | travma×14 | illiyet×9 | trafik/iş kaz,YARGITAY KARARI,"MAHKEMESİ:İş Mahkemesi TÜRK MİLLETİ ADINA Davacılar, murisinin iş kazası sonucu ölümünden doğan maddi ve manevi tazminatın ödetilmesine karar verilmesini istemiştir. Mahkeme ilamında belirtildiği şekilde, isteğin kısmen kabulüne karar vermiştir. Hükmün davalılardan TKİ vekili tarafından temyiz edilm"
581,20.3,Yargıtay,21,904,2018,1744,2018-02-26,gebe+illiyet,gebe×1 | travma×13 | illiyet×9 | trafik/iş kaz,TAZMİNAT DAVASI - ÖLÜMLÜ İŞ KAZASI - ÖLENİN OLAYDA HİÇ KUSURUNUN BULUNMADIĞI - KUSURU BULUNANLAR ARASINDAKİ KUSUR DAĞILIMININ KENDİ ARALARINDA GÖRÜLMESİ MUHTEMEL RÜCU DAVASINDA YENİDEN DEĞERLENDİRİLEB,"(4857 S. K. m. 2, 77) (6331 S. K. m. 4, 5, 10, 19) (6098 S. K. m. 56, 417) (818 S. K. m. 47, 332) (YHGK. 09.10.2013 T. 2013/21-102 E. 2013/1456 K.) (YHGK. 20.03.2013 T. 2012/21-1121 E. 2013/386 K.) (YHGK. 23.6.2004 T. 2004/13-291 E. 2004/370 K.) &nbsp; Davacılar murisinin, iş kazası sonucu ölümünden"
582,20.3,Yargıtay,21,4301,2019,284,2020-01-28,gebe+illiyet,gebe×1 | travma×14 | illiyet×9 | trafik/iş kaz,YARGITAY KARARI,"MAHKEMESİ:İş Mahkemesi TÜRK MİLLETİ ADINA Asıl ve birleşen davalar davacıları, murisinin iş kazası sonucu ölümünden doğan maddi ve manevi tazminatın ödetilmesine karar verilmesini istemiştir. Mahkeme bozmaya uyarak ilamında belirtildiği şekilde, asıl ve birleşen davaların kısmen kabulüne karar vermi"
583,20.3,Yargıtay,21,4929,2017,7190,2017-10-03,gebe+illiyet,gebe×1 | travma×13 | illiyet×9 | trafik/iş kaz,YARGITAY KARARI,"MAHKEMESİ: İzmir Bölge Adliye Mahkemesi 15. Hukuk Dairesi Davacılar murisinin, iş kazası sonucu ölümünden doğan manevi tazminatın ödetilmesine karar verilmesini istemiştir. İlk Derece Mahkemesince davanın kabulüne karar verilmesi üzerine davalılar vekillerince istinaf kanun yoluna başvurulmuştur. Bö"
584,20.3,Yargıtay,21,2163,2018,6033,2018-07-05,gebe+illiyet,gebe×1 | travma×13 | illiyet×9 | trafik/iş kaz,YARGITAY KARARI,"MAHKEMESİ: ... Bölge Adliye Mahkemesi 15. Hukuk Dairesi Davacılar murisinin, iş kazası sonucu ölümünden doğan manevi tazminatın ödetilmesine karar verilmesini istemiştir. İlk Derece Mahkemesince davanın kısmen kabulüne karar verilmesi üzerine davacılar ve davalılardan ... vekillerince istinaf kanun "
585,20.3,Yargıtay,21,2044,2018,7111,2018-10-08,gebe+illiyet,gebe×1 | travma×13 | illiyet×9 | trafik/iş kaz,MANEVİ TAZMİNAT DAVASI - ÖLÜMLÜ İŞ KAZASI - ÖLENİN OLAYDA HİÇ KUSURUNUN BULUNMADIĞI - İŞ KAZASININ MEYDANA GELMESİNDE KUSURU BULUNANLAR ARASINDAKİ KUSUR DAĞILIMININ İLERDE KENDİ ARALARINDA AÇILABİLECE,"(6331 S. K. m. 4, 5, 10, 19) (4857 S. K. m. 2, 77) (6098 S. K. m. 56, 417) (818 S. K. m. 47, 332) (YHGK. 09.10.2013 T. 2013/21-102 E. 2013/1456 K.) (YHGK. 20.03.2013 T. 2012/21-1121 E. 2013/386 K.) (YHGK. 23.06.2004 T. 2004/13-291 E. 2004/370 K.) &nbsp; Davacılar, murisinin iş kazası sonucu ölümünde"
586,20.3,Yargıtay,21,2038,2018,7113,2018-10-08,gebe+illiyet,gebe×1 | travma×13 | illiyet×9 | trafik/iş kaz,TAZMİNAT DAVASI - MADEN KAZASI GİBİ TOPLUMU DERİNDEN ETKİLEYEN FACİALARDA HÜKÜM ALTINA ALINAN MANEVİ TAZMİNAT TUTARLARI DEĞERLENDİRİLİRKEN MANEVİ TAZMİNATIN CAYDIRICILIK UNSURUNUN ÖNE ÇIKMASI GEREKTİĞ,"(6331 S. K. m. 4, 5, 10) (818 S. K. m. 47, 332) (6098 S. K. m. 56, 417) (4857 S. K. m. 2, 77) (YHGK. 20.03.2013 T. 2012/21-1121 E. 2013/386 K.) (YHGK. 09.10.2013 T. 2013/21-102 E. 2013/1456 K.) &nbsp; Asıl ve birleşen dava bakımından; Davacılar, murisinin iş kazası sonucu ölümünden doğan maddi ve ma"
587,20.3,Yargıtay,21,88,2019,7206,2019-11-26,gebe+illiyet,gebe×1 | travma×14 | illiyet×9 | trafik/iş kaz,YARGITAY KARARI,"MAHKEMESİ: Bölge Adliye Mahkemesi 9. Hukuk Dairesi MAHKEMESİ: İş Mahkemesi Davacılar, murisinin iş kazası sonucu ölümünden doğan maddi ve manevi tazminatın ödetilmesine karar verilmesini istemiştir. İlk Derece Mahkemesince davanın kısmen kabulüne karar verilmesi üzerine davalılardan ... vekilince is"
588,20.3,Yargıtay,21,2484,2017,4490,2017-05-29,gebe+illiyet,gebe×1 | travma×14 | illiyet×9 | trafik/iş kaz,YARGITAY KARARI,"BÖLGE ADLİYE MAHKEMESİ: ... 15. Hukuk Dairesi İLK DERECE MAHKEMESİ : ... İş Mahkemesi Asıl ve birleşen dava bakımından davacılar murisinin, iş kazası sonucu ölümünden doğan manevi tazminatın ödetilmesine karar verilmesini istemiştir. İlk Derece Mahkemesince asıl ve birleşen davanın kabulüne karar ve"
589,20.3,Yargıtay,21,1064,2018,1743,2018-02-26,gebe+illiyet,gebe×1 | travma×13 | illiyet×9 | trafik/iş kaz,TAZMİNAT DAVASI - ÖLÜMLÜ İŞ KAZASI - ÖLENİN OLAYDA HİÇ KUSURUNUN BULUNMADIĞI - KUSURU BULUNANLAR ARASINDAKİ KUSUR DAĞILIMININ KENDİ ARALARINDA GÖRÜLMESİ MUHTEMEL RÜCU DAVASINDA YENİDEN DEĞERLENDİRİLEB,"(4857 S. K. m. 2, 77) (6331 S. K. m. 4, 5, 10, 19) (6098 S. K. m. 56, 417) (818 S. K. m. 47, 332) (YHGK. 09.10.2013 T. 2013/21-102 E. 2013/1456 K.) (YHGK. 20.03.2013 T. 2012/21-1121 E. 2013/386 K.) (YHGK. 23.6.2004 T. 2004/13-291 E. 2004/370 K.) &nbsp; Davacılar murisinin, iş kazası sonucu ölümünden"
590,20.3,Yargıtay,21,229,2020,1728,2020-06-01,gebe+illiyet,gebe×1 | travma×13 | illiyet×9 | trafik/iş kaz,YARGITAY KARARI,"MAHKEMESİ: ... Bölge Adliye Mahkemesi 7. Hukuk Dairesi TÜRK MİLLETİ ADINA Asıl ve birleşen davalar bakımından davacılar, murisinin işkazası sonucu ölümünden doğan maddi ve manevi tazminatın ödetilmesine karar verilmesini istemiştir. İlk Derece Mahkemesince asıl ve birleşen davanın kısmen kabulüne ka"
591,20.3,Yargıtay,21,4841,2018,5812,2019-10-07,gebe+illiyet,gebe×1 | travma×12 | illiyet×9 | trafik/iş kaz,YARGITAY KARARI,"MAHKEMESİ: ... Bölge Adliye Mahkemesi ... Hukuk Dairesi İLK DERECE MAHKEMESİ: ... İş Mahkemesi KARAR Dosyadaki yazılara, toplanan delillere, hükmün dayandığı gerektirici nedenlerle temyiz kapsam ve nedenlerine göre; tarafların aşağıdaki bendin kapsamı dışında kalan sair temyiz itirazlarının reddine,"
592,20.3,Yargıtay,10,9688,2020,3397,2021-03-16,gebe+illiyet,gebe×1 | travma×15 | illiyet×9 | trafik/iş kaz,MADDİ VE MANEVİ TAZMİNAT DAVASI - SOMA MADEN KAZASI GİBİ TOPLUMU DERİNDEN ETKİLEYEN FACİALARDA HÜKÜM ALTINA ALINAN MANEVİ TAZMİNAT TUTARLARI DEĞERLENDİRİLİRKEN MANEVİ TAZMİNATIN CAYDIRICILIK UNSURUNUN,"(5521 S. K. m. 8) (7036 S. K. m. 8) (6100 S. K. m. 362, 366, Ek m. 1) (6331 S. K. m. 4, 5, 10, 19) (818 S. K. m. 47, 332) (6098 S. K. m. 56, 417) (4857 S. K. m. 2, 77) (YİBK 01.06.1990 T. 1989/3 E. &nbsp;1990/4 K.) (YHGK 09.10.2013 T. 2013/21-102 E. 2013/1456 K.) (YHGK 20.03.2013 T. 2012/21-1121 E. "
593,20.3,Yargıtay,21,3146,2019,8032,2019-12-23,gebe+illiyet,gebe×1 | travma×14 | illiyet×9 | trafik/iş kaz,YARGITAY KARARI,"MAHKEMESİ: Bölge Adliye Mahkemesi 15. Hukuk Dairesi TÜRK MİLLETİ ADINA KARAR 1-Davacılar ... ve ...'in Maddi, Davacı Kardeşlerin ise Manevi Tazminat İstemlerine İlişkin Hükümler Yönünden Miktar veya değeri temyiz kesinlik sınırını geçmeyen davalara ilişkin nihai kararlar 6100 sayılı Hukuk Muhakemele"
594,20.3,Yargıtay,21,6025,2017,10028,2017-12-04,gebe+illiyet,gebe×1 | travma×13 | illiyet×9 | trafik/iş kaz,YARGITAY KARARI,"MAHKEMESİ: ... Bölge Adliye Mahkemesi 15. Hukuk Dairesi İLK DERECE MAHKEMESİ : Soma İş Mahkemesi Davacılar murisinin, iş kazası sonucu ölümünden doğan manevi tazminatın ödetilmesine karar verilmesini istemiştir. İlk Derece Mahkemesince davanın kısmen kabulüne karar verilmesi üzerine davalılar vekill"
595,20.3,Yargıtay,21,379,2017,3216,2017-04-18,gebe+illiyet,gebe×1 | travma×14 | illiyet×9 | trafik/iş kaz,YARGITAY KARARI,"MAHKEMESİ:İş Mahkemesi Davacılar murisinin, iş kazası sonucu ölümünden doğan manevi tazminatın ödetilmesi davasının yapılan yargılaması sonunda; ilamda yazılı nedenlerle, davalılardan ... Holding A.Ş. yönünden davanın husumet nedeniyle reddine, 120.000.00TL manevi tazminatın yasal faiziyle birlikte "
596,20.3,Yargıtay,21,1154,2018,1734,2018-02-26,gebe+illiyet,gebe×1 | travma×13 | illiyet×9 | trafik/iş kaz,TAZMİNAT DAVASI - ÖLÜMLÜ İŞ KAZASI - ÖLENİN OLAYDA HİÇ KUSURUNUN BULUNMADIĞI - KUSURU BULUNANLAR ARASINDAKİ KUSUR DAĞILIMININ KENDİ ARALARINDA GÖRÜLMESİ MUHTEMEL RÜCU DAVASINDA YENİDEN DEĞERLENDİRİLEB,"(4857 S. K. m. 2, 77) (6331 S. K. m. 4, 5, 10, 19) (6098 S. K. m. 56, 417) (818 S. K. m. 47, 332) (YHGK. 09.10.2013 T. 2013/21-102 E. 2013/1456 K.) (YHGK. 20.03.2013 T. 2012/21-1121 E. 2013/386 K.) (YHGK. 23.6.2004 T. 2004/13-291 E. 2004/370 K.) &nbsp; Davacılar murisinin, iş kazası sonucu ölümünden"
597,20.3,Yargıtay,21,73,2019,6572,2019-11-06,gebe+illiyet,gebe×1 | travma×14 | illiyet×9 | trafik/iş kaz,YARGITAY KARARI,"MAHKEMESİ: Bölge Adliye Mahkemesi 9. Hukuk Dairesi İLK DERECE MAHKEMESİ: İş Mahkemesi Davacılar, murisinin iş kazası sonucu ölümünden doğan maddi ve manevi tazminatın ödetilmesine karar verilmesini istemiştir. İlk Derece Mahkemesince davanın kısmen kabulüne karar verilmesi üzerine davalılardan ... İ"
598,20.3,Yargıtay,21,94,2019,6733,2019-11-11,gebe+illiyet,gebe×1 | travma×13 | illiyet×9 | trafik/iş kaz,YARGITAY KARARI,"MAHKEMESİ: Bölge Adliye Mahkemesi 9. Hukuk Dairesi MAHKEMESİ: İş Mahkemesi A)Davacı İstemi Davacılar dava dilekçesi ve ıslah ile anne için 14.161,11 TL maddi, 75.000,00 TL manevi, baba için 27.191,08 TL maddi, 75.000,00 TL manevi, kardeşler için 2.000,00'er TL maddi, 50.000,00'er TL manevi tazminat "
599,20.3,Yargıtay,21,77,2019,6570,2019-11-06,gebe+illiyet,gebe×1 | travma×13 | illiyet×9 | trafik/iş kaz,YARGITAY KARARI,"MAHKEMESİ:Bölge Adliye Mahkemesi 3. Hukuk Dairesi İLK DERECE MAHKEMESİ: İş Mahkemesi Davacılar, murisinin iş kazası sonucu ölümünden doğan maddi tazminatın ödetilmesine karar verilmesini istemiştir. İlk Derece Mahkemesince davanın kısmen kabulüne karar verilmesi üzerine davalılardan ...İşletmeleri G"
600,20.3,Yargıtay,21,3914,2018,4929,2019-09-10,gebe+illiyet,gebe×1 | travma×13 | illiyet×9 | trafik/iş kaz,YARGITAY KARARI,"MAHKEMESİ: ... Bölge Adliye Mahkemesi ... Hukuk Dairesi İLK DERECE MAHKEMESİ: ... İş Mahkemesi Davacılar murisinin, iş kazası sonucu ölümünden doğan manevi tazminatın ödetilmesine karar verilmesini istemiştir. İlk Derece Mahkemesince davanın kısmen kabulüne karar verilmesi üzerine davacı ile davalıl"
601,20.3,Yargıtay,21,675,2019,7836,2019-12-17,gebe+illiyet,gebe×1 | travma×14 | illiyet×9 | trafik/iş kaz,YARGITAY KARARI,"MAHKEMESİ:Bölge Adliye Mahkemesi 9. Hukuk Dairesi TÜRK MİLLETİ ADINA Davacılar, murisinin iş kazası sonucu ölümünden doğan maddi ve manevi tazminatın ödetilmesine karar verilmesini istemiştir.İlk Derece Mahkemesince davanın kısmen kabulüne karar verilmesi üzerine, davalılardan ...İşletmeleri Genel M"
602,20.3,Yargıtay,21,3651,2018,5637,2019-10-01,gebe+illiyet,gebe×1 | travma×13 | illiyet×9 | trafik/iş kaz,YARGITAY KARARI,"MAHKEMESİ: ... Bölge Adliye Mahkemesi ... Hukuk Dairesi İLK DERECE MAHKEMESİ: ... İş Mahkemesi Davacılar, murisinin iş kazası sonucu ölümünden doğan maddi ve manevi tazminatın ödetilmesine karar verilmesini istemiştir. İlk Derece Mahkemesince davanın kısmen kabulüne karar verilmesi üzerine davalılar"
603,20.3,Yargıtay,21,17431,2016,3202,2017-04-18,gebe+illiyet,gebe×1 | travma×14 | illiyet×9 | trafik/iş kaz,TAZMİNAT DAVASI - ÖLENİN OLAYDA HİÇ KUSURUNUN BULUNMADIĞI - KUSUR DAĞILIMININ İLERDE KENDİ ARALARINDA AÇILABİLECEK RÜCU DAVASINDA YENİDEN DEĞERLENDİRİLMESİNİN MÜMKÜN BULUNMASI - USUL VE KANUNA UYGUN O,"(6331 S. K. m. 4, 5, 10, 19) (818 S. K. m. 47, 332) (6098 S. K. m. 56, 417) (4857 S. K. m. 2, 77) (YHGK. 09.10.2013 T. 2013/21-102 E. 2013/1456 K.) (YHGK. 20.03.2013 T. 2012/21-1121 E. 2013/386 K.) Dava ve Karar: Davacılar murisinin, iş kazası sonucu ölümünden doğan manevi tazminatın ödetilmesi dava"
604,20.3,Yargıtay,21,3962,2018,4935,2019-09-10,gebe+illiyet,gebe×1 | travma×13 | illiyet×9 | trafik/iş kaz,YARGITAY KARARI,"MAHKEMESİ: ...Bölge Adliye Mahkemesi 15. Hukuk Dairesi İLK DERECE MAHKEMESİ: ...İş Mahkemesi TÜRK MİLLETİ ADINA Davacılar murisinin, iş kazası sonucu ölümünden doğan maddi ve manevi tazminatın ödetilmesine karar verilmesini istemiştir. İlk Derece Mahkemesince davanın kısmen kabulüne karar verilmesi "
605,20.3,Yargıtay,21,428,2019,7422,2019-12-03,gebe+illiyet,gebe×1 | travma×13 | illiyet×9 | trafik/iş kaz,YARGITAY KARARI,MAHKEMESİ: Bölge Adliye Mahkemesi 9. Hukuk Dairesi TÜRK MİLLETİ ADINA KARAR 1-Davacı Çocukların Maddi Tazminat İstemlerine İlişkin Hükümler Yönünden Miktar veya değeri temyiz kesinlik sınırını geçmeyen davalara ilişkin nihai kararlar 6100 sayılı Hukuk Muhakemeleri Kanununun 362/1-(a) maddesi uyarınc
606,20.3,Yargıtay,21,128,2017,3217,2017-04-18,gebe+illiyet,gebe×1 | travma×14 | illiyet×9 | trafik/iş kaz,YARGITAY KARARI,"MAHKEMESİ:İş Mahkemesi Davacı murisinin, iş kazası sonucu ölümünden doğan manevi tazminatın ödetilmesi davasının yapılan yargılaması sonunda; ilamda yazılı nedenlerle, davalılardan .... yönünden davanın husumet nedeniyle reddine, 125.000.00TL manevi tazminatın yasal faiziyle birlikte diğer davalılar"
607,20.3,Yargıtay,21,129,2017,3214,2017-04-18,gebe+illiyet,gebe×1 | travma×14 | illiyet×9 | trafik/iş kaz,YARGITAY KARARI,"MAHKEMESİ:İş Mahkemesi Davacılar murisinin, iş kazası sonucu ölümünden doğan manevi tazminatın ödetilmesi davasının yapılan yargılaması sonunda; ilamda yazılı nedenlerle, 360.000.00TL manevi tazminatın yasal faiziyle birlikte davalılardan müştereken ve müteselsilen alınarak davacılara verilmesine il"
608,20.3,Yargıtay,21,903,2018,1736,2018-02-26,gebe+illiyet,gebe×1 | travma×13 | illiyet×9 | trafik/iş kaz,TAZMİNAT DAVASI - ÖLÜMLÜ İŞ KAZASI - ÖLENİN OLAYDA HİÇ KUSURUNUN BULUNMADIĞI - KUSURU BULUNANLAR ARASINDAKİ KUSUR DAĞILIMININ KENDİ ARALARINDA GÖRÜLMESİ MUHTEMEL RÜCU DAVASINDA YENİDEN DEĞERLENDİRİLEB,"(4857 S. K. m. 2, 77) (6331 S. K. m. 4, 5, 10, 19) (6098 S. K. m. 56, 417) (818 S. K. m. 47, 332) (YHGK. 09.10.2013 T. 2013/21-102 E. 2013/1456 K.) (YHGK. 20.03.2013 T. 2012/21-1121 E. 2013/386 K.) (YHGK. 23.6.2004 T. 2004/13-291 E. 2004/370 K.) &nbsp; Davacılar murisinin, iş kazası sonucu ölümünden"
609,20.3,Yargıtay,21,3254,2017,5701,2017-07-04,gebe+illiyet,gebe×1 | travma×14 | illiyet×9 | trafik/iş kaz,YARGITAY KARARI,"BÖLGE ADLİYE MAHKEMESİ: ... 15. Hukuk Dairesi Davacılar murisinin, iş kazası sonucu ölümünden doğan manevi tazminatın ödetilmesine karar verilmesini istemiştir. İlk Derece Mahkemesince davanın kısmen kabulüne karar verilmesi üzerine davalılardan ... ... A.Ş. ile ... vekillerince istinaf kanun yoluna"
610,20.3,Yargıtay,21,1813,2019,7771,2019-12-16,gebe+illiyet,gebe×1 | travma×13 | illiyet×9 | trafik/iş kaz,YARGITAY KARARI,"MAHKEMESİ: Bölge Adliye Mahkemesi 7. Hukuk Dairesi TÜRK MİLLETİ ADINA Davacılar, murisinin iş kazası sonucu ölümünden doğan maddi ve manevi tazminatın ödetilmesine karar verilmesini istemiştir.İlk Derece Mahkemesince davanın kısmen kabulüne karar verilmesi üzerine davacılar ile davalılardan ...Kömür"
611,20.3,Yargıtay,21,16688,2016,3199,2017-04-18,gebe+illiyet,gebe×1 | travma×14 | illiyet×9 | trafik/iş kaz,YARGITAY KARARI,"MAHKEMESİ:İş Mahkemesi Davacılar murisinin, iş kazası sonucu ölümünden doğan manevi tazminatın ödetilmesi davasının yapılan yargılaması sonunda; ilamda yazılı nedenlerle, davalılardan .... açısından husumet nedeniyle davanın reddine, 210.000,00TL manevi tazminatın yasal faiziyle birlikte diğer daval"
612,20.3,Yargıtay,10,2677,2022,3679,2023-04-04,gebe+illiyet,gebe×1 | travma×16 | illiyet×9 | trafik/iş kaz,YARGITAY KARARI,"MAHKEMESİ: ... Bölge Adliye Mahkemesi 9. Hukuk Dairesi SAYISI: 2020/1425 E., 2021/2345 K. HÜKÜM/KARAR: Esastan ret İLK DERECE MAHKEMESİ: Soma İş Mahkemesi SAYISI: 2019/501 E., 2020/649 K. Taraflar arasındaki iş kazasından kaynaklanan maddi ve manevi tazminat davasından dolayı yapılan yargılama sonun"
613,20.3,Yargıtay,21,131,2017,3212,2017-04-18,gebe+illiyet,gebe×1 | travma×15 | illiyet×9 | trafik/iş kaz,YARGITAY KARARI,"MAHKEMESİ:İş Mahkemesi Davacılar murisinin, iş kazası sonucu ölümünden doğan manevi tazminatın ödetilmesi davasının yapılan yargılaması sonunda; ilamda yazılı nedenlerle, davalılardan .... Holding A.Ş. yönünden davanın husumet nedeniyle reddine, 420.000.00TL manevi tazminatın yasal faiziyle birlikte"
614,20.3,Yargıtay,21,5397,2018,6072,2019-10-14,gebe+illiyet,gebe×1 | travma×14 | illiyet×9 | trafik/iş kaz,YARGITAY KARARI,"MAHKEMESİ: ... Bölge Adliye Mahkemesi ... Hukuk Dairesi İLK DERECE MAHKEMESİ: ... İş Mahkemesi Asıl ve Birleşen Mahkemenin .../... E.sayılı davası bakımından; KARAR 1-Davacı Annenin Maddi Tazminat İstemine İlişkin Hüküm Yönünden, Miktar veya değeri temyiz kesinlik sınırını geçmeyen davalara ilişkin "
615,20.3,Yargıtay,21,130,2017,3222,2017-04-18,gebe+illiyet,gebe×1 | travma×14 | illiyet×9 | trafik/iş kaz,YARGITAY KARARI,"MAHKEMESİ:İş Mahkemesi Davacı, murisinin iş kazası sonucu ölümünden doğan manevi tazminatın ödetilmesine karar verilmesini istemiştir. Mahkeme ilamında belirtildiği şekilde, isteğin kısmen kabulüne karar vermiştir. Hükmün, davalılardan ... Kömür İşletmeleri A.Ş. ile Türkiye Kömür İşletmeleri Kurumu "
616,20.3,Yargıtay,21,4419,2018,4931,2019-09-10,gebe+illiyet,gebe×1 | travma×13 | illiyet×9 | trafik/iş kaz,YARGITAY KARARI,"MAHKEMESİ: ...ölge Adliye Mahkemesi 7. Hukuk Dairesi İLK DERECE MAHKEMESİ: ...İş Mahkemesi TÜRK MİLLETİ ADINA Davacılar murisinin, iş kazası sonucu ölümünden doğan manevi tazminatın ödetilmesine karar verilmesini istemiştir. İlk Derece Mahkemesince davanın kısmen kabulüne karar verilmesi üzerine dav"
617,20.3,Yargıtay,21,7256,2018,5429,2019-09-24,gebe+illiyet,gebe×1 | travma×13 | illiyet×9 | trafik/iş kaz,YARGITAY KARARI,"MAHKEMESİ: ... Bölge Adliye Mahkemesi ... Hukuk Dairesi İLK DERECE MAHKEMESİ: ... İş Mahkemesi Davacılar murisinin, iş kazası sonucu ölümünden doğan maddi ve manevi tazminatın ödetilmesine karar verilmesini istemiştir. İlk Derece Mahkemesince davanın kısmen kabulüne karar verilmesi üzerine davacılar"
618,20.3,Yargıtay,21,74,2019,6568,2019-11-06,gebe+illiyet,gebe×1 | travma×13 | illiyet×9 | trafik/iş kaz,YARGITAY KARARI,"MAHKEMESİ: Bölge Adliye Mahkemesi 7. Hukuk Dairesi İLK DERECE MAHKEMESİ: İş Mahkemesi Davacılar, murisinin işkazası sonucu maluliyetinden doğan maddi ve manevi tazminatın ödetilmesine karar verilmesini istemiştir. İlk Derece Mahkemesince davanın kısmen kabulüne karar verilmesi üzerine davacı ve dava"
619,20.3,Yargıtay,21,4984,2018,5644,2019-10-01,gebe+illiyet,gebe×1 | travma×13 | illiyet×9 | trafik/iş kaz,YARGITAY KARARI,"MAHKEMESİ: ... Bölge Adliye Mahkemesi ... Hukuk Dairesi İLK DERECE MAHKEMESİ: ... İş Mahkemesi K A R A R A)Davacı İstemi; Davacılar dava dilekçesi ve ıslah ile eş için 230.295,39 TL maddi, 200.000,00 TL manevi, çocuk ... için 82.368,50 TL maddi, 150.000,00 TL manevi, çocuk Ayşenur için 48.417,22 TL "
620,20.3,Yargıtay,10,3655,2021,1501,2022-02-08,gebe+illiyet,gebe×1 | travma×15 | illiyet×9 | trafik/iş kaz,YARGITAY KARARI,"Mahkemesi:İş Mahkemesi Dava, iş kazasından kaynaklanan maddi ve manevi tazminat istemlerine ilişkindir. Mahkemece, bozmaya uyularak ilamda belirtildiği şekilde davanın kısmen kabulüne karar verilmiştir. Hükmün, davalı ... Genel Müdürlüğü tarafından temyiz edilmesi üzerine temyiz isteğinin süresinde "
621,20.3,Yargıtay,21,423,2019,7558,2019-12-09,gebe+illiyet,gebe×1 | travma×14 | illiyet×9 | trafik/iş kaz,YARGITAY KARARI,MAHKEMESİ: Bölge Adliye Mahkemesi 9. Hukuk Dairesi TÜRK MİLLETİ ADINA K A R A R 1-Eş ve Çocuk Mehmet'in Maddi Tazminat İstemleri ile Kardeşler ... ve ...'nin Manevi Tazminat İstemlerine İlişkin Hükümler Yönünden Miktar veya değeri temyiz kesinlik sınırını geçmeyen davalara ilişkin nihai kararlar 610
622,20.3,Yargıtay,21,6215,2017,10644,2017-12-18,gebe+illiyet,gebe×1 | travma×13 | illiyet×9 | trafik/iş kaz,YARGITAY KARARI,"MAHKEMESİ: ... Bölge Adliye Mahkemesi 9. Hukuk Dairesi İLK DERECE MAHKEMESİ : ... İş Mahkemesi Davacılar murisinin, iş kazası sonucu ölümünden doğan maddi ve manevi tazminatın ödetilmesine karar verilmesini istemiştir. İlk Derece Mahkemesince davanın kısmen kabulüne karar verilmesi üzerine, davacıla"
623,20.3,Yargıtay,21,427,2019,7414,2019-12-03,gebe+illiyet,gebe×1 | travma×12 | illiyet×9 | trafik/iş kaz,TAZMİNAT DAVASI -  ÖLENİN OLAYDA HİÇ KUSURUNUN BULUNMADIĞININ ANLAŞILIP KAZA OLAYININ MEYDANA GELMESİNDE KUSURU BULUNANLAR ARASINDAKİ KUSUR DAĞILIMININ KENDİ ARALARINDA GÖRÜLMESİ MUHTEMEL RÜCU DAVASIN,"(6100 S. K. m. 362) (6331 S. K. m. 4) (4857 S. K. m. 77) &nbsp; Davacılar, murisinin işkazası sonucu ölümünden doğan maddi ve manevi tazminatın ödetilmesine karar verilmesini istemiştir. &nbsp; İlk Derece Mahkemesince davanın kısmen kabulüne karar verilmesi üzerine davalılardan TKİ vekilince istinaf"
624,20.3,Yargıtay,21,1901,2018,7112,2018-10-08,gebe+illiyet,gebe×1 | travma×13 | illiyet×9 | trafik/iş kaz,TAZMİNAT DAVASI - ÖLENİN OLAYDA HİÇ KUSURUNUN BULUNMADIĞININ ANLAŞILIP KAZA OLAYININ MEYDANA GELMESİNDE KUSURU BULUNANLAR ARASINDAKİ KUSUR DAĞILIMININ KENDİ ARALARINDA GÖRÜLMESİ MUHTEMEL RÜCU DAVASIND,"(6331 S. K. m. 4, 10) (4857 S. K. m. 2, 77) (818 S. K. m. 47) (6098 S. K. m. 56) (YHGK. &nbsp;23.06.2004 T. 2004/13-291 E. 2004/370 K.) (YHGK. 09.10.2013 T. 2013/21-102 E. 2013/1456 K.) &nbsp; Davacılar murisinin, iş kazası sonucu ölümünden doğan maddi ve manevi tazminatın ödetilmesine karar verilme"
625,20.3,Yargıtay,21,249,2017,3213,2017-04-18,gebe+illiyet,gebe×1 | travma×15 | illiyet×9 | trafik/iş kaz,YARGITAY KARARI,"MAHKEMESİ:İş Mahkemesi Davacılar murisinin, iş kazası sonucu ölümünden doğan manevi tazminatın ödetilmesi davasının yapılan yargılaması sonunda; ilamda yazılı nedenlerle, 590.000.00TL manevi tazminatın yasal faiziyle birlikte davalılardan müştereken ve müteselsilen alınarak davacılara verilmesine il"
626,20.3,Yargıtay,21,204,2019,7205,2019-11-26,gebe+illiyet,gebe×1 | travma×14 | illiyet×9 | trafik/iş kaz,YARGITAY KARARI,"MAHKEMESİ: Bölge Adliye Mahkemesi 3. Hukuk Dairesi MAHKEMESİ: İş Mahkemesi A)Davacı İstemi; Davacılar dava dilekçeleri ve ıslah ile eş için 115.600,54 TL maddi, 200.000,00 TL manevi, çocuk ...için 34.249,17 TL maddi, 150.000,00 TL manevi, çocuk ... için 37.675,52 TL maddi, 150.000,00 TL manevi, anne"
627,20.3,Yargıtay,21,4464,2017,1142,2018-02-13,gebe+illiyet,gebe×1 | travma×13 | illiyet×9 | trafik/iş kaz,MANEVİ TAZMİNAT DAVASI - ÖLÜMLÜ İŞ KAZASI - ÖLENİN OLAYDA HİÇ KUSURUNUN BULUNMADIĞI - İŞ KAZASININ MEYDANA GELMESİNDE KUSURU BULUNANLAR ARASINDAKİ KUSUR DAĞILIMININ İLERDE KENDİ ARALARINDA AÇILABİLECE,"(6331 S. K. m. 4, 5, 10, 19) (4857 S. K. m. 2, 77) (6098 S. K. m. 56, 417) (818 S. K. m. 47, 332) (YHGK. 09.10.2013 T. 2013/21-102 E. 2013/1456 K.) (YHGK. 20.03.2013 T. 2012/21-1121 E. 2013/386 K.) (YHGK. 23.06.2004 T. 2004/13-291 E. 2004/370 K.) &nbsp; Davacılar murisinin, iş kazası sonucu ölümünde"
628,20.3,Yargıtay,21,5278,2018,6067,2019-10-14,gebe+illiyet,gebe×1 | travma×14 | illiyet×9 | trafik/iş kaz,YARGITAY KARARI,"MAHKEMESİ: ... Bölge Adliye Mahkemesi ... Hukuk Dairesi İLK DERECE MAHKEMESİ: ... İş Mahkemesi K A R A R A)Davacı İstemi; Davacılar asıl ve birleşen dava dosyalarında verdikleri dava dilekçeleri ve ıslah ile eş için 283.317,85 TL maddi, 250.000,00 TL manevi, çocuk için 32.020,17 TL maddi, 350.000,00"
629,20.3,Yargıtay,21,721,2019,7562,2019-12-09,gebe+illiyet,gebe×1 | travma×13 | illiyet×9 | trafik/iş kaz,TAZMİNAT DAVASI - KAZA OLAYININ MEYDANA GELMESİNDE KUSURU BULUNANLAR ARASINDAKİ KUSUR DAĞILIMININ KENDİ ARALARINDA GÖRÜLMESİ MUHTEMEL RÜCU DAVASINDA YENİDEN DEĞERLENDİRİLMESİNİN MÜMKÜN BULUNMASI - HÜK,"(6098 S. K. m. 417) (818 S. K. m. 332) (4857 S. K. m. 2) (6331 S. K. m. 4, 5) (YHGK. 23.06.2004 T. 2004/13-291 E. 2004/370 K.) (YHGK. 09.10.2013 T. 2013/21-102 E. 2013/1456 K.) &nbsp; Davacı murisinin, iş kazası sonucu ölümünden doğan maddi ve manevi tazminatın ödetilmesine karar verilmesini istemiş"
630,20.3,Yargıtay,21,3833,2018,5638,2019-10-01,gebe+illiyet,gebe×1 | travma×14 | illiyet×9 | trafik/iş kaz,YARGITAY KARARI,"MAHKEMESİ: ... Bölge Adliye Mahkemesi ... Hukuk Dairesi İLK DERECE MAHKEMESİ: ... İş Mahkemesi Davacılar, murisinin iş kazası sonucu ölümünden doğan maddi ve manevi tazminatın ödetilmesine karar verilmesini istemiştir. İlk Derece Mahkemesince davanın kısmen kabulüne karar verilmesi üzerine davacılar"
631,20.3,Yargıtay,21,278,2019,7415,2019-12-03,gebe+illiyet,gebe×1 | travma×13 | illiyet×9 | trafik/iş kaz,TAZMİNAT DAVASI -  ÖLENİN OLAYDA HİÇ KUSURUNUN BULUNMADIĞININ ANLAŞILIP KAZA OLAYININ MEYDANA GELMESİNDE KUSURU BULUNANLAR ARASINDAKİ KUSUR DAĞILIMININ KENDİ ARALARINDA GÖRÜLMESİ MUHTEMEL RÜCU DAVASIN,"(6100 S. K. m. 362) (6331 S. K. m. 4) (4857 S. K. m. 77) &nbsp; Davacılar, murisinin işkazası sonucu ölümünden doğan maddi ve manevi tazminatın ödetilmesine karar verilmesini istemiştir.İlk Derece Mahkemesince davanın kısmen kabulüne karar verilmesi üzerine davalılardan ... vekilince istinaf kanun y"
632,20.3,Yargıtay,21,250,2019,7418,2019-12-03,gebe+illiyet,gebe×1 | travma×13 | illiyet×9 | trafik/iş kaz,TAZMİNAT DAVASI -  ÖLENİN OLAYDA HİÇ KUSURUNUN BULUNMADIĞININ ANLAŞILIP KAZA OLAYININ MEYDANA GELMESİNDE KUSURU BULUNANLAR ARASINDAKİ KUSUR DAĞILIMININ KENDİ ARALARINDA GÖRÜLMESİ MUHTEMEL RÜCU DAVASIN,"(6100 S. K. m. 362) (6331 S. K. m. 4) &nbsp; A.Davacı Çocukların Maddi Tazminat İstemlerine İlişkin Hükümler Yönünden &nbsp; Miktar veya değeri temyiz kesinlik sınırını geçmeyen davalara ilişkin nihai kararlar 6100 sayılı Hukuk Muhakemeleri Kanununun 362/1-(a) maddesi uyarınca temyiz edilemez. Kesin"
633,20.3,Yargıtay,21,96,2019,6742,2019-11-11,gebe+illiyet,gebe×1 | travma×14 | illiyet×9 | trafik/iş kaz,YARGITAY KARARI,"MAHKEMESİ: Bölge Adliye Mahkemesi 3. Hukuk Dairesi MAHKEMESİ: İş Mahkemesi Davacılar, murisinin iş kazası sonucu ölümünden doğan maddi ve manevi tazminatın ödetilmesine karar verilmesini istemiştir. İlk Derece Mahkemesince davanın kısmen kabulüne karar verilmesi üzerine davalılardan ... İşletmeleri "
634,20.3,Yargıtay,21,1421,2017,4489,2017-05-29,gebe+illiyet,gebe×1 | travma×14 | illiyet×9 | trafik/iş kaz,YARGITAY KARARI,"BÖLGE ADLİYE MAHKEMESİ: ... 3. Hukuk Dairesi Davacılar murisinin, iş kazası sonucu ölümünden doğan manevi tazminatın ödetilmesine karar verilmesini istemiştir. İlk Derece Mahkemesince davanın kabulüne karar verilmesi üzerine davalılar vekillerince istinaf kanun yoluna başvurulmuştur. Bölge Adliye Ma"
635,20.3,Yargıtay,10,7342,2020,2071,2021-02-23,gebe+illiyet,gebe×1 | travma×15 | illiyet×9 | trafik/iş kaz,YARGITAY KARARI,"Mahkemesi:İş Mahkemesi Dava, iş kazasından kaynaklanan maddi ve manevi tazminat istemlerine ilişkindir. İlk Derece Mahkemesince, hükümde belirtilen gerekçelerle asıl ve birleşen dava dosyalarında davalı .... yönünden husumet nedeniyle davanın reddine, diğer davalılar yönünden davanın kısmen kabulüne"
636,20.3,Yargıtay,21,5271,2018,5811,2019-10-07,gebe+illiyet,gebe×1 | travma×13 | illiyet×9 | trafik/iş kaz,YARGITAY KARARI,"MAHKEMESİ: ... Bölge Adliye Mahkemesi ... Hukuk Dairesi İLK DERECE MAHKEMESİ: ... İş Mahkemesi KARAR A)Davacı İstemi; Davacılar dava dilekçesi ve ıslah ile eş için 235.347, 66 TL maddi, 190.000,00 TL manevi, çocuk için 1.000,00 TL maddi, 150.000,00 TL manevi, anne için 66.564,31 TL maddi, 50.000,00 "
637,20.3,Yargıtay,21,3964,2018,4932,2019-09-10,gebe+illiyet,gebe×1 | travma×13 | illiyet×9 | trafik/iş kaz,YARGITAY KARARI,"MAHKEMESİ: ...Bölge Adliye Mahkemesi 15. Hukuk Dairesi İLK DERECE MAHKEMESİ: ...İş Mahkemesi TÜRK MİLLETİ ADINA KARAR A)Davacı İstemi; Davacılar vekili dava dilekçesi ve ıslahla, eş için 233.476,55 TL maddi, 190.000,00 TL manevi, çocuk için 158.431,81 TL maddi, 160.000,00 TL manevi, kayınvalide ve k"
638,20.3,Yargıtay,10,7340,2020,6190,2020-11-02,gebe+illiyet,gebe×1 | travma×14 | illiyet×9 | trafik/iş kaz,YARGITAY KARARI,"MAHKEMESİ:İş Mahkemesi Davacılar murisinin iş kazası sonucu ölümünden doğan maddi ve manevi tazminatın ödetilmesine karar verilmesini istemiştir. Mahkeme, ilamında belirtildiği şekilde isteğin kısmen kabulüne karar vermiştir. Hükmün, davalılardan ... vekili tarafından temyiz edilmesi üzerine, temyiz"
639,20.3,Yargıtay,21,4395,2018,4937,2019-09-10,gebe+illiyet,gebe×1 | travma×13 | illiyet×9 | trafik/iş kaz,YARGITAY KARARI,"MAHKEMESİ: İzmir Bölge Adliye Mahkemesi 15. Hukuk Dairesi İLK DERECE MAHKEMESİ: Soma İş Mahkemesi TÜRK MİLLETİ ADINA Asıl ve birleşen dava bakımından; Davacılar murisinin, iş kazası sonucu ölümünden doğan maddi ve manevi tazminatın ödetilmesine karar verilmesini istemiştir. İlk Derece Mahkemesince a"
640,20.3,Yargıtay,21,6074,2018,5428,2019-09-24,gebe+illiyet,gebe×1 | travma×13 | illiyet×9 | trafik/iş kaz,YARGITAY KARARI,"MAHKEMESİ: ... Hukuk Dairesi İLK DERECE MAHKEMESİ: ... İş Mahkemesi TÜRK MİLLETİ ADINA Davacılar, murisinin iş kazası sonucu maluliyetinden doğan manevi tazminatın ödetilmesine karar verilmesini istemiştir. İlk Derece Mahkemesince davanın kısmen kabulüne karar verilmesi üzerine davalılardan Türkiye "
641,20.3,Yargıtay,10,7134,2024,6612,2025-04-22,gebe+illiyet,gebe×1 | travma×17 | illiyet×9 | trafik/iş kaz,YARGITAY KARARI,"MAHKEMESİ: İzmir Bölge Adliye Mahkemesi 9. Hukuk Dairesi SAYISI: 2020/1378 E., 2022/1512 K. İLK DERECE MAHKEMESİ: Soma 1. İş Mahkemesi SAYISI: 2018/670 E., 2020/6 K. Taraflar arasındaki iş kazasından kaynaklanan maddi tazminat davasından dolayı yapılan yargılama sonunda, İlk Derece Mahkemesince dava"
642,20.3,Yargıtay,21,6022,2017,10029,2017-12-04,gebe+illiyet,gebe×1 | travma×13 | illiyet×9 | trafik/iş kaz,YARGITAY KARARI,"MAHKEMESİ: ... Bölge Adliye Mahkemesi 15. Hukuk Dairesi İLK DERECE MAHKEMESİ : ... İş Mahkemesi Davacılar murisinin, iş kazası sonucu ölümünden doğan maddi ve manevi tazminatın ödetilmesine karar verilmesini istemiştir. İlk Derece Mahkemesince davanın kısmen kabulüne karar verilmesi üzerine taraf ve"
643,20.3,Yargıtay,21,1755,2017,5704,2017-07-04,gebe+illiyet,gebe×1 | travma×14 | illiyet×9 | trafik/iş kaz,YARGITAY KARARI,"MAHKEMESİ: ... Bölge Adliye Mahkemesi 7. Hukuk Dairesi Davacı murisinin, iş kazası sonucu ölümünden doğan manevi tazminatın ödetilmesine karar verilmesini istemiştir. İlk Derece Mahkemesince davanın kabulüne karar verilmesi üzerine davalılar vekillerince istinaf kanun yoluna başvurulmuştur. Bölge Ad"
644,20.3,Yargıtay,21,269,2020,1731,2020-06-01,gebe+illiyet,gebe×1 | travma×12 | illiyet×9 | trafik/iş kaz,YARGITAY KARARI,"MAHKEMESİ: ... Bölge Adliye Mahkemesi 7. Hukuk Dairesi TÜRK MİLLETİ ADINA Davacı, murisinin işkazası sonucu ölümünden doğan maddi ve manevi tazminatın ödetilmesine karar verilmesini istemiştir.İlk Derece Mahkemesince davanın kabulüne karar verilmesi üzerine davalılardan TKİ vekilince istinaf kanun y"
645,20.3,Yargıtay,21,2040,2018,7637,2018-10-22,gebe+illiyet,gebe×1 | travma×13 | illiyet×9 | trafik/iş kaz,YARGITAY KARARI,"MAHKEMESİ: ... Bölge Adliye Mahkemesi 15. Hukuk Dairesi Davacılar murisinin, iş kazası sonucu ölümünden doğan maddi ve manevi tazminatın ödetilmesine karar verilmesini istemiştir. İlk Derece Mahkemesince, asıl ve birleşen davaların kısmen kabulüne karar verilmesi üzerine davalılardan ... vekilince i"
646,20.3,Yargıtay,21,5612,2017,8802,2017-11-06,gebe+illiyet,gebe×1 | travma×13 | illiyet×9 | trafik/iş kaz,TAZMİNAT DAVASI - ÖLÜMLÜ İŞ KAZASI - KARARIN DAYANDIĞI DELİLLERLE KANUNİ GEREKTİRİCİ SEBEPLER - ÖLENİN OLAYDA HİÇ KUSURUNUN BULUNMADIĞI - YERİNDE GÖRÜLMEYEN BÜTÜN TEMYİZ İTİRAZLARININ REDDİYLE USUL VE,"(6331 S. K. m. 4, 5, 10, 19) (6098 S. K. m. 56, 417) (818 S. K. m. 47, 332) (4857 S. K. m. 2, 77) (YHGK. 09.10.2013 T. 2013/21-102 E. 2013/1456 K.) (YHGK. 20.03.2013 T. 2012/21-1121 E. 2013/386 K.) (YHGK. 23.06.2004 T. 2004/13-291 E. 2004/370 K.) &nbsp; Davacılar murisinin, iş kazası sonucu ölümünde"
647,20.3,Yargıtay,21,926,2018,1740,2018-02-26,gebe+illiyet,gebe×1 | travma×13 | illiyet×9 | trafik/iş kaz,TAZMİNAT DAVASI - ÖLÜMLÜ İŞ KAZASI - ÖLENİN OLAYDA HİÇ KUSURUNUN BULUNMADIĞI - KUSURU BULUNANLAR ARASINDAKİ KUSUR DAĞILIMININ KENDİ ARALARINDA GÖRÜLMESİ MUHTEMEL RÜCU DAVASINDA YENİDEN DEĞERLENDİRİLEB,"(4857 S. K. m. 2, 77) (6331 S. K. m. 4, 5, 10, 19) (6098 S. K. m. 56, 417) (818 S. K. m. 47, 332) (YHGK. 09.10.2013 T. 2013/21-102 E. 2013/1456 K.) (YHGK. 20.03.2013 T. 2012/21-1121 E. 2013/386 K.) (YHGK. 23.6.2004 T. 2004/13-291 E. 2004/370 K.) &nbsp; Davacılar murisinin, iş kazası sonucu ölümünden"
648,20.3,Yargıtay,21,899,2019,7772,2019-12-16,gebe+illiyet,gebe×1 | travma×13 | illiyet×9 | trafik/iş kaz,YARGITAY KARARI,"MAHKEMESİ: Bölge Adliye Mahkemesi 9. Hukuk Dairesi TÜRK MİLLETİ ADINA Davacılar, murisinin işkazası sonucu ölümünden doğan maddi ve manevi tazminatın ödetilmesine karar verilmesini istemiştir.İlk Derece Mahkemesince davanın kısmen kabulüne karar verilmesi üzerine davacılar ve davalılardan ... Genel "
649,20.3,Yargıtay,21,430,2019,7561,2019-12-09,gebe+illiyet,gebe×1 | travma×14 | illiyet×9 | trafik/iş kaz,TAZMİNAT DAVASI - DAVALI İLE KÖMÜR İŞLETMELERİARASINDA ORGANİK BAĞ BULUNUP BULUNMADIĞI BİRLİKTE İSTİHDAMIN VEYA MUVAZAALI İŞLEMLERİN SÖZ KONUSU OLUP OLMADIĞI ARAŞTIRILMASI - HÜKMÜN BOZULMASI,"(6100 S. K. m. 353, 373) (6098 S. K. m. 56) (4857 S. K. m. 2) (6331 S. K. m. 4, 5) (YHGK. 23.06.2004 T. 2004/13-291 E. 2004/370 K.) &nbsp; A) Davacı İstemi &nbsp; Davacılar dava dilekçesi ve ıslah ile eş için 230.313,17 TL maddi, 150.000,00 TL manevi, çocuk ... için 28.055,23 TL maddi, 100.000,00 TL"
650,20.3,Yargıtay,21,5272,2018,5810,2019-10-07,gebe+illiyet,gebe×1 | travma×13 | illiyet×9 | trafik/iş kaz,YARGITAY KARARI,"MAHKEMESİ: ... Bölge Adliye Mahkemesi ... Hukuk Dairesi İLK DERECE MAHKEMESİ: ... İş Mahkemesi KARAR A)Davacı İstemi; Davacı dava dilekçesi ve ıslah ile 154.395,19 TL maddi, 150.000,00 TL manevi tazminat talep etmiştir. B)Davalıların Cevapları; Davalılar vekilleri davanın reddi gerektiğini savunmuşl"
651,20.3,Yargıtay,21,5295,2018,6065,2019-10-14,gebe+illiyet,gebe×1 | travma×14 | illiyet×9 | trafik/iş kaz,YARGITAY KARARI,"MAHKEMESİ: ... Bölge Adliye Mahkemesi ... Hukuk Dairesi İLK DERECE MAHKEMESİ: ... İş Mahkemesi Davacılar, murisinin iş kazası sonucu ölümünden doğan maddi ve manevi tazminatın ödetilmesine karar verilmesini istemiştir. İlk Derece Mahkemesince davanın kısmen kabulüne karar verilmesi üzerine davalılar"
652,20.3,Yargıtay,21,210,2019,7202,2019-11-26,gebe+illiyet,gebe×1 | travma×13 | illiyet×9 | trafik/iş kaz,YARGITAY KARARI,"MAHKEMESİ: Bölge Adliye Mahkemesi 9. Hukuk Dairesi MAHKEMESİ: İş Mahkemesi 1-Davacı Annenin Maddi, Davacı Kardeşlerin Manevi Tazminat İstemlerine İlişkin Hükümler Yönünden Miktar veya değeri temyiz kesinlik sınırını geçmeyen davalara ilişkin nihai kararlar 6100 sayılı Hukuk Muhakemeleri Kanununun 36"
653,20.3,Yargıtay,21,901,2018,1739,2018-02-26,gebe+illiyet,gebe×1 | travma×13 | illiyet×9 | trafik/iş kaz,TAZMİNAT DAVASI - ÖLÜMLÜ İŞ KAZASI - ÖLENİN OLAYDA HİÇ KUSURUNUN BULUNMADIĞI - KUSURU BULUNANLAR ARASINDAKİ KUSUR DAĞILIMININ KENDİ ARALARINDA GÖRÜLMESİ MUHTEMEL RÜCU DAVASINDA YENİDEN DEĞERLENDİRİLEB,"(4857 S. K. m. 2, 77) (6331 S. K. m. 4, 5, 10, 19) (6098 S. K. m. 56, 417) (818 S. K. m. 47, 332) (YHGK. 09.10.2013 T. 2013/21-102 E. 2013/1456 K.) (YHGK. 20.03.2013 T. 2012/21-1121 E. 2013/386 K.) (YHGK. 23.6.2004 T. 2004/13-291 E. 2004/370 K.) &nbsp; Davacılar murisinin, iş kazası sonucu ölümünden"
654,20.3,Yargıtay,21,91,2019,6738,2019-11-11,gebe+illiyet,gebe×1 | travma×13 | illiyet×9 | trafik/iş kaz,YARGITAY KARARI,"MAHKEMESİ: Bölge Adliye Mahkemesi 9. Hukuk Dairesi İLK DERECE MAHKEMESİ: İş Mahkemesi A)Davacı İstemi Davacılar dava dilekçeleri ve ıslah ile eş için 226.210,27 TL maddi, 190.000,00 TL manevi, çocuk Emrem için 56.645,62 TL maddi, 145.000,00 TL manevi, çocuk Sultan için 89.223,54 TL maddi, 145.000,00"
655,20.3,Yargıtay,21,17434,2016,3204,2017-04-18,gebe+illiyet,gebe×1 | travma×14 | illiyet×9 | trafik/iş kaz,TAZMİNAT DAVASI - ÖLENİN OLAYDA HİÇ KUSURUNUN BULUNMADIĞI - KUSUR DAĞILIMININ İLERDE KENDİ ARALARINDA AÇILABİLECEK RÜCU DAVASINDA YENİDEN DEĞERLENDİRİLMESİNİN MÜMKÜN BULUNMASI - USUL VE KANUNA UYGUN O,"(6331 S. K. m. 4, 5, 10, 19) (818 S. K. m. 47, 332) (6098 S. K. m. 56, 417) (4857 S. K. m. 2, 77) (YHGK. 09.10.2013 T. 2013/21-102 E. 2013/1456 K.) (YHGK. 20.03.2013 T. 2012/21-1121 E. 2013/386 K.) Dava ve Karar: Davacılar murisinin, iş kazası sonucu ölümünden doğan manevi tazminatın ödetilmesi dava"
656,20.3,Yargıtay,21,2361,2018,7639,2018-10-22,gebe+illiyet,gebe×1 | travma×13 | illiyet×9 | trafik/iş kaz,YARGITAY KARARI,"MAHKEMESİ: ... Bölge Adliye Mahkemesi 15. Hukuk Dairesi TÜRK MİLLETİ ADINA Davacılar murisinin, iş kazası sonucu ölümünden doğan maddi ve manevi tazminatın ödetilmesine karar verilmesini istemiştir. İlk Derece Mahkemesince davanın kısmen kabulüne karar verilmesi üzerine davacılar ile davalılardan .."
657,20.3,Yargıtay,21,1857,2017,3192,2017-04-18,gebe+illiyet,gebe×1 | travma×14 | illiyet×9 | trafik/iş kaz,İŞ KAZASI SONUCU ÖLÜMDEN DOĞAN MANEVİ TAZMİNATIN ÖDETİLMESİ DAVASI - TOPLUMU DERİNDEN ETKİLEYEN FACİALARDA HÜKÜM ALTINA ALINAN MANEVİ TAZMİNAT TUTARLARI DEĞERLENDİRİLİRKEN MANEVİ TAZMİNATIN CAYDIRICIL,"(6331 S. K. m. 4, 5, 10, 19) (818 S. K. m. 47, 332) (6098 S. K. m. 56, 417) (4857 S. K. m. 2, 77) (YHGK 09.10.2013 T. 2013/21-102 E. 2013/1456 K.) (YHGK 20.03.2013 T. 2012/21-1121 E. 2013/386 K.) (YHGK 23.06.2004 T. 2004/13-291 E. 2004/370 K.) Dava: Davacılar murisinin, iş kazası sonucu ölümünden do"
658,20.3,Yargıtay,21,1063,2018,2097,2018-03-12,gebe+illiyet,gebe×1 | travma×13 | illiyet×9 | trafik/iş kaz,TAZMİNAT DAVASI - ÖLÜMLÜ İŞ KAZASI - ÖLENİN OLAYDA HİÇ KUSURUNUN BULUNMADIĞI - KUSURU BULUNANLAR ARASINDAKİ KUSUR DAĞILIMININ KENDİ ARALARINDA GÖRÜLMESİ MUHTEMEL RÜCU DAVASINDA YENİDEN DEĞERLENDİRİLEB,"(4857 S. K. m. 2, 77) (6331 S. K. m. 4, 5, 10, 19) (6098 S. K. m. 56, 417) (818 S. K. m. 47, 332) (YHGK. 09.10.2013 T. 2013/21-102 E. 2013/1456 K.) (YHGK. 20.03.2013 T. 2012/21-1121 E. 2013/386 K.) (YHGK. 23.6.2004 T. 2004/13-291 E. 2004/370 K.) &nbsp; Asıl ve birleşen dava bakımından; Davacılar mur"
659,20.3,Yargıtay,21,6021,2017,9717,2017-11-27,gebe+illiyet,gebe×1 | travma×13 | illiyet×9 | trafik/iş kaz,TAZMİNAT DAVASI - ÖLÜMLÜ İŞ KAZASI - KARARIN DAYANDIĞI DELİLLERLE KANUNİ GEREKTİRİCİ SEBEPLER - ÖLENİN OLAYDA HİÇ KUSURUNUN BULUNMADIĞI - YERİNDE GÖRÜLMEYEN BÜTÜN TEMYİZ İTİRAZLARININ REDDİYLE USUL VE,"(6331 S. K. m. 4, 5, 10, 19) (6098 S. K. m. 56, 417) (818 S. K. m. 47, 332) (4857 S. K. m. 2, 77) (YHGK. 09.10.2013 T. 2013/21-102 E. 2013/1456 K.) (YHGK. 20.03.2013 T. 2012/21-1121 E. 2013/386 K.) (YHGK. 23.06.2004 T. 2004/13-291 E. 2004/370 K.) &nbsp; Davacılar murisinin, iş kazası sonucu ölümünde"
660,20.3,Yargıtay,21,2633,2019,820,2020-02-17,gebe+illiyet,gebe×1 | travma×14 | illiyet×9 | trafik/iş kaz,YARGITAY KARARI,"MAHKEMESİ:İş Mahkemesi TÜRK MİLLETİ ADINA Davacılar, murisinin iş kazası sonucu ölümünden doğan manevi tazminatın ödetilmesine karar verilmesini istemiştir. Mahkeme ilamında belirtildiği şekilde, isteğin kısmen kabulüne karar vermiştir. Hükmün, davalılardan TKİ Genel Müdürlüğü vekili tarafından temy"
661,20.3,Yargıtay,21,4729,2018,5648,2019-10-01,gebe+illiyet,gebe×1 | travma×12 | illiyet×9 | trafik/iş kaz,YARGITAY KARARI,"MAHKEMESİ: ... Bölge Adliye Mahkemesi ... Hukuk Dairesi İLK DERECE MAHKEMESİ: ... İş Mahkemesi K A R A R Dosyadaki yazılara, toplanan delillere, hükmün dayandığı gerektirici nedenlerle temyiz kapsam ve nedenlerine göre; temyiz eden davacıların tüm, davalı ... Genel Müdürlüğü'nün aşağıdaki bendin kap"
662,20.3,Yargıtay,21,2901,2019,825,2020-02-17,gebe+illiyet,gebe×1 | travma×14 | illiyet×9 | trafik/iş kaz,YARGITAY KARARI,"MAHKEMESİ:İş Mahkemesi Asıl ve Birleşen Mahkemenin 2017/136 Esas sayılı davası bakımından; DAVACILAR: ... Vs. Vek. Av.... DAVALILAR: 1-.... Vek. Av.... 2-... Genel Müd. Vek.Av.Işın Vural Selçuk TÜRK MİLLETİ ADINA Asıl ve birleşen dava bakımından; Davacılar murisinin iş kazası sonucu ölümünden doğan "
663,20.3,Yargıtay,21,5553,2017,9534,2017-11-21,gebe+illiyet,gebe×1 | travma×13 | illiyet×9 | trafik/iş kaz,TAZMİNAT DAVASI - ÖLÜMLÜ İŞ KAZASI - KARARIN DAYANDIĞI DELİLLERLE KANUNİ GEREKTİRİCİ SEBEPLER - ÖLENİN OLAYDA HİÇ KUSURUNUN BULUNMADIĞI - YERİNDE GÖRÜLMEYEN BÜTÜN TEMYİZ İTİRAZLARININ REDDİYLE USUL VE,"(6331 S. K. m. 4, 5, 10, 19) (6098 S. K. m. 56, 417) (818 S. K. m. 47, 332) (4857 S. K. m. 2, 77) (YHGK. 09.10.2013 T. 2013/21-102 E. 2013/1456 K.) (YHGK. 20.03.2013 T. 2012/21-1121 E. 2013/386 K.) (YHGK. 23.06.2004 T. 2004/13-291 E. 2004/370 K.) &nbsp; Asıl ve birleşen davalar bakımından davacılar "
664,20.3,Yargıtay,10,12827,2021,1509,2022-02-08,gebe+illiyet,gebe×1 | travma×16 | illiyet×9 | trafik/iş kaz,YARGITAY KARARI,"Mahkemesi:İş Mahkemesi Dava, iş kazasından kaynaklanan maddi ve manevi tazminat istemlerine ilişkindir. Mahkemece, (Kapatılan) 21.Hukuk Dairesinin bozma kararına uyularak ilamda belirtildiği şekilde davanın kısmen kabulüne karar verilmiştir. Hükmün, davacı ... ile davalı ... Genel Müdürlüğü vekili t"
665,20.3,Yargıtay,10,10121,2020,2978,2021-03-09,gebe+illiyet,gebe×1 | travma×15 | illiyet×9 | trafik/iş kaz,TAZMİNAT DAVASI - BAKİYE KARAR VE İLAM HARÇLARININ HARÇLAR KANUNUNUN İLGİLİ MADDESİNE AYKIRI OLACAK ŞEKİLDE ALINMASI GEREKTİĞİ - EKSİK İNCELEME VE ARAŞTIRMA SONUCU KARAR VERİLMESİNİN İSABETSİZLİĞİ - H,"(5521 S. K. m. 5, 8) (6100 S. K. m. 297, 346, 362, 366) (492 S. K. m. 8) (4857 S. K. m. 2, 77) (818 S. K. m. 332) (6098 S. K. m. 417) (6331 S. K. m. 4, 5, 10) (YİBK. 01.06.1990 T. 1989/3 E. 1990/4 K.) (YHGK. 09.10.2013 T. 2013/21-102 E. 2013/1456 K.) (YHGK. 20.03.2013 T. 2012/21-1121 E. 2013/386 K.)"
666,20.3,Yargıtay,21,5921,2018,6077,2019-10-14,gebe+illiyet,gebe×1 | travma×14 | illiyet×9 | trafik/iş kaz,YARGITAY KARARI,"MAHKEMESİ: ... Bölge Adliye Mahkemesi ... Hukuk Dairesi İLK DERECE MAHKEMESİ: ... İş Mahkemesi ASIL VE BİRLEŞEN ... İŞ MAHKEMESİNİN .../... ESAS SAYILI DAVASI BAKIMINDAN TÜRK MİLLETİ ADINA Asıl ve birleşen davalar bakımından davacılar, murisinin iş kazası sonucu ölümünden doğan maddi ve manevi tazmi"
667,20.3,Yargıtay,10,1170,2021,8295,2021-06-15,gebe+illiyet,gebe×1 | travma×16 | illiyet×9 | trafik/iş kaz,YARGITAY KARARI,"Mahkemesi:İş Mahkemesi Dava, iş kazasından kaynaklanan maddi ve manevi tazminat istemlerine ilişkindir. İlk Derece Mahkemesince, hükümde belirtilen gerekçelerle davalı .... yönünden davanın reddine, diğer davalılar yönünden davanın kısmen kabulüne dair verilen karara karşı davalı ... vekili tarafınd"
668,20.3,Yargıtay,21,101,2019,7198,2019-11-26,gebe+illiyet,gebe×1 | travma×14 | illiyet×9 | trafik/iş kaz,YARGITAY KARARI,MAHKEMESİ: Bölge Adliye Mahkemesi 3. Hukuk Dairesi MAHKEMESİ: İş Mahkemesi 1-Asıl Dava Dosyasının Davacısı Kardeşin Manevi Tazminat İstemi ile Birleşen Dava Dosyasının Davacıları Çocuklar ...ve ...'ın Maddi Tazminat İstemlerine İlişkin Hükümler Yönünden Miktar veya değeri temyiz kesinlik sınırını ge
669,20.3,Yargıtay,21,2043,2018,7636,2018-10-22,gebe+illiyet,gebe×1 | travma×13 | illiyet×9 | trafik/iş kaz,YARGITAY KARARI,"MAHKEMESİ: ... Bölge Adliye Mahkemesi 15. Hukuk Dairesi TÜRK MİLLETİ ADINA Davacılar murisinin, iş kazası sonucu ölümünden doğan maddi ve manevi tazminatın ödetilmesine karar verilmesini istemiştir. İlk Derece Mahkemesince davanın kısmen kabulüne karar verilmesi üzerine davacılar ile davalılardan .."
670,20.3,Yargıtay,10,1845,2021,9142,2021-06-29,gebe+illiyet,gebe×1 | travma×18 | illiyet×9 | trafik/iş kaz,YARGITAY KARARI,"Mahkemesi:İş Mahkemesi Dava, iş kazasından kaynaklanan maddi ve manevi tazminat istemlerine ilişkindir. Mahkemece, (kapatılan) 21. Hukuk Dairesinin bozma kararına uyularak ilamda belirtildiği şekilde davanın kısmen kabulüne karar verilmiştir. Hükmün, asıl dava dosyasının davacıları ile davalı ... ta"
671,20.3,Yargıtay,21,195,2019,7203,2019-11-26,gebe+illiyet,gebe×1 | travma×13 | illiyet×9 | trafik/iş kaz,YARGITAY KARARI,"MAHKEMESİ: Bölge Adliye Mahkemesi 3. Hukuk Dairesi MAHKEMESİ: İş Mahkemesi A)Davacı İstemi Davacılar dava dilekçesi ve ıslah ile eş için 192.513,58 TL maddi, 250.000,00 TL manevi, anne için 48.814,54 TL maddi, 80.000,00bin TL manevi, baba için 52.829,03 TL maddi, 80.000,00 TL manevi, kardeş için 70."
672,20.3,Yargıtay,21,4985,2018,5803,2019-10-07,gebe+illiyet,gebe×1 | travma×13 | illiyet×9 | trafik/iş kaz,YARGITAY KARARI,"MAHKEMESİ: ... Bölge Adliye Mahkemesi ... Hukuk Dairesi İLK DERECE MAHKEMESİ: ... İş Mahkemesi A)Davacı İstemi; Davacılar dava dilekçesi ve ıslah ile eş için 74.905,46 TL maddi, 190.000,00 TL manevi, çocuk ... için 22.996,22 TL maddi, 150.000,00 TL manevi, çocuk ... için 2.000,00 TL maddi, 150.000,0"
673,20.3,Yargıtay,21,4300,2019,283,2020-01-28,gebe+illiyet,gebe×1 | travma×14 | illiyet×9 | trafik/iş kaz,YARGITAY KARARI,"MAHKEMESİ:İş Mahkemesi TÜRK MİLLETİ ADINA Davacılar, murisinin iş kazası sonucu ölümünden doğan maddi ve manevi tazminatın ödetilmesine karar verilmesini istemiştir. Mahkeme, bozmaya uyarak ilamında belirtildiği şekilde, isteğin kısmen kabulüne karar vermiştir. Hükmün, davalılardan Türkiye Kömür İşl"
674,20.3,Yargıtay,21,37,2018,456,2018-01-23,gebe+illiyet,gebe×1 | travma×13 | illiyet×9 | trafik/iş kaz,YARGITAY KARARI,"MAHKEMESİ: ... Bölge Adliye Mahkemesi 3. Hukuk Dairesi Asıl ve birleşen davalar bakımından; Davacılar murisinin, iş kazası sonucu ölümünden doğan manevi tazminatın ödetilmesine karar verilmesini istemiştir. İlk Derece Mahkemesince, asıl ve birleşen davanın kısmen kabulüne karar verilmesi üzerine, da"
675,20.3,Yargıtay,21,3959,2018,4936,2019-09-10,gebe+illiyet,gebe×1 | travma×13 | illiyet×9 | trafik/iş kaz,YARGITAY KARARI,"MAHKEMESİ: ...Bölge Adliye Mahkemesi 7. Hukuk Dairesi İLK DERECE MAHKEMESİ:...ş Mahkemesi TÜRK MİLLETİ ADINA Davacılar murisinin, iş kazası sonucu ölümünden doğan maddi ve manevi tazminatın ödetilmesine karar verilmesini istemiştir. İlk Derece Mahkemesince davanın kısmen kabulüne karar verilmesi üze"
676,20.3,Yargıtay,10,7339,2020,5623,2020-10-07,gebe+illiyet,gebe×1 | travma×14 | illiyet×9 | trafik/iş kaz,TAZMİNAT DAVASI - ÖLENİN OLAYDA HİÇ KUSURUNUN BULUNMADIĞININ ANLAŞILIP KAZA OLAYININ MEYDANA GELMESİNDE KUSURU BULUNANLAR ARASINDAKİ KUSUR DAĞILIMININ KENDİ ARALARINDA GÖRÜLMESİ MUHTEMEL RÜCU DAVASIND,"(4857 S. K. m. 2, 77) &nbsp; Davacı, murisinin iş kazası sonucu maluliyetinden doğan maddi ve manevi tazminatın ödetilmesine karar verilmesini istemiştir. &nbsp; İlk Derece Mahkemesince davanın kabulüne karar verilmesi üzerine davalılardan TKİ vekilince istinaf kanun yoluna başvurulmuştur. &nbsp; Bö"
677,20.3,Yargıtay,21,3391,2018,9357,2018-12-17,gebe+illiyet,gebe×1 | travma×14 | illiyet×9 | trafik/iş kaz,YARGITAY KARARI,"MAHKEMESİ: Bölge Adliye Mahkemesi 7. Hukuk Dairesi İLK DERECE MAHKEMESİ: İş Mahkemesi TÜRK MİLLETİ ADINA Davacılar murisinin, iş kazası sonucu ölümünden doğan maddi ve manevi tazminatın ödetilmesine karar verilmesini istemiştir. İlk Derece Mahkemesince davanın kısmen kabulüne karar verilmesi üzerine"
678,20.3,Yargıtay,21,1054,2019,7567,2019-12-09,gebe+illiyet,gebe×1 | travma×13 | illiyet×9 | trafik/iş kaz,YARGITAY KARARI,"MAHKEMESİ: Bölge Adliye Mahkemesi 9. Hukuk Dairesi TÜRK MİLLETİ ADINA Davacılar, murisinin iş kazası sonucu ölümünden doğan maddi ve manevi tazminatın ödetilmesine karar verilmesini istemiştir.İlk Derece Mahkemesince davanın kısmen kabulüne karar verilmesi üzerine davacılar ile davalılardan ... İşle"
679,20.3,Yargıtay,21,5274,2018,5808,2019-10-07,gebe+illiyet,gebe×1 | travma×13 | illiyet×9 | trafik/iş kaz,YARGITAY KARARI,"MAHKEMESİ: ... Bölge Adliye Mahkemesi ... Hukuk Dairesi İLK DERECE MAHKEMESİ: ... İş Mahkemesi K A R A R A)Davacı İstemi; Davacılar dava dilekçesi ve ıslah ile eş için 215.836,18 TL maddi, 300.000,00 TL manevi, her iki çocuk için 55.540,09'ar TL maddi, 250.000,00'er TL manevi, anne, baba ve kardeşle"
680,20.3,Yargıtay,21,2041,2018,6182,2018-09-11,gebe+illiyet,gebe×1 | travma×13 | illiyet×9 | trafik/iş kaz,TAZMİNAT DAVASI - MADEN KAZASI GİBİ TOPLUMU DERİNDEN ETKİLEYEN FACİALARDA HÜKÜM ALTINA ALINAN MANEVİ TAZMİNAT TUTARLARI DEĞERLENDİRİLİRKEN MANEVİ TAZMİNATIN CAYDIRICILIK UNSURUNUN ÖNE ÇIKMASI GEREKTİĞ,"(6331 S. K. m. 4, 5, 10) (818 S. K. m. 47, 332) (6098 S. K. m. 56, 417) (4857 S. K. m. 2, 77) (YHGK. 20.03.2013 T. 2012/21-1121 E. 2013/386 K.) (YHGK. 09.10.2013 T. 2013/21-102 E. 2013/1456 K.) &nbsp; Davacılar, murisinin iş kazası sonucu ölümünden doğan maddi ve manevi tazminatın ödetilmesine karar"
681,20.3,Yargıtay,10,9940,2020,2075,2021-02-23,gebe+illiyet,gebe×1 | travma×13 | illiyet×9 | trafik/iş kaz,TAZMİNAT DAVASI - İŞ KAZASININ MEYDANA GELMESİNDE KUSURU BULUNANLAR ARASINDAKİ KUSUR DAĞILIMININ İLERDE KENDİ ARALARINDA AÇILABİLECEK RÜCU DAVASINDA DEĞERLENDİRİLECEĞİ - GENEL MÜDÜRLÜĞÜNÜN ÜNVANININ K,"(4857 S. K. m. 2, 77) (6331 S. K. m. 4, 5) (7036 S. K. m. 8) (6100 S. K. m. 297) &nbsp;(6100 S. K. m. 346, 362, 366) (818 S. K. m. 47, 332) (6098 S. K. m. 56, 417) (YİBK. 01.06.1990 T. 1989/3 E. 1990/4 K.) (YHGK. 09.10.2013 T. 2013/21-102 E. 2013/1456 K.) (YHGK. 20.03.2013 T. 2012/21-1121 E. 2013/38"
682,20.3,Yargıtay,21,17438,2016,3205,2017-04-18,gebe+illiyet,gebe×1 | travma×14 | illiyet×9 | trafik/iş kaz,TAZMİNAT DAVASI - ÖLENİN OLAYDA HİÇ KUSURUNUN BULUNMADIĞI - KUSUR DAĞILIMININ İLERDE KENDİ ARALARINDA AÇILABİLECEK RÜCU DAVASINDA YENİDEN DEĞERLENDİRİLMESİNİN MÜMKÜN BULUNMASI - USUL VE KANUNA UYGUN O,"(6331 S. K. m. 4, 5, 10, 19) (818 S. K. m. 47, 332) (6098 S. K. m. 56, 417) (4857 S. K. m. 2, 77) (YHGK. 09.10.2013 T. 2013/21-102 E. 2013/1456 K.) (YHGK. 20.03.2013 T. 2012/21-1121 E. 2013/386 K.) Dava ve Karar: Davacılar murisinin, iş kazası sonucu ölümünden doğan manevi tazminatın ödetilmesi dava"
683,20.3,Yargıtay,21,2462,2019,282,2020-01-28,gebe+illiyet,gebe×1 | travma×14 | illiyet×9 | trafik/iş kaz,YARGITAY KARARI,"MAHKEMESİ:İş Mahkemesi Asıl ve Birleşen Mahkemenin 2018/276 Esas sayılı davası bakımından TÜRK MİLLETİ ADINA Asıl ve birleşen dava bakımından; Davacılar, murisinin iş kazası sonucu ölümünden doğan maddi ve manevi tazminatın ödetilmesine karar verilmesini istemiştir. Mahkeme, bozmaya uyarak ilamında "
684,20.3,Yargıtay,21,17681,2016,3206,2017-04-18,gebe+illiyet,gebe×1 | travma×14 | illiyet×9 | trafik/iş kaz,YARGITAY KARARI,"MAHKEMESİ:İş Mahkemesi Davacılar murisinin, iş kazası sonucu ölümünden doğan manevi tazminatın ödetilmesi davasının yapılan yargılaması sonunda; ilamda yazılı nedenlerle, 240.000,00TL manevi tazminatın yasal faiziyle birlikte davalılardan müştereken ve müteselsilen alınarak davacılara verilmesine il"
685,20.3,Yargıtay,21,281,2019,7423,2019-12-03,gebe+illiyet,gebe×1 | travma×13 | illiyet×9 | trafik/iş kaz,YARGITAY KARARI,"MAHKEMESİ:Bölge Adliye Mahkemesi 9. Hukuk Dairesi TÜRK MİLLETİ ADINA KARAR A)Davacı İstemi Davacılar dava dilekçesi ve ıslah ile eş için 173.259,07 TL maddi, 200.000,00 TL manevi, çocuk İbrahim için 68.565,78 TL maddi, 150.000,00 TL manevi, çocuk Tuğba için 90.998,60 TL maddi, 150.000,00 TL manevi, "
686,20.3,Yargıtay,10,8254,2020,6194,2020-11-02,gebe+illiyet,gebe×1 | travma×17 | illiyet×9 | trafik/iş kaz,MADDİ VE TAZMİNAT DAVASI - BAKİYE ÖMÜR SONUNA KADAR MURİSİN DESTEĞİNDEN FAYDALANDIRILMASI İSABETSİZ OLDUĞU GİBİ SOMUT OLAYIN ÖZELLİĞİNE GÖRE EŞ YARARINA HÜKÜM ALTINA ALINAN MANEVİ TAZMİNAT BİR MİKTAR ,"(6100 S. K. m. 353) (6331 S. K. m. 4, 5, 10) (818 S. K. m. 47, 332) (6098 S. K. m. 56, 417) (4857 S. K. m. 2, 77) (09.10.2013 T. 2013/21-102 E. 2013/1456 K.) &nbsp; A)Davacı İstemi &nbsp; Davacı dava dilekçesi ve ıslah ile 159.121,71 TL maddi, 200.000,00 TL manevi tazminat talep etmiştir. &nbsp; B)D"
687,20.3,Yargıtay,21,19175,2016,3207,2017-04-18,gebe+illiyet,gebe×1 | travma×14 | illiyet×9 | trafik/iş kaz,TAZMİNAT DAVASI - ÖLÜMLÜ İŞ KAZASI - İŞ KAZASININ MEYDANA GELMESİNDE KUSURU BULUNANLAR ARASINDAKİ KUSUR DAĞILIMININ AÇILACAK RÜCU DAVASINDA DEĞERLENDİRİLEBİLECEĞİ - TEMYİZ İTİRAZLARININ REDDİYLE HÜKMÜ,"(6331 S. K. m. 4, 5, 10, 19) (6098 S. K. m. 56, 417) (818 S. K. m. 47, 332) (4857 S. K. m. 2, 77) (YHGK. 09.10.2013 T. 2013/21-102 E. 2013/1456 K.) (YHGK. 20.03.2013 T. 2012/21-1121 E. 2013/386 K.) (YHGK. 23.06.2004 T. 2004/13-291 E. 2004/370 K.) Dava: Davacı murisinin, iş kazası sonucu ölümünden do"
688,20.3,Yargıtay,21,4924,2019,8030,2019-12-23,gebe+illiyet,gebe×1 | travma×14 | illiyet×9 | trafik/iş kaz,YARGITAY KARARI,"MAHKEMESİ:Bölge Adliye Mahkemesi 15. Hukuk Dairesi TÜRK MİLLETİ ADINA Davacı murisinin, iş kazası ölümünden doğan manevi tazminatın ödetilmesine karar verilmesini istemiştir.İlk Derece Mahkemesince davanın kısmen kabulüne karar verilmesi üzerine davalılardan ... İşletmeleri Genel Müdürlüğü vekilince"
689,20.3,Yargıtay,21,723,2019,7776,2019-12-16,gebe+illiyet,gebe×1 | travma×14 | illiyet×9 | trafik/iş kaz,YARGITAY KARARI,"MAHKEMESİ:Bölge Adliye Mahkemesi 7. Hukuk Dairesi TÜRK MİLLETİ ADINA Asıl ve birleşen davalar bakımından davacılar,murisinin iş kazası sonucu ölümünden doğan maddi ve manevi tazminatın ödetilmesine karar verilmesini istemiştir.İlk Derece Mahkemesince asıl ve birleşen davaların kısmen kabulüne karar "
690,20.3,Yargıtay,10,9684,2020,2074,2021-02-23,gebe+illiyet,gebe×1 | travma×14 | illiyet×9 | trafik/iş kaz,TAZMİNAT DAVASI - HUSUMET YÖNELTİLEMEYECEĞİNDEN BAHİSLE ADI GEÇEN ŞİRKET HAKKINDAKİ DAVANIN REDDİNE KARAR VERİLMESİ HATALI OLDUĞU - GENEL MÜDÜRLÜĞÜNÜN ÜNVANININ GEREKÇELİ KARAR BAŞLIĞINDA EKSİK GÖSTER,"(6100 S. K. m. 297) (492 S. K. m. 8) (6331 S. K. m. 4, 5, 10, 19) (818 S. K. m. 47, 332) (6098 S. K. m. 417) (4857 S. K. m. 2, 77) (YHGK. 09.10.2013 T. 2013/21-102 E. 2013/1456 K.) (YHGK. 20.03.2013 T. 2012/21-1121 E. 2013/386 K.) (YHGK. 23.6.2004 T. 2004/13-291 E. 2004/370 K.) &nbsp; Dava ve Karar:"
691,20.3,Yargıtay,21,1607,2020,2663,2020-06-23,gebe+illiyet,gebe×1 | travma×14 | illiyet×9 | trafik/iş kaz,YARGITAY KARARI,"MAHKEMESİ:... Bölge Adliye Mahkemesi 3. Hukuk Dairesi TÜRK MİLLETİ ADINA Davacılar, murisinin iş kazası sonucu ölümünden doğan manevi tazminatın ödetilmesine karar verilmesini istemiştir.İlk Derece Mahkemesince davanın kabulüne karar verilmesi üzerine davalılardan ... İşletmeleri Genel Müdürlüğü vek"
692,20.3,Yargıtay,21,426,2019,7421,2019-12-03,gebe+illiyet,gebe×1 | travma×12 | illiyet×9 | trafik/iş kaz,YARGITAY KARARI,"MAHKEMESİ: Bölge Adliye Mahkemesi 9. Hukuk Dairesi TÜRK MİLLETİ ADINA KARAR Dosyadaki yazılara, toplanan delillere, hükmün dayandığı gerektirici nedenlerle temyiz kapsam ve nedenlerine göre; davalının aşağıdaki bendin kapsamı dışında kalan sair temyiz itirazlarının reddine, Dava, sigortalının iş kaz"
693,20.3,Yargıtay,10,3710,2021,1927,2022-02-15,gebe+illiyet,gebe×1 | travma×14 | illiyet×9 | trafik/iş kaz,YARGITAY KARARI,"Mahkemesi:İş Mahkemesi Dava, iş kazasından kaynaklanan manevi tazminat istemine ilişkindir. Mahkemece, (kapatılan) 21. Hukuk Dairesinin bozmaya uyularak ilamda belirtildiği şekilde davanın kısmen kabulüne karar verilmiştir. Hükmün, davalı ... Genel Müdürlüğü vekili tarafından temyiz edilmesi üzerine"
694,20.3,Yargıtay,21,754,2017,3215,2017-04-18,gebe+illiyet,gebe×1 | travma×15 | illiyet×9 | trafik/iş kaz,YARGITAY KARARI,"MAHKEMESİ:İş Mahkemesi Davacılar murisinin, iş kazası sonucu ölümünden doğan manevi tazminatın ödetilmesine karar verilmesini istemiştir. Mahkeme ilamında belirtildiği şekilde, isteğin kısmen kabulüne karar vermiştir. Hükmün, davacılar ile davalılardan .... ve Türkiye Kömür İşletmeleri Kurumu Genel "
695,20.3,Yargıtay,10,1016,2021,8294,2021-06-15,gebe+illiyet,gebe×1 | travma×14 | illiyet×9 | trafik/iş kaz,YARGITAY KARARI,"Mahkemesi:İş Mahkemesi Dava, iş kazasından kaynaklanan maddi ve manevi tazminat istemlerine ilişkindir. İlk Derece Mahkemesince, hükümde belirtilen gerekçelerle davalı ... A.Ş. yönünden davanın reddine, diğer davalılar yönünden davanın kabulüne dair verilen karara karşı davalı Türkiye Kömür İşletmle"
696,20.3,Yargıtay,10,2716,2021,1503,2022-02-08,gebe+illiyet,gebe×1 | travma×15 | illiyet×9 | trafik/iş kaz,YARGITAY KARARI,"Mahkemesi:İş Mahkemesi Dava, iş kazasından kaynaklanan maddi ve manevi tazminat istemlerine ilişkindir. Mahkemece, bozmaya uyularak ilamda belirtildiği şekilde davanın kısmen kabulüne karar verilmiştir. Hükmün, davalı ... Genel Müdürlüğü vekili tarafından temyiz edilmesi üzerine temyiz isteğinin sür"
697,20.3,Yargıtay,21,203,2019,7201,2019-11-26,gebe+illiyet,gebe×1 | travma×13 | illiyet×9 | trafik/iş kaz,YARGITAY KARARI,"MAHKEMESİ: Bölge Adliye Mahkemesi 9. Hukuk Dairesi MAHKEMESİ: İş Mahkemesi 1-Davacı Annenin Maddi, Davacı Kardeşlerin Manevi Tazminat İstemlerine İlişkin Hükümler Yönünden Miktar veya değeri temyiz kesinlik sınırını geçmeyen davalara ilişkin nihai kararlar 6100 sayılı Hukuk Muhakemeleri Kanununun 36"
698,20.3,Yargıtay,10,10021,2021,15991,2021-12-14,gebe+illiyet,gebe×1 | travma×14 | illiyet×9 | trafik/iş kaz,YARGITAY KARARI,"Bölge Adliye Mahkemesi : ... Bölge Adliye Mahkemesi .... Hukuk Dairesi Dava, iş kazasından kaynaklanan maddi ve manevi tazminat istemlerine ilişkindir. İlk Derece Mahkemesince, bozmaya uyularak hükümde belirtilen gerekçelerle davanın kısmen kabulüne dair verilen karara karşı davacılar ve davalı ... "
699,20.3,Yargıtay,21,720,2019,288,2020-01-28,gebe+illiyet,gebe×1 | travma×13 | illiyet×9 | trafik/iş kaz,YARGITAY KARARI,"MAHKEMESİ: İzmir Bölge Adliye Mahkemesi 3. Hukuk Dairesi İLK DERECE MAHKEMESİ: Soma İş Mahkemesi TÜRK MİLLETİ ADINA K A R A R A)Davacı İstemi Davacılar asıl ve birleşen dosyalardaki dava dilekçeleri ve ıslah ile eş için 156.365,25 TL maddi, 190.000,00 TL manevi, çocuk Halil için 21.256,24 TL maddi, "
700,20.3,Yargıtay,21,89,2019,6734,2019-11-11,gebe+illiyet,gebe×1 | travma×13 | illiyet×9 | trafik/iş kaz,YARGITAY KARARI,"MAHKEMESİ: Bölge Adliye Mahkemesi 9. Hukuk Dairesi MAHKEMESİ: İş Mahkemesi A)Davacı İstemi Davacılar dava dilekçesi ve ıslah ile eş için 203.010,51 TL maddi, 250.000,00 TL manevi, çocuk Zeynep için 74.358,63 TL maddi, 145.000,00 TL manevi, çocuk Nisanur için 56.003,01 TL maddi, 145.000,00 TL tazmina"
701,20.3,Yargıtay,21,624,2017,3218,2017-04-18,gebe+illiyet,gebe×1 | travma×14 | illiyet×9 | trafik/iş kaz,YARGITAY KARARI,"MAHKEMESİ:İş Mahkemesi Davacılar murisinin, iş kazası sonucu ölümünden doğan manevi tazminatın ödetilmesi davasının yapılan yargılaması sonunda; ilamda yazılı nedenlerle, davalılardan .... yönünden davanın husumet nedeniyle reddine, 160.000.00TL manevi tazminatın yasal faiziyle birlikte diğer davalı"
702,20.3,Yargıtay,21,5269,2018,4939,2019-09-10,gebe+illiyet,gebe×1 | travma×13 | illiyet×9 | trafik/iş kaz,YARGITAY KARARI,"MAHKEMESİ: İzmir Bölge Adliye Mahkemesi 7. Hukuk Dairesi İLK DERECE MAHKEMESİ: Soma İş Mahkemesi TÜRK MİLLETİ ADINA Davacı murisinin, iş kazası sonucu ölümünden doğan manevi tazminatın ödetilmesine karar verilmesini istemiştir. İlk Derece Mahkemesince davanın kısmen kabulüne karar verilmesi üzerine "
703,20.3,Yargıtay,21,3840,2018,4925,2019-09-10,gebe+illiyet,gebe×1 | travma×14 | illiyet×9 | trafik/iş kaz,YARGITAY KARARI,"MAHKEMESİ:İş Mahkemesi TÜRK MİLLETİ ADINA Davacılar murisinin iş kazası sonucu ölümünden doğan maddi ve manevi tazminatın ödetilmesine karar verilmesini istemiştir. Mahkeme ilamında belirtildiği şekilde, isteğin kısmen kabulüne karar vermiştir. Hükmün, davalılardan TKİ Genel Müdürlüğü vekili tarafın"
704,20.3,Yargıtay,21,5273,2018,5809,2019-10-07,gebe+illiyet,gebe×1 | travma×13 | illiyet×9 | trafik/iş kaz,YARGITAY KARARI,"MAHKEMESİ: ... Bölge Adliye Mahkemesi ... Hukuk Dairesi İLK DERECE MAHKEMESİ: ... İş Mahkemesi K A R A R A)Davacı İstemi; Davacılar dava dilekçesi ve ıslah ile eş için 67.515,24 TL maddi, 200.000,00 TL manevi, çocuk ... için 11.546,15 TL maddi, 125.000,00 TL manevi, çocuk ... için 12.093,43 TL maddi"
705,20.3,Yargıtay,21,1628,2018,3146,2018-04-02,gebe+illiyet,gebe×1 | travma×14 | illiyet×9 | trafik/iş kaz,TAZMİNAT DAVASI - İŞ KAZASININ 301 KİŞİNİN ÖLÜMÜNE VE 486 KİŞİNİN YARALANMASINA YOL AÇTIĞI -  TOPLUMUN GENELİNDE DERİN BİR ÜZÜNTÜ MEYDANA GETİRDİĞİ - MANEVİ TAZMİNATIN CAYDIRICILIK UNSURUNUN ÖNE ÇIKMA,"(6331 S. K. &nbsp;m. 4, 5, 10) (818 S. K. &nbsp;m. 332) (6098 S. K. &nbsp;m. 56, 417) (4857 S. K. &nbsp;m. 2, 77) (YHGK. 09.10.2013 T. 2013/21-102 E. 2013/1456 K.) &nbsp; Dava: Davacılar, murisinin iş kazası sonucu ölümünden doğan maddi ve manevi tazminatın ödetilmesine karar verilmesini istemiştir."
706,20.3,Yargıtay,21,5886,2017,9533,2017-11-21,gebe+illiyet,gebe×1 | travma×13 | illiyet×9 | trafik/iş kaz,TAZMİNAT DAVASI - ÖLÜMLÜ İŞ KAZASI - KARARIN DAYANDIĞI DELİLLERLE KANUNİ GEREKTİRİCİ SEBEPLER - ÖLENİN OLAYDA HİÇ KUSURUNUN BULUNMADIĞI - YERİNDE GÖRÜLMEYEN BÜTÜN TEMYİZ İTİRAZLARININ REDDİYLE USUL VE,"(6331 S. K. m. 4, 5, 10, 19) (6098 S. K. m. 56, 417) (818 S. K. m. 47, 332) (4857 S. K. m. 2, 77) (YHGK. 09.10.2013 T. 2013/21-102 E. 2013/1456 K.) (YHGK. 20.03.2013 T. 2012/21-1121 E. 2013/386 K.) (YHGK. 23.06.2004 T. 2004/13-291 E. 2004/370 K.) &nbsp; Davacılar murisinin, iş kazası sonucu ölümünde"
707,20.3,Yargıtay,10,11044,2021,1507,2022-02-08,gebe+illiyet,gebe×1 | travma×15 | illiyet×9 | trafik/iş kaz,YARGITAY KARARI,"Mahkemesi :İş Mahkemesi Dava, iş kazasından kaynaklanan maddi ve manevi tazminat istemlerine ilişkindir. Mahkemece, (kapatılan) 21. Hukuk Dairesinin bozmaya uyularak ilamda belirtildiği şekilde davanın kısmen kabulüne karar verilmiştir. Hükmün, davalı ... Genel Müdürlüğü tarafından temyiz edilmesi ü"
708,20.3,Yargıtay,21,3285,2018,8146,2018-11-12,gebe+illiyet,gebe×1 | travma×14 | illiyet×9 | trafik/iş kaz,YARGITAY KARARI,"MAHKEMESİ: ... Bölge Adliye Mahkemesi 15. Hukuk Dairesi İLK DERECE MAHKEMESİ: ... İş Mahkemesi TÜRK MİLLETİ ADINA Davacılar, murisinin iş kazası sonucu ölümünden doğan maddi ve manevi tazminatın ödetilmesine karar verilmesini istemiştir. İlk Derece Mahkemesince davanın kısmen kabulüne karar verilmes"
709,20.3,Yargıtay,21,3610,2019,8033,2019-12-23,gebe+illiyet,gebe×1 | travma×13 | illiyet×9 | trafik/iş kaz,YARGITAY KARARI,"MAHKEMESİ: Bölge Adliye Mahkemesi 28. Hukuk Dairesi TÜRK MİLLETİ ADINA K A R A R A)Davacı İstemi Davacılar dava dilekçesi ve ıslah ile anne ve baba için 100.000,00'er TL, kardeşler için 80.000,00'er TL manevi tazminat talep etmişlerdir. B)Davalıların Cevapları Davalılar vekilleri davanın reddi gerek"
710,20.3,Yargıtay,21,1423,2017,4646,2017-05-30,gebe+illiyet,gebe×1 | travma×14 | illiyet×9 | trafik/iş kaz,YARGITAY KARARI,"İLK DERECE MAHKEMESİ : Soma İş Mahkemesi Davacılar murisinin, iş kazası sonucu ölümünden doğan manevi tazminatın ödetilmesine karar verilmesini istemiştir. İlk Derece Mahkemesince davanın kısmen kabulüne karar verilmesi üzerine davalılardan .... ve ... İşletmeleri Kurumu Genel Müdürlüğü vekillerince"
711,20.3,Yargıtay,21,1716,2019,7770,2019-12-16,gebe+illiyet,gebe×1 | travma×14 | illiyet×9 | trafik/iş kaz,YARGITAY KARARI,"MAHKEMESİ:Bölge Adliye Mahkemesi 15. Hukuk Dairesi TÜRK MİLLETİ ADINA Davacılar, murisinin iş kazası sonucu ölümünden doğan manevi tazminatın ödetilmesine karar verilmesini istemiştir.İlk Derece Mahkemesince davanın kısmen kabulüne karar verilmesi üzerine davalılardan ... Genel Müdürlüğü vekilince i"
712,20.3,Yargıtay,21,2630,2019,818,2020-02-17,gebe+illiyet,gebe×1 | travma×14 | illiyet×9 | trafik/iş kaz,YARGITAY KARARI,"MAHKEMESİ:İş Mahkemesi TÜRK MİLLETİ ADINA Davacılar, murisinin iş kazası sonucu ölümünden doğan maddi ve manevi tazminatın ödetilmesine karar verilmesini istemiştir. Mahkeme, bozma üzerine ilamında belirtildiği şekilde, isteğin kısmen kabulüne karar vermiştir. Hükmün davalılardan TKİ vekili tarafınd"
713,20.3,Yargıtay,10,7522,2020,6018,2021-04-27,gebe+illiyet,gebe×1 | travma×14 | illiyet×9 | trafik/iş kaz,YARGITAY KARARI,"Mahkemesi: ... Bölge Adliye Mahkemesi .... Hukuk Dairesi İş kazasından kaynaklanan maddi ve manevi tazminat davasının yapılan yargılaması sonunda; İlk Derece Mahkemesince ilâmda yazılı nedenlerle davanın kısmen kabulüne dair verilen karara karşı birleşen dava dosyasının davacısı ile davalılardan ..."
714,20.3,Yargıtay,21,211,2019,7413,2019-12-03,gebe+illiyet,gebe×1 | travma×13 | illiyet×9 | trafik/iş kaz,YARGITAY KARARI,MAHKEMESİ: Bölge Adliye Mahkemesi 9. Hukuk Dairesi TÜRK MİLLETİ ADINA KARAR 1-İlk derece mahkemesi karar başlığında ... T.C. kimlik numaralı davacı çocuk ... 'nin isminin yazılmaması maddi hatadan kaynaklandığından ve bu maddi hata her zaman mahkemece düzeltilebileceğinden bu husus bozma nedeni yapı
715,20.3,Yargıtay,21,277,2019,7424,2019-12-03,gebe+illiyet,gebe×1 | travma×13 | illiyet×9 | trafik/iş kaz,YARGITAY KARARI,"MAHKEMESİ: Bölge Adliye Mahkemesi 9. Hukuk Dairesi TÜRK MİLLETİ ADINA K A R A R A)Davacı İstemi Davacılar dava dilekçesi ve ıslah ile eş için 201.636,83 TL maddi, 255.000,00 TL manevi, çocuk ... için 24.995,07 TL maddi, 145.000,00 TL manevi, çocuk ... için 53.624,06 TL maddi, 145.000,00 TL manevi, ç"
716,20.3,Yargıtay,10,2183,2021,1077,2022-01-25,gebe+illiyet,gebe×1 | travma×14 | illiyet×9 | trafik/iş kaz,YARGITAY KARARI,"Mahkemesi:İş Mahkemesi Dava, iş kazasından kaynaklanan maddi ve manevi tazminat istemlerine ilişkindir. Mahkemece, bozmaya uyularak ilamda belirtildiği şekilde davanın kısmen kabulüne karar verilmiştir. Hükmün, davalı ... Genel Müdürlüğü vekili tarafından temyiz edilmesi üzerine temyiz isteğinin sür"
717,20.3,Yargıtay,21,3492,2018,5432,2019-09-24,gebe+illiyet,gebe×1 | travma×13 | illiyet×9 | trafik/iş kaz,YARGITAY KARARI,"MAHKEMESİ: ....Hukuk Dairesi İLK DERECE MAHKEMESİ: ...İş Mahkemesi TÜRK MİLLETİ ADINA Davacılar, murisinin iş kazası sonucu ölümünden doğan maddi ve manevi tazminatın ödetilmesine karar verilmesini istemiştir. İlk Derece Mahkemesince davanın kısmen kabulüne karar verilmesi üzerine davalılardan ... v"
718,20.3,Yargıtay,21,248,2017,3221,2017-04-18,gebe+illiyet,gebe×1 | travma×14 | illiyet×9 | trafik/iş kaz,YARGITAY KARARI,"MAHKEMESİ:İş Mahkemesi Davacılar murisinin, iş kazası sonucu ölümünden doğan manevi tazminatın ödetilmesi davasının yapılan yargılaması sonunda; ilamda yazılı nedenlerle, 450.000.00TL manevi tazminatın yasal faiziyle birlikte davalılardan müştereken ve müteselsilen alınarak davacılara verilmesine il"
719,20.3,Yargıtay,10,9804,2020,2975,2021-03-09,gebe+illiyet,gebe×1 | travma×15 | illiyet×9 | trafik/iş kaz,TAZMİNAT DAVASI - DAVALI GENEL MÜDÜRLÜĞÜ TARAFINDAN YATIRILAN BAKİYE KARAR VE İLAM HARÇLARININ İLGİLİ MADDESİNE AYKIRI OLDUĞU - EKSİK İNCELEME VE ARAŞTIRMA SONUCU KARAR VERİLMESİNİN İSABETSİZLİĞİ - HÜ,"(5521 S. K. m. 5, 8) (7036 S. K. m. 8) (6100 S. K. m. 346, 362, 366) (818 S. K. m. 47, 332) (6098 S. K. m. 56, 417) (6331 S. K. m. 4, 5, 10) (4857 S. K. m. 2, 77) (492 S. K. m. 8) (YHGK. 09.10.2013 T. 2013/21-102 E. 2013/1456 K.) (YHGK. 20.03.2013 T. 2012/21-1121 E. 2013/386 K.) &nbsp; Dava: Dava, i"
720,20.3,Yargıtay,21,4284,2019,287,2020-01-28,gebe+illiyet,gebe×1 | travma×13 | illiyet×9 | trafik/iş kaz,YARGITAY KARARI,"MAHKEMESİ: İzmir Bölge Adliye Mahkemesi 15. Hukuk Dairesi İLK DERECE MAHKEMESİ: Soma İş Mahkemesi TÜRK MİLLETİ ADINA K A R A R A)Davacı İstemi Davacılar asıl ve birleşen dosyalardaki dava dilekçeleri ve ıslah ile eş için 390.046,97 TL maddi, 250.000,00 TL manevi anne için 50.145,38 TL maddi, 100.000"
721,20.3,Yargıtay,10,10118,2020,2076,2021-02-23,gebe+illiyet,gebe×1 | travma×14 | illiyet×9 | trafik/iş kaz,MADDİ VE MANEVİ TAZMİNAT - KAZA OLAYININ MEYDANA GELMESİNDE KUSURU BULUNANLAR ARASINDAKİ KUSUR DAĞILIMININ KENDİ ARALARINDA GÖRÜLMESİ MUHTEMEL RÜCU DAVASINDA YENİDEN DEĞERLENDİRİLMESİNİN MÜMKÜN BULUND,"(5521 S. K. m. 8) (6100 S. K. m. 297, 346, 362) (6331 S. K. m. 4, 5, 10) (818 S. K. m. 47, 332) (6098 S. K. m. 56, 417) (4857 S. K. m. 2, 44) &nbsp; Dava, iş kazasından kaynaklanan maddi ve manevi tazminat istemlerine ilişkindir. &nbsp; İlk Derece Mahkemesince, hükümde belirtilen gerekçelerle davalı"
722,20.3,Yargıtay,21,5270,2018,5813,2019-10-07,gebe+illiyet,gebe×1 | travma×14 | illiyet×9 | trafik/iş kaz,YARGITAY KARARI,"MAHKEMESİ: ... Bölge Adliye Mahkemesi ... Hukuk Dairesi İLK DERECE MAHKEMESİ: ... İş Mahkemesi Davacılar, murisinin iş kazası sonucu ölümünden doğan maddi ve manevi tazminatın ödetilmesine karar verilmesini istemiştir. İlk Derece Mahkemesince davanın kısmen kabulüne karar verilmesi üzerine davalılar"
723,20.3,Yargıtay,21,5689,2017,9710,2017-11-27,gebe+illiyet,gebe×1 | travma×13 | illiyet×9 | trafik/iş kaz,TAZMİNAT DAVASI - ÖLÜMLÜ İŞ KAZASI - KARARIN DAYANDIĞI DELİLLERLE KANUNİ GEREKTİRİCİ SEBEPLER - ÖLENİN OLAYDA HİÇ KUSURUNUN BULUNMADIĞI - YERİNDE GÖRÜLMEYEN BÜTÜN TEMYİZ İTİRAZLARININ REDDİYLE USUL VE,"(6331 S. K. m. 4, 5, 10, 19) (6098 S. K. m. 56, 417) (818 S. K. m. 47, 332) (4857 S. K. m. 2, 77) (YHGK. 09.10.2013 T. 2013/21-102 E. 2013/1456 K.) (YHGK. 20.03.2013 T. 2012/21-1121 E. 2013/386 K.) (YHGK. 23.06.2004 T. 2004/13-291 E. 2004/370 K.) &nbsp; Davacılar murisinin, iş kazası sonucu ölümünde"
724,20.3,Yargıtay,21,3077,2017,5161,2017-06-12,gebe+illiyet,gebe×1 | travma×14 | illiyet×9 | trafik/iş kaz,YARGITAY KARARI,"BÖLGE ADLİYE MAHKEMESİ: ... 9. Hukuk Dairesi Davacılar murisinin, iş kazası sonucu ölümünden doğan manevi tazminatın ödetilmesine karar verilmesini istemiştir. İlk Derece Mahkemesince davanın kısmen kabulüne karar verilmesi üzerine davalılardan ... A.Ş. ve ... vekillerince istinaf kanun yoluna başvu"
725,20.3,Yargıtay,21,3958,2018,4928,2019-09-10,gebe+illiyet,gebe×1 | travma×13 | illiyet×9 | trafik/iş kaz,YARGITAY KARARI,"MAHKEMESİ: İzmir Bölge Adliye Mahkemesi 7. Hukuk Dairesi İLK DERECE MAHKEMESİ: Soma İş Mahkemesi TÜRK MİLLETİ ADINA Davacılar murisinin, iş kazası sonucu ölümünden doğan maddi ve manevi tazminatın ödetilmesine karar verilmesini istemiştir. İlk Derece Mahkemesince davanın kısmen kabulüne karar verilm"
726,20.3,Yargıtay,10,7341,2020,6191,2020-11-02,gebe+illiyet,gebe×1 | travma×14 | illiyet×9 | trafik/iş kaz,MADDİ VE MANEVİ TAZMİNAT DAVASI - ORGANİK BAĞ NEDENİYLE DAVALININ DA HÜKÜM ALTINA ALINAN TAZMİNATLARDAN SORUMLU TUTULMASI GEREKTİĞİ - HÜKMÜN BOZULMASI,"(4857 S. K. m. 2, 77) (6098 S. K. m. 56, 417) (818 S. K. m. 47) (6331 S. K. m. 4, 5) (YHGK 20.03.2013 T. 2012/21-1121 E. 2013/386 K.) &nbsp; Davacılar murisinin iş kazası sonucu ölümünden doğan maddi ve manevi tazminatın ödetilmesine karar verilmesini istemiştir. &nbsp; Mahkeme, ilamında belirtildiğ"
727,20.3,Yargıtay,21,2039,2018,7361,2018-10-15,gebe+illiyet,gebe×1 | travma×13 | illiyet×9 | trafik/iş kaz,TAZMİNAT DAVASI - ÖLENİN OLAYDA HİÇ KUSURUNUN BULUNMADIĞININ ANLAŞILIP KAZA OLAYININ MEYDANA GELMESİNDE KUSURU BULUNANLAR ARASINDAKİ KUSUR DAĞILIMININ KENDİ ARALARINDA GÖRÜLMESİ MUHTEMEL RÜCU DAVASIND,"(6331 S. K. m. 4, 10) (4857 S. K. m. 2, 77) (818 S. K. m. 47) (6098 S. K. m. 56) (YHGK. 23.06.2004 T. 2004/13-291E. 2004/370 K.) (YHGK. 09.10.2013 T. 2013/21-102 E. 2013/1456 K.) &nbsp; Asıl ve birleşen dava bakımından; Davacılar, murisinin iş kazası sonucu ölümünden doğan maddi ve manevi tazminatın"
728,20.3,Yargıtay,10,7864,2020,3396,2021-03-16,gebe+illiyet,gebe×1 | travma×15 | illiyet×9 | trafik/iş kaz,YARGITAY KARARI,"Mahkemesi:İş Mahkemesi ... Dava, iş kazasından kaynaklanan maddi ve manevi tazminat istemlerine ilişkindir. Mahkemece, (kapatılan) 21. H.D.nin bozma ilamına uyarak ilamda belirtildiği şekilde asıl dava dosyasında davalı .... hakkındaki davanın reddine, diğer davalılar yönünden davanın kısmen kabulün"
729,20.3,Yargıtay,21,116,2020,1724,2020-06-01,gebe+illiyet,gebe×1 | travma×13 | illiyet×9 | trafik/iş kaz,YARGITAY KARARI,"MAHKEMESİ: ... Bölge Adliye Mahkemesi 7. Hukuk Dairesi TÜRK MİLLETİ ADINA Davacılar, murisinin işkazası sonucu ölümünden doğan maddi ve manevi tazminatın ödetilmesine karar verilmesini istemiştir.İlk Derece Mahkemesince davanın kabulüne karar verilmesi üzerine davalılardan TKİ vekilince istinaf kanu"
730,20.3,Yargıtay,21,250,2017,3211,2017-04-18,gebe+illiyet,gebe×1 | travma×14 | illiyet×9 | trafik/iş kaz,YARGITAY KARARI,"MAHKEMESİ:İş Mahkemesi Davacı murisinin, iş kazası sonucu ölümünden doğan manevi tazminatın ödetilmesi davasının yapılan yargılaması sonunda; ilamda yazılı nedenlerle, 40.000.00TL manevi tazminatın yasal faiziyle birlikte davalılardan müştereken ve müteselsilen alınarak davacıya verilmesine ilişkin "
731,20.3,Yargıtay,21,20301,2016,9305,2017-11-14,gebe+illiyet,gebe×1 | travma×13 | illiyet×9 | trafik/iş kaz,YARGITAY KARARI,"... Davacılar murisinin, iş kazası sonucu ölümünden doğan maddi ve manevi tazminatın ödetilmesi davasının yapılan yargılaması sonunda; ilamda yazılı nedenlerle, davacılar maddi tazminat taleplerini atiye bırakmaları nedeniyle karar verilmesine yer olmadığına, 50.000,00 TL manevi tazminatın yasal fai"
732,20.3,Yargıtay,10,9685,2020,2979,2021-03-09,gebe+illiyet,gebe×1 | travma×15 | illiyet×9 | trafik/iş kaz,MADDİ VE MANEVİ TAZMİNAT DAVASI - İŞ KAZASINDAN KAYNAKLANAN TAZMİNAT - BOZMAYA UYULMASINA KARŞIN EŞİN MANEVİ TAZMİNAT İSTEMİNE İLİŞKİN BOZMA NEDENİNİN GEREĞİ YERİNE GETİRİLMEDEN MANEVİ TAZMİNATA HÜKME,"(5521 S. K. m. 8) (7036 S. K. m. 7, 8) (6100 S. K. m. 297, 362, 366) (6331 S. K. m. 4, 5, 10, 19) (818 S. K. m. 47, 332) (6098 S. K. m. 56, 417) (4857 S. K. m. 2, 77) (492 S. K. m. 8) (YHGK 09.10.2013 T. 2013/21-102 E. 2013/1456 K.) (YHGK 20.03.2013 T. 2012/21-1121 E. 2013/386 K.) (YHGK 23.06.2004 T"
733,20.3,Yargıtay,21,3648,2018,5636,2019-10-01,gebe+illiyet,gebe×1 | travma×14 | illiyet×9 | trafik/iş kaz,YARGITAY KARARI,"MAHKEMESİ: ... Bölge Adliye Mahkemesi ... Hukuk Dairesi İLK DERECE MAHKEMESİ: ... İş Mahkemesi Davacı, murisinin iş kazası sonucu ölümünden doğan maddi ve manevi tazminatının ödetilmesine karar verilmesini istemiştir. İlk Derece Mahkemesince davanın kısmen kabulüne karar verilmesi üzerine davacılar "
734,20.3,Yargıtay,21,2984,2018,8963,2018-12-04,gebe+illiyet,gebe×1 | travma×14 | illiyet×9 | trafik/iş kaz,YARGITAY KARARI,"MAHKEMESİ: ...... ...... Mahkemesi 7. Hukuk Dairesi Davacı murisinin, iş kazası sonucu ...ünden doğan maddi ve manevi tazminatın ödetilmesine karar verilmesini istemiştir. ...... Mahkemesince davanın kısmen kabulüne karar verilmesi üzerine davalılardan ... vekilince ...... kanun yoluna başvurulmuştu"
735,20.3,Yargıtay,21,15818,2016,3196,2017-04-18,gebe+illiyet,gebe×1 | travma×14 | illiyet×9 | trafik/iş kaz,YARGITAY KARARI,"MAHKEMESİ:İş Mahkemesi Davacılar murisinin, iş kazası sonucu ölümünden doğan manevi tazminatın ödetilmesi davasının yapılan yargılaması sonunda; ilamda yazılı nedenlerle, 120.000,00TL manevi tazminatın yasal faiziyle birlikte davalılardan müştereken ve müteselsilen alınarak davacılara verilmesine il"
736,20.3,Yargıtay,21,4291,2019,281,2020-01-28,gebe+illiyet,gebe×1 | travma×13 | illiyet×9 | trafik/iş kaz,YARGITAY KARARI,"MAHKEMESİ: İzmir Bölge Adliye Mahkemesi 15. Hukuk Dairesi İLK DERECE MAHKEMESİ: Soma İş Mahkemesi TÜRK MİLLETİ ADINA K A R A R A)Davacı İstemi Davacılar dava dilekçesi ve ıslah ile eş için 108.842,61 TL maddi, 200.000,00 TL manevi, çocuk için 66.601,51 TL maddi, 150.000,00 TL manevi, anne, baba ve k"
737,20.3,Yargıtay,10,3582,2021,2779,2022-03-01,gebe+illiyet,gebe×1 | travma×11 | illiyet×9 | trafik/iş kaz,YARGITAY KARARI,"Mahkemesi : ... Bölge Adliye Mahkemesi 7. Hukuk Dairesi İlk DereceMahkemesi: ... 32. İş Mahkemesi Dava, iş kazasından kaynaklanan maddi ve manevi tazminat istemlerine ilişkindir. İlk Derece Mahkemesince, hükümde belirtilen gerekçelerle maddi tazminat isteminin reddine, manevi tazminat isteminin ise "
738,20.3,Yargıtay,21,750,2020,2098,2020-06-09,gebe+illiyet,gebe×1 | travma×14 | illiyet×9 | trafik/iş kaz,YARGITAY KARARI,"MAHKEMESİ: ... Bölge Adliye Mahkemesi 15. Hukuk Dairesi TÜRK MİLLETİ ADINA Davacılar, murisinin iş kazası sonucu ölümünden doğan maddi ve manevi tazminatın ödetilmesine karar verilmesini istemiştir.İlk Derece Mahkemesince davanın kısmen kabulüne karar verilmesi üzerine davacılardan ... ile davalılar"
739,20.3,Yargıtay,21,1371,2019,7769,2019-12-16,gebe+illiyet,gebe×1 | travma×13 | illiyet×9 | trafik/iş kaz,YARGITAY KARARI,"MAHKEMESİ:Bölge Adliye Mahkemesi 7. Hukuk Dairesi TÜRK MİLLETİ ADINA K A R A R A)Davacı İstemi Davacılar dava dilekçesi ve ıslah ile anne için 18.083,19 TL maddi, 150.000,00 TL manevi, baba için 46.041,51 TL maddi, 150.000,00 TL manevi, kardeş için 2bin TL maddi, 150.000,00 TL manevi tazminat talep "
740,20.3,Yargıtay,10,1826,2021,7331,2021-06-01,gebe+illiyet,gebe×1 | travma×12 | illiyet×9 | trafik/iş kaz,TAZMİNAT DAVASI - KUSUR DAĞILIMININ MUHTEMEL RÜCU DAVASINDA YENİDEN DEĞERLENDİRİLMESİNİN MÜMKÜN BULUNDUĞU - BİRLEŞEN DAVA DOSYASININ DAVACISI EŞİN SOYİSMİNİN GEREKÇELİ KARAR BAŞLIĞINDA HATALI GÖSTERİL,"(5521 S. K. m. 8) (7036 S. K. m. 7, 8) (6100 S. K. m. 297, 346, 362, 366, 370, Ek. m.1) (6331 S. K. m. 4, 5, 10, 19) (818 S. K. m. 47, 332) (6098 S. K. m. 56, 417) (4857 S. K. m. 2, 77) (YİBK 01.06.1990 T. 1989/3 E. 1990/4 K.) (YHGK 09.10.2013 T. 2013/21-102 E. 2013/1456 K.) (YHGK 20.03.2013 T. 2012"
741,20.3,Yargıtay,21,2160,2019,7773,2019-12-16,gebe+illiyet,gebe×1 | travma×12 | illiyet×9 | trafik/iş kaz,YARGITAY KARARI,"MAHKEMESİ:Bölge Adliye Mahkemesi 9. Hukuk Dairesi TÜRK MİLLETİ ADINA Davacı, murisinin işkazası sonucu ölümünden doğan maddi ve manevi tazminatın ödetilmesine karar verilmesini istemiştir.İlk Derece Mahkemesince davanın kısmen kabulüne karar verilmesi üzerine davacı ile davalılardan ... Genel Müdürl"
742,20.3,Yargıtay,10,9919,2020,3398,2021-03-16,gebe+illiyet,gebe×1 | travma×14 | illiyet×9 | trafik/iş kaz,TAZMİNAT DAVASI - KUSURU BULUNANLAR ARASINDAKİ KUSUR DAĞILIMININ İLERDE KENDİ ARALARINDA AÇILABİLECEK RÜCU DAVASINDA YENİDEN DEĞERLENDİRİLECEĞİ - YATIRILAN BAKİYE KARAR VE İLAM HARCININ İLGİLİ MADDEYE,"(6331 S. K. m. 4, 5, 10) (818 S. K. m. 47, 332) (6098 S. K. m. 56, 417) (6100 S. K. m. 297) (492 S. K. m. 8) (4857 S. K. m. 2, 77) (YHGK. 09.10.2013 T. 2013/21-102 E. 2013/1456 K.) (YHGK. 20.03.2013 T. 2012/21-1121 E. 2013/386 K.) &nbsp; Dava ve Karar: Dava, iş kazasından kaynaklanan maddi ve manevi"
743,20.3,Yargıtay,10,3366,2022,6797,2023-06-13,gebe+illiyet,gebe×1 | travma×20 | illiyet×9 | trafik/iş kaz,YARGITAY KARARI,"MAHKEMESİ: ... Bölge Adliye Mahkemesi 3. Hukuk Dairesi SAYISI: 2019/1862 Esas, 2019/1266 Karar HÜKÜM/KARAR: Esastan Red İLK DERECE MAHKEMESİ: Soma İş Mahkemesi SAYISI: 2017/165 Esas, 2018/156 Karar Taraflar arasında İlk Derece Mahkemesinde görülen ve istinaf incelemesinden geçen iş kazasından kaynak"
744,20.3,Yargıtay,21,437,2020,1732,2020-06-01,gebe+illiyet,gebe×1 | travma×12 | illiyet×9 | trafik/iş kaz,YARGITAY KARARI,MAHKEMESİ:... Bölge Adliye Mahkemesi 8. Hukuk Dairesi TÜRK MİLLETİ ADINA Davacılar murisinin işkazası sonucu ölümünden doğan maddi ve manevi tazminatın ödetilmesine karar verilmesini istemiştir.İlk Derece Mahkemesince davanın kısmen kabulüne karar verilmesi üzerine davalılardan TKİ vekilince istinaf
745,20.3,Yargıtay,10,6422,2021,11749,2022-10-04,gebe+illiyet,gebe×1 | travma×14 | illiyet×9 | trafik/iş kaz,YARGITAY KARARI,"Bölge Adliye Mahkemesi : ... Bölge Adliye Mahkemesi 19. Hukuk Dairesi No : Dava, iş kazasından kaynaklanan maddi ve manevi tazminat istemlerine ilişkindir. İlk Derece Mahkemesince, hükümde belirtilen gerekçelerle davanın kısmen kabulüne dair verilen karara karşı davalı ... Genel Müdürlüğü vekili tar"
746,20.3,Yargıtay,21,17433,2016,3203,2017-04-18,gebe+illiyet,gebe×1 | travma×14 | illiyet×9 | trafik/iş kaz,TAZMİNAT DAVASI - ÖLENİN OLAYDA HİÇ KUSURUNUN BULUNMADIĞI - KUSUR DAĞILIMININ İLERDE KENDİ ARALARINDA AÇILABİLECEK RÜCU DAVASINDA YENİDEN DEĞERLENDİRİLMESİNİN MÜMKÜN BULUNMASI - USUL VE KANUNA UYGUN O,"(6331 S. K. m. 4, 5, 10, 19) (818 S. K. m. 47, 332) (6098 S. K. m. 56, 417) (4857 S. K. m. 2, 77) (YHGK. 09.10.2013 T. 2013/21-102 E. 2013/1456 K.) (YHGK. 20.03.2013 T. 2012/21-1121 E. 2013/386 K.) Dava ve Karar: Davacılar murisinin, iş kazası sonucu ölümünden doğan manevi tazminatın ödetilmesi dava"
747,20.3,Yargıtay,10,9199,2020,5598,2021-04-20,gebe+illiyet,gebe×1 | travma×14 | illiyet×9 | trafik/iş kaz,YARGITAY KARARI,"Mahkemesi: ... Bölge Adliye Mahkemesi Hukuk Dairesi Dava, iş kazasından kaynaklanan maddi ve manevi tazminat istemlerine ilişkindir. İlk Derece Mahkemesince, hükümde belirtilen gerekçelerle davalı .... yönünden davanın reddine, diğer davalılar ... ile ...yönünden davanın kısmen kabulüne dair verilen"
748,20.3,Yargıtay,21,231,2020,1730,2020-06-01,gebe+illiyet,gebe×1 | travma×13 | illiyet×9 | trafik/iş kaz,YARGITAY KARARI,"MAHKEMESİ: ... Bölge Adliye Mahkemesi 7. Hukuk Dairesi TÜRK MİLLETİ ADINA K A R A R A)Davacı İstemi Davacılar dava dilekçesi ve ıslah ile eş için 260.937,02 TL maddi, 200.000,00 TL manevi, çocuk ... için 51.248,01 TL maddi, 150.000,00 TL manevi, çocuk ... için 54.809,82 TL maddi, 150.000,00 TL manev"
749,20.3,Yargıtay,21,404,2018,1141,2018-02-13,gebe+illiyet,gebe×1 | travma×17 | illiyet×9 | trafik/iş kaz,TAZMİNAT DAVASI - ÖLÜMLÜ İŞ KAZASI - DAVACILAR DEDE VE BABAANNE İLE MÜTEVEFFA SİGORTALI ARASINDA EYLEMLİ VE GERÇEK BİR BAĞ BULUNDUĞUNUN KANITLANAMAMASI - DEDE VE BABAANNENİN MANEVİ TAZMİNAT İSTEMLERİN,"(4857 S. K. m. 2, 77) (6331 S. K. m. 4, 5, 10, 19) (6098 S. K. m. 49, 50, 51, 52, 53, 54, 55, 56, 417) (818 S. K. m. 47, 332) (6100 S. K. m. 355) (YİBK. 22.6.1966 T. 1966/7 E. 1966/7 K.) (YHGK. 09.10.2013 T. 2013/21-102 E. 2013/1456 K.) (YHGK. 20.03.2013 T. 2012/21-1121 E. 2013/386 K.) (YHGK. 23.6.2"
750,20.3,Yargıtay,10,3024,2021,1504,2022-02-08,gebe+illiyet,gebe×1 | travma×13 | illiyet×9 | trafik/iş kaz,YARGITAY KARARI,"Mahkemesi:İş Mahkemesi Dava, iş kazasından kaynaklanan maddi ve manevi tazminat istemlerine ilişkindir. Mahkemece, bozmaya uyularak ilamda belirtildiği şekilde davanın kısmen kabulüne karar verilmiştir. Hükmün, davacılar vekili tarafından temyiz edilmesi üzerine temyiz isteğinin süresinde olduğu anl"
751,20.3,Yargıtay,21,80,2019,6737,2019-11-11,gebe+illiyet,gebe×1 | travma×14 | illiyet×9 | trafik/iş kaz,YARGITAY KARARI,"MAHKEMESİ:Bölge Adliye Mahkemesi 9. Hukuk Dairesi MAHKEMESİ: İş Mahkemesi Davacılar murisinin, iş kazası sonucu ölümünden doğan maddi ve manevi tazminatın ödetilmesine karar verilmesini istemiştir. İlk Derece Mahkemesince davanın kısmen kabulüne karar verilmesi üzerine davacılar ve davalılardan ... "
752,20.3,Yargıtay,10,11383,2020,5595,2021-04-20,gebe+illiyet,gebe×1 | travma×14 | illiyet×9 | trafik/iş kaz,YARGITAY KARARI,"Mahkemesi: ... Bölge Adliye Mahkemesi .... Hukuk Dairesi Dava, iş kazasından kaynaklanan maddi tazminat istemlerine ilişkindir. İlk Derece Mahkemesince, hükümde belirtilen gerekçelerle davanın kabulüne dair verilen karara karşı davalı ... tarafından istinaf yoluna başvurulması üzerine, ... Bölge Adl"
753,20.3,Yargıtay,21,133,2017,3209,2017-04-18,gebe+illiyet,gebe×1 | travma×14 | illiyet×9 | trafik/iş kaz,İŞ KAZASI SONUCU ÖLÜMDEN DOĞAN MANEVİ TAZMİNATIN ÖDETİLMESİ DAVASI - TOPLUMU DERİNDEN ETKİLEYEN FACİALARDA HÜKÜM ALTINA ALINAN MANEVİ TAZMİNAT TUTARLARI DEĞERLENDİRİLİRKEN MANEVİ TAZMİNATIN CAYDIRICIL,"(6331 S. K. m. 4, 5, 10, 19) (818 S. K. m. 47, 332) (6098 S. K. m. 56, 417) (4857 S. K. m. 2, 77) (YHGK 09.10.2013 T. 2013/21-102 E. 2013/1456 K.) (YHGK 20.03.2013 T. 2012/21-1121 E. 2013/386 K.) (YHGK 23.06.2004 T. 2004/13-291 E. 2004/370 K.) Dava: Davacılar murisinin, iş kazası sonucu ölümünden do"
754,20.3,Yargıtay,21,86,2019,6740,2019-11-11,gebe+illiyet,gebe×1 | travma×13 | illiyet×9 | trafik/iş kaz,YARGITAY KARARI,"MAHKEMESİ: Bölge Adliye Mahkemesi 9. Hukuk Dairesi MAHKEMESİ: İş Mahkemesi Davacılar murisinin, iş kazası sonucu ölümünden doğan maddi ve manevi tazminatın ödetilmesine karar verilmesini istemiştir. İlk Derece Mahkemesince davanın kısmen kabulüne karar verilmesi üzerine davacılar ve davalılardan ..."
755,20.3,Yargıtay,10,5534,2021,9682,2021-07-06,gebe+illiyet,gebe×1 | travma×17 | illiyet×9 | trafik/iş kaz,YARGITAY KARARI,"Mahkemesi: Ankara 15. İş Mahkemesi Dava, iş kazasından sigortalının vefatı nedeniyle hak sahiplerinin maddi ve manevi zararlarının giderilmesi istemine ilişkindir İlk Derece Mahkemesince, hükümde belirtilen gerekçelerle davanın kısmen kabul ve kısmen reddine dair verilen karara karşı, davalı vekili "
756,20.3,Yargıtay,21,1207,2019,7768,2019-12-16,gebe+illiyet,gebe×1 | travma×13 | illiyet×9 | trafik/iş kaz,YARGITAY KARARI,"MAHKEMESİ: Bölge Adliye Mahkemesi 7. Hukuk Dairesi TÜRK MİLLETİ ADINA Davacılar, murisinin işkazası sonucu ölümünden doğan maddi ve manevi tazminatın ödetilmesine karar verilmesini istemiştir.İlk Derece Mahkemesince davanın kısmen kabulüne karar verilmesi üzerine davalılardan ...Genel Müdürlüğü veki"
757,20.3,Yargıtay,21,4982,2018,5805,2019-10-07,gebe+illiyet,gebe×1 | travma×13 | illiyet×9 | trafik/iş kaz,YARGITAY KARARI,"MAHKEMESİ: ... Bölge Adliye Mahkemesi ... Hukuk Dairesi İLK DERECE MAHKEMESİ: ... İş Mahkemesi Davacılar, murisinin iş kazası sonucu ölümünden doğan maddi tazminatın ödetilmesine karar verilmesini istemiştir. İlk Derece Mahkemesince davanın kısmen kabulüne karar verilmesi üzerine davalılardan ... ve"
758,20.3,Yargıtay,21,5396,2018,6069,2019-10-14,gebe+illiyet,gebe×1 | travma×13 | illiyet×9 | trafik/iş kaz,YARGITAY KARARI,"MAHKEMESİ: ... Bölge Adliye Mahkemesi ... Hukuk Dairesi İLK DERECE MAHKEMESİ: ... İş Mahkemesi K A R A R A)Davacı İstemi; Davacılar dava dilekçesi ve ıslah ile eş için 154.436,20 TL maddi, 300.000,00 TL manevi, anne için 1.000,00 TL maddi, 100.000,00 TL manevi, kardeşler için 50.000,00'er TL tazmina"
759,20.3,Yargıtay,10,10929,2025,16539,2025-12-02,gebe+illiyet,gebe×1 | travma×14 | illiyet×9 | trafik/iş kaz,YARGITAY KARARI,"MAHKEMESİ: İzmir Bölge Adliye Mahkemesi 3. Hukuk Dairesi SAYISI: 2020/1628 E., 2022/957 K. İLK DERECE MAHKEMESİ: Soma 1. İş Mahkemesi SAYISI: 2018/556 E., 2020/51 K. Taraflar arasındaki iş kazasından kaynaklanan maddi ve manevi tazminat davasından dolayı yapılan yargılama sonunda, İlk Derece Mahkeme"
760,20.3,Yargıtay,21,898,2019,7766,2019-12-16,gebe+illiyet,gebe×1 | travma×14 | illiyet×9 | trafik/iş kaz,TAZMİNAT DAVASI - KAZA OLAYININ MEYDANA GELMESİNDE KUSURU BULUNANLAR ARASINDAKİ KUSUR DAĞILIMININ KENDİ ARALARINDA GÖRÜLMESİ MUHTEMEL RÜCU DAVASINDA YENİDEN DEĞERLENDİRİLMESİNİN MÜMKÜN BULUNMASI - HÜK,"(818 S. K. m. 47) (6098 S. K. m. 56, 417) (4857 S. K. m. 2) (6331 S. K. m. 4, 5, 19) (YHGK. 09.10.2013 T. 2013/21-102 E. 2013/1456 K.) (YHGK. 23.6.2004 T. 2004/13-291E. 2004/370K.) &nbsp; Davacılar, murisinin iş kazası sonucu ölümünden doğan maddi ve manevi tazminatın ödetilmesine karar verilmesini "
761,20.3,Yargıtay,21,1320,2017,7990,2018-11-06,gebe+illiyet,gebe×1 | travma×13 | illiyet×9 | trafik/iş kaz,YARGITAY KARARI,"MAHKEMESİ: ... Bölge Adliye Mahkemesi 7. Hukuk Dairesi İLK DERECE MAHKEMESİ: ... İş Mahkemesi TÜRK MİLLETİ ADINA Davacı murisinin, iş kazası sonucu ölümünden doğan maddi ve manevi tazminatın ödetilmesine karar verilmesini istemiştir. İlk Derece Mahkemesince davanın kısmen kabulüne karar verilmesi üz"
762,20.3,Yargıtay,21,4288,2019,8028,2019-12-23,gebe+illiyet,gebe×1 | travma×13 | illiyet×9 | trafik/iş kaz,YARGITAY KARARI,"MAHKEMESİ:Bölge Adliye Mahkemesi 15. Hukuk Dairesi TÜRK MİLLETİ ADINA Davacılar, murisinin işkazası sonucu ölümünden doğan maddi ve manevi tazminatın ödetilmesine karar verilmesini istemiştir.İlk Derece Mahkemesince davanın kabulüne karar verilmesi üzerine davalılardan ... vekilince istinaf kanun yo"
763,20.3,Yargıtay,21,19309,2016,4313,2017-05-23,gebe+illiyet,gebe×1 | travma×14 | illiyet×9 | trafik/iş kaz,MANEVİ TAZMİNAT DAVASI - ÖLÜMLÜ İŞ KAZASI - ÖLENİN OLAYDA HİÇ KUSURUNUN BULUNMADIĞI - İŞ KAZASININ MEYDANA GELMESİNDE KUSURU BULUNANLAR ARASINDAKİ KUSUR DAĞILIMININ İLERDE KENDİ ARALARINDA AÇILABİLECE,"(6331 S. K. m. 4, 5, 10, 19) (4857 S. K. m. 2, 77) (6098 S. K. m. 56, 417) (818 S. K. m. 47, 332) (YHGK. 09.10.2013 T. 2013/21-102 E. 2013/1456 K.) (YHGK. 20.03.2013 T. 2012/21-1121 E. 2013/386 K.) (YHGK. 23.06.2004 T. 2004/13-291 E. 2004/370 K.) Davacılar murisinin, iş kazası sonucu ölümünden doğan"
764,20.3,Yargıtay,21,84,2019,6574,2019-11-06,gebe+illiyet,gebe×1 | travma×14 | illiyet×9 | trafik/iş kaz,YARGITAY KARARI,"MAHKEMESİ: Bölge Adliye Mahkemesi 3. Hukuk Dairesi İLK DERECE MAHKEMESİ: İş Mahkemesi Davacılar, murisinin iş kazası sonucu ölümünden doğan maddi ve manevi tazminatın ödetilmesine karar verilmesini istemiştir. İlk Derece Mahkemesince davanın kısmen kabulüne karar verilmesi üzerine davalılardan ... İ"
765,20.3,Yargıtay,21,83,2019,6565,2019-11-06,gebe+illiyet,gebe×1 | travma×14 | illiyet×9 | trafik/iş kaz,YARGITAY KARARI,"MAHKEMESİ: Bölge Adliye Mahkemesi 9. Hukuk Dairesi MAHKEMESİ: İş Mahkemesi Davacılar, murisinin iş kazası sonucu ölümünden doğan maddi ve manevi tazminatın ödetilmesine karar verilmesini istemiştir. İlk Derece Mahkemesince davanın kısmen kabulüne karar verilmesi üzerine davalılardan ... Genel Müd.ve"
766,20.3,Yargıtay,21,93,2019,6736,2019-11-11,gebe+illiyet,gebe×1 | travma×14 | illiyet×9 | trafik/iş kaz,YARGITAY KARARI,"MAHKEMESİ:Bölge Adliye Mahkemesi 9. Hukuk Dairesi İLK DERECE MAHKEMESİ: İş Mahkemesi Asıl ve birleşen dava bakımından; Davacılar, murisinin iş kazası sonucu maluliyetinden doğan maddi ve manevi tazminatın ödetilmesine karar verilmesini istemiştir. İlk Derece Mahkemesince, asıl ve birleşen davanın kı"
767,20.3,Yargıtay,21,4983,2018,5649,2019-10-01,gebe+illiyet,gebe×1 | travma×13 | illiyet×9 | trafik/iş kaz,YARGITAY KARARI,"MAHKEMESİ: ... Bölge Adliye Mahkemesi ... Hukuk Dairesi İLK DERECE MAHKEMESİ: ... İş Mahkemesi A)Davacı İstemi; Davacılar dava dilekçesi ve ıslah ile anne için 72.382,59 TL maddi, 190.000,00 TL manevi, baba için 500,00 TL maddi, 190.000,00 TL manevi, kardeş için 150.000,00 TL Manevi tazminat ödenmes"
768,20.3,Yargıtay,21,5508,2019,291,2020-01-28,gebe+illiyet,gebe×1 | travma×14 | illiyet×9 | trafik/iş kaz,YARGITAY KARARI,"MAHKEMESİ:İş Mahkemesi TÜRK MİLLETİ ADINA Davacılar, murisinin iş kazası sonucu ölümünden doğan maddi ve manevi tazminatın ödetilmesine karar verilmesini istemiştir. Mahkeme bozma üzerine ilamında belirtildiği şekilde, isteğin kısmen kabulüne karar vermiştir. Hükmün davalılardan ... vekili tarafında"
769,20.3,Yargıtay,21,205,2019,7419,2019-12-03,gebe+illiyet,gebe×1 | travma×13 | illiyet×9 | trafik/iş kaz,TAZMİNAT DAVASI - İLK DERECE MAHKEMESİNCE DAVALILARA YÜKLENECEK KARAR VE İLAM HARCI İLE İLGİLİ HÜKÜM KURULURKEN MÜKERRER HARÇ TAHSİLATINA VE İNFAZDA TEREDDÜTE YOL AÇILMASI İSABETSİZ OLMASI - HÜKMÜN ON,"(6100 S. K. m. 297, 362, 370) &nbsp; KARAR &nbsp; A.Davacı Kardeşlerin Manevi Tazminat İstemlerine İlişkin Hükümler Yönünden, &nbsp; Miktar veya değeri temyiz kesinlik sınırını geçmeyen davalara ilişkin nihai kararlar 6100 sayılı Hukuk Muhakemeleri Kanununun 362/1-(a) maddesi uyarınca temyiz edileme"
770,20.3,Yargıtay,21,2474,2018,4840,2018-05-15,gebe+illiyet,gebe×1 | travma×13 | illiyet×9 | trafik/iş kaz,TAZMİNAT DAVASI - ÖLÜMLÜ İŞ KAZASI - ASIL VE BİRLEŞEN DOSYALARDA HÜKÜM ALTINA ALINAN TAZMİNAT TUTARLARI AÇISINDAN AYRI AYRI KABUL VE RED VEKALET ÜCRETLERİNE HÜKMEDİLEMEYECEĞİ - HÜKMÜN DÜZELTİLEREK ONA,"(4857 S. K. m. 2, 77) (6331 S. K. m. 4, 5, 10, 19) (6098 S. K. m. 56, 417) (818 S. K. m. 47, 332) (YHGK. 09.10.2013 T. 2013/21-102 E. 2013/1456 K.) (YHGK. 20.03.2013 T. 2012/21-1121 E. 2013/386 K.) (YHGK. 23.6.2004 T. 2004/13-291 E. 2004/370 K.) &nbsp; Asıl ve birleşen davalar bakımından; Davacılar "
771,20.3,Yargıtay,21,1974,2017,3193,2017-04-18,gebe+illiyet,gebe×1 | travma×14 | illiyet×9 | trafik/iş kaz,YARGITAY KARARI,"MAHKEMESİ: ....Bölge Adliye Mahkemesi 9. Hukuk Dairesi İLK DERECE MAHKEMESİ :..... İş Mahkemesi Davacılar murisinin, iş kazası sonucu ölümünden doğan manevi tazminatın ödetilmesine karar verilmesini istemiştir. İlk Derece Mahkemesince davanın kısmen kabulüne karar verilmesi üzerine davalılar vekille"
772,20.3,Yargıtay,21,4981,2018,5807,2019-10-07,gebe+illiyet,gebe×1 | travma×14 | illiyet×9 | trafik/iş kaz,YARGITAY KARARI,"MAHKEMESİ: ... Bölge Adliye Mahkemesi ... Hukuk Dairesi İLK DERECE MAHKEMESİ: ... İş Mahkemesi Davacılar murisinin, iş kazası sonucu ölümünden doğan maddi ve manevi tazminatın ödetilmesine karar verilmesini istemiştir. İlk Derece Mahkemesince davanın kısmen kabulüne karar verilmesi üzerine davalılar"
773,20.3,Yargıtay,21,3253,2017,5702,2017-07-04,gebe+illiyet,gebe×1 | travma×14 | illiyet×9 | trafik/iş kaz,YARGITAY KARARI,"MAHKEMESİ: ... Bölge Adliye Mahkemesi 15. Hukuk Dairesi Davacılar murisinin, iş kazası sonucu ölümünden doğan manevi tazminatın ödetilmesine karar verilmesini istemiştir. İlk Derece Mahkemesince davanın kabulüne karar verilmesi üzerine davalılar vekillerince istinaf kanun yoluna başvurulmuştur. Bölg"
774,20.3,Yargıtay,21,16945,2016,3201,2017-04-18,gebe+illiyet,gebe×1 | travma×14 | illiyet×9 | trafik/iş kaz,YARGITAY KARARI,"MAHKEMESİ:İş Mahkemesi Davacılar murisinin, iş kazası sonucu ölümünden doğan manevi tazminatın ödetilmesi davasının yapılan yargılaması sonunda; ilamda yazılı nedenlerle, davalılardan ...Holding A.Ş. bakımından davanın husumet nedeniyle reddine, 200.000,00TL manevi tazminatın yasal faiziyle birlikte"
775,20.3,Yargıtay,21,209,2019,7200,2019-11-26,gebe+illiyet,gebe×1 | travma×13 | illiyet×9 | trafik/iş kaz,YARGITAY KARARI,MAHKEMESİ: Bölge Adliye Mahkemesi 3. Hukuk Dairesi MAHKEMESİ: İş Mahkemesi 1-Davacı Çocuk ...'in Maddi Tazminat İstemine İlişkin Hüküm Yönünden Miktar veya değeri temyiz kesinlik sınırını geçmeyen davalara ilişkin nihai kararlar 6100 sayılı Hukuk Muhakemeleri Kanununun 362/1-(a) maddesi uyarınca tem
776,20.3,Yargıtay,21,3486,2018,9355,2018-12-17,gebe+illiyet,gebe×1 | travma×14 | illiyet×9 | trafik/iş kaz,YARGITAY KARARI,"MAHKEMESİ: Bölge Adliye Mahkemesi . Hukuk Dairesi İLK DERECE MAHKEMESİ: İş Mahkemesi Davacılar, murisinin iş kazası sonucu ölümünden doğan maddi ve manevi tazminatın ödetilmesine karar verilmesini istemiştir. İlk Derece Mahkemesince davanın kısmen kabulüne karar verilmesi üzerine davalılardan ... ve"
777,20.3,Yargıtay,21,92,2019,6731,2019-11-11,gebe+illiyet,gebe×1 | travma×13 | illiyet×9 | trafik/iş kaz,YARGITAY KARARI,"MAHKEMESİ:Bölge Adliye Mahkemesi 9. Hukuk Dairesi MAHKEMESİ: ... İş Mahkemesi A)Davacı İstemi; Davacılar dava dilekçesi ve ıslah ile eş için 128.347,07 TL maddi, 200.000,00 TL manevi, çocuk Emine için 19.345,83 TL maddi, 150.000,00 TL manevi, çocuk Dilan için 22.336,11 TL maddi, 150.000,00 TL manevi"
778,20.3,Yargıtay,21,3191,2018,8142,2018-11-12,gebe+illiyet,gebe×1 | travma×14 | illiyet×9 | trafik/iş kaz,YARGITAY KARARI,"MAHKEMESİ: ... Bölge Adliye Mahkemesi 7. Hukuk Dairesi TÜRK MİLLETİ ADINA Asıl ve birleşen dava davacıları, murisinin iş kazası sonucu ölümünden doğan maddi ve manevi tazminatın ödetilmesine karar verilmesini istemiştir. İlk Derece Mahkemesince asıl davanın kabulüne, birleşen davanın kısmen kabulüne"
779,20.3,Yargıtay,21,425,2019,7559,2019-12-09,gebe+illiyet,gebe×1 | travma×14 | illiyet×9 | trafik/iş kaz,TAZMİNAT DAVASI - ÖLENİN OLAYDA HİÇ KUSURUNUN BULUNMADIĞININ ANLAŞILIP KAZA OLAYININ MEYDANA GELMESİNDE KUSURU BULUNANLAR ARASINDAKİ KUSUR DAĞILIMININ KENDİ ARALARINDA GÖRÜLMESİ MUHTEMEL RÜCU DAVASIND,"(6100 S. K. m. 362) (6331 S. K. m. 4, 5) (4857 S. K. m. 77) (6098 S. K. m. 417) &nbsp; Davacılar, murisinin iş kazası sonucu ölümünden doğan maddi ve manevi tazminatın ödetilmesine karar verilmesini istemiştir.İlk Derece Mahkemesince davanın kısmen kabulüne karar verilmesi üzerine, davalılardan ... "
780,20.3,Yargıtay,21,135,2017,3220,2017-04-18,gebe+illiyet,gebe×1 | travma×14 | illiyet×9 | trafik/iş kaz,YARGITAY KARARI,"MAHKEMESİ:İş Mahkemesi Davacılar murisinin, iş kazası sonucu ölümünden doğan manevi tazminatın ödetilmesi davasının yapılan yargılaması sonunda; ilamda yazılı nedenlerle, davalılardan ... Holding A.Ş. yönünden davanın husumet nedeniyle reddine, 200.000.00TL manevi tazminatın yasal faiziyle birlikte "
781,20.3,Yargıtay,21,3496,2018,8148,2018-11-12,gebe+illiyet,gebe×1 | travma×14 | illiyet×9 | trafik/iş kaz,TAZMİNAT DAVASI - SON YÜZ YILIN EN BÜYÜK İŞ KAZALARINDAN BİRİSİ OLAN BU İŞ KAZASININ YALNIZCA İŞ KAZASINA UĞRAYANLARDA VEYA KAZALILARIN YAKINLARINDA DEĞİL TOPLUMUN GENELİNDE DERİN BİR ÜZÜNTÜ MEYDANA G,"(6100 S. K. m. 362) (4857 S. K. m. 2) &nbsp; TÜRK MİLLETİ ADINA &nbsp; Davacılar, murisinin iş kazası sonucu ölümünden doğan maddi ve manevi tazminatın ödetilmesine karar verilmesini istemiştir. &nbsp; İlk Derece Mahkemesince davanın kısmen kabulüne karar verilmesi üzerine davalılardan TKİ vekilince"
782,20.3,Yargıtay,10,1411,2021,8296,2021-06-15,gebe+illiyet,gebe×1 | travma×15 | illiyet×9 | trafik/iş kaz,YARGITAY KARARI,"Mahkemesi:İş Mahkemesi Dava, iş kazasından kaynaklanan maddi ve manevi tazminat istemlerine ilişkindir. Mahkemece, (kapatılan) 21. Hukuk Dairesinin bozma kararına uyularak ilamda belirtildiği şekilde davanın kısmen kabulüne karar verilmiştir. Hükmün, davalı ... vekili tarafından temyiz edilmesi üzer"
783,20.3,Yargıtay,10,8692,2020,5592,2021-04-20,gebe+illiyet,gebe×1 | travma×15 | illiyet×9 | trafik/iş kaz,YARGITAY KARARI,"Mahkemesi: ... Bölge Adliye Mahkemesi .... Hukuk Dairesi Dava, iş kazasından kaynaklanan maddi ve manevi tazminat istemlerine ilişkindir. İlk Derece Mahkemesince, hükümde belirtilen gerekçelerle davalı .... hakkındaki davanın husumet nedeniyle reddine, diğer davalılar açısından davanın kısmen kabulü"
784,20.3,Yargıtay,21,4581,2019,2372,2020-06-16,gebe+illiyet,gebe×1 | travma×14 | illiyet×9 | trafik/iş kaz,YARGITAY KARARI,"MAHKEMESİ:... Bölge Adliye Mahkemesi 7. Hukuk Dairesi TÜRK MİLLETİ ADINA Davacılar, murisinin iş kazası sonucu ölümünden doğan maddi ve manevi tazminatın ödetilmesine karar verilmesini istemiştir.İlk Derece Mahkemesince asıl ve birleşen davaların kısmen kabulüne karar verilmesi üzerine asıl dava dav"
785,20.3,Yargıtay,21,2384,2017,4047,2017-05-16,gebe+illiyet,gebe×1 | travma×14 | illiyet×9 | trafik/iş kaz,MANEVİ TAZMİNAT DAVASI - ÖLÜMLÜ İŞ KAZASI - ÖLENİN OLAYDA HİÇ KUSURUNUN BULUNMADIĞI - İŞ KAZASININ MEYDANA GELMESİNDE KUSURU BULUNANLAR ARASINDAKİ KUSUR DAĞILIMININ İLERDE KENDİ ARALARINDA AÇILABİLECE,"(6331 S. K. m. 4, 5, 10, 19) (4857 S. K. m. 2, 77) (6098 S. K. m. 56, 417) (818 S. K. m. 47, 332) (YHGK. 09.10.2013 T. 2013/21-102 E. 2013/1456 K.) (YHGK. 20.03.2013 T. 2012/21-1121 E. 2013/386 K.) (YHGK. 23.06.2004 T. 2004/13-291 E. 2004/370 K.) Davacılar murisinin, iş kazası sonucu ölümünden doğan"
786,20.3,Yargıtay,21,4183,2018,5806,2019-10-07,gebe+illiyet,gebe×1 | travma×13 | illiyet×9 | trafik/iş kaz,YARGITAY KARARI,"MAHKEMESİ: ... Bölge Adliye Mahkemesi ... Hukuk Dairesi İLK DERECE MAHKEMESİ: ... İş Mahkemesi K A R A R A)Davacı İstemi; Davacı eş dava dilekçesi ve ıslah ile 106.001,94 TL maddi, 200.000,00 TL manevi tazminat talep etmiştir. B)Davalıların Cevapları; Davalılar vekilleri davanın reddi gerektiğini sa"
787,20.3,Yargıtay,21,2631,2019,823,2020-02-17,gebe+illiyet,gebe×1 | travma×14 | illiyet×9 | trafik/iş kaz,YARGITAY KARARI,"MAHKEMESİ:İş Mahkemesi TÜRK MİLLETİ ADINA Davacılar, murisinin iş kazası sonucu ölümünden doğan maddi ve manevi tazminatın ödetilmesine karar verilmesini istemiştir. Mahkeme, bozmaya uyarak ilamında belirtildiği şekilde, isteğin kısmen kabulüne karar vermiştir. Hükmün, davalılardan TKİ Genel Müdürlü"
788,20.3,Yargıtay,21,1382,2019,7763,2019-12-16,gebe+illiyet,gebe×1 | travma×14 | illiyet×9 | trafik/iş kaz,YARGITAY KARARI,"MAHKEMESİ:Bölge Adliye Mahkemesi 15. Hukuk Dairesi TÜRK MİLLETİ ADINA Davacılar, murisinin iş kazası sonucu ölümünden doğan maddi ve manevi tazminatın ödetilmesine karar verilmesini istemiştir.İlk Derece Mahkemesince davanın kısmen kabulüne karar verilmesi üzerine davalılardan ... İşletmeleri Gen. M"
789,20.3,Yargıtay,10,7267,2021,14663,2021-11-23,gebe+illiyet,gebe×1 | travma×16 | illiyet×9 | trafik/iş kaz,TAZMİNAT DAVASI - MAHKEMECE BU MADDİ VE HUKUKİ OLGULAR GÖZ ÖNÜNDE TUTULMAKSIZIN İLGİLİ ŞEKİLDE HÜKÜM KURULMASININ USUL VE YASAYA AYKIRI OLDUĞU - HÜKMÜN BOZULMASI,"(6100 S. K. m. 362, 373) (4857 S. K. m. 2, 77) (5521 S. K. m. 8) (6331 S. K. m. 4, 5, 10) (6098 S. K. m. 417) &nbsp; Dava, iş kazasında vefat eden sigortalının maddi ve manevi zararlarının giderilmesi istemine ilişkindir. &nbsp; İlk Derece Mahkemesince, hükümde belirtilen gerekçelerle davanın kısmen"
790,20.3,Yargıtay,21,2333,2017,4046,2017-05-16,gebe+illiyet,gebe×1 | travma×14 | illiyet×9 | trafik/iş kaz,YARGITAY KARARI,"MAHKEMESİ: .... Bölge Adliye Mahkemesi 7. Hukuk Dairesi İLK DERECE MAHKEMESİ :... İş Mahkemesi Davacılar murisinin, iş kazası sonucu ölümünden doğan maddi ve manevi manevi tazminatın ödetilmesine karar verilmesini istemiştir. İlk Derece Mahkemesince davanın kısmen kabulüne karar verilmesi üzerine ta"
791,20.3,Yargıtay,21,3393,2018,7638,2018-10-22,gebe+illiyet,gebe×1 | travma×13 | illiyet×9 | trafik/iş kaz,YARGITAY KARARI,"MAHKEMESİ: ... Bölge Adliye Mahkemesi 7. Hukuk Dairesi TÜRK MİLLETİ ADINA Davacılar murisinin, iş kazası sonucu ölümünden doğan maddi ve manevi tazminatın ödetilmesine karar verilmesini istemiştir. İlk Derece Mahkemesince, asıl davanın kısmen kabulüne, birleşen davanın dava şartı yokluğundan usulden"
792,20.3,Yargıtay,10,4940,2020,14710,2021-11-23,gebe+illiyet,gebe×1 | travma×15 | illiyet×9 | trafik/iş kaz,YARGITAY KARARI,"Bölge Adliye Mahkemesi : ... Bölge Adliye Mahkemesi .... Hukuk Dairesi Dava, iş kazasından kaynaklanan maddi ve manevi tazminat istemlerine ilişkindir. İlk Derece Mahkemesince, hükümde belirtilen gerekçelerle davanın kısmen kabulüne dair verilen karara karşı davacılar ve davalı ... Genel Müdürlüğü v"
793,20.3,Yargıtay,21,4184,2018,4418,2019-06-17,gebe+illiyet,gebe×1 | travma×14 | illiyet×9 | trafik/iş kaz,YARGITAY KARARI,"MAHKEMESİ:İş Mahkemesi TÜRK MİLLETİ ADINA Davacılar murisinin iş kazası ölümünden doğan maddi ve manevi tazminatın ödetilmesine karar verilmesini istemiştir. Mahkeme ilamında belirtildiği şekilde, isteğin kısmen kabulüne karar vermiştir. Hükmün davalılardan TKİ Genel Müdürlüğü vekili tarafından temy"
794,20.3,Yargıtay,10,9522,2020,2072,2021-02-23,gebe+illiyet,gebe×1 | travma×13 | illiyet×9 | trafik/iş kaz,TAZMİNAT DAVASI - KAZA OLAYININ MEYDANA GELMESİNDE KUSURU BULUNANLAR ARASINDAKİ KUSUR DAĞILIMININ KENDİ ARALARINDA GÖRÜLMESİ MUHTEMEL RÜCU DAVASINDA DEĞERLENDİRİLECEĞİ - HÜKMÜN DÜZELTİLEREK ONANMASI,"(6331 S. K. m. 4, 5, 10) (818 S. K. m. 47, 332) (6098 S. K. m. 56, 417) (6100 S. K. m. 297) (4857 S. K. m. 2, 77) (YHGK. 09.10.2013 T. 2013/21-102 E. 2013/1456 K.) (YHGK. &nbsp;20.03.2013 T. 2012/21-1121 E. 2013/386 K.) &nbsp; Dava ve Karar: Dava, iş kazasından kaynaklanan maddi ve manevi tazminat i"
795,20.3,Yargıtay,21,132,2017,3219,2017-04-18,gebe+illiyet,gebe×1 | travma×15 | illiyet×9 | trafik/iş kaz,YARGITAY KARARI,"MAHKEMESİ:İş Mahkemesi Davacılar murisinin, iş kazası sonucu ölümünden doğan manevi tazminatın ödetilmesi davasının yapılan yargılaması sonunda; ilamda yazılı nedenlerle, 60.000.00TL manevi tazminatın yasal faiziyle birlikte davalılardan müştereken ve müteselsilen alınarak davacılara verilmesine ili"
796,20.3,Yargıtay,21,36,2018,457,2018-01-23,gebe+illiyet,gebe×1 | travma×13 | illiyet×9 | trafik/iş kaz,YARGITAY KARARI,"MAHKEMESİ: ... İş Mahkemesi Davacılar murisinin, iş kazası sonucu ölümünden doğan maddi ve manevi tazminatın ödetilmesine karar verilmesini istemiştir. İlk Derece Mahkemesince davanın kısmen kabulüne karar verilmesi üzerine, davalılardan vekillerince istinaf kanun yoluna başvurulmuştur. Bölge Adliye"
797,20.3,Yargıtay,21,15802,2016,3195,2017-04-18,gebe+illiyet,gebe×1 | travma×14 | illiyet×9 | trafik/iş kaz,YARGITAY KARARI,"MAHKEMESİ:İş Mahkemesi Davacılar murisinin, iş kazası sonucu ölümünden doğan manevi tazminatın ödetilmesi davasının yapılan yargılaması sonunda; ilamda yazılı nedenlerle, davalılardan ... A.Ş. bakımından davanın husumet nedeniyle reddine, 190.000,00TL manevi tazminatın yasal faiziyle birlikte diğer "
798,20.3,Yargıtay,21,16630,2016,3198,2017-04-18,gebe+illiyet,gebe×1 | travma×14 | illiyet×9 | trafik/iş kaz,YARGITAY KARARI,"MAHKEMESİ:İş Mahkemesi Davacılar murisinin, iş kazası sonucu ölümünden doğan manevi tazminatın ödetilmesi davasının yapılan yargılaması sonunda; ilamda yazılı nedenlerle, davalılardan .... ve ...Linyit İşletmesi Mües. Müd. açısından husumet nedeniyle davanın reddine, 640.000,00TL manevi tazminatın y"
799,20.3,Yargıtay,21,720,2020,2097,2020-06-09,gebe+illiyet,gebe×1 | travma×14 | illiyet×9 | trafik/iş kaz,YARGITAY KARARI,"MAHKEMESİ:...Bölge Adliye Mahkemesi 7. Hukuk Dairesi TÜRK MİLLETİ ADINA Davacılar, murisinin iş kazası ölümünden doğan manevi tazminatın ödetilmesine karar verilmesini istemiştir.İlk Derece Mahkemesince davanın kısmen kabulüne karar verilmesi üzerine davalılardan Türkiye Kömür İşletmeleri Genel Müdü"
800,20.3,Yargıtay,21,1519,2018,2911,2018-03-27,gebe+illiyet,gebe×1 | travma×14 | illiyet×9 | trafik/iş kaz,TAZMİNAT DAVASI - ÖLÜMLÜ İŞ KAZASI - DAVALILAR ARASINDA ORGANİK BAĞ BULUNUP BULUNMADIĞI - BİRLİKTE İSTİHDAMIN VEYA MUVAZAALI İŞLEMLERİN SÖZ KONUSU OLUP OLMADIĞI - YAPILACAK ARAŞTIRMA SONUCUNA GÖRE KAR,"(6098 S. K. m. 56, 417) (818 S. K. m. 47, 332) (4857 S. K. m. 2, 77) (6331 S. K. m. 4, 5, 10, 19) (6100 S. K. m. 114) (YHGK. 09.10.2013 T. 2013/21-102 E. 2013/1456 K.) (YHGK. 20.03.2013 T. 2012/21-1121 E. 2013/386 K.) &nbsp; Davacılar, murisinin iş kazası sonucu ölümünden doğan manevi tazminatın öde"
801,20.3,Yargıtay,21,75,2019,6567,2019-11-06,gebe+illiyet,gebe×1 | travma×13 | illiyet×9 | trafik/iş kaz,YARGITAY KARARI,"MAHKEMESİ: Bölge Adliye Mahkemesi 9. Hukuk Dairesi MAHKEMESİ: İş Mahkemesi A)Davacı İstemi; Davacılar dava dilekçesi ve ıslah ile eş için 132.604,70 TL maddi, 200.000,00 TL manevi, çocuk Selin için 15.164,74 TL maddi, 150.000,00 TL manevi, çocuk ... için 28.364,05 TL maddi, 150.000,00 TL manevi tazm"
802,20.3,Yargıtay,10,1611,2025,9470,2025-06-03,gebe+illiyet,gebe×1 | travma×13 | illiyet×9 | trafik/iş kaz,YARGITAY KARARI,"MAHKEMESİ: İzmir Bölge Adliye Mahkemesi 9. Hukuk Dairesi SAYISI: 2024/1639 E., 2024/2567 K. İLK DERECE MAHKEMESİ: Soma 1. İş Mahkemesi SAYISI: 2023/446 E., 2024/236 K. Taraflar arasındaki iş kazasından kaynaklanan maddi tazminat davasından dolayı yapılan yargılama sonunda, İlk Derece Mahkemesince da"
803,20.3,Yargıtay,10,8881,2020,7329,2021-06-01,gebe+illiyet,gebe×1 | travma×14 | illiyet×9 | trafik/iş kaz,YARGITAY KARARI,"Mahkemesi: Soma İş Mahkemesi Dava, iş kazasından kaynaklanan maddi ve manevi tazminat istemlerine ilişkindir. İlk Derece Mahkemesince, hükümde belirtilen gerekçelerle davanın kısmen kabulüne dair verilen karara karşı davacılar ile davalı ... tarafından istinaf yoluna başvurulması üzerine, İzmir Bölg"
804,20.3,Yargıtay,10,7359,2021,12645,2022-10-18,gebe+illiyet,gebe×1 | travma×14 | illiyet×9 | trafik/iş kaz,YARGITAY KARARI,"Bölge Adliye Mahkemesi : ... Bölge Adliye Mahkemesi 9. Hukuk Dairesi No : Dava, iş kazasından kaynaklanan maddi ve manevi tazminat istemlerine ilişkindir. İlk Derece Mahkemesince, hükümde belirtilen gerekçelerle davanın kısmen kabulüne dair verilen karara karşı davalı ... Genel Müdürlüğü vekili tara"
805,20.3,Yargıtay,21,76,2019,6566,2019-11-06,gebe+illiyet,gebe×1 | travma×14 | illiyet×9 | trafik/iş kaz,YARGITAY KARARI,"MAHKEMESİ: Bölge Adliye Mahkemesi 9. Hukuk Dairesi İLK DERECE MAHKEMESİ: İş Mahkemesi Davacı, murisinin iş kazası sonucu ölümünden doğan maddi ve manevi tazminatın ödetilmesine karar verilmesini istemiştir. İlk Derece Mahkemesince davanın kısmen kabulüne karar verilmesi üzerine davalılardan ... İşle"
806,20.3,Yargıtay,21,659,2019,7557,2019-12-09,gebe+illiyet,gebe×1 | travma×13 | illiyet×9 | trafik/iş kaz,TAZMİNAT DAVASI - KAZA OLAYININ MEYDANA GELMESİNDE KUSURU BULUNANLAR ARASINDAKİ KUSUR DAĞILIMININ KENDİ ARALARINDA GÖRÜLMESİ MUHTEMEL RÜCU DAVASINDA YENİDEN DEĞERLENDİRİLMESİNİN MÜMKÜN BULUNMASI - HÜK,"(6100 S. K. m. 362) (6098 S. K. m. 417) (818 S. K. m. 332) (4857 S. K. m. 2) (6331 S. K. m. 4, 5) (YHGK. 23.06.2004 T. 2004/13-291 E. 2004/370 K.) &nbsp; Asıl ve birleşen davalar bakımından davacılar, murisinin, işkazası sonucu ölümünden doğan maddi ve manevi tazminatın ödetilmesine karar verilmesin"
807,20.3,Yargıtay,21,122,2020,1727,2020-06-01,gebe+illiyet,gebe×1 | travma×15 | illiyet×9 | trafik/iş kaz,YARGITAY KARARI,"MAHKEMESİ: ... Bölge Adliye Mahkemesi 7. Hukuk Dairesi TÜRK MİLLETİ ADINA K A R A R A)Davacı İstemi Davacılar dava dilekçesi ve ıslah ile anne için 49.183,73 TL maddi, 100.000,00 TL manevi, kardeş ... için 2.500,00 TL maddi, 100.000,00 TL manevi, kardeş ...’un kendi kazalanmasından dolayı 70.000,00 "
808,20.3,Yargıtay,21,207,2019,7411,2019-12-03,gebe+illiyet,gebe×1 | travma×13 | illiyet×9 | trafik/iş kaz,TAZMİNAT DAVASI - KAZA OLAYIN MEYDANA GELMESİNDE KUSURU BULUNANLAR ARASINDAKİ KUSUR DAĞILIMININ KENDİ ARALARINDA GÖRÜLMESİ MUHTEMEL RÜCU DAVASINDA YENİDEN DEĞERLENDİRİLMESİNİN MÜMKÜN BULUNMASI - HÜKMÜ,"(6100 S. K. m. 362) (4857 S. K. m. 2, 77) &nbsp; Davacılar, murisinin işkazası sonucu ölümünden doğan maddi ve manevi tazminatın ödetilmesine karar verilmesini istemiştir. İlk Derece Mahkemesince davanın kabulüne karar verilmesi üzerine davalılardan ... vekilince istinaf kanun yoluna başvurulmuştur."
809,20.3,Yargıtay,21,4287,2019,8029,2019-12-23,gebe+illiyet,gebe×1 | travma×14 | illiyet×9 | trafik/iş kaz,YARGITAY KARARI,"MAHKEMESİ:Bölge Adliye Mahkemesi 15. Hukuk Dairesi TÜRK MİLLETİ ADINA Asıl ve birleşen davalar bakımından; Davacılar, murisinin iş kazası sonucu ölümünden doğan manevi tazminatın ödetilmesine karar verilmesini istemiştir.İlk Derece Mahkemesince asıl ve birleşen davaların kısmen kabulüne karar verilm"
810,20.3,Yargıtay,21,6073,2018,6070,2019-10-14,gebe+illiyet,gebe×1 | travma×13 | illiyet×9 | trafik/iş kaz,YARGITAY KARARI,"MAHKEMESİ: ... Bölge Adliye Mahkemesi ... Hukuk Dairesi İLK DERECE MAHKEMESİ: ... İş Mahkemesi K A R A R A)Davacı İstemi; Davacılar dava dilekçesi ve ıslah ile eş için 29.642,67 TL maddi, 180.000,00 TL manevi, çocuk ... için 15.618,51 TL maddi, 120.000,00 TL manevi, çocuk ... için 2.000,00 TL maddi,"
811,20.3,Yargıtay,21,87,2019,6735,2019-11-11,gebe+illiyet,gebe×1 | travma×13 | illiyet×9 | trafik/iş kaz,YARGITAY KARARI,"MAHKEMESİ: Bölge Adliye Mahkemesi 9. Hukuk Dairesi MAHKEMESİ: İş Mahkemesi A)Davacı İstemi Davacılar dava dilekçesi ve ıslah ile eş için 27.717,12 TL maddi, 350.000,00 TL manevi, çocuk için 15.463,85 TL maddi, 250.000,00 TL manevi tazminat talep etmişlerdir. B)Davalıların Cevapları Davalılar vekille"
812,20.3,Yargıtay,21,19310,2016,4314,2017-05-23,gebe+illiyet,gebe×1 | travma×14 | illiyet×9 | trafik/iş kaz,MANEVİ TAZMİNAT DAVASI - ÖLÜMLÜ İŞ KAZASI - ÖLENİN OLAYDA HİÇ KUSURUNUN BULUNMADIĞI - İŞ KAZASININ MEYDANA GELMESİNDE KUSURU BULUNANLAR ARASINDAKİ KUSUR DAĞILIMININ İLERDE KENDİ ARALARINDA AÇILABİLECE,"(6331 S. K. m. 4, 5, 10, 19) (4857 S. K. m. 2, 77) (6098 S. K. m. 56, 417) (818 S. K. m. 47, 332) (YHGK. 09.10.2013 T. 2013/21-102 E. 2013/1456 K.) (YHGK. 20.03.2013 T. 2012/21-1121 E. 2013/386 K.) (YHGK. 23.06.2004 T. 2004/13-291 E. 2004/370 K.) Davacılar murisinin, iş kazası sonucu ölümünden doğan"
813,20.3,Yargıtay,21,3879,2019,286,2020-01-28,gebe+illiyet,gebe×1 | travma×13 | illiyet×9 | trafik/iş kaz,YARGITAY KARARI,"MAHKEMESİ: İzmir Bölge Adliye Mahkemesi 15. Hukuk Dairesi İLK DERECE MAHKEMESİ: Soma İş Mahkemesi TÜRK MİLLETİ ADINA K A R A R A)Davacı İstemi Davacılar dava dilekçesi ve ıslah ile eş için 203.386,36 TL maddi, 250.000,00 TL manevi, çocuk ... için 51.712,18 TL maddi, 150.000,00 TL manevi, çocuk ... i"
814,20.3,Yargıtay,21,7143,2018,6063,2019-10-14,gebe+illiyet,gebe×1 | travma×13 | illiyet×9 | trafik/iş kaz,YARGITAY KARARI,"MAHKEMESİ: ... Bölge Adliye Mahkemesi ... Hukuk Dairesi İLK DERECE MAHKEMESİ: ... İş Mahkemesi Davacılar, murisinin iş kazası sonucu ölümünden doğan maddi ve manevi tazminatın ödetilmesine karar verilmesini istemiştir. İlk Derece Mahkemesince davanın kısmen kabulüne karar verilmesi üzerine davacılar"
815,20.3,Yargıtay,21,4439,2018,4930,2019-09-10,gebe+illiyet,gebe×1 | travma×13 | illiyet×9 | trafik/iş kaz,YARGITAY KARARI,"MAHKEMESİ: İzmir Bölge Adliye Mahkemesi 7. Hukuk Dairesi İLK DERECEMAHKEMESİ: Soma İş Mahkemesi TÜRK MİLLETİ ADINA Davacılar murisinin, iş kazası sonucu ölümünden doğan maddi ve manevi tazminatın ödetilmesine karar verilmesini istemiştir. İlk Derece Mahkemesince davanın kısmen kabulüne karar verilme"
816,20.3,Yargıtay,10,753,2021,9147,2021-06-29,gebe+illiyet,gebe×1 | travma×19 | illiyet×9 | trafik/iş kaz,YARGITAY KARARI,"Mahkemesi:İş Mahkemesi Dava, iş kazasından kaynaklanan maddi ve manevi tazminat istemlerine ilişkindir. Mahkemece, (kapatılan) 21. Hukuk Dairesinin 'nin bozmasına uyularak ilamda belirtildiği şekilde davanın kısmen kabulüne karar verilmiştir. Hükmün, davacılar vekili ile davalı ... vekili tarafından"
817,20.3,Yargıtay,21,7140,2018,5425,2019-09-24,gebe+illiyet,gebe×1 | travma×13 | illiyet×9 | trafik/iş kaz,YARGITAY KARARI,"MAHKEMESİ: ... Hukuk Dairesi İLK DERECE MAHKEMESİ: ...İş Mahkemesi TÜRK MİLLETİ ADINA Davacılar, murisinin iş kazası sonucu ölümünden doğan maddi ve manevi tazminatın ödetilmesine karar verilmesini istemiştir. İlk Derece Mahkemesince davanın kısmen kabulüne karar verilmesi üzerine davalılardan ... v"
818,20.3,Yargıtay,10,12106,2021,1508,2022-02-08,gebe+illiyet,gebe×1 | travma×16 | illiyet×9 | trafik/iş kaz,YARGITAY KARARI,"Mahkemesi:İş Mahkemesi Dava, iş kazasından kaynaklanan maddi ve manevi tazminat istemlerine ilişkindir. Mahkemece, bozmaya uyularak ilamda belirtildiği şekilde davanın kısmen kabulüne karar verilmiştir. Hükmün, davacılar ile davalı ... Genel Müdürlüğü tarafından temyiz edilmesi üzerine temyiz istekl"
819,20.3,Yargıtay,21,3147,2019,8034,2019-12-23,gebe+illiyet,gebe×1 | travma×13 | illiyet×9 | trafik/iş kaz,YARGITAY KARARI,"MAHKEMESİ: Bölge Adliye Mahkemesi 6. Hukuk Dairesi TÜRK MİLLETİ ADINA K A R A R A)Davacı İstemi Davacılar dava dilekçesi ve ıslah ile ... ve ... için 1.000,00'er TL maddi, 125.000,00'er TL manevi, kardeşler ..., ... ve ... için 1.000,00'er TL maddi, 100.000,00'er TL manevi, diğer kardeşler ... ve .."
820,20.3,Yargıtay,21,5613,2017,9535,2017-11-21,gebe+illiyet,gebe×1 | travma×13 | illiyet×9 | trafik/iş kaz,TAZMİNAT DAVASI - ÖLÜMLÜ İŞ KAZASI - KARARIN DAYANDIĞI DELİLLERLE KANUNİ GEREKTİRİCİ SEBEPLER - ÖLENİN OLAYDA HİÇ KUSURUNUN BULUNMADIĞI - YERİNDE GÖRÜLMEYEN BÜTÜN TEMYİZ İTİRAZLARININ REDDİYLE USUL VE,"(6331 S. K. m. 4, 5, 10, 19) (6098 S. K. m. 56, 417) (818 S. K. m. 47, 332) (4857 S. K. m. 2, 77) (YHGK. 09.10.2013 T. 2013/21-102 E. 2013/1456 K.) (YHGK. 20.03.2013 T. 2012/21-1121 E. 2013/386 K.) (YHGK. 23.06.2004 T. 2004/13-291 E. 2004/370 K.) &nbsp; Davacılar murisinin, iş kazası sonucu ölümünde"
821,20.3,Yargıtay,21,5769,2019,280,2020-01-28,gebe+illiyet,gebe×1 | travma×14 | illiyet×9 | trafik/iş kaz,TAZMİNAT DAVASI - ÖLENİN OLAYDA HİÇ KUSURUNUN BULUNMADIĞI - İŞ KAZASININ MEYDANA GELMESİNDE KUSURU BULUNANLAR ARASINDAKİ KUSUR DAĞILIMININ İLERDE KENDİ ARALARINDA AÇILABİLECEK RÜCU DAVASINDA YENİDEN D,"(6100 S. K. m. 362) &nbsp; Asıl ve birleşen davalar bakımından davacılar, murisinin iş kazası sonucu ölümünden doğan maddi ve manevi tazminatın ödetilmesine karar verilmesini istemişlerdir. &nbsp; Mahkeme bozma üzerine ilamında belirtildiği şekilde, asıl ve birleşen davaların kısmen kabulüne karar v"
822,20.3,Yargıtay,21,876,2020,2099,2020-06-09,gebe+illiyet,gebe×1 | travma×13 | illiyet×9 | trafik/iş kaz,YARGITAY KARARI,"MAHKEMESİ: ...Bölge Adliye Mahkemesi 3. Hukuk Dairesi TÜRK MİLLETİ ADINA Davacı, murisinin iş kazası sonucu ölümünden doğan manevi tazminatın ödetilmesine karar verilmesini istemiştir.İlk Derece Mahkemesince davanın kısmen kabulüne karar verilmesi üzerine davalılardan Türkiye Kömür İşletmeleri Genel"
823,20.3,Yargıtay,21,927,2018,1738,2018-02-26,gebe+illiyet,gebe×1 | travma×13 | illiyet×9 | trafik/iş kaz,TAZMİNAT DAVASI - ÖLÜMLÜ İŞ KAZASI - ÖLENİN OLAYDA HİÇ KUSURUNUN BULUNMADIĞI - KUSURU BULUNANLAR ARASINDAKİ KUSUR DAĞILIMININ KENDİ ARALARINDA GÖRÜLMESİ MUHTEMEL RÜCU DAVASINDA YENİDEN DEĞERLENDİRİLEB,"(4857 S. K. m. 2, 77) (6331 S. K. m. 4, 5, 10, 19) (6098 S. K. m. 56, 417) (818 S. K. m. 47, 332) (YHGK. 09.10.2013 T. 2013/21-102 E. 2013/1456 K.) (YHGK. 20.03.2013 T. 2012/21-1121 E. 2013/386 K.) (YHGK. 23.6.2004 T. 2004/13-291 E. 2004/370 K.) &nbsp; Davacılar murisinin, iş kazası sonucu ölümünden"
824,20.3,Yargıtay,21,82,2019,6573,2019-11-06,gebe+illiyet,gebe×1 | travma×14 | illiyet×9 | trafik/iş kaz,YARGITAY KARARI,"MAHKEMESİ:Bölge Adliye Mahkemesi 3. Hukuk Dairesi MAHKEMESİ: ...İş Mahkemesi Davacılar, murisinin iş kazası sonucu ölümünden doğan maddi ve manevi tazminatın ödetilmesine karar verilmesini istemiştir. İlk Derece Mahkemesince davanın kısmen kabulüne karar verilmesi üzerine davalılardan ...İşletmeleri"
825,20.3,Yargıtay,21,5469,2019,278,2020-01-28,gebe+illiyet,gebe×1 | travma×12 | illiyet×9 | trafik/iş kaz,YARGITAY KARARI,"MAHKEMESİ: Mahkemesi 15. Hukuk Dairesi TÜRK MİLLETİ ADINA Davacılar, murisinin işkazası sonucu ölümünden doğan maddi ve manevi tazminatın ödetilmesine karar verilmesini istemiştir. İlk Derece Mahkemesince davanın kabulüne karar verilmesi üzerine davalılardan ... Genel Müdürlüğü vekilince istinaf kan"
826,20.3,Yargıtay,21,97,2019,6741,2019-11-11,gebe+illiyet,gebe×1 | travma×13 | illiyet×9 | trafik/iş kaz,YARGITAY KARARI,"MAHKEMESİ:Adliye Mahkemesi 9. Hukuk Dairesi MAHKEMESİ: İş Mahkemesi Davacılar, murisinin işkazası sonucu ölümünden doğan maddi ve manevi tazminatın ödetilmesine karar verilmesini istemiştir. İlk Derece Mahkemesince davanın kısmen kabulüne karar verilmesi üzerine davalılardan ... Genel Müdürlüğü veki"
827,20.2,Yargıtay,CG,3-794,2016,259,2020-06-04,gebe+travma,gebe×15 | travma×59 | illiyet×1 | TCK 87/88,KASTEN YARALAMA SUÇU - KATILANIN TAKSİRLE YARALANDIĞINA İLİŞKİN SOYUT SAVUNMALARINA İTİBAR EDİLEMEYECEĞİNDEN SANIĞIN EYLEMİNİN KASTEN YARALAMA SUÇUNU OLUŞTURDUĞU - YARGITAY CUMHURİYET BAŞSAVCILIĞI İTİ,"(5237 S. K. m. 21, 53, 58, 62, 86, 87, 89) (5271 S. K. m. 308) &nbsp; Kasten yaralama suçundan sanık ...&rsquo;in TCK&rsquo;nın 86/1, 86/3-e, 87/1-d, 62, 53, 58/6-7 ve 54. maddeleri uyarınca 2 yıl 6 ay hapis cezası ile cezalandırılmasına, hak yoksunluğuna, cezasının mükerrirlere özgü infaz rejimine "
828,20.2,Yargıtay,CG,13,2020,508,2021-10-27,gebe+travma,gebe×10 | travma×20 | illiyet×1 | TCK 87/88,YARGITAY KARARI,"Kararı veren Yargıtay Dairesi:(Kapatılan) 14. Ceza Dairesi Mahkemesi:Ağır Ceza Sayısı: 211-26 Çocuğun nitelikli cinsel istismarı suçundan sanık ...'ın TCK'nın 103/2, 43/1, 62, 53 ve 63. maddeleri uyarınca 16 yıl 8 ay hapis cezası ile cezalandırılmasına, hak yoksunluğuna ve mahsuba ilişkin ... (...) "
829,20.2,Danıştay,10,6346,2019,5682,2020-12-03,gebe+illiyet,gebe×52 | travma×4 | illiyet×4 | TCK 87/88,DANIŞTAY KARARI,"T.C. D A N I Ş T A Y ONUNCU DAİRE Esas No : 2019/6346 KararNo : 2020/5682 TEMYİZ EDEN (DAVACILAR): Kendi Adlarına Asaleten …'e Velayeten … ve … VEKİLLERİ: Av. … TEMYİZ EDEN (DAVALI): ... Bakanlığı (Mülga ... Kurumu) VEKİLLERİ: Huk. Müş. …, I. Huk. Müş. Av. … TEMYİZ EDEN MÜDAHİL (DAVALI YANINDA): … V"
830,20.2,Anayasa,2,4619,2018,,2021-05-18,gebe+travma,gebe×18 | travma×29 | illiyet×1 | TCK 87/88,ANAYASA MAHKEMESİNİN 18/5/2021 TARİHLİ VE 2018/4619 SAYILI KARARI (BİREYSEL BAŞVURU),"(2709 S. K. m. 17) (6216 S. K. m. 50) (Anayasa Mahkemesi İçtüzüğü m. 79) &nbsp;(ANY. MAH. 18.09.2013 T. 2012/969 E.) (ANY. MAH. 17.09.2013 T. 2012/752 E.) (ANY. MAH. 18.09.2013 T. 2012/1017 E.) (ANY. MAH. 16.07.2014 T. 2013/6319 E.) (ANY. MAH. 16.09.2015 T. 2013/4668 E.) (ANY. MAH. 06.01.2016 T. 201"
831,20.1,Danıştay,4,3890,2022,2417,2023-05-02,gebe+illiyet,gebe×1 | travma×4 | illiyet×6 | cenin/düşük,DANIŞTAY KARARI,"T.C. D A N I Ş T A Y DÖRDÜNCÜ DAİRE Esas No : 2022/3890 KararNo : 2023/2417 TEMYİZ EDEN (DAVALI): … Vergi Dairesi Başkanlığı (… Vergi Dairesi Müdürlüğü) VEKİLİ: Av. … KARŞI TARAF (DAVACI) : … İSTEMİN KONUSU: … Bölge İdare Mahkemesi ... Vergi Dava Dairesinin … tarih ve E:…, K:… sayılı kararının temyi"
832,20.1,Yargıtay,3,18455,2019,2360,2020-02-10,gebe+illiyet,gebe×7 | travma×5 | illiyet×3 | cenin/düşük,YARGITAY KARARI,"MAHKEMESİ :Asliye Ceza Mahkemesi SUÇ : Neticesi sebebiyle ağırlaşmış kasten yaralama HÜKÜMLER : Mahkumiyet Mahalli mahkemece verilen hükümler temyiz edilmekle evrak okunarak; Gereği görüşülüp düşünüldü: Yerinde görülmeyen diğer temyiz sebeplerinin reddine, ancak; 1)Kasten yaralama suçunun gebe kadın"
833,20,Yargıtay,3,3423,2024,2524,2025-04-30,gebe+illiyet,gebe×6 | travma×3 | illiyet×6 | TCK 87/88,YARGITAY KARARI,"MAHKEMESİ: İzmir Bölge Adliye Mahkemesi 21. Hukuk Dairesi SAYISI: 2024/530 E., 2024/872 K. İLK DERECE MAHKEMESİ: İzmir 1. Tüketici Mahkemesi SAYISI: 2022/326 E., 2023/766 K. Bölge Adliye Mahkemesi kararı davacı vekili tarafından temyiz edilmekle; kesinlik, süre, temyiz şartı ve diğer usul eksiklikle"
834,19.9,Yargıtay,1,2945,2022,5176,2023-09-11,gebe+illiyet,gebe×1 | travma×1 | illiyet×9 | TCK 87/88,YARGITAY KARARI,"MAHKEMESİ:Ceza Dairesi SAYISI: 2022/91 (E) ve 2022/87 (K) SUÇLAR: Olası kastla nitelikli öldürme, göçmen kaçakçılığı HÜKÜMLER: İstinaf başvurularının esastan reddi kararı TEBLİĞNAME GÖRÜŞÜ:Kısmî ret, kısmî temyiz istemlerinin esastan reddi ile hükümlerin onanması İlk Derece Mahkemesince sanıklar hak"
835,19.9,Yargıtay,11,1850,2024,344,2025-01-22,gebe+illiyet,gebe×9 | travma×3 | illiyet×3 | cenin/düşük,TAZMİNAT DAVASI - DAVA KONUSU OLAYDA TARAMA TESTLERİNDE VE USG TAKİPLERİNDE DOWN SENDROMU DÜŞÜNDÜRECEK BULGU TESPİT EDİLMEMİŞ OLMASININ TIBBİ HATA OLARAK DEĞERLENDİRİLMEYECEĞİ DAVANIN REDDİ - HÜKMÜN O,"(6100 S. K. m. 353, 370, 372) &nbsp; Bölge Adliye Mahkemesi kararı davacılar vekili tarafından temyiz edilmekle; temyiz şartı ve diğer usul eksiklikleri yönünden yapılan ön inceleme sonucunda, temyiz dilekçesinin kabulüne karar verildikten ve Tetkik Hâkimi tarafından hazırlanan rapor dinlendikten so"
836,19.9,Yargıtay,1,11115,2022,1090,2024-02-20,gebe+travma,gebe×7 | travma×17 | illiyet×2 | TCK 87/88,YARGITAY KARARI,"MAHKEMESİ:Ceza Dairesi İlk Derece Mahkemesince kurulan hükme yönelik istinaf incelemesi üzerine Bölge Adliye Mahkemesi tarafından verilen kararın; 5271 sayılı Ceza Muhakemesi Kanunu’nun (5271 sayılı Kanun) 286 ncı maddesinin birinci fıkrası uyarınca temyiz edilebilir olduğu, 260 ıncı maddesinin biri"
837,19.9,Anayasa,2,23849,2017,,2018-10-10,gebe+illiyet,gebe×1 | travma×1 | illiyet×9 | TCK 87/88,ANAYASA MAHKEMESİNİN 10/10/2018 TARİHLİ VE 2017/23849 SAYILI KARARI (BİREYSEL BAŞVURU),"(AİHS 1 NOLU PROTOKOL) (2709 S. K. m. 13, 35) (6362 S. K. m. 15, 103) (Özel Durumların Kamuya Açıklanmasına İlişkin Esaslar Tebliği (Seri: VIII, No: 54) m. 4, 14, 21, 29) (ANY. MAH. 18.09.2013 T. 2012/969 E.) (ANY. MAH. 01.07.2015 T. 2015/39 E. 2015/62 K.) (ANY. MAH. 02.02.2017 T. 2014/1546 E.) (ANY"
838,19.9,Yargıtay,CG,280,2017,228,2022-03-31,gebe+travma,gebe×1 | travma×62 | illiyet×2 | TCK 87/88 | trafik/iş kaz,YARGITAY KARARI,"Yargıtay Dairesi: 1. Ceza Dairesi Sanık ... hakkında ölümle biten kavgaya el uzatmak, sanık ... hakkında maktul ...'u kasten öldürme suçlarından açılan kamu davalarında yapılan yargılama sonucunda, eylemlerinin asli maddi faili belli olmayacak şekilde kasten öldürme suçunu oluşturduğu kabul edilerek"
839,19.8,Yargıtay,13,7607,2009,13668,2009-11-23,gebe+illiyet,gebe×4 | travma×3 | illiyet×5 | cenin/düşük,YARGITAY KARARI,MAHKEMESİ:Asliye Hukuk Mahkemesi Taraflar arasındaki tazminat davasının yapılan yargılaması sonunda ilamda yazılı nedenlerden dolayı davanın kısmen kabulüne kısmen reddine yönelik olarak verilen hükmün süresi içinde taraflar avukatınca temyiz edilmesi üzerine dosya incelendi gereği konuşulup düşünül
840,19.8,Yargıtay,3,1946,2021,2310,2022-04-22,gebe+illiyet,gebe×2 | travma×20 | illiyet×4 | TCK 87/88,YARGITAY KARARI,"İlk Derece Mahkemesi :Erzincan 2. Ağır Ceza Mahkemesinin 30.03.2018 tarih ve 2017/86 – 2018/74 sayılı kararı Suç: Anayasal düzeni ortadan kaldırmaya teşebbüs etme, Türkiye Büyük Millet Meclisini ortadan kaldırmaya veya görevini yapmasını engellemeye teşebbüs etme, Türkiye Cumhuriyeti hükumetini orta"
841,19.8,Anayasa,2,14048,2014,,2020-06-10,gebe+travma,gebe×2 | travma×14 | illiyet×4 | TCK 87/88,ANAYASA MAHKEMESİNİN 10/6/2020 TARİHLİ VE 2014/14048 SAYILI KARARI (BİREYSEL BAŞVURU),"(AİHS m. 2, 3, 13, 38, 46) (2709 S. K. m. 5, 17) (5271 S. K. m. 250) (4721 S. K. m. 10, 606) (6216 S. K. m. 45, 46, 47, 48, 49, 50) (765 S. K. m. 102, 104) (6100 S. K. m. 55) (Anayasa Mahkemesi İçtüzüğü m. 80, 84) (BENZER VE DİĞERLERİ - TÜRKİYE DAVASI) (ATAYKAYA - TÜRKİYE DAVASI) (ANY. MAH. 06.03.20"
842,19.8,Yargıtay,CG,511,2015,19,2018-01-23,gebe+illiyet,gebe×6 | travma×21 | illiyet×9,YARGITAY KARARI,"Kararı Veren Yargıtay Dairesi: 12. Ceza Dairesi Mahkemesi:Sulh Ceza Günü: 27.09.2013 Sayısı: 210-1056 Taksirle bir kişinin yaralanmasına neden olma suçundan sanık ...'nun TCK'nun 89/1, 89/2-b, 62 ve 52/2-4. maddeleri gereğince 4.500 Lira adli para cezası ile cezalandırılmasına ve taksitlendirmeye il"
843,19.8,Anayasa,1,36978,2019,,2022-05-26,gebe+illiyet,gebe×2 | travma×16 | illiyet×4 | TCK 87/88,ANAYASA MAHKEMESİNİN 26/5/2022 TARİHLİ VE 2019/36978 SAYILI KARARI (BİREYSEL BAŞVURU),"(AİHS m. 2) (2709 S. K. m. 5, 13, 17, 36, 40, 141) (2559 S. K. m. 16) (5395 S. K. m. 4, 18) (6216 S. K. m. 50) (5237 S. K. m. 24, 25, 191) (6545 S. K. m. 68) (5271 S. K. m. 171) (4483 S. K. m. 1, 4, 5, 6, 9) (MCCANN VE DİĞERLERİ - BİRLEŞİK KRALLIK DAVASI) (ARMANI DA SILVA - BİRLEŞİK KRALLIK DAVASI) "
844,19.8,Danıştay,15,9450,2013,8545,2018-12-27,gebe+illiyet,gebe×37 | travma×2 | illiyet×3 | cenin/düşük,TAZMİNAT DAVASI - DAVACILARDA SAĞLIK HİZMETİNİN GEREĞİ GİBİ İŞLETİLMEDİĞİ ŞEKLİNDE ŞÜPHE ENDİŞE VE ÜZÜNTÜYE YOL AÇTIĞI GÖRÜLDÜĞÜNDEN MANEVİ TAZMİNAT İSTEMİNİN BU GEREKÇE İLE KISMEN KABULÜNE KARAR VERİ,"(2709 S. K. m. 125) (2577 S. K. m. 49, 54) &nbsp; İstemin Konusu: Malatya İdare Mahkemesi&#39;nin 25/02/2013 tarih ve E:2010/746, K:2013/273 sayılı kararının manevi tazminat isteminin kısmen kabulüne ilişkin kısmının temyizen incelenerek bozulması istenilmektedir. &nbsp; YARGILAMA SÜRECİ: Dava konus"
845,19.7,Yargıtay,21,14445,2016,9527,2017-11-21,gebe+illiyet,gebe×1 | travma×9 | illiyet×9 | trafik/iş kaz,YARGITAY KARARI,"Davacı, iş kazası sonucu maluliyetinden doğan manevi tazminatın ödetilmesi davasının yapılan yargılaması sonunda; ilamda yazılı nedenlerle, 10.000,00TL manevi tazminatın yasal faiziyle birlikte davalılardan müştereken ve müteselsilen alınarak davacıya verilmesine ilişkin hükmün süresi içinde temyize"
846,19.6,A.İ.H.M.,A.İ.H.M.,26470,2010,,2016-09-20,gebe+travma,gebe×4 | travma×32 | illiyet×3 | TCK 87/88,GÜZEL AYDIN - TÜRKİYE DAVASI,"(AİHS. m. 6, 13, 34, 44) (TANRIKULU - TÜRKİYE DAVASI) (MUSTAFA TUNÇ VE FECİRE TUNÇ - TÜRKİYE DAVASI) (SÜLEYMAN ÇİÇEK - TÜRKİYE DAVASI) (MCCANN VE DİĞERLERİ - BİRLEŞİK KRALLIK DAVASI) (HÜSEYİN KAPLAN - TÜRKİYE DAVASI) &nbsp; (Başvuru No. 26470/10) &nbsp; İKİNCİ BÖLÜM &nbsp; KARAR &nbsp; STRAZBURG &nb"
847,19.6,Yargıtay,HG,2-1886,2017,510,2021-04-20,gebe+travma,gebe×15 | travma×3 | illiyet×4 | TCK 87/88,BOŞANMA DAVASI - TARAFLARIN KUSURLU DAVRANIŞLARININ BİRBİRİNE DENK OLMAMASI - KADIN EŞ YARARINA TAZMİNAT ÖDENMESİNE İLİŞKİN DİRENME KARARININ YERİNDE OLDUĞU - TAZMİNATIN MİKTARINA İLİŞKİN İTİRAZLARIN ,"(4721 S. K. m. 2, 166, 174) (YİBK 03.07.1978 T. 1978/5 E. 1978/6 K.) &nbsp; Dava Ve Karar: 1. Taraflar arasındaki &ldquo;boşanma&rdquo; davasından dolayı yapılan yargılama sonunda, Sivas 2. Aile Mahkemesince verilen davanın kabulüne ilişkin karar, davalı vekilinin temyizi üzerine Yargıtay 2. Hukuk D"
848,19.6,Danıştay,10,1481,2021,2420,2021-05-20,gebe+travma,gebe×12 | travma×5 | illiyet×3 | TCK 87/88,DANIŞTAY KARARI,T.C. D A N I Ş T A Y ONUNCU DAİRE Esas No : 2021/1481 KararNo : 2021/2420 TEMYİZ EDEN (DAVACILAR): 1- ... 2- ... 3- ... 4- ... 5- ... VEKİLLERİ: Av. ... Av. ... TEMYİZ EDEN (DAVALI): ... Bakanlığı VEKİLLERİ: ... TEMYİZ EDEN MÜDAHİL (DAVALI YANINDA) : ... VEKİLİ: Av. ... İSTEMLERİN_KONUSU: ... Bölge 
849,19.5,Yargıtay,3,11342,2021,3251,2022-06-02,gebe+illiyet,gebe×3 | travma×62 | illiyet×44,YARGITAY KARARI,"İstanbul Bölge Adliye Mahkemesi 27. Ceza Dairesi Tebliğnamedeki düşünce : Ret, Onama, Bozma Bölge adliye mahkemesince verilen hüküm temyiz edilmekle; I-) Sanıklar ..., ..., ..., ..., ..., ..., ..., ... ile..., ..., ..., ..., ..., ..., ..., ..., ..., ..., ..., ... ..., ..., ..., ..., ..., ..., ..., ."
850,19.5,Yargıtay,12,22800,2011,16585,2012-07-02,gebe+illiyet,gebe×7 | travma×4 | illiyet×3 | cenin/düşük,YARGITAY KARARI,"Mahkemesi :Sulh Ceza Mahkemesi Suç: Taksirle Yaralama Hüküm : 5237 sayılı TCK'nın 89/1,22/3,89/2-e,3-e,62,52/2-4,53/6. maddeleri gereğince mahkumiyet Taksirle yaralama suçundan sanığın mahkumiyetine ilişkin hüküm sanık müdafii ve katılanlar vekili tarafından temyiz edilmekle, dosya incelenerek gereğ"
851,19.4,Yargıtay,17,13548,2015,4873,2017-05-02,gebe+illiyet,gebe×10 | travma×7 | illiyet×6 | trafik/iş kaz,YARGITAY KARARI,"MAHKEMESİ:Asliye Hukuk Mahkemesi Taraflar arasındaki tazminat davasının yapılan yargılaması sonunda; kararda yazılı nedenlerden dolayı davanın reddine dair verilen hükmün süresi içinde davacılar vekili tarafından temyiz edilmesi üzerine dosya incelendi, gereği düşünüldü: -K A R A R- Davacılar vekili"
852,19.4,Yargıtay,11,2927,2021,8330,2022-11-24,gebe+illiyet,gebe×43 | travma×4 | illiyet×10,TAZMİNAT DAVASI - DAVALI ALEYHİNE AÇILAN MADDİ VE MANEVİ TAZMİNAT DAVASININ KABULÜNE İŞ GÖREMEZLİK TAZMİNATI BAKICI ÜCRETİNİN VE MANEVİ TAZMİNATIN AVANS FAİZİ İLE BİRLİKTE DAVALIDAN TAHSİLİNE KARAR VE,"(6100 S. K. m. 373) &nbsp; Taraflar arasında görülen davada İstanbul 2. Asliye Ticaret Mahkemesi&rsquo;nce bozmaya uyularak verilen 31.12.2020 tarih ve 2016/713 E. - 2020/736 K. sayılı kararın duruşmalı olarak Yargıtayca incelenmesi davalı vekili tarafından istenmiş ve temyiz dilekçesinin süresi içi"
853,19.3,A.İ.H.M.,A.İ.H.M.,16558,2018,,2020-10-27,gebe+illiyet,gebe×1 | travma×12 | illiyet×4 | TCK 87/88,KILIÇDAROĞLU - TÜRKİYE DAVASI,"(AİHS m. 10, 35, 41, 44) (2709 S. K. m. 17, 26) (4721 S. K. m. 24, 25) (6098 S. K. m. 58) (TUŞALP - TÜRKİYE DAVASI) (DELFI AS - ESTONYA DAVASI) (LİNGENS - AVUSTURYA DAVASI) (SUNDAY TIMES - BİRLEŞİK KRALLIK DAVASI) (SÜREK - TÜRKİYE DAVASI) (CİHAN ÖZTÜRK - TÜRKİYE DAVASI) (ANY. MAH. 21.03.1994 T. 1994"
854,19.3,Askeri Yargıtay,3,88,2006,87,2006-01-24,gebe+travma,gebe×1 | travma×30 | illiyet×4 | TCK 87/88,ASTA MÜESSİR FİİL SUÇU - HAVASTAN VEYA AZADAN BİRİNİN DEVAMLI ZAAFI VEYAHUT ZİYAI - EYLEMİN NİTELİĞİ - MAĞDURUN İŞİTME DUYUSUNDA MEYDANA GELEN KAYIP - UYGULANMASI GEREKEN YASA MADDESİ,"(1632 S. K. m. 91, 117, 118) (765 S. K. m. 59, 456) (647 S. K. m. 4, 6) (5237 S. K. m. 87) (2659 S. K. m. 1, 7, 16) (AYDK 31.12.1998 T. 1998/203 E. 1998/184 K.) Askeri mahkemece, sanığın 7.3.2003 tarihinde &lt;tahribat oluşturacak şekilde asta müessir fiil&gt; suçunu işlediği kabul edilerek, ASCK' n"
855,19.3,A.İ.H.M.,2,52534,2009,,2013-11-26,gebe+illiyet,gebe×1 | travma×11 | illiyet×4 | TCK 87/88,TAYDAŞ - TÜRKİYE DAVASI,"(AİHS m. 2, 3, 6, 13, 34, 41, 43, 44, 45, 46, 47, 48, 49, 50, 51) (PEKER - TÜRKİYE DAVASI (NO. 2)) (EVRİM ÖKTEM - TÜRKİYE DAVASI) (MCCANN VE DİĞERLERİ - BİRLEŞİK KRALLIK DAVASI) (GÜLBAHAR ÖZER VE DİĞERLERİ - TÜRKİYE DAVASI) (ÖZCAN VE DİĞERLERİ - TÜRKİYE DAVASI) (ERDOĞAN VE DİĞERLERİ - TÜRKİYE DAVASI"
856,19.3,Anayasa,1,7812,2013,,2015-10-06,gebe+travma,gebe×1 | travma×13 | illiyet×4 | TCK 87/88,ANAYASA MAHKEMESİNİN 6/10/2015 TARİHLİ VE 2013/7812 SAYILI KARARI (BİREYSEL BAŞVURU),"(AİHS m. 2, 3, 13) (2709 S. K. m. 17, 40, 148) (5237 S. K. m. 66, 67) (6216 S. K. m. 45, 48, 50) (ANY. MAH. 12.02.2013 T. 2012/1027 E.) (ANY. MAH. 26.03.2013 T. 2012/403 E.) (ANY. MAH. 07.11.2013 T. 2013/2355 E.) (ANY. MAH. 17.07.2014 T. 2012/848 E.) (ANY. MAH. 17.09.2013 T. 2012/752 E.) (ANY. MAH. "
857,19.2,Yargıtay,21,16471,2016,3260,2018-04-03,gebe+illiyet,gebe×2 | travma×1 | illiyet×8 | TCK 87/88,YARGITAY KARARI,"MAHKEMESİ: ......Asliye Hukuk (......)Mahkemesi Davacılar murisinin, ...... ...... sonucu......ünden doğan maddi ve manevi ......ın ödetilmesine karar verilmesini istem......tir. Mahkeme ilamında belirtildiği şekilde, isteğin kısmen kabulüne karar verm......tir. Hükmün, davalılar vekili tarafından t"
858,19.2,Yargıtay,21,595,2017,9154,2018-12-11,gebe+illiyet,gebe×2 | travma×1 | illiyet×8 | TCK 87/88,YARGITAY KARARI,"MAHKEMESİ:......... Mahkemesi Davacı, ......... .........sı sonucu .........ünden doğan maddi ve manevi tazminatın ödetilmesi davasının yapılan yargılaması sonunda; ilamda yazılı nedenlerle 295.936,33.- TL. maddi ve manevi tazminatın yasal faiziyle birlikte davalılardan müştereken ve müteselsilen al"
859,19.2,Danıştay,15,534,2015,990,2016-02-18,gebe+illiyet,gebe×95 | travma×3 | illiyet×2 | cenin/düşük,MANEVİ TAZMİNAT İSTEMİ - SAĞLIK HİZMETİ SUNUMUNUN KUSURLU OLDUĞU SONUÇ VE KANAATİNE VARILDIĞI - DAVACILAR LEHİNE MANEVİ TAZMİNATA HÜKMEDİLMESİ GEREĞİ - HÜKMÜN BOZULDUĞU,"(2709 S. K. m. 125) (2577 S. K. m. 54) İstemin Özeti: Balıkesir İdare Mahkemesi'nin 12/12/2013 tarih ve E:2013/703; K:2013/1754 sayılı kararının, hukuka uygun olmadığı ileri sürülerek temyizen incelenerek bozulması istenilmektedir. Savunmaların Özeti: Savunma verilmemiştir. Düşüncesi: Temyiz istemin"
860,19.1,Yargıtay,1,1531,2020,3275,2020-12-09,gebe+travma,gebe×3 | travma×15 | illiyet×3 | TCK 87/88,YARGITAY KARARI,"MAHKEMESİ :Ceza Dairesi TÜRK MİLLETİ ADINA Sanık ... müdafiinin yerinde görülmeyen duruşmalı inceleme talebinin 5271 sayılı CMK’nin 299. maddesi uyarınca takdiren reddine karar verilmiştir. Sanık ... hakkında olası kastla öldürme suçundan kurulan mahkumiyet hükmüne ilişkin, sanık müdafii ve katılanl"
861,19,Danıştay,4,6393,2020,2553,2023-05-09,gebe+illiyet,gebe×2 | travma×10 | illiyet×12,DANIŞTAY KARARI,"T.C. D A N I Ş T A Y DÖRDÜNCÜ DAİRE Esas No : 2020/6393 KararNo : 2023/2553 TEMYİZ EDEN (DAVALI): … Vergi Dairesi Başkanlığı VEKİLİ : Av. … KARŞI TARAF (DAVACI): … İSTEMİN KONUSU: … Bölge İdare Mahkemesi ... Vergi Dava Dairesinin … tarih ve E:…, K:… sayılı kararının temyizen incelenerek bozulması is"
862,19,Danıştay,4,3439,2021,2316,2023-04-25,gebe+illiyet,gebe×2 | travma×13 | illiyet×12,DANIŞTAY KARARI,"T.C. D A N I Ş T A Y DÖRDÜNCÜ DAİRE Esas No : 2021/3439 KararNo : 2023/2316 TEMYİZ EDEN (DAVALI): … Vergi Dairesi Başkanlığı (… Vergi Dairesi Müdürlüğü) VEKİLİ: Av. … KARŞI TARAF (DAVACI): … VEKİLİ: Av. … İSTEMİN KONUSU: …Bölge İdare Mahkemesi … Vergi Dava Dairesinin …tarih ve E:…, K:…sayılı kararın"
863,19,Yargıtay,CG,467,2020,312,2022-04-28,gebe+travma,gebe×42 | travma×22 | TCK 87/88,YARGITAY KARARI,"Yargıtay Dairesi: (Kapatılan)14. Ceza Dairesi Çocuğun nitelikli cinsel istismarı suçundan sanık ...’in TCK'nın 103/2, 53 ve 63. maddeleri uyarınca 12 yıl hapis cezası ile cezalandırılmasına, hak yoksunluğuna ve mahsuba ilişkin ... 2.Ağır Ceza Mahkemesince verilen 25.03.2015 tarihli ve 230-67 sayılı "
864,19,Danıştay,4,5589,2020,2552,2023-05-09,gebe+illiyet,gebe×2 | travma×10 | illiyet×12,DANIŞTAY KARARI,"T.C. D A N I Ş T A Y DÖRDÜNCÜ DAİRE Esas No : 2020/5589 KararNo : 2023/2552 TEMYİZ EDEN (DAVALI) : … Vergi Dairesi Başkanlığı (… Vergi Dairesi Müdürlüğü) VEKİLİ : Av. … KARŞI TARAF (DAVACI) : … İSTEMİN KONUSU : … Bölge İdare Mahkemesi ... Vergi Dava Dairesinin … tarih ve E:…, K:… sayılı kararının te"
865,19,Danıştay,4,4834,2021,2317,2023-04-25,gebe+illiyet,gebe×2 | travma×13 | illiyet×12,DANIŞTAY KARARI,"T.C. D A N I Ş T A Y DÖRDÜNCÜ DAİRE Esas No : 2021/4834 KararNo : 2023/2317 TEMYİZ EDEN (DAVALI): … Vergi Dairesi Başkanlığı (… Vergi Dairesi Müdürlüğü) VEKİLİ: Av. … KARŞI TARAF (DAVACI): … VEKİLİ: Av. … İSTEMİN KONUSU: … Bölge İdare Mahkemesi … Vergi Dava Dairesinin … tarih ve E:…, K:… sayılı kara"
866,19,Danıştay,4,6401,2020,2554,2023-05-09,gebe+illiyet,gebe×2 | travma×10 | illiyet×12,DANIŞTAY KARARI,"T.C. D A N I Ş T A Y DÖRDÜNCÜ DAİRE Esas No : 2020/6401 KararNo : 2023/2554 TEMYİZ EDEN (DAVALI): … Vergi Dairesi Başkanlığı VEKİLİ : Av. … KARŞI TARAF (DAVACI): … İSTEMİN KONUSU: … Bölge İdare Mahkemesi ... Vergi Dava Dairesinin … tarih ve E:…, K:… sayılı kararının temyizen incelenerek bozulması is"
867,19,Yargıtay,CG,419,2020,14,2023-01-18,gebe+travma,gebe×33 | travma×98 | TCK 87/88,YARGITAY KARARI,"MAHKEMESİ:Ağır Ceza I. HUKUKÎ SÜREÇ Nitelikli cinsel saldırı suçundan sanık ...'in TCK'nın 102/2, 53 ve 63. maddeleri uyarınca 10 yıl hapis cezası ile cezalandırılmasına, hak yoksunluğuna ve mahsuba ilişkin ... 5. Ağır Ceza Mahkemesince verilen 23.09.2014 tarihli ve 122-318 sayılı hükmün, sanık müda"
868,19,Yargıtay,CG,14-496,2013,97,2014-02-25,gebe+travma,gebe×16 | travma×12 | TCK 87/88,CİNSEL İSTİSMAR SUÇU - MAĞDURENİN SUÇ TARİHİNDE ON BEŞ YAŞINDAN KÜÇÜK OLDUĞU VE CİNSEL SALDIRI EYLEMİ SONUCUNDA RUH SAĞLIĞININ BOZULDUĞU YÖNÜNDE HÜKÜM KURULDUĞU - YEREL MAHKEME HÜKMÜNÜN ONANMASINDA HE,"(5237 S. K. m. 35, 62, 102, 103, 109) (5271 S. K. m. 253, 308) (2659 S. K. m. 7, 23) Sanık M. Y.'un çocuğun cinsel istismarı suçuna teşebbüsten 5237 sayılı TCK'nun 103/2, 103/4, 35, 103/6 ve 62. maddeleri uyarınca 12 yıl 6 ay hapis, kişiyi hürriyetinden yoksun kılma suçundan ise aynı kanunun 109/2, "
869,19,Yargıtay,CG,196,2020,320,2023-05-31,gebe+travma,gebe×10 | travma×50 | TCK 87/88,YARGITAY KARARI,"KARARI VEREN YARGITAY DAİRESİ: (Kapatılan) 14. Ceza Dairesi MAHKEMESİ:Ağır Ceza TEMYİZ EDENLER : Cumhuriyet savcısı ve sanık müdafisi I. HUKUKİ SÜREÇ Sanık ... hakkında beden veya ruh sağlığını bozacak şekilde çocuğun basit cinsel istismarı suçundan açılan kamu davasında yapılan yargılama sonucunda,"
870,19,Yargıtay,3,1611,2024,1436,2025-03-10,gebe+illiyet,gebe×14 | travma×2 | illiyet×4 | TCK 87/88,YARGITAY KARARI,"MAHKEMESİ: İstanbul Bölge Adliye Mahkemesi 57. Hukuk Dairesi SAYISI: 2023/838 E., 2024/159 K. DAVA TARİHİ : 16.04.2018 İLK DERECE MAHKEMESİ: İstanbul Anadolu 5. Tüketici Mahkemesi SAYISI: 2018/342 E., 2021/1406 K. Bölge Adliye Mahkemesi kararı, davacılar vekili tarafından temyiz edilmekle; kesinlik,"
871,19,Danıştay,4,3431,2020,2410,2023-05-02,gebe+illiyet,gebe×2 | travma×10 | illiyet×12,DANIŞTAY KARARI,"T.C. D A N I Ş T A Y DÖRDÜNCÜ DAİRE Esas No : 2020/3431 KararNo : 2023/2410 TEMYİZ EDEN (DAVALI): … Vergi Dairesi Başkanlığı (… Vergi Dairesi Müdürlüğü) VEKİLİ: Av. … KARŞI TARAF (DAVACI): … VEKİLİ: Av. … İSTEMİN KONUSU: … Bölge İdare Mahkemesi ... Vergi Dava Dairesinin … tarih ve E:…, K:… sayılı ka"
872,19,Yargıtay,1,15183,2022,1664,2023-04-05,gebe+travma,gebe×2 | travma×26 | TCK 87/88 | aile içi,YARGITAY KARARI,"MAHKEMESİ:Ceza Dairesi SUÇ: Nitelikli kasten öldürme HÜKÜM: Mahkûmiyet Yargıtay 1. Ceza Dairesinin, 09.11.2022 tarihli ve 2022/383 Esas, 2022/8710 Karar sayılı kararına karşı Yargıtay Cumhuriyet Başsavcılığının, 15.12.2022 tarihli ve KD-2018/56445 sayılı itirazı üzerine yapılan inceleme neticesinde;"
873,19,Yargıtay,12,7514,2019,2558,2020-03-10,gebe+travma,gebe×24 | travma×10 | TCK 87/88,YARGITAY KARARI,"Mahkemesi :Asliye Ceza Mahkemesi Suç: Taksirle yaralama Hüküm: CMK'nın 223/2-b. maddesi uyarınca beraat Taksirle yaralama suçundan sanıkların beraatine ilişkin hüküm, katılanlar vekili tarafından temyiz edilmekle, dosya incelenerek gereği düşünüldü: Sanık ...'nin Karaçoban Devlet Hastanesinde kadın "
874,18.9,Yargıtay,1,7685,2022,600,2023-02-22,gebe+travma,gebe×5 | travma×4 | TCK 87/88 | künt/batın,YARGITAY KARARI,"SUÇ: Nitelikli kasten öldürme HÜKÜM: Mahkûmiyet Sanık hakkında bozma üzerine kurulan hükmün; karar tarihi itibarıyla 6723 sayılı Kanun’un 33 üncü maddesiyle değişik 5320 sayılı Kanun’un 8 inci maddesi gereği yürürlükte bulunan 1412 sayılı Ceza Muhakemeleri Usulü Kanunu’nun (1412 sayılı Kanun) 305 in"
875,18.9,Anayasa,1,24530,2018,,2022-11-03,gebe+illiyet,gebe×1 | travma×8 | illiyet×3 | cenin/düşük,ANAYASA MAHKEMESİNİN 3/11/2022 TARİHLİ VE 2018/24530 SAYILI KARARI (BİREYSEL BAŞVURU),"(2709 S. K. m. 36, 148) (ANY. MAH. 18.09.2013 T. 2012/969 E.) (ANY. MAH. 09.01.2014 T. 2013/276 E.) (ANY. MAH. 25.05.2017 T. 2014/12727 E.) (ANY. MAH. 21.01.2021 T. 2016/12900 E.) (ANY. MAH. 18.09.2013 T. 2013/3351 E.) (ANY. MAH. 15.03.2018 T.2018/3007 E.) (ANY. MAH. 04.06.2020 T. 2018/15231 E.) (AN"
876,18.8,Yargıtay,3,510,2023,1952,2023-06-15,gebe+travma,gebe×18 | travma×3 | illiyet×15,YARGITAY KARARI,"İNCELENEN KARARIN MAHKEMESİ:Asliye Hukuk Mahkemesi SAYISI: 2014/842 E., 2022/227 K. DAVA TARİHİ: 14.11.2013 KARAR: Davanın kısmen kabulü Taraflar arasındaki tazminat davasından dolayı yapılan yargılama sonunda, Mahkemece bozmaya uyularak davanın kısmen kabulüne karar verilmiştir. İlk derece mahkemes"
877,18.8,Yargıtay,12,18577,2014,7237,2015-04-30,gebe+travma,gebe×8 | travma×2 | illiyet×3 | cenin/düşük,YARGITAY KARARI,"Mahkemesi :Ağır Ceza Mahkemesi Suç: Taksirle öldürme Hüküm : TCK'nın 85/1, 62, 51. maddeleri gereğince mahkumiyet Taksirle öldürme suçundan sanığın mahkumiyetine ilişkin hüküm, sanık müdafii ve mahalli Cumhuriyet savcısı tarafından sanık lehine temyiz edilmekle, dosya incelenerek gereği düşünüldü: D"
878,18.7,A.İ.H.M.,A.İ.H.M.,8875,2022,,2025-02-25,gebe+travma,gebe×1 | travma×27 | illiyet×1 | TCK 87/88 | trafik/iş kaz,ÖNER - TÜRKİYE DAVASI,"(AİHS m. 2, 34, 35, 44) (2709 S. K. m. 17) (5271 S. K. m. 172, 173) (ANY. MAH. 30.06.2021 T. 2017/27463 E.) (TANRIKULU - TÜRKİYE DAVASI) (MUSTAFA TUNÇ VE FECİRE TUNÇ - TÜRKİYE DAVASI) (MOCANU VE DİĞERLERİ - ROMANYA DAVASI) (ABİK V. - TÜRKİYE DAVASI) &nbsp; İKİNCİ BÖLÜM &nbsp; (Başvuru no. 8875/22) &"
879,18.7,Yargıtay,4,6783,2024,6103,2025-04-17,gebe+illiyet,gebe×1 | travma×8 | illiyet×2 | TCK 87/88 | trafik/iş kaz,YARGITAY KARARI,"İNCELENEN KARARIN MAHKEMESİ :Asliye Hukuk Mahkemesi SAYISI: 2018/80 E., 2023/2 K. BİRLEŞTİRİLEN DOSYA MAHKEMESİ: Çukurca Asliye Hukuk Mahkemesi SAYISI: 2011/17 E., 2011/29 K. Mahkeme kararı asıl davalı vekili tarafından temyiz edilmekle; kesinlik, süre, temyiz şartı ve diğer usul eksiklikleri yönünd"
880,18.7,Yargıtay,CG,2,2024,164,2024-05-22,gebe+travma,gebe×1 | travma×5 | illiyet×6 | TCK 87/88,YARGITAY KARARI,İTİRAZ İtirazname No: 2020/30819 KARARI VEREN YARGITAY DAİRESİ : 9. Ceza Dairesi MAHKEMESİ :Ağır Ceza SAYISI: 187-390 I. HUKUKÎ SÜREÇ Suça sürüklenen çocuğun beden veya ruh sağlığını bozacak şekilde nitelikli cinsel saldırı suçundan beraatine ilişkin Samsun 1. Ağır Ceza Mahkemesince verilen 02.10.20
881,18.7,Danıştay,VD,654,2023,1132,2024-12-04,gebe+illiyet,gebe×7 | travma×6 | illiyet×3 | TCK 87/88,DANIŞTAY KARARI,"T.C. D A N I Ş T A Y VERGİ DAVA DAİRELERİ KURULU EsasNo : 2023/654 KararNo : 2024/1132 TEMYİZ EDEN (DAVALI): ... Defterdarlığı - ... (... Vergi Dairesi Müdürlüğü) VEKİLİ: Av. ... KARŞI TARAF (DAVACI): ... (Önceki soyadı: ...) VEKİLİ: Av. ... İSTEMİNKONUSU:... Vergi Mahkemesinin ... tarih ve E:..., K"
882,18.7,Yargıtay,4,14046,2022,2940,2024-03-20,gebe+travma,gebe×1 | travma×13 | illiyet×1 | TCK 87/88 | trafik/iş kaz,YARGITAY KARARI,MAHKEMESİ :Ticaret Mahkemesi SAYISI : 2019/265 E. 2022/447 K. DAVALILAR : Axa Sigorta AŞ vekili Avukat ... DAVA TARİHİ : 02.12.2014 HÜKÜM/KARAR : Kısmen Kabul Taraflar arasındaki tazminat davasından dolayı yapılan yargılama sonunda İlk Derece Mahkemesince davanın kabulüne karar verilmiştir. Kararın 
883,18.6,A.İ.H.M.,2,36487,2007,,2012-11-15,gebe+travma,gebe×2 | travma×14 | illiyet×3 | TCK 87/88,ÇELİK - TÜRKİYE DAVASI (NO 3),"(AİHS. m. 1, 3, 5, 6, 10, 11, 13, 14, 29, 34, 35, 41, 44) (1630 S. K. m. 44) (765 S. K. m. 243, 245) (647 S. K. m. 4, 6) (466 S. K. m. 1) (5271 S. K. m. 172) (5237 S. K. m. 94, 95, 256) (1412 S. K. m. 128) (4483 S. K. m. 2, 4, 9) (4.CD. 04.10.2006 T. 2006/4695 E. 2006/14865 K.) (4.CD. 10.05.2006 T. "
884,18.6,Yargıtay,CG,192,2020,38,2022-01-20,gebe+travma,gebe×2 | travma×156 | illiyet×3 | TCK 87/88,YARGITAY KARARI,"Yargıtay Dairesi: 3. Ceza Dairesi Sanıklar ... ve ...'in mağdur ...'ya yönelik kasten yaralama suçundan TCK'nın 86/1, 87/1-d, 29/1, 62/1 ve 53/1. maddeleri uyarınca 2 yıl 11 ay hapis cezası ile cezalandırılmalarına ve hak yoksunluklarına ilişkin ... Asliye Ceza Mahkemesince verilen 19.11.2015 tarihl"
885,18.6,Anayasa,2,14704,2019,,2022-02-02,gebe+illiyet,gebe×2 | travma×18 | illiyet×3 | TCK 87/88,ANAYASA MAHKEMESİNİN 2/2/2022 TARİHLİ VE 2019/14704 SAYILI KARARI (BİREYSEL BAŞVURU),"(AİHS m. 6) (2709 S. K. m. 36, 141) (6216 S. K. m. 50) (Anayasa Mahkemesi İçtüzüğü m. 79) (ANY. MAH. 18.09.2013 T. 2012/969 E.) (ANY. MAH. 07.06.2018 T. 2014/8875 E.) (ANY. MAH. 07.11.2019 T. 2016/12506 E.) (ANY. MAH. 18.06.2014 T. 2013/7800 E.) (ANY. MAH. 04.12.2013 T. 2013/5486 E.) &nbsp; &nbsp; R"
886,18.6,A.İ.H.M.,A.İ.H.M.,61441,2000,,2005-08-02,gebe+illiyet,gebe×4 | travma×5 | illiyet×3 | cenin/düşük,SADEGÜL ÖZDEMİR - TÜRKİYE DAVASI,(Başvuru no: 61441/00) KARARIN ÖZET ÇEVİRİSİ STRAZBURG 02 Ağustos 2005 İşbu karar Sözleşme'nin 44 § 2. maddesinde belirtilen koşullar çerçevesinde kesinleşecek olup şekli bazı düzeltmelere tabi tutulabilir. Türkiye Cumhuriyeti Devleti aleyhine açılan ve (61441/00) başvuru no'lu davanın nedeni T.C. v
887,18.5,Yargıtay,3,20445,2014,19782,2015-12-08,gebe+illiyet,gebe×1 | travma×13 | illiyet×19,YARGITAY KARARI,"Y A R G I T A Y İ L A M I İNCELENEN KARARIN MAHKEMESİ: SİLVAN ASLİYE HUKUK MAHKEMESİ TARİHİ: 18/06/2014 NUMARASI: 2013/671-2014/215 Taraflar arasındaki tazminat davasının mahkemece yapılan yargılaması sonucunda, davanın reddine yönelik olarak verilen hükmün, süresi içinde davacı vekili tarafından te"
888,18.5,Yargıtay,16,6765,2019,8453,2019-12-09,gebe+illiyet,gebe×1 | travma×33 | illiyet×17,YARGITAY KARARI,"Mahkemesi : İstanbul Bölge Adliye Mahkemesi 3. Ceza Dairesi İlk Derece Mahkemesi : İstanbul 22. Ağır Ceza Mahkemesinin 04.04.2018 tarih ve 2017/69 - 2018/35 sayılı kararı Hüküm: 1)Sanıklar suç, Silahlı terör örgütüne üye olma ve silahlı terör örgütüne üye olmamakla birlikte örgüt adına suç işleme su"
889,18.5,Yargıtay,4,906,1981,2634,1981-03-05,gebe+illiyet,gebe×1 | travma×5 | illiyet×29 | trafik/iş kaz,TAZMİNAT DAVASI - TRAFİK KAZASINDAN DOĞAN ÖLÜM TAZMİNATI - NEDENSELLİK BAĞI - ÖLEN DESTEĞİN TORUNUNA BAKMAKLA YÜKÜMLÜ OLMADIĞI - ÖLENİN SAĞLIĞINDAN YASACA TALEP EDEMEYECEK OLAN BİR KARŞILIĞIN DESTEK Z,"(818 S. K. m. 45, 62) (743 S. K. m. 315) Dava: Taraflar arasındaki trafik kazasından doğma ölüm tazminatı davası nedeniyle yapılan yargılama sonunda, ilamda yazılı nedenlerden dolayı 86573 lira 75 kuruşun faiziyle birlikte ve kararda gösterilen şekilde davalıdan alınarak davacılara ödenmesine ilişki"
890,18.4,A.İ.H.M.,2,72194,2001,,2008-07-08,gebe+illiyet,gebe×4 | travma×8 | illiyet×3 | TCK 87/88,NURGÜL DOĞAN - TÜRKİYE DAVASI,"(AİHS. m. 3, 5, 6, 13, 14, 34, 35, 41, 44, 45) (765 S. K. m. 168, 243) (4616 S. K. m. 1) (1412 S. K. m. 310) (AKDIVAR VE DİĞERLERİ - TÜRKİYE DAVASI) (BATI VE DİĞERLERİ - TÜRKİYE DAVASI) (BEYHAN KAYGISIZ - TÜRKİYE DAVASI) (KARAYİĞİT - TÜRKİYE DAVASI) (SALMAN - TÜRKİYE DAVASI) (SELMOUNI - FRANSA DAVAS"
891,18.4,Yargıtay,3,579,2025,4551,2025-10-06,gebe+illiyet,gebe×6 | travma×3 | illiyet×3 | cenin/düşük,ALACAK İSTEMİ - DAVACILAR İLE DAVALI DOKTOR VE HASTANE ARASINDAKİ İLİŞKİ VEKALET İLİŞKİSİ OLMAKLA DAVACILARIN TÜKETİCİ SAYILACAĞI VE BU DURUMDA DAVANIN TÜKETİCİ MAHKEMESİNDE GÖRÜLMESİ GEREKTİĞİ - HÜKM,"(6100 S. K. m. 114, 115, 369, 370) (6502 S. K. m. 3, 73) &nbsp; Bölge Adliye Mahkemesi kararı, davalı ... vekili tarafından temyiz edilmekle; kesinlik, süre, temyiz şartı ve diğer usul eksiklikleri yönünden yapılan ön inceleme sonucunda, temyiz dilekçesinin kabulüne karar verildikten ve Tetkik Hâkim"
892,18.4,Danıştay,10,5152,2021,1673,2025-03-18,gebe+illiyet,gebe×34 | travma×1 | illiyet×4 | obstetrik komp.,DANIŞTAY KARARI,T.C. D A N I Ş T A Y ONUNCU DAİRE Esas No : 2021/5152 KararNo : 2025/1673 TEMYİZ EDEN (DAVACILAR): Kendi adlarına asaleten ... adına velayeten ... ve ... VEKİLİ: Av. ... KARŞI TARAF (DAVALI): ... Bakanlığı / ANKARA VEKİLLERİ: Huk. Müş. Av. ... Huk. Müş. ... İSTEMİN_KONUSU: ... Bölge İdare Mahkemesi.
893,18.4,Yargıtay,3,1576,2023,1103,2024-03-12,gebe+illiyet,gebe×33 | travma×3 | illiyet×3 | obstetrik komp.,YARGITAY KARARI,"MAHKEMESİ:Tüketici Mahkemesi SAYISI: 2021/635 E., 2023/14 K. Taraflar arasında İlk Derece Mahkemesinde görülen ve istinaf incelemesinden geçen maddi ve manevi tazminat davasında verilen karar hakkında yapılan temyiz incelemesi sonucunda, Dairece İlk Derece Mahkemesi kararının bozulmasına karar veril"
894,18.2,Yargıtay,3,2638,2024,840,2025-02-13,gebe+illiyet,gebe×49 | travma×2 | illiyet×12,YARGITAY KARARI,"MAHKEMESİ:Asliye Hukuk Mahkemesi SAYISI: 2022/64 E., 2024/136 K. Mahkemece bozmaya uyularak verilen karar, taraf vekillerince temyiz edilmekle; kesinlik, süre, temyiz şartı ve diğer usul eksiklikleri yönünden yapılan ön inceleme sonucunda, temyiz dilekçelerinin kabulüne karar verildikten ve Tetkik H"
895,18.2,Yargıtay,12,2283,2025,7582,2025-11-04,gebe+illiyet,gebe×11 | travma×9 | illiyet×4 | trafik/iş kaz,YARGITAY KARARI,"MAHKEMESİ:Ağır Ceza Mahkemesi SAYISI: 2024/316 E., 2024/415 K. SUÇLAR: Taksirle öldürme HÜKÜMLER: Mahkûmiyet TEBLİĞNAME GÖRÜŞÜ: Onama Sanık hakkında kurulan hükümlerin; sanık müdafii tarafından temyizi üzerine yapılan ön inceleme neticesinde 1412 sayılı CMUK'un 317. maddesindeki temyiz istemlerinin "
896,18.2,Danıştay,10,7861,2021,1513,2025-03-11,gebe+illiyet,gebe×28 | travma×2 | illiyet×11,DANIŞTAY KARARI,"T.C. D A N I Ş T A Y ONUNCU DAİRE Esas No : 2021/7861 Karar No : 2025/1513 TEMYİZ EDEN (DAVACILAR): 1- ... 2- ... VEKİLİ: Av. ... KARŞI TARAF (DAVALI): ... Bakanlığı / ... VEKİLİ: Av. ... İSTEMİN_KONUSU: ... Bölge İdare Mahkemesi ... İdari Dava Dairesinin... tarih ve E:..., K:... sayılı kararının te"
897,18.2,Yargıtay,3,182,2024,4115,2024-12-05,gebe+illiyet,gebe×11 | travma×4 | illiyet×9,YARGITAY KARARI,"MAHKEMESİ: İzmir Bölge Adliye Mahkemesi 21. Hukuk Dairesi SAYISI: 2022/1479 E., 2023/1705 K. İLK DERECE MAHKEMESİ: İzmir 5. Tüketici Mahkemesi SAYISI: 2016/2201 E., 2022/133 K. Taraflar arasındaki tazminat davasından dolayı yapılan yargılama sonunda İlk Derece Mahkemesince davanın kısmen kabulüne ka"
898,18.1,Anayasa,1,35564,2017,,2021-06-09,gebe+travma,gebe×1 | travma×61 | illiyet×3 | TCK 87/88,ANAYASA MAHKEMESİNİN 9/6/2021 TARİHLİ VE 2017/35564 SAYILI KARARI (BİREYSEL BAŞVURU),"(AİHS m. 3, 5) (2709 S. K. m. 5, 17, 19, 38, 40) (6216 S. K. m. 50) (Anayasa Mahkemesi İçtüzüğü m. 79) (YURTSEVER VE DİĞERLERİ - TÜRKİYE DAVASI) (MEHMET KAYA VE DİĞERLERİ - TÜRKİYE DAVASI) (ANY. MAH. 16.12.2015 T. 2013/3017 E.) (ANY. MAH. 22.02.2018 T. 2014/16947 E.) (ANY. MAH. 18.09.2013 T. 2012/96"
899,18.1,Yargıtay,1,7646,2011,4791,2012-06-12,gebe+travma,gebe×1 | travma×4 | illiyet×1 | TCK 87/88 | künt/batın,YARGITAY KARARI,"MAHKEMESİ :Ağır Ceza Mahkemesi SUÇ: Yaralama sonucu eşinin ölümüne sebebiyet verme HÜKÜM: 5237 sayılı TCK.nun 87/4-3. Cümle, 62,53 maddeleri uyarınca 13 yıl 4 ay hapis cezası. TÜRK MİLLETİ ADINA Toplanan deliller karar yerinde incelenip, sanığın \""kasten yaralama sonucu eşinin ölümüne sebep olma\"" s"
900,18.1,Yargıtay,CG,1-239,2009,14,2010-02-02,gebe+travma,gebe×5 | travma×66 | illiyet×8,BİR SUÇUN İŞLENMESİNİ KOLAYLAŞTIRMAK AMACIYLA KASTEN ÖLDÜRME SUÇU - MAKTULENİN ZİYNET EŞYALARINI YAĞMALAMAK VE BU AMAÇLA MAKTULEYİ ÖLDÜRMEK KONUSUNDA PLAN YAPTIKLARI - EYLEMİNİN FAİLLİK KAPSAMINDA KAL,"(5237 S. K. m. 37, 39, 40, 59, 62, 82, 149) (5320 S. K. m. 8) (1412 S. K. m. 318) (765 S. K. m. 1) Dava: Bir suçun işlenmesini kolaylaştırmak amacıyla kasten öldürme suçundan sanık Oktay'ın 5237 sayılı TCY'nın 82/1-h ve 62. maddeleri gereğince müebbet hapis cezası, sanık Ayşe'nin ise sanık Oktay'ın "
901,18.1,A.İ.H.M.,2,8077,2008,,2015-11-10,gebe+travma,gebe×1 | travma×10 | illiyet×3 | TCK 87/88,ŞAKİR KAÇMAZ - TÜRKİYE DAVASI,"(AİHS m. 3, 5, 6, 34, 35, 41, 44) (ATILGAN VE DİĞERLERİ - TÜRKİYE DAVASI) (İZCİ - TÜRKİYE DAVASI) (TİMTİK - TÜRKİYE DAVASI) (GAZİOĞLU VE DİĞERLERİ - TÜRKİYE DAVASI) (LABITA - İTALYA DAVASI) (GAFGEN - ALMANYA DAVASI) (BATI VE DİĞERLERİ - TÜRKİYE DAVASI) (ABDÜLSAMET YAMAN - TÜRKİYE DAVASI) (BALÇIK VE "
902,18.1,Anayasa,1,9604,2016,,2021-04-07,gebe+illiyet,gebe×1 | travma×74 | illiyet×3 | TCK 87/88,ANAYASA MAHKEMESİNİN 7/4/2021 TARİHLİ VE 2016/9604 SAYILI KARARI (BİREYSEL BAŞVURU),"BİRİNCİ BÖLÜM &nbsp; (2709 S. K. m. 5, 17, 40, 129) (2577 S. K. m. 2, 13) (6216 S. K. m. 50) (ANY. MAH. 06.10.2015 T. 2013/7812 E.) (ANY. MAH. 28.09.2016 T. 2014/5097 E.) (ANY. MAH. 05.11.2020 T. 2015/12486 E.) (ANY. MAH. 16.04.2015 T. 2013/7836 E.) (ANY. MAH. 18.09.2013 T. 2012/969 E.) (ANY. MAH. 1"
903,18,Yargıtay,HG,19-505,2016,480,2016-04-06,gebe+illiyet,gebe×2 | travma×5 | illiyet×5 | TCK 87/88,MENFİ TESPİT DAVASI - CEZA DAVASININ SONUCUNUN BEKLENİLMESİ VE CEZA DAVASINDA TESPİT EDİLEN MADDİ OLGULAR ÇERÇEVESİNDE VARILACAK SONUCA GÖRE BİR KARAR VERİLMESİ GEREĞİ - DİRENME KARARININ BOZULMASI - ,"(818 S. K. m. 53) (6098 S. K. m. 74) (5237 S. K. m. 158, 204) (19. HD. 31.03.2011 T. 2010/8614 E. 2011/4185 K.) (19.HD. 18.04.2011 T. 2011/3624 E, 2011/5149 K.) Dava ve Karar: Taraflar arasındaki ""menfi tespit"" davasından dolayı, bozma üzerine direnme yoluyla; Ankara 6. Asliye Ticaret Mahkemesinden "
904,18,Yargıtay,11,1005,1984,1656,1984-03-22,gebe+illiyet,gebe×2 | travma×5 | illiyet×5 | TCK 87/88,TAZMİNAT DAVASI - DAVACI İLE DAVALI BANKA ARASINDA VEKALET İLİŞKİSİ BULUNDUĞU - VEKİLİN GÖREVİNİ ÖZENLE İFA ETMEDİĞİ - DAVALININ SENET BORÇLUSUNA RÜCU HAKKININ SAKLI OLDUĞU,"(818 S. K. m. 321, 390) Dava: Taraflar arasındaki davadan dolayı İstanbul Asliye 4. Ticaret mahkemesince verilen 26.10.1983 tarih ve 1225-753 sayılı hükmün duruşmalı olarak temyizen tetkiki davalı avukatı tarafından istenmiş olmakla işin gereği konuşulup düşünüldü : Karar: Davacı vekili, müvekkilini"
905,17.9,Yargıtay,CG,1180,2015,707,2019-12-10,gebe+travma,gebe×3 | travma×60 | illiyet×2 | TCK 87/88,YARGITAY KARARI,"Kararı Veren Yargıtay Dairesi: 1. Ceza Dairesi Mahkemesi:Ağır Ceza Sayısı : 48-125 Sanıklar ... ve ...’ın, iştirak hâlinde kişiyi hürriyetinden yoksun kılma suçundan TCK’nın 109/2, 109/3-b, 62, 53 ve 63. maddeleri uyarınca 3 yıl 4 ay hapis cezası ile cezalandırılmalarına, hak yoksunluğuna ve mahsuba"
906,17.9,Danıştay,4,4794,2021,2559,2023-05-09,gebe+illiyet,gebe×1 | travma×9 | illiyet×12,DANIŞTAY KARARI,"T.C. D A N I Ş T A Y DÖRDÜNCÜ DAİRE Esas No : 2021/4794 KararNo : 2023/2559 TEMYİZ EDEN (DAVALI): … Vergi Dairesi Başkanlığı VEKİLİ : Av. … KARŞI TARAF (DAVACI): ... İSTEMİN KONUSU: … Bölge İdare Mahkemesi ... Vergi Dava Dairesinin … tarih ve E:…, K:… sayılı kararının temyizen incelenerek bozulması "
907,17.9,Yargıtay,4,5566,2022,12812,2023-11-29,gebe+travma,gebe×1 | travma×6 | illiyet×9 | trafik/iş kaz,YARGITAY KARARI,"MAHKEMESİ:Ticaret Mahkemesi SAYISI: 2022/206 Değişik İş, 2022/208 Karar HÜKÜM/KARAR: İtirazın Reddine Taraflar arasındaki sigorta tahkim yargılaması sonunda Uyuşmazlık Hakem Heyetince davanın kabulüne karar verilmiştir. Karara davalı vekili tarafından itiraz edilmesi üzerine, İtiraz Hakem Heyetince "
908,17.9,Danıştay,4,6189,2020,2555,2023-05-09,gebe+illiyet,gebe×1 | travma×9 | illiyet×12,DANIŞTAY KARARI,"T.C. D A N I Ş T A Y DÖRDÜNCÜ DAİRE Esas No : 2020/6189 KararNo : 2023/2555 TEMYİZ EDEN (DAVALI): … Vergi Dairesi Başkanlığı VEKİLİ: Av. … KARŞI TARAF (DAVACI): … İSTEMİN KONUSU: … Bölge İdare Mahkemesi ... Vergi Dava Dairesinin … tarih ve E:…, K:… sayılı kararının temyizen incelenerek bozulması ist"
909,17.9,Danıştay,İD,2915,2024,597,2025-03-17,gebe+illiyet,gebe×7 | travma×4 | illiyet×10,DANIŞTAY KARARI,"T.C. D A N I Ş T A Y İDARİ DAVA DAİRELERİ KURULU Esas No : 2024/2915 KararNo : 2025/597 TEMYİZ EDEN (DAVACI): ... VEKİLİ: Av. ... KARŞI TARAF (DAVALI): ... Üniversitesi Rektörlüğü VEKİLİ: Av. ... İSTEMİN KONUSU: ... İdare Mahkemesinin ... tarih ve E:..., K:... sayılı ısrar kararının temyizen incelen"
910,17.8,Danıştay,4,3432,2020,2411,2023-05-02,gebe+illiyet,gebe×2 | travma×10 | illiyet×9,DANIŞTAY KARARI,"T.C. D A N I Ş T A Y DÖRDÜNCÜ DAİRE Esas No : 2020/3432 KararNo : 2023/2411 TEMYİZ EDEN (DAVALI): … Vergi Dairesi Başkanlığı (… Vergi Dairesi Müdürlüğü) VEKİLİ: Av. … KARŞI TARAF (DAVACI): … VEKİLİ: Av. … İSTEMİN KONUSU: … Bölge İdare Mahkemesi ... Vergi Dava Dairesinin … tarih ve E:…, K:… sayılı ka"
911,17.8,Danıştay,4,44,2021,2412,2023-05-02,gebe+illiyet,gebe×2 | travma×10 | illiyet×9,DANIŞTAY KARARI,"T.C. D A N I Ş T A Y DÖRDÜNCÜ DAİRE Esas No : 2021/44 KararNo : 2023/2412 TEMYİZ EDEN (DAVALI): … Vergi Dairesi Başkanlığı (… Vergi Dairesi Müdürlüğü) VEKİLİ: Av. … KARŞI TARAF (DAVACI): … VEKİLİ: Av. … İSTEMİN KONUSU: … Bölge İdare Mahkemesi ... Vergi Dava Dairesinin … tarih ve E:…, K:… sayılı kara"
912,17.8,Anayasa,1,18196,2017,,2020-09-16,gebe+illiyet,gebe×29 | travma×2 | illiyet×3 | TCK 87/88,ANAYASA MAHKEMESİNİN 16/9/2020 TARİHLİ VE 2017/18196 SAYILI KARARI (BİREYSEL BAŞVURU),"(AİHS m. 8) (2709 S. K. m. 17, 40, 56) (2827 S. K. m. 2, 4, 6) (6216 S. K. m. 50) (Anayasa Mahkemesi İçtüzüğü m. 79) (ANY. MAH. 11.10.2018 T. 2015/97 E.) (ANY. MAH. 26.12.2018 T. 2014/19450 E.) (ANY. MAH. 18.09.2013 T. 2012/969 E.) (ANY. MAH. 09.09.2015 T. 2013/7528 E.) (ANY. MAH. 09.09.2015 T. 2013"
913,17.8,Yargıtay,3,4377,2024,5029,2025-10-21,gebe+illiyet,gebe×13 | travma×2 | illiyet×3 | TCK 87/88,YARGITAY KARARI,"MAHKEMESİ: Antalya Bölge Adliye Mahkemesi 3. Hukuk Dairesi SAYISI: 2023/983 E., 2024/1694 K. İLK DERECE MAHKEMESİ: Antalya 14. Asliye Hukuk Mahkemesi SAYISI: 2022/176 E., 2022/242 K. Bölge Adliye Mahkemesi kararı, davalı vekili tarafından duruşmasız, davacılar vekili tarafından duruşma istemli temyi"
914,17.8,Danıştay,4,4227,2022,2156,2023-04-12,gebe+illiyet,gebe×2 | travma×10 | illiyet×9,DANIŞTAY KARARI,"T.C. D A N I Ş T A Y DÖRDÜNCÜ DAİRE Esas No : 2022/4227 KararNo : 2023/2156 TEMYİZ EDEN (DAVALI): … Vergi Dairesi Başkanlığı (… Vergi Dairesi Müdürlüğü) VEKİLİ : Av. … KARŞI TARAF (DAVACI): … VEKİLİ: Av. … İSTEMİN KONUSU: … Bölge İdare Mahkemesi ... Vergi Dava Dairesinin … tarih ve E:…, K:… sayılı k"
915,17.8,Danıştay,4,66,2021,2413,2023-05-02,gebe+illiyet,gebe×2 | travma×10 | illiyet×9,DANIŞTAY KARARI,"T.C. D A N I Ş T A Y DÖRDÜNCÜ DAİRE Esas No : 2021/66 KararNo : 2023/2413 TEMYİZ EDEN (DAVALI): … Vergi Dairesi Başkanlığı (… Vergi Dairesi Müdürlüğü) VEKİLİ: Av. … KARŞI TARAF (DAVACI): … VEKİLİ: Av. … İSTEMİN KONUSU: … Bölge İdare Mahkemesi ... Vergi Dava Dairesinin … tarih ve E:…, K:… sayılı kara"
916,17.7,Yargıtay,12,8297,2016,5177,2018-05-08,gebe+illiyet,gebe×3 | travma×10 | illiyet×6 | trafik/iş kaz,YARGITAY KARARI,"Mahkemesi :Asliye Ceza Mahkemesi Suç: Taksirle yaralama Hüküm: TCK'nın 89/4, 62/1. maddeleri gereğince mahkumiyet Taksirle yaralama suçundan sanığın mahkumiyetine ilişkin hüküm sanık tarafından temyiz edilmekle, dosya incelenerek gereği düşünüldü: Yapılan yargılamaya, toplanıp karar yerinde gösteril"
917,17.7,Yargıtay,CG,14-493,2018,60,2020-02-06,gebe+travma,gebe×5 | travma×27 | illiyet×1 | TCK 87/88,CİNSEL İSTİSMAR SUÇU - SANIĞIN MAĞDUREYİ YİYECEK VERECEĞİNDEN BAHİSLE BİR DEPOYA GÖTÜREREK CİNSEL İSTİSMARDA BULUNDUĞUNA DAİR HER TÜRLÜ ŞÜPHEDEN UZAK KESİN VE İNANDIRICI DELİL BULUNMADIĞI - CUMHURİYET,"(5237 S. K. &nbsp;m. 53, 103, 109) (5271 S. K. &nbsp;m. 230, 289) &nbsp; Sanık ...&#39;ın beden veya ruh sağlığını bozacak şekilde çocuğun nitelikli cinsel istismarı suçundan TCK&#39;nın 103/1-a maddesi delaletiyle 103/2, 103/6 ve 53. maddeleri uyarınca 15 yıl hapis; kişiyi hürriyetinden yoksun kılm"
918,17.7,Yargıtay,CG,7,2018,161,2022-03-10,gebe+travma,gebe×5 | travma×64 | illiyet×1 | TCK 87/88,YARGITAY KARARI,"Yargıtay Dairesi: (Kapatılan) 14. Ceza Dairesi Kişiyi hürriyetinden yoksun kılma suçundan sanık ...'ın TCK'nın 109/2, 109/3-a, 109/5, 62, 53/1, 63 ve 54. maddeleri uyarınca 5 yıl hapis cezası ile cezalandırılmasına, hak yoksunluğuna, mahsuba ve müsadereye ilişkin ... 1. Ağır Ceza Mahkemesince verile"
919,17.7,Anayasa,1,4198,2019,,2022-01-18,gebe+travma,gebe×1 | travma×20 | illiyet×1 | cenin/düşük,ANAYASA MAHKEMESİNİN 18/1/2022 TARİHLİ VE 2019/4198 SAYILI KARARI (BİREYSEL BAŞVURU) ,"(2709 S. K. m. 17) (6100 S. K. m. 339) (ANY. MAH. 18.09.2013 T. 2012/969 E.) (ANY. MAH. 17.09.2013 T. 2012/752 E.) (ANY. MAH. 18.09.2013 T. 2012/1017 E.) (ANY. MAH. 16.07.2014 T. 2013/6319 E.) (ANY. MAH. 16.09.2015 T. 2013/4668 E.) (ANY. MAH. 16.12.2015 T. 2013/6574 E.) &nbsp; *** İncelemekte olduğu"
920,17.7,Yargıtay,12,4326,2023,4157,2023-10-18,gebe+travma,gebe×3 | travma×18 | illiyet×1 | künt/batın | trafik/iş kaz,TAKSİRLE ÖLDÜRME SUÇU - ÜÇTE BİR ORANINDA ARTIRIM YAPILMASININ İSABETLİ VE ORANTILILIK İLKESİNE DE UYGUN OLDUĞU - HÜKMÜN ONANMASI,"(5271 S. K. m., 223, 260, 286, 289, 294, 298, 302) (5237 S. K. m. 22, 43, 53, 58, 62, 63, 66, 85, 86) &nbsp; İlk Derece Mahkemesince verilen hükme yönelik istinaf incelemesi üzerine Bölge Adliye Mahkemesi tarafından verilen kararın; 5271 sayılı Ceza Muhakemesi Kanunu&rsquo;nun (5271 sayılı Kanun) 28"
921,17.7,Yargıtay,CG,266,2021,316,2023-05-31,gebe+travma,gebe×1 | travma×76 | illiyet×1 | cenin/düşük,YARGITAY KARARI,"İtirazname No: 2019/57055 YARGITAY DAİRESİ : 1. Ceza Dairesi MAHKEMESİ :Ağır Ceza SAYISI: 224-234 I. HUKUKÎ SÜREÇ Sanık ...'un nitelikli kasten öldürme suçundan beraatine ilişkin Tokat 1. Ağır Ceza Mahkemesince verilen 08.09.2015 tarihli ve 224-234 sayılı hükmün, katılan ... tarafından temyiz edilme"
922,17.6,Danıştay,15,4111,2013,2803,2016-04-22,gebe+illiyet,gebe×22 | travma×1 | illiyet×10,TAZMİNAT DAVASI - USUL HÜKÜMLERİNE UYULMAMIŞ OLUNMASI SEBEPLERİNDEN DOLAYI İNCELENEN KARARI BOZACAĞI KURALI - HÜKMÜN ONANMASI GEREĞİ,"(657 S. K. m. 125) (5237 S. K. m. 99) (2577 S. K. m. 49) İstemin Özeti: Sivas İli, Şarkışla İlçesi .....Hastanesinde 18.11.2004 tarihinde doktor S.K. tarafından yapılan cerrahi müdahalede davalı idarenin hizmet kusuru nedeniyle hayatını kaybeden müteveffa D.... A..... Ö.....'ün desteğinden yoksun ka"
923,17.6,Yargıtay,13,5227,2018,12604,2019-12-16,gebe+illiyet,gebe×10 | travma×1 | illiyet×13,YARGITAY KARARI,"MAHKEMESİ:Asliye Hukuk Mahkemesi Taraflar arasındaki tazminat davasının yapılan yargılaması sonunda ilamda yazılı nedenlerden dolayı davanın kısmen kabulüne kısmen reddine yönelik olarak verilen hükmün davalılar ...Vakfı ... Hastanesi ve ... avukatınca duruşmalı, davacılar avukatınca duruşmasız olar"
924,17.6,Danıştay,15,4214,2015,8979,2015-12-17,gebe+illiyet,gebe×12 | travma×1 | illiyet×20,İŞLEMİN İPTALİ İSTEMİ - SAĞLIK HİZMETİ NEDENİYLE DUYULAN SIKINTI VE ÜZÜNTÜNÜN KISMEN DE OLSA HAFİFLETİLEBİLMESİ GEREĞİ - TEMYİZE KONU KARARIN MANEVİ TAZMİNAT İSTEMİNİN REDDİNE İLİŞKİN KISMINDA HUKUKA ,"(2709 S. K. m. 125) (2577 S. K. m. 54) İstemin Özeti: Gaziantep 2. İdare Mahkemesi'nin 28/11/2014 tarih ve E:2014/484; K:2014/1026 sayılı kararının, hukuka uygun olmadığı ileri sürülerek temyizen incelenerek bozulması istenilmektedir. Savunmanın Özeti: Temyiz isteminin reddi gerektiği savunulmaktadı"
925,17.6,Yargıtay,3,4066,2022,1340,2023-05-09,gebe+illiyet,gebe×18 | travma×3 | illiyet×9,YARGITAY KARARI,"MAHKEMESİ: Kayseri Bölge Adliye Mahkemesi 6. Hukuk Dairesi SAYISI: 2022/191 E., 2022/208 K. DAVA TARİHİ: 29.04.2016 KARAR: Davanın kısmen kabulü İLK DERECE MAHKEMESİ: Kayseri 1. Asliye Ticaret Mahkemesi SAYISI: 2016/782 E., 2021/869 K. Taraflar arasındaki maddi ve manevi tazminat davasından dolayı y"
926,17.6,Yargıtay,3,5498,2023,3434,2024-10-31,gebe+illiyet,gebe×25 | travma×1 | illiyet×10,YARGITAY KARARI,"MAHKEMESİ:Asliye Hukuk Mahkemesi SAYISI: 2021/235 E., 2023/172 K. Taraflar arasındaki tazminat davasından dolayı yapılan yargılama sonunda, Mahkemece bozmaya uyularak davanın kısmen kabulüne karar verilmiştir. Mahkeme kararı taraf vekillerince temyiz edilmekle; kesinlik, süre, temyiz şartı ve diğer "
927,17.6,Yargıtay,13,15355,2015,2174,2017-02-22,gebe+illiyet,gebe×16 | travma×1 | illiyet×10,YARGITAY KARARI,"MAHKEMESİ:Asliye Hukuk Mahkemesi Taraflar arasındaki tazminat davasının yapılan yargılaması sonunda ilamda yazılı nedenlerden dolayı davanın reddine yönelik olarak verilen hükmün süresi içinde davacılar avukatınca temyiz edilmesi üzerine dosya incelendi gereği konuşulup düşünüldü. KARAR Davacılar, ."
928,17.6,Yargıtay,4,26633,2021,627,2023-01-18,gebe+illiyet,gebe×4 | travma×15 | illiyet×8,YARGITAY KARARI,"MAHKEMESİ : Ankara Bölge Adliye Mahkemesi 23. Hukuk Dairesi SAYISI : 2021/1713 E., 2021/1658 K. HÜKÜM/KARAR : Esastan Ret / Davanın Reddi İLK DERECE MAHKEMESİ : Ankara 9. Tüketici Mahkemesi SAYISI : 2019/306 E., 2021/329 K. Taraflar arasındaki tazminat davasından dolayı yapılan yargılama sonunda İlk"
929,17.6,Anayasa,2,31440,2019,,2024-06-05,gebe+travma,gebe×4 | travma×22 | illiyet×8,ANAYASA MAHKEMESİNİN 5/6/2024 TARİHLİ VE 2019/31440 SAYILI KARARI (BİREYSEL BAŞVURU) ,"(2709 S. K. m. 5, 17, 56) (4483 S. K. m. 6) (6100 S. K. m. 339) (ANY. MAH. 09.09.2015 T. 2014/12633 E.) (ANY. MAH. 17.09.2013 T. 2012/752 E.) (ANY. MAH. 01.12.2016 T. 2014/14844 E.) (ANY. MAH. 03.04.2014 T. 2013/2839 E.) &nbsp; *** İncelemekte olduğunuz karar Resmi Gazete&rsquo;de yayımlanmamış olup"
930,17.5,Danıştay,10,6979,2019,766,2023-02-23,gebe+illiyet,gebe×7 | travma×2 | illiyet×4 | TCK 87/88,DANIŞTAY KARARI,"T.C. D A N I Ş T A Y ONUNCU DAİRE Esas No: 2019/6979 KararNo: 2023/766 TEMYİZ EDEN (DAVALI): … Bakanlığı / ANKARA VEKİLİ: Hukuk Müşaviri … TEMYİZ EDEN MÜDAHİL (DAVALI YANINDA): … DİĞER MÜDAHİL (DAVALI YANINDA): … VEKİLİ: Av. … KARŞI TARAF (DAVACILAR): Kendi adına asaleten …, … ve …'ya velayeten … VE"
931,17.5,Yargıtay,CG,415,2021,284,2024-10-09,gebe+travma,gebe×7 | travma×55 | TCK 87/88,YARGITAY KARARI,"İtirazname No: 2019/84446 KARARI VEREN YARGITAY DAİRESİ : 9. Ceza Dairesi MAHKEMESİ :Ceza Dairesi SAYISI: 787-1014 I. HUKUKÎ SÜREÇ Sanığın çocuğun nitelikli cinsel istismarı suçundan 5237 sayılı Türk Ceza Kanunu'nun 6763 sayılı Kanun ile değişiklikten önceki 103/1-a maddesi delaletiyle 103/2, 103/3-"
932,17.5,Yargıtay,CG,226,2018,478,2022-06-23,gebe+travma,gebe×7 | travma×60 | TCK 87/88,YARGITAY KARARI,"Yargıtay Dairesi: (Kapatılan) 14. Ceza Dairesi Nitelikli cinsel saldırı suçundan sanık ... hakkında CMK’nın 223/3-d-son, TCK'nın 30 ve 54. maddeleri uyarınca ceza verilmesine yer olmadığına ve müsadereye ilişkin ... 1. Ağır Ceza Mahkemesince verilen 15.11.2012 tarihli ve 7-347 sayılı hükmün, Cumhuri"
933,17.5,Yargıtay,CG,17,2021,162,2023-03-15,gebe+travma,gebe×7 | travma×134 | TCK 87/88,YARGITAY KARARI,"İtirazname No: 2015/267258 YARGITAY DAİRESİ : (Kapatılan) 14. Ceza Dairesi MAHKEMESİ :Ağır Ceza SAYISI: 22-132 I. HUKUKÎ SÜREÇ Sanık ...’in mağdureler ..., ..., ..., ..., ... ve ...’ya karşı kişiyi hürriyetinden yoksun kılma suçundan TCK’nın 109/2, 109/3-b, 62 ve 53. maddeleri uyarınca 6 kez 3 yıl 4"
934,17.4,Yargıtay,9,7251,2021,4350,2023-06-15,gebe+travma,gebe×18 | travma×4 | cenin/düşük,ÇOCUK DÜŞÜRTME SUÇU - SANIKLARIN AŞAMALARDAKİ SUÇU İNKARA YÖNELİK SAVUNMALARININ AKSİNİ GÖSTEREN HER TÜRLÜ ŞÜPHEDEN UZAK KESİN VE İNANDIRICI BAŞKACA BİR DELİL BULUNMADIĞI - HÜKMÜN BOZULMASI,"(5320 S. K. m. 8) (1412 S. K. m. 305, 310, 317, 321) (5271 S. K. m. 260) (5237 S. K. m. 39, 53, 99) &nbsp; Sanıklar hakkında kurulan hükümlerin; karar tarihi itibarıyla 6723 sayılı Kanun&rsquo;un 33 üncü maddesiyle değişik 5320 sayılı Kanun&rsquo;un 8 inci maddesi gereği yürürlükte bulunan 1412 sayı"
935,17.4,A.İ.H.M.,2,27306,1995,,2005-05-31,gebe+travma,gebe×2 | travma×11 | illiyet×2 | TCK 87/88,KİŞMİR - TÜRKİYE DAVASI,"Kişmir - Türkiye Davası (Başvuru no: 27306/95) KARAR STRAZBURG 31 Mayıs 2005 Bu karar AİHS'nin 44 § 2 maddesinde belirtilen şartlarda kesinlik kazanacaktır. Ancak, şekle ilişkin değişiklik yapılabilir. Kişmir/Türkiye Davasında, Avrupa İnsan Hakları Mahkemesi (İkinci Daire), J.-P. COSTA, Başkan, A.B."
936,17.4,Yargıtay,CG,455,2019,319,2022-05-10,gebe+travma,gebe×2 | travma×61 | illiyet×2 | TCK 87/88,YARGITAY KARARI,"Yargıtay Dairesi: 1. Ceza Dairesi Sanık ...'nin töre saikiyle yakın akrabayı kasten öldürme suçundan TCK'nın 84/4. maddesi delaletiyle aynı Kanun'un 82/1-d, k ve 53. maddeleri uyarınca ağırlaştırılmış müebbet hapis cezası ile cezalandırılmasına ve hak yoksunluğuna ilişkin ...Ağır Ceza Mahkemesince v"
937,17.4,Yargıtay,CG,613,2022,43,2025-02-05,gebe+travma,gebe×2 | travma×16 | illiyet×2 | TCK 87/88,YARGITAY KARARI,"KARARI VEREN YARGITAY DAİRESİ : 1. Ceza Dairesi MAHKEMESİ :Ağır Ceza SAYISI : 191-484 I. HUKUKÎ SÜREÇ Sanık ...’ın maktul ...’ya yönelik tasarlayarak ve töre saiki ile kasten öldürme suçuna azmettirmeden 5237 sayılı Türk Ceza Kanunu’nun 38, 82/1-a-k, 62, 53. maddeleri uyarınca müebbet hapis cezası i"
938,17.3,A.İ.H.M.,A.İ.H.M.,44774,1998,,2004-06-29,gebe+travma,gebe×3 | travma×3 | illiyet×5 | TCK 87/88,LEYLA ŞAHİN - TÜRKİYE BAŞVURUSU,"(AİHS. m. 8, 9, 10, 14, 25, 27, 44, I NOLU PROTOKOL, 11 NOLU PROTOKOL) (2709 S. K. m. 1, 2, 3, 4, 10, 14, 24, 174) (743 S. K. m. 17) (491 S. K. m. 10) (2547 S. K. m. 13) (Başvuru no. 44774/98) KARAR STRASBOURG 29 Haziran 2004 Bu karar Sözleşmenin 44/2. maddesinde öngörülen koşullar çerçevesinde kesi"
939,17.3,Askeri Yargıtay,2,1,2006,1,2006-01-18,gebe+illiyet,gebe×1 | travma×18 | illiyet×9,ASTA MÜESSİR FİİL VE KASTEN ÖLDÜRMEYE TEŞEBBÜS SUÇU - TARTIŞMANIN GECE EĞİTİMİ YOKLAMASINDAN KAYNAKLANDIĞI - SANIĞIN MAĞDURUN GÖĞSÜNE TORNAVİDA İLE VURMASI - HAKSIZ TAHRİK HUSUSUNUN DEĞERLENDİRİLMESİ,"(1632 S. K. m. 30, 117) (765 S. K. m. 46, 47, 48, 59) (647 S. K. m. 4, 6) (5237 S. K. m. 35, 45, 52, 53, 54, 62, 81) (353 S. K. m. 218, 220, 251) (5252 S. K. m. 5, 9) Ast'a müessir fiil ve kasten öldürmeye teşebbüs suçundan sanık Mu.Astsb.Birol ÖKSÜZ hakkında 7'nci Kolordu Komutanlığı Askeri Mahkeme"
940,17.3,Yargıtay,1,13335,2022,2153,2024-03-28,gebe+illiyet,gebe×3 | travma×5 | illiyet×4 | TCK 87/88,YARGITAY KARARI,"MAHKEMESİ:Ceza Dairesi SAYISI: 2021/3303 E., 2022/808 K. SUÇ: Neticesi sebebiyle ağırlaşmış yaralama HÜKÜM: Mahkûmiyet TEMYİZ EDENLER: Katılan ... vekili, sanık müdafii TEBLİĞNAME GÖRÜŞÜ: Temyiz istemlerinin esastan reddi ile hükmün onanması İlk Derece Mahkemesince kurulan hükme yönelik istinaf ince"
941,17.2,Danıştay,1,675,2018,526,2018-04-10,gebe+illiyet,gebe×8 | travma×2 | illiyet×13,MENİ MUHAKEME DAVASI - ŞÜPHELİ HEMŞİRELERİN HANGİ EYLEMLERİ NEDENİYLE İSNAT EDİLEN SUÇLARLA İLLİYET BAĞLARI OLDUĞUNUN AÇIKLIĞA KAVUŞTURULMASI SURETİYLE YENİDEN SORUŞTURMA YAPILARAK USULÜNE UYGUN SORUŞ,"(2547 S. K. m. 53) (5271 S. K. m. 233) &nbsp; Fırat Üniversitesi Rektörlüğünün 7.3.2018 tarih ve E.73546 sayılı yazısı ekinde gönderilen soruşturma dosyası ve yukarıda belirtilen Kurul kararı, Tetkik Hakimi &hellip;.&#39;in açıklamaları dinlenildikten sonra, 2547 sayılı Yükseköğretim Kanununun 53 ün"
942,17.2,Anayasa,2,37198,2018,,2022-07-27,gebe+travma,gebe×4 | travma×34 | illiyet×1 | TCK 87/88,ANAYASA MAHKEMESİNİN 27/7/2022 TARİHLİ VE 2018/37198 SAYILI KARARI (BİREYSEL BAŞVURU),"(Çocuk Hakları Sözleşmesi m. 3) (2709 S. K. m. 17) (5237 S. K. m. 86, 94, 279) (5271 S. K. m. 161, 231) (6216 S. K. m. 46, 50) (ANY. MAH. 18.09.2013 T. 2012/969 E.) (ANY. MAH. 09.01.2014 T. 2013/1977 E.) (ANY. MAH. 17.07.2014 T. 2013/293 E.) (ANY. MAH. 29.12.2011 T. 2010/104 E. 2011/180 K.) (ANY. MA"
943,17.2,Yargıtay,CG,502,2019,144,2023-03-08,gebe+travma,gebe×4 | travma×68 | illiyet×1 | TCK 87/88,YARGITAY KARARI,"YARGITAY DAİRESİ : (Kapatılan) 14. Ceza Dairesi MAHKEMESİ :Ağır Ceza SAYISI : 53-4 I. HUKUKÎ SÜREÇ Sanık ...’nun çocuğun basit cinsel istismarı suçundan 5237 sayılı Türk Ceza Kanunu'nun 103/1-b maddesi delaletiyle 103/1-1. cümle, 62, 53 ve 63. maddeleri uyarınca 6 yıl 8 ay; kişiyi hürriyetinden yoks"
944,17.2,Yargıtay,CG,291,2018,380,2018-09-27,gebe+travma,gebe×4 | travma×47 | illiyet×1 | TCK 87/88,YARGITAY KARARI,"Kararı Veren Yargıtay Dairesi: 1. Ceza Dairesi Mahkemesi:Ağır Ceza Sayısı: 3-53 Kasten öldürme suçundan sanık ...'ın TCK'nın 81/1, 29/1, 62/1, 53/1, 54 ve 63. maddeleri uyarınca 15 yıl hapis cezası ile cezalandırılmasına, hak yoksunluğuna, müsadereye ve mahsuba ilişkin Zile Ağır Ceza Mahkemesince ve"
945,17.2,Yargıtay,3,6491,2020,8196,2021-09-13,gebe+illiyet,gebe×13 | travma×1 | illiyet×3 | TCK 87/88,YARGITAY KARARI,"MAHKEMESİ:ASLİYE HUKUK MAHKEMESİ Taraflar arasındaki tazminat davasının mahkemece yapılan yargılaması sonucunda, davanın kısmen kabulüne yönelik olarak verilen hükmün, süresi içinde davalılardan ... vekili tarafından temyiz edilmesi üzerine; temyiz dilekçesinin kabulüne karar verildikten sonra, dosy"
946,17.2,Yargıtay,12,886,2025,5023,2025-05-28,gebe+illiyet,gebe×4 | travma×3 | illiyet×2 | TCK 87/88 | trafik/iş kaz,TAKSİRLE ÖLDÜRME SUÇU - SANIĞIN ASLİ KUSURLU EYLEMİ NETİCESİNDE ÜÇ KİŞİNİN ÖLÜMÜNE NEDEN OLDUĞU OLAYDA MAHKEMECE TAYİN EDİLEN TEMEL CEZA MİKTARINDA İSABETSİZLİK BULUNMADIĞI - HÜKMÜN BOZULMASI,"(5271 S. K. m. 260, 286, 288, 289, 294, 298, 302, 309) (5237 S. K. m. 22, 43, 52, 54, 62, 66, 85) &nbsp; Sanık müdafinin temyiz istemi yönünden; sanık müdafii tarafından kanunî süresi içinde 02.01.2025 tarihli dilekçe ile hükmün temyiz edilmesinden sonra sanığın, 14.04.2025, 19.02.2025 ve 17.01.2025"
947,17.1,Yargıtay,3,9395,2016,3090,2017-03-21,gebe+illiyet,gebe×5 | travma×3 | illiyet×4 | TCK 87/88,YARGITAY KARARI,"MAHKEMESİ :Asliye Ceza Mahkemesi HÜKÜM: Sanığın mahkumiyetine dair Mahalli mahkemece verilen hüküm temyiz edilmekle evrak okunarak; Gereği görüşülüp düşünüldü; Yerinde görülmeyen diğer temyiz itirazlarının reddine, ancak; 1)Sanığın hamile olan mağdur eşini kasten yaralaması ile mağdur eşin sancıları"
948,17.1,Danıştay,VD,155,2025,1037,2025-12-03,gebe+illiyet,gebe×1 | travma×5 | illiyet×3 | cenin/düşük,DANIŞTAY KARARI,T.C. D A N I Ş T A Y VERGİ DAVA DAİRELERİ KURULU EsasNo : 2025/155 KararNo : 2025/1037 TEMYİZ EDEN (DAVALI): ... Defterdarlığı - ... (... Vergi Dairesi Müdürlüğü) VEKİLİ: Av. ... KARŞI TARAF (DAVACI): ... VEKİLİ: Av. ... İSTEMİNKONUSU:... Bölge İdare Mahkemesi ... Vergi Dava Dairesinin ... tarih ve 
949,17,Yargıtay,12,373,2021,1080,2023-04-04,gebe+travma,gebe×2 | travma×33 | cenin/düşük,YARGITAY KARARI,"MAHKEMESİ:Asliye Ceza Mahkemesi Sanıklar hakkında kurulan hükümlerin; karar tarihi itibarıyla 6723 sayılı Kanun’un 33 üncü maddesiyle değişik 5320 sayılı Kanun’un 8 inci maddesi gereği yürürlükte bulunan 1412 sayılı Ceza Muhakemeleri Usulü Kanunu’nun (1412 sayılı Kanun) 305 inci maddesi gereği temyi"
950,17,Yargıtay,1,278,2009,191,2011-01-26,gebe+travma,gebe×11 | travma×16 | künt/batın,YARGITAY KARARI,TEBLİĞNAME : 1-B/08/251526 MAHKEMESİ :İSTANBUL Yedinci Ağır Ceza Mahkemes TARİHİ VE NO :25/06/2008 gün ve 110/175 SUÇ :Yeni doğmuş bebeğini öldürmek Yeni doğmuş erkek bebeğini öldürmekten sanık F.. K..'ın yapılan yargılanması sonunda: hükümlülüğüne ilişkin (İSTANBUL) Yedinci Ağır Ceza Mahkemesinden 
951,17,Yargıtay,CG,445,2019,249,2021-06-02,gebe+travma,gebe×2 | travma×18 | cenin/düşük,YARGITAY KARARI,"Kararı Veren Yargıtay Dairesi: 14. Ceza Dairesi Mahkemesi:Ceza Dairesi Çocuğun basit cinsel istismarı suçundan sanık ...’ın TCK’nın 103/1-1.cümle, 103/3-c, 43/1, 62, 53 ve 63. maddeleri uyarınca 12 yıl 6 ay hapis cezası ile cezalandırılmasına, hak yoksunluğuna ve mahsuba ilişkin Ankara 7. Ağır Ceza "
952,17,Yargıtay,4,6398,2022,9797,2025-06-23,gebe+illiyet,gebe×11 | travma×3 | illiyet×6 | trafik/iş kaz,YARGITAY KARARI,"MAHKEMESİ: Sakarya Bölge Adliye Mahkemesi 3. Hukuk Dairesi SAYISI: 2021/782 E., 2022/415 K. İLK DERECE MAHKEMESİ: Kocaeli 2. Asliye Ticaret Mahkemesi SAYISI: 2017/1185 E., 2020/383 K. Bölge Adliye Mahkemesi kararı davalı ... vekili tarafından temyiz edilmekle; kesinlik, süre, temyiz şartı ve diğer u"
953,17,Yargıtay,CG,257,2020,652,2022-10-20,gebe+travma,gebe×6 | travma×30 | TCK 87/88,YARGITAY KARARI,"Mahkemesi:Ağır Ceza Beden veya ruh sağlığını bozacak şekilde çocuğun nitelikli cinsel istismarı suçundan suça sürüklenen çocuk ...’nın TCK'nın 103/2, 103/6, 31/3, 62, 53 ve 63. maddeleri uyarınca 8 yıl 4 ay hapis cezasıyla cezalandırılmasına, hak yoksunluğuna ve mahsuba ilişkin ... 1. Ağır Ceza Mahk"
954,17,Yargıtay,11,6485,2022,1040,2023-02-22,gebe+travma,gebe×48 | travma×4 | illiyet×8,TAZMİNAT DAVASI - MAHKEMECE İSPAT YÜKÜNÜN DAVALIDA OLDUĞU NAZARA ALINIP UZMAN BİLİRKİŞİ RAPORU ALINARAK VARILACAK SONUCA GÖRE KARAR VERİLMESİ GEREKİRKEN EKSİK İNCELEMEYE DAYALI KARAR VERİLMESİNİN DOĞR,"(6100 S. K. m. 369, 370, 371) (6098 S. K. m. 502, 510) &nbsp; Taraflar arasındaki maddi-manevi tazminat davasından dolayı yapılan yargılama sonunda İlk Derece Mahkemesince davanın kabulüne karar verilmiştir. &nbsp; Kararın davalı vekili tarafından istinaf edilmesi üzerine, Bölge Adliye Mahkemesince "
955,16.9,A.İ.H.M.,A.İ.H.M.,2582,1994,,1998-12-09,gebe+travma,gebe×1 | travma×6 | illiyet×4 | TCK 87/88,TEIXEIRA DE CASTRO - PORTEKİZ DAVASI,"(Adil Yargılanma Hakkı, Kötü Muamele Yasağı ve Özel Hayata Saygı Duyulmasını İsteme Hakkı İhlali İddiaları) Avrupa İnsan Hakları Mahkemesi Kararı Başkan; R. Bernhardt, Üyeler; A. Spielmann, N. Valticos, E. Palm, I. Foighel, A.N. Loizou, M.A. Lopse Rocha, B. Repik, V. Butkevych Başvuru No: 2582/94 Ka"
956,16.9,Anayasa,1,19506,2014,,2019-04-03,gebe+illiyet,gebe×1 | travma×8 | illiyet×3 | TCK 87/88,ANAYASA MAHKEMESİNİN 3/4/2019 TARİHLİ VE 2014/19506 SAYILI KARARI (BİREYSEL BAŞVURU),"(AİHS m. 2, 3, 5, 6, 9, 10, 14) (2709 S. K. m. 5, 17) (6216 S. K. m. 50) (6458 S. K. m. 53) (7070 S. K. m. 31) (Anayasa Mahkemesi İçtüzüğü m. 73) (M.S.S. - BELÇİKA VE YUNANİSTAN DAVASI) (ANY. MAH. 01.03.2017 T. 2015/3941 E.) (ANY. MAH. 18.09.2013 T. 2012/969 E.) (ANY. MAH. 07.06.2018 T. 2014/8875 E."
957,16.8,Yargıtay,3,599,2022,2108,2022-03-10,gebe+travma,gebe×61 | travma×3 | cenin/düşük,YARGITAY KARARI,"MAHKEMESİ:ASLİYE HUKUK MAHKEMESİ Taraflar arasındaki tazminat davasının mahkemece yapılan yargılaması sonucunda, davanın reddine yönelik olarak verilen hükmün, süresi içinde davacılar vekili tarafından temyiz edilmesi üzerine; temyiz dilekçesinin kabulüne karar verildikten sonra, dosya içerisindeki "
958,16.7,A.İ.H.M.,1,39272,1998,,2003-12-04,gebe+travma,gebe×3 | travma×25 | illiyet×1 | TCK 87/88,M.C. - BULGARİSTAN DAVASI,"(AİHS m. 3, 8, 13, 14, 41) Başvuru no: 39272/98 USUL 1. Bu dava, Bulgaristan Cumhuriyetine karşı Bulgar uyruklu M.C. tarafından 23 Eylül 1997 tarihinde İnsan Hakları Avrupa Komisyonu'na, İnsan Hakları ve Temel Özgürlükler Sözleşmesi'nin eski 25. maddesi çerçevesinde yapılan başvurudan kaynaklanmıştı"
959,16.7,Yargıtay,CG,325,2020,659,2021-12-21,gebe+travma,gebe×3 | travma×199 | illiyet×1 | TCK 87/88,YARGITAY KARARI,"Kararı Veren Yargıtay Dairesi: 1. Ceza Dairesi Mahkemesi:Ceza Dairesi Sayısı: 1078-1256 Sanık ... hakkında maktul ...'ı kasten öldürme suçundan açılan kamu davasında yapılan yargılama sonucunda, sanığın TCK'nın 81/1, 29/1, 62, 53, 63 ve 58. maddeleri uyarınca 15 yıl hapis cezası ile cezalandırılması"
960,16.7,Yargıtay,CG,102,2018,18,2022-01-13,gebe+travma,gebe×3 | travma×71 | illiyet×1 | TCK 87/88,YARGITAY KARARI,"Kararı Veren Yargıtay Dairesi: 6. Ceza Dairesi Mahkemesi:Ağır Ceza Sayısı: 356-367 Sanıklar ..., ..., ..., ..., ... ve...’nun nitelikli yağma suçundan TCK’nın 37/1. maddesi delaletiyle aynı Kanun’un 149/1-c, 62 ve 53. maddeleri uyarınca 8 yıl 4 ay hapis cezası ile cezalandırılmalarına ve hak yoksunl"
961,16.6,Yargıtay,HG,2-302,2012,287,2012-04-11,gebe+travma,gebe×29 | travma×6 | TCK 87/88,EVLAT EDİNME DAVASI - DAVALININ KÜÇÜĞE KARŞI ÖZEN YÜKÜMLÜLÜĞÜNÜ YETERİNCE YERİNE GETİRMEDİĞİ - DAVALI ANNENİN EVLAT EDİNEMEYE RIZASININ ALINMASINA GEREK OLMADIĞI - KARAR DÜZELTME İSTEMİNİN KABULÜNE KA,"(6100 S. K. Geç. m. 3) (1086 S. K. m. 440) (4721 S. K. m. 305, 306, 311) (YHGK. 21.09.2011 T. 2011/2-431 E. 2011/553 K.) (2. HD 01.03.2010 T. 2009/12895 E. 2010/3777 K.) Dava ve Karar: Taraflar arasındaki davadan dolayı, bozma üzerine direnme yoluyla; İstanbul 2. Aile Mahkemesinden verilen 19.01.201"
962,16.6,Anayasa,GK,31619,2017,,2020-07-23,gebe+travma,gebe×273 | travma×6 | TCK 87/88,ANAYASA MAHKEMESİNİN 23/7/2020 TARİHLİ VE 2017/31619 SAYILI KARARI (BİREYSEL BAŞVURU),"(AİHS m. 8) (Biyoloji ve Tıbbın Uygulanması Bakımından İnsan Hakları ve İnsan Haysiyetinin Korunması Sözleşmesi (İnsan Hakları ve Biyotıp Sözleşmesi) m. 1, 5) (Ekonomik, Sosyal ve Kültürel Haklara İlişkin Uluslararası Sözleşme m. 12) (Avrupa Konseyi Çocukların Cinsel Sömürü ve İstismara Karşı Korunm"
963,16.6,Yargıtay,3,9449,2016,4905,2017-04-19,gebe+illiyet,gebe×4 | travma×5 | illiyet×3 | TCK 87/88,YARALAMA SUÇU - ANAYASA MAHKEMESİNİN KARARI İLE TCK MADDESİNDEKİ BAZI İBARELERİN İPTAL EDİLMESİ - HAK YOKSUNLUKLARI YÖNÜNDEN SANIĞIN HUKUKİ DURUMUNUN YENİDEN DEĞERLENDİRİLMESİNDE ZORUNLULUK BULUNMASI ,"(5271 S. K. m. 150, 188) (5237 S. K. m. 53, 87) (ANY. MAH. 08.10.2015 T. 2014/140 E. 2015/85 K.) Dava ve Karar: Mahalli mahkemece verilen hüküm temyiz edilmekle evrak okunarak; Gereği görüşülüp düşünüldü; Diğer temyiz itirazları yerinde görülmediğinden reddine, ancak; 1) Alt sınırı beş yıldan fazla "
964,16.5,Anayasa,GK,7216,2015,,2019-03-27,gebe+travma,gebe×5 | travma×11 | TCK 87/88,ANAYASA MAHKEMESİNİN 27/3/2019 TARİHLİ VE 2015/7216 SAYILI KARARI (BİREYSEL BAŞVURU),"(AİHS m. 8) (Çocuk Hakları Sözleşmesi m. 3, 20) (2709 S. K. m. 20, 41) (2828 S. K. m. 23) (5395 S. K. m. 5) (4721 S. K. m. 325, 347) (6216 S. K. m. 50) (633 S. KHK m. 2, 8) (Koruyucu Aile Yönetmeliği m. 15, 16, 22) (Anayasa Mahkemesi İçtüzüğü m. 28) (ANY. MAH. 18.09.2013 T. 2012/969 E.) (ANY. MAH. 0"
965,16.5,Yargıtay,17,3882,2018,10848,2018-11-19,gebe+travma,gebe×1 | travma×8 | illiyet×1 | cenin/düşük,YARGITAY KARARI,"MAHKEMESİ: 7. Asliye Ticaret Mahkemesi Taraflar arasındaki tazminat davasının yargılaması sonunda; kararda yazılı nedenlerle istinaf başvurusunun esastan reddine dair verilen hükmün süresi içinde davalı vekili tarafından temyiz edilmesi üzerine dosya incelendi, gereği düşünüldü: -K A R A R- Davacı v"
966,16.5,A.İ.H.M.,2,46048,2006,,2008-06-10,gebe+travma,gebe×1 | travma×4 | illiyet×3 | cenin/düşük,ERCÜMENT YILDIZ - TÜRKİYE DAVASI,"(AİHS m. 5, 6, 35, 41, 44) (765 S. K. m. 125) (KOŞTİ VE DİĞERLERİ - TÜRKİYE DAVASI) (WEMHOFF - ALMANYA DAVASI) (BALTACI - TÜRKİYE DAVASI) (ALİ HIDIR POLAT - TÜRKİYE DAVASI) (DEMİREL - TÜRKİYE DAVASI) Başvuru No: 46048/06 Strazburg 10 Haziran 2008 OLAYLAR I. DAVANIN KOŞULLARI Başvuran 1977 doğumlu ol"
967,16.5,Yargıtay,12,5829,2023,5597,2023-12-13,gebe+illiyet,gebe×5 | travma×2 | illiyet×4 | TCK 87/88,YARGITAY KARARI,"MAHKEMESİ:Ceza Dairesi SAYISI: 2022/2039 E., 2022/2270 K. SUÇ: Taksirle öldürme HÜKÜMLER: Mahkûmiyet TEBLİĞNAME GÖRÜŞÜ: Temyiz istemlerinin esastan reddi ile hükümlerin onanması Sanık ...'in hükmün onanması istemi yönünden; sanık ...'in vekâletnameli müdafii tarafından kanunî süresi içinde 18.11.202"
968,16.4,Yargıtay,3,1174,2025,4973,2025-10-20,gebe+illiyet,gebe×79 | travma×9 | illiyet×5,YARGITAY KARARI,"MAHKEMESİ: İstanbul Bölge Adliye Mahkemesi 18. Hukuk Dairesi SAYISI: 2021/2707 E., 2024/2408 K. İLK DERECE MAHKEMESİ: İstanbul 8. Tüketici Mahkemesi SAYISI: 2015/319 E., 2021/243 K. Bölge Adliye Mahkemesi kararı, davacılar vekili tarafından temyiz edilmekle; kesinlik, süre, temyiz şartı ve diğer usu"
969,16.4,Yargıtay,3,637,2024,1698,2025-03-18,gebe+illiyet,gebe×29 | travma×1 | illiyet×9,YARGITAY KARARI,"MAHKEMESİ: İzmir Bölge Adliye Mahkemesi 21. Hukuk Dairesi SAYISI: 2022/1995 E., 2023/2229 K. İLK DERECE MAHKEMESİ: İzmir 6. Tüketici Mahkemesi SAYISI: 2018/25 E., 2022/321 K. Bölge Adliye Mahkemesi kararı, davacılar vekili tarafından temyiz edilmekle; kesinlik, süre, temyiz şartı ve diğer usul eksik"
970,16.3,Yargıtay,17,2784,2021,3232,2021-03-24,gebe+illiyet,gebe×1 | travma×2 | illiyet×3 | TCK 87/88 | trafik/iş kaz,TAZMİNAT DAVASI - SİGORTACININ MASRAFLARDAN SİGORTA BEDELİNİN TAZMİNATA ORANI DAHİLİNDE SORUMLU OLACAĞI - YARGILAMA GİDERİ VE VEKALET ÜCRETİNİN POLİÇE ÜST LİMİTİ İLE SINIRLI SORUMLU TUTULMASININ İSABE,"(2918 S. K. m. 98, 99) (6100 S. K. m. 370) &nbsp; Dava: Taraflar arasındaki tazminat davası üzerine yapılan yargılama sonunda davanın kısmen kabulüne ilişkin verilen hüküm davalı ... Sigorta A.Ş. vekili tarafından süresi içinde temyiz edilmekle, dosya incelendi, gereği düşünüldü: &nbsp; KARAR &nbsp;"
971,16.3,Yargıtay,CG,70,2021,785,2022-12-08,gebe+illiyet,gebe×5 | travma×6 | illiyet×6 | trafik/iş kaz,YARGITAY KARARI,"Kararı veren Yargıtay Dairesi: 12. Ceza Dairesi Mahkemesi:Ağır Ceza Sayısı: 282-221 Taksirle birden fazla kişinin ölümüne ve bir kişinin yaralanmasına neden olma suçundan sanık ...'nun TCK'nın 85/2, 62, 50/4, 52/4 ve 63. maddeleri uyarınca 40.950 TL adli para cezasıyla cezalandırılmasına, taksitlend"
972,16.2,Yargıtay,CG,776,2017,134,2021-03-23,gebe+travma,gebe×2 | travma×18 | illiyet×1 | TCK 87/88,YARGITAY KARARI,"Kararı Veren Yargıtay Dairesi: 14. Ceza Dairesi Mahkemesi:Ağır Ceza . Kişiyi hürriyetinden yoksun kılma suçundan sanık ...'in TCK'nın 109/2, 109/3-f, 109/5, 62 ve 53. maddeleri uyarınca 5 yıl hapis cezası ile cezalandırılmasına ve hak yoksunluğuna ilişkin Uşak 1. Ağır Ceza Mahkemesince verilen 10.07"
973,16.2,Yargıtay,CG,206,2018,431,2021-09-28,gebe+travma,gebe×2 | travma×30 | illiyet×1 | TCK 87/88,YARGITAY KARARI,"Yargıtay Dairesi: (Kapatılan) 14. Ceza Dairesi Kişiyi hürriyetinden yoksun kılma suçundan suça sürüklenen çocuk ...'in TCK’nın 109/1,109/2,109/3-f, 109/5, 31/3 ve 62. maddeleri gereğince 3 yıl 4 ay hapis cezası ile cezalandırılmasına ilişkin ... Ağır Ceza Mahkemesince verilen 21.05.2014 tarihli ve 1"
974,16.2,Yargıtay,12,4048,2021,1193,2022-02-17,gebe+illiyet,gebe×8 | travma×1 | illiyet×3 | obstetrik komp.,YARGITAY KARARI,"Mahkemesi :Ağır Ceza Mahkemesi Suç: Taksirle öldürme Hüküm: TCK’nın 85/1, 22/3, 62, 63. maddeleri gereğince mahkumiyet Taksirle öldürme suçundan sanığın mahkumiyetine ilişkin hüküm, sanık müdafii ve katılan vekili tarafından temyiz edilmekle, dosya incelenerek gereği düşünüldü: Sanık ...’un olay tar"
975,16.2,Yargıtay,CG,205,2019,588,2019-10-10,gebe+travma,gebe×2 | travma×91 | illiyet×1 | TCK 87/88,YARGITAY KARARI,"Kararı Veren Yargıtay Dairesi: 1. Ceza Dairesi Mahkemesi:Ceza Dairesi Sayısı: 236-1085 Tasarlayarak öldürme suçundan sanık ...'in beraatine ilişkin Isparta 1. Ağır Ceza Mahkemesince verilen 08.11.2016 tarihli ve 175-218 sayılı hükme yönelik, Cumhuriyet savcısı ve katılan ... (müteveffa) vekili taraf"
976,16.2,Yargıtay,CG,81,2021,135,2024-03-20,gebe+travma,gebe×2 | travma×33 | illiyet×1 | TCK 87/88,YARGITAY KARARI,"DİRENME KARARI VEREN YARGITAY DAİRESİ : 8. Ceza Dairesi MAHKEMESİ :Ağır Ceza SAYISI: 248-298 I. HUKUKİ SÜREÇ Kişiyi hürriyetinden yoksun kılma suçundan sanığın 5237 sayılı Türk Ceza Kanunu'nun 37/1. maddesi delaletiyle aynı Kanun'un 109/1-2, 109/3-b, 62, 53/1 ve 63. maddeleri uyarınca 3 yıl 4 ay hap"
977,16.2,Yargıtay,CG,186,2022,155,2023-03-15,gebe+travma,gebe×6 | travma×50 | illiyet×6,YARGITAY KARARI,"MAHKEMESİ:Ağır Ceza Maktuller ... ve ...’ye yönelik kasten öldürme suçundan sanıklar ..., ... ve ...’in, 5237 sayılı Türk Ceza Kanunu’nun 81/1, 62/1 maddeleri uyarınca 25 yıl; katılan ...’ye yönelik kasten öldürmeye teşebbüs suçundan ise aynı Kanun’un 81/1, 35 ve 62. maddeleri uyarınca 10 yıl hapis "
978,16.2,Yargıtay,CG,141,2022,215,2024-07-03,gebe+travma,gebe×2 | travma×43 | illiyet×1 | TCK 87/88,YARGITAY KARARI,"DİRENME KARARI VEREN YARGITAY DAİRESİ : 9. Ceza Dairesi MAHKEMESİ:Ağır Ceza SAYISI: 82-286 I. HUKUKÎ SÜREÇ Sanık ...'ın çocuğun nitelikli cinsel istismarı suçundan 5237 sayılı Türk Ceza Kanunu'nun 103/1-b maddesi delaletiyle 103/2, 103/6, 43/1, 62, 53 ve 63. maddeleri uyarınca 14 yıl 2 ay; kişiyi hü"
979,16.2,Yargıtay,8,16626,2013,22479,2015-10-12,gebe+travma,gebe×4 | travma×7 | cenin/düşük,GÖREVİ KÖTÜYE KULLANMA SUÇU - EYLEM ÇOKLUĞU VE MAĞDUR SAYISININ ÇOKLUĞU NAZARA ALINARAK YASAL VE YETERSİZ GEREKÇEYLE HÜKMÜN AÇIKLANMASININ GERİ BIRAKILMASINA YER OLMADIĞINA KARAR VERİLMESİNİN İSABETSİ,"(5237 S. K. m. 3, 53, 61) Dava ve Karar: Gereği görüşülüp düşünüldü: Şartları oluşmadığından katılanlar vekillerinin duruşmalı inceleme talebi- nin CMUK.nun 318. maddesi uyarınca oybirliğiyle REDDİNE, Dosya üzerinden yapılan incelemede; I- Müşteki Türk Tabipler Birliği'nin atılı suçlardan doğrudan z"
980,16.1,Yargıtay,CG,1-542,2019,42,2021-02-18,gebe+travma,gebe×1 | travma×90 | illiyet×8,NİTELİKLİ KASTEN ÖLDÜRME SUÇU - SANIKLARIN NİTELİKLİ KASTEN ÖLDÜRME SUÇUNA BİR BAŞINA AZMETTİRMESİNİN HAYATIN OLAĞAN AKIŞI İLE BAĞDAŞMAYACAK OLUŞU - SUÇA AZMETTİRMENİN SABİT OLDUĞU - YARGITAY CUMHURİY,"(5237 S. K. m. 2, 37, 38, 39, 40, 53, 63, 81, 82) (5271 S. K. m. 308) (YCGK 09.07.2002 T. 2002/1-138 E. 2002/301 K.) (YCGK 03.12.2002 T. 2002/1-247 E. 2002/414 K.) &nbsp; Dava ve Karar: Sanık ...&rsquo;in nitelikli kasten öldürme suçuna azmettirmeden TCK&#39;nın 38. maddesi delaletiyle aynı Kanun&rs"
981,16,Anayasa,1,25890,2018,,2022-02-22,gebe+travma,gebe×24 | travma×5 | TCK 87/88,ANAYASA MAHKEMESİNİN 22/2/2022 TARİHLİ VE 2018/25890 SAYILI KARARI (BİREYSEL BAŞVURU) ,"(AİHS. m. 8) (2709 S. K. m. 17, 36, 56) (6216 S. K. m. 50, 70) (Hasta Hakları Yönetmeliği m. 15, 24, 28, 31) (ANY. MAH. 26.12.2018 T. 2014/19450 E.) (ANY. MAH. 10.01.2019 T. 2015/4259 E.) (ANY. MAH. 15.10.2015 T. 2013/2084 E.) (ANY. MAH. 11.12.2018 T. 2015/9714 E.) (ANY. MAH. 09.09.2015 T. 2013/474 "
982,15.8,Yargıtay,6,1050,2012,22847,2014-12-15,gebe+travma,gebe×4 | travma×7 | illiyet×8,YARGITAY KARARI,"Tebliğname No: 6 - 2009/143489 MAHKEMESİ : Nazilli Ağır Ceza Mahkemesi TARİHİ: 18/11/2008 NUMARASI: 2006/316 (E) ve 2008/355 (K) SUÇ: Yağma, cinsel saldırı, cinsel saldırı amaçlı kişiyi hürriyetinden mahrum etme Yerel Mahkemece verilen hüküm temyiz edilmekle; başvurunun nitelik, ceza türü, süresi ve"
983,15.8,Danıştay,10,9409,2019,2962,2021-06-02,gebe+illiyet,gebe×17 | travma×8 | illiyet×5,DANIŞTAY KARARI,"T.C. D A N I Ş T A Y ONUNCU DAİRE Esas No : 2019/9409 KararNo : 2021/2962 TEMYİZ EDEN (DAVACI): … VEKİLİ: Av. … KARŞI TARAF (DAVALI): … Bakanlığı VEKİLİ: Av. … İSTEMİN_KONUSU: … Bölge İdare Mahkemesi … İdare Dava Dairesinin … tarih ve E:…, K:… sayılı kararının temyizen incelenerek bozulması istenilm"
984,15.8,Sayıştay,STK,,,30138,2008-05-06,gebe+illiyet,gebe×6 | travma×2 | illiyet×3 | TCK 87/88,YERSİZ OLARAK SÜREKLİ GÖREV YOLLUĞU ÖDENDİĞİ GEREKÇESİ İLE VERİLEN TAZMİN HÜKMÜ - 5216 SAYILI KANUNLA YAPILAN DEĞİŞİKLİKLERİN ETKİSİ - VERİLEN TAZMİN HÜKMÜNÜN KONUSUZ KALMIŞ OLMASI,"Saymanlık Adı: Samsun 2 Nolu Katma Bütçeli İdareler Saymanlık Müdürlüğü (TCK. 7. Bölge Müdürlüğü) Yılı: 2004 Dairesi: 2 İlam No: 726 Dosya No: 29717 Tutanak No: 30138 Tutanak Tarihi: 06.05.2008 (6245 S. K. m. 3, 10, Geç. m. 4) (5216 S. K. Geç. m. 2) (1475 S. K. m. 13, 14, 17) (4857 S. K. m. 17, 25, "
985,15.8,Danıştay,10,900,2022,7911,2023-12-06,gebe+illiyet,gebe×47 | travma×2 | illiyet×8,DANIŞTAY KARARI,"T.C. D A N I Ş T A Y ONUNCU DAİRE Esas No : 2022/900 KararNo : 2023/7911 KARAR DÜZELTMESİNİ İSTEYEN (DAVACILAR): Kendi adlarına asaleten... adına velayeten ..., ... VEKİLİ: Av. ... KARŞI TARAF (DAVALI): ... Bakanlığı VEKİLİ: Av. ... İSTEMİN_KONUSU : ... İdare Mahkemesinin ... tarih ve E:..., K:... s"
986,15.8,Yargıtay,12,1231,2020,1743,2022-03-08,gebe+illiyet,gebe×36 | travma×6 | illiyet×6,YARGITAY KARARI,"Mahkemesi:Asliye Ceza Mahkemesi Suç: Taksirle öldürme Hüküm: Tüm sanıklar hakkında TCK’nın 85/1,62/1, 50/1-a, 52/2 maddelerigereğince mahkumiyet Taksirle öldürme suçundan sanıkların mahkumiyetlerine ilişkin hüküm, sanıklar müdafileri tarafından ayrı ayrı temyiz edilmekle dosya incelenerek gereği düş"
987,15.8,Danıştay,10,3596,2021,1132,2025-02-25,gebe+illiyet,gebe×21 | travma×4 | illiyet×7,DANIŞTAY KARARI,T.C. D A N I Ş T A Y ONUNCU DAİRE Esas No : 2021/3596 KararNo : 2025/1132 TEMYİZ EDEN (DAVACILAR): 1- ... 2- ... VEKİLİ: Av. ... KARŞI TARAF (DAVALI):... Üniversitesi Rektörlüğü VEKİLİ: Av. ... DAVALI YANINDA MÜDAHİL:... VEKİLİ: Av. ... İSTEMİN_KONUSU: ... Bölge İdare Mahkemesi... İdari Dava Dairesi
988,15.7,Yargıtay,3,5809,2020,7071,2021-06-23,gebe+travma,gebe×9 | travma×2 | cenin/düşük,TAZMİNAT DAVASI - YENİ BİR BİLİRKİŞİ HEYETİ OLUŞTURULARAK TARAF MAHKEME VE YARGITAY DENETİMİNE AÇIK VE YETERLİ BİLİRKİŞİ RAPORU ALINARAK KARAR VERİLMESİ - EKSİK İNCELEME - HÜKMÜN BOZULDUĞU,"(6023 S. K. m. 59) (6100 S. K. m. 371, 373) &nbsp; Dava: Taraflar arasında ilk derece mahkemesinde görülen tazminat davasının reddine dair verilen karar hakkında bölge adliye mahkemesi tarafından yapılan istinaf incelemesi sonucunda; davacı tarafın istinaf başvurusunun esastan reddine yönelik olarak"
989,15.7,Anayasa,1,1737,2015,,2019-07-18,gebe+travma,gebe×1 | travma×14 | illiyet×1 | TCK 87/88,ANAYASA MAHKEMESİNİN 18/7/2019 TARİHLİ VE 2015/1737 SAYILI KARARI (BİREYSEL BAŞVURU),"(2709 S. K. m. 13, 17, 34) (5237 S. K. m. 86, 115, 170, 256) (2559 S. K. m. 2, 16) (6216 S. K. m. 50) (ANY. MAH. 19.04.2018 T. 2014/5218 E.) (ANY. MAH. 18.09.2013 T. 2012/969 E.) (ANY. MAH. 17.07.2014 T. 2013/293 E.) (ANY. MAH. 25.05.2017 T. 2014/920 E.) (ANY. MAH. 06.01.2015 T. 2013/3924 E.) (ANY. "
990,15.7,A.İ.H.M.,2,33086,2004,,2008-09-18,gebe+travma,gebe×1 | travma×11 | illiyet×1 | TCK 87/88,TÜRKAN - TÜRKİYE DAVASI,"(AİHS m. 1, 3, 6, 13, 29, 34, 35, 41, 44) (765 S. K. m. 243, 245) (4616 S. K. m. 1) (KARAYİĞİT - TÜRKİYE DAVASI) (AVŞAR - TÜRKİYE DAVASI) (ÇOLAK VE FİLİZER - TÜRKİYE DAVASI) (AKSOY - TÜRKİYE DAVASI) (ORHAN - TÜRKİYE DAVASI) (SALMAN - TÜRKİYE DAVASI) (ABDÜLSAMET YAMAN - TÜRKİYE DAVASI) (BATI VE DİĞER"
991,15.7,Anayasa,2,22180,2016,,2020-06-10,gebe+illiyet,gebe×1 | travma×4 | illiyet×4 | TCK 87/88,ANAYASA MAHKEMESİNİN 10/6/2020 TARİHLİ VE 2016/22180 SAYILI KARARI (BİREYSEL BAŞVURU),"İKİNCİ BÖLÜM &nbsp; KARAR &nbsp; M.O. BAŞVURUSU &nbsp; Başvuru Numarası: 2016/22180 &nbsp; Karar Tarihi: 10/6/2020 &nbsp; GİZLİLİK TALEBİ KABUL &nbsp; Başkan: Kadir ÖZKAYA &nbsp; Üyeler: Engin YILDIRIM &nbsp; Celal Mümtaz AKINCI &nbsp; Rıdvan GÜLEÇ &nbsp; Recai AKYEL &nbsp; Raportör Yrd.: Melek ŞAHA"
992,15.7,Anayasa,2,11354,2019,,2021-11-16,gebe+illiyet,gebe×1 | travma×6 | illiyet×3 | TCK 87/88,ANAYASA MAHKEMESİNİN 16/11/2021 TARİHLİ VE 2019/11354 SAYILI KARARI (BİREYSEL BAŞVURU),"İKİNCİ BÖLÜM &nbsp; KARAR &nbsp; ASLİDDİN AHMEDALİ BAŞVURUSU &nbsp; Başvuru Numarası: 2019/11354 &nbsp; Karar Tarihi:16/11/2021 &nbsp; Başkan: Kadir ÖZKAYA &nbsp; Üyeler: Engin YILDIRIM &nbsp; M. Emin KUZ &nbsp; Rıdvan GÜLEÇ &nbsp; Basri BAĞCI &nbsp; Raportör: Elif ÇELİKDEMİR ANKITCI &nbsp; Başvuruc"
993,15.6,Anayasa,2,3187,2013,,2016-04-14,gebe+illiyet,gebe×2 | travma×5 | illiyet×3 | TCK 87/88,ANAYASA MAHKEMESİNİN 14/4/2016 TARİHLİ VE 2013/3187 SAYILI KARARI (BİREYSEL BAŞVURU),"(2709 S. K. m. 10, 17, 19, 40) (4483 S. K. m. 3, 6) (5237 S. K. m. 257) (6216 S. K. m. 47) RGT: 14.06.2016 RG NO: 29742 İKİNCİ BÖLÜM KARAR ALBINA KIYAMOVA BAŞVURUSU Başvuru Numarası: 2013/3187 Karar Tarihi: 14/4/2016 Başkan: Engin YILDIRIM Üyeler: Serdar ÖZGÜLDÜR Osman Alifeyyaz PAKSÜT Alparslan ALT"
994,15.6,Yargıtay,3,3387,2025,281,2026-01-21,gebe+travma,gebe×23 | travma×1 | cenin/düşük,YARGITAY KARARI,"MAHKEMESİ: Adana Bölge Adliye Mahkemesi 17. Hukuk Dairesi SAYISI: 2024/991 E., 2025/913 K. İLK DERECE MAHKEMESİ: Kadirli 1. Asliye Hukuk (Tüketici) Mahkemesi SAYISI: 2020/13 E., 2022/636 K. Bölge Adliye Mahkemesi kararı davacılar vekili tarafından temyiz edilmekle; kesinlik, süre, temyiz şartı ve di"
995,15.5,Yargıtay,CG,399,2022,264,2023-05-04,gebe+travma,gebe×3 | travma×40 | TCK 87/88,YARGITAY KARARI,"YARGITAY DAİRESİ : 9. Ceza Dairesi MAHKEMESİ :Ağır Ceza I. HUKUKÎ SÜREÇ Cinsel saldırı suçundan sanık ...’in beraatine ilişkin ... 2. Ağır Ceza Mahkemesince verilen 07.10.2013 tarihli ve 501-363 sayılı hükmün, mağdure vekili ve Cumhuriyet savcısı tarafından temyiz edilmesi üzerine dosyayı inceleyen "
996,15.5,Yargıtay,CG,407,2021,205,2024-06-26,gebe+travma,gebe×3 | travma×12 | TCK 87/88,YARGITAY KARARI,İTİRAZ İtirazname No: 2015/74190 KARARI VEREN YARGITAY DAİRESİ : 8. Ceza Dairesi MAHKEMESİ :Ağır Ceza SAYISI: 258-329 I. HUKUKÎ SÜREÇ Kişiyi hürriyetinden yoksun kılma suçundan sanığın 5271 sayılı Ceza Muhakemesi Kanunu'nun 223. maddesi uyarınca beraatine ilişkin Nevşehir Ağır Ceza Mahkemesince veri
997,15.5,Yargıtay,CG,153,2020,278,2022-04-19,gebe+travma,gebe×3 | travma×35 | TCK 87/88,YARGITAY KARARI,"Yargıtay Dairesi : (Kapatılan) 14. Ceza Dairesi Sanık ...'in çocuğun nitelikli cinsel istismarı suçundan TCK'nın 103/1-a maddesi delaletiyle 103/2, 103/3, 43/1, 62/1, 53/1-2-3 ve 63. maddeleri uyarınca 15 yıl hapis cezası ile cezalandırılmasına, hak yoksunluğuna ve mahsuba ilişkin ... 2. Ağır Ceza M"
998,15.5,Yargıtay,CG,121,2018,388,2021-09-14,gebe+travma,gebe×3 | travma×93 | TCK 87/88,YARGITAY KARARI,Kararı Veren Yargıtay Dairesi: 1. Ceza Dairesi Mahkemesi:Ağır Ceza Sayısı: 131-122 Sanık ... hakkında kasten yaralama suçundan açılan kamu davasında yapılan yargılama sırasında Sincan (... Batı) 1. Asliye Ceza Mahkemesince 15.11.2011 tarih ve 655-671 sayı ile sanığın eyleminin kasten öldürme suçuna 
999,15.3,A.İ.H.M.,2,19374,2003,,2008-10-14,gebe+illiyet,gebe×1 | travma×2 | illiyet×3 | cenin/düşük,ERDOĞAN YILMAZ VE DİĞERLERİ - TÜRKİYE DAVASI,"(AİHS m. 1, 3, 13, 34, 35, 41, 44) (765 S. K. m. 59, 243) (KARAYİĞİT - TÜRKİYE DAVASI) (YAVUZ - TÜRKİYE DAVASI) (DİRİ - TÜRKİYE DAVASI) (ÇELİK VE İMRET -TÜRKİYE DAVASI) (BATI VE DİĞERLERİ - TÜRKİYE DAVASI) (Başvuru No. 19374/03) STRAZBURG 14 Ekim 2008 USULİ İŞLEMLER Türkiye Cumhuriyeti Devleti aleyh"
1000,15.3,Yargıtay,CG,35,2020,664,2023-12-13,gebe+travma,gebe×5 | travma×8 | TCK 87/88,YARGITAY KARARI,"İtirazname No: 2019/102894 KARARI VEREN YARGITAY DAİRESİ : 8. Ceza Dairesi MAHKEMESİ : (Kapatılan) Gölcük Donanma Komutanlığı Askeri SAYISI: 487-136 I. HUKUKİ SÜREÇ Sanık hakkında görevi kötüye kullanma, bilişim sistemine veri yerleştirme ve hakikata muhalif rapor layiha sair evrak tanzim ve ita etm"
1001,15.3,Danıştay,4,5936,2020,2893,2022-04-26,gebe+illiyet,gebe×5 | travma×2 | illiyet×3 | TCK 87/88,DANIŞTAY KARARI,"T.C. D A N I Ş T A Y DÖRDÜNCÜ DAİRE Esas No : 2020/5936 KararNo : 2022/2893 TEMYİZ EDEN (DAVALI): … Vergi Dairesi Başkanlığı (… Vergi Dairesi Müdürlüğü) VEKİLİ: Av…. KARŞI TARAF (DAVACI): … VEKİLİ: Av. … İSTEMİN KONUSU: … Vergi Mahkemesinin … tarih ve E:… , K:… sayılı kararının temyizen incelenerek "
1002,15.2,Yargıtay,12,10119,2019,2255,2021-03-03,gebe+illiyet,gebe×22 | travma×5 | illiyet×6,YARGITAY KARARI,"Mahkemesi:Asliye Ceza Mahkemesi Suç:Taksirle yaralama Hüküm:CMK'nın 223/2. maddesi gereğince beraatine Taksirle yaralama suçundan sanığın beraatine ilişkin hüküm, katılanlar vekili tarafından temyiz edilmekle, dosya incelenerek gereği düşünüldü: Sanığın kadın doğum uzmanı olarak Özel Hüma Hastanesin"
1003,15.2,Sayıştay,STK,,,44039,2018-01-31,gebe+illiyet,gebe×2 | travma×1 | illiyet×3 | cenin/düşük,İŞÇİLERİN MAAŞ ÖDEMELERİNDE 01.03.2005 TARİHİNDEN SONRA İŞE GİRECEKLERE UYGULANACAK ÜCRET SKALASI OLAN EK 1/B YERİNE BU TARİHTEN ÖNCE İŞE GİRENLERE UYGULANACAK OLAN EK 1/A ÜCRET SKALASININ UYGULANMASI,"(6356 S. K. m. 2, 41) (5018 S. K. m. 32, 33, &nbsp;71) &nbsp; Konu: İşçilerin maaş ödemelerinde, 01.03.2005 tarihinden sonra işe gireceklere uygulanacak ücret skalası olan EK: 1/B yerine bu tarihten önce işe girenlere uygulanacak olan EK: 1/A ücret skalasının uygulanması. &nbsp; 237 sayılı İlamın 5&"
1004,15.2,Yargıtay,3,2506,2023,1593,2024-05-08,gebe+illiyet,gebe×22 | travma×5 | illiyet×6,YARGITAY KARARI,"İNCELENEN KARARIN MAHKEMESİ: İzmir Bölge Adliye Mahkemesi 21. Hukuk Dairesi Taraflar arasındaki mesleki özen yükümlülüğüne aykırılık iddiasına dayalı maddi ve manevi tazminat davasından dolayı yapılan yargılama sonunda İlk Derece Mahkemesince, davanın reddine karar verilmiştir. Kararın davacılar vek"
1005,15.2,Yargıtay,12,1211,2013,24197,2013-11-01,gebe+illiyet,gebe×2 | travma×1 | illiyet×3 | cenin/düşük,TAKSİRLE YARALAMA SUÇU - SANIĞIN TIBBİ AÇIDAN KUSURLU BULUNUP BULUNMADIĞININ SAVUNMASI - SANIĞIN EYLEMİ İLE MEYDANA GELEN SONUÇ ARASINDA İLLİYET BAĞI BULUNUP BULUNMADIĞININ TESPİTİ - HÜKMÜN BOZULMASI,"(5237 S. K. m. 89) Dava: Taksirle yaralama suçundan sanığın beraatine ilişkin hüküm, katılan tarafından temyiz edilmekle, dosya incelenerek gereği düşünüldü: Karar: Yapılan yargılamaya, dosya içeriğine göre; katılanın 16 haftalık hamile iken yapılan üçlü tarama testi sonucu down sendromu riskinin yü"
1006,15.2,Yargıtay,4,8552,2022,7412,2025-05-08,gebe+illiyet,gebe×4 | travma×2 | illiyet×12,YARGITAY KARARI,"MAHKEMESİ: Ankara Bölge Adliye Mahkemesi 25. Hukuk Dairesi SAYISI: 2022/706 E., 2022/733 K. İLK DERECE MAHKEMESİ: Ankara 13. Asliye Hukuk Mahkemesi SAYISI: 2013/14 E., 2019/197 K. Bölge Adliye Mahkemesi kararı davacı vekili, davalı ... ve ... vekili tarafından temyiz edilmekle; kesinlik, süre, temyi"
1007,15.1,Yargıtay,12,8722,2013,13221,2014-05-29,gebe+illiyet,gebe×1 | travma×3 | illiyet×4 | TCK 87/88,TAKSİRLE ÖLDÜRME SUÇU - SANIK VE DİĞER DOKTORLARIN EYLEMLERİ İLE ÖLÜM NETİCESİ ARASINDA İLLİYET BAĞI BULUNUP BULUNMADIĞININ SAPTANMASI - GÖREVİ KÖTÜYE KULLANMA SUÇUNUN OLUŞUP OLUŞMAYACAĞININ DEĞERLEND,"(5237 S. K. m. 85) Dava: Taksirle öldürme suçundan sanığın mahkumiyetine ilişkin hüküm, sanık müdafii ve katılanlar vekili tarafından temyiz edilmekle, dosya incelenerek gereği düşünüldü: Karar: 1967 doğumlu ölen F. Y.'ın 04.04.2007 tarihinde başlayan bel ve kalça ağrısı şikayeti bulunduğu, ağrının "
1008,15,Yargıtay,CG,306,2023,590,2023-11-08,gebe+travma,gebe×2 | travma×12 | TCK 87/88,YARGITAY KARARI,"İtirazname No: 2021/8046 KARARI VEREN YARGITAY DAİRESİ : 9. Ceza Dairesi MAHKEMESİ :Ağır Ceza SAYISI: 306-261 I. HUKUKÎ SÜREÇ Suça sürüklenen çocuk ...'ın beden veya ruh sağlığını bozacak şekilde çocuğun nitelikli cinsel istismarı suçundan 5237 sayılı Türk Ceza Kanunu'nun 103/1-a yollamasıyla 103/2,"
1009,15,A.İ.H.M.,A.İ.H.M.,32446,1996,,2004-11-02,gebe+travma,gebe×2 | travma×8 | illiyet×1 | TCK 87/88,ABDÜLSAMET YAMAN - TÜRKİYE DAVASI,"(AİHS m. 3, 5, 10, 11, 13, 14, 15, 18, 27, 34, 41, 44, Protokol No 11) (765 S. K. m. 243) (466 S. K. m. 1) (SAKIK VE DİĞERLERİ - TÜRKİYE DAVASI) (ELÇİ VE DİĞERLERİ - TÜRKİYE DAVASI) (ÇOLAK VE FİLİZER - TÜRKİYE DAVASI) (SELMOUNI - FRANSA DAVASI) (AKSOY - TÜRKİYE DAVASI) (AVŞAR - TÜRKİYE DAVASI) (İRLA"
1010,15,Yargıtay,CG,398,2023,531,2023-10-18,gebe+travma,gebe×2 | travma×18 | TCK 87/88,YARGITAY KARARI,"KARARI VEREN YARGITAY DAİRESİ : 9. Ceza Dairesi MAHKEMESİ :Ağır Ceza SAYISI: 14-100 I. HUKUKÎ SÜREÇ Sanık ...'ın çocuğun nitelikli cinsel istismarı suçundan 5237 sayılı Türk Ceza Kanunu'nun 103/1-a delaletiyle 103/2, 43/1 ve 53. maddeleri uyarınca 20 yıl hapis cezası ile cezalandırılmasına ve hak yo"
1011,15,Yargıtay,CG,346,2020,527,2020-12-17,gebe+travma,gebe×2 | travma×85 | TCK 87/88,YARGITAY KARARI,"Kararı Veren Yargıtay Dairesi: 1. Ceza Dairesi Mahkemesi:Ceza Dairesi Sayısı: 202-684 Tasarlayarak öldürme suçundan sanık ...'in beraatine ilişkin Isparta 1. Ağır Ceza Mahkemesince verilen 08.11.2016 tarihli ve 175-218 sayılı hükme yönelik, Cumhuriyet savcısı ve katılan ... (müteveffa) vekili tarafı"
1012,14.9,Yargıtay,21,1630,2018,3808,2018-04-16,gebe+illiyet,gebe×1 | travma×1 | illiyet×9 | trafik/iş kaz,TAZMİNAT DAVASI - KAZA OLAYININ MEYDANA GELMESİNDE KUSURU BULUNANLAR ARASINDAKİ KUSUR DAĞILIMININ KENDİ ARALARINDA GÖRÜLMESİ MUHTEMEL RÜCU DAVASINDA YENİDEN DEĞERLENDİRİLMESİNİN MÜMKÜN BULUNMASI - HÜK,"(6331 S. K. m. 4, 10) (6098 S. K. m. 417) (4857 S. K. m. 2, 77) &nbsp; Dava: Asıl ve birleşen dava bakımından; Davacılar, murisinin ...... sonucu ölümünden doğan..................ın ödetilmesine karar verilmesini istemiştir. &nbsp; İlk Derece Mahkemesince davanın kısmen kabulüne karar verilmesi üzer"
1013,14.9,Yargıtay,3,2308,2023,238,2024-01-17,gebe+illiyet,gebe×7 | travma×1 | illiyet×9,MADDİ VE MANEVİ TAZMİNAT DAVASI - BELİRTİLEN GEREKÇELERE VE ÖZELLİKLE DOSYA KAPSAMINDA DÜZENLENEN RAPORLARDA ORTAYA ÇIKAN SONUCUN BİR KOMPLİKASYON OLDUĞU DAVALI DOKTORA VE DAVALI HASTANEYE BİR KUSUR Y,"(818 S. K. m. 386) &nbsp; Taraflar arasındaki maddi ve manevi tazminat davasından dolayı yapılan yargılama sonunda İlk Derece Mahkemesince davanın reddine karar verilmiştir. &nbsp; Kararın davacı vekili tarafından istinaf edilmesi üzerine, Bölge Adliye Mahkemesince başvurunun esastan reddine karar v"
1014,14.9,Yargıtay,12,2222,2018,411,2020-01-13,gebe+illiyet,gebe×7 | travma×8 | illiyet×3 | trafik/iş kaz,TAKSİRLE ÖLDÜRME SUÇU - OLAYIN MEYDANA GELDİĞİ ANDA HENÜZ DOĞMAMIŞ OLAN BEBEĞİN ÖLÜMÜNDEN SANIĞIN SORUMLU OLMADIĞINA YÖNÜNDEKİ BOZMA İÇEREN GÖRÜŞE İŞTİRAK EDİLMEDİĞİ - HÜKMÜN ONANMASI,"(5237 S. K. m. 50, 52, 63, 85) &nbsp; Taksirle öldürme suçundan sanığın mahkumiyetine ilişkin hüküm, sanık müdafii tarafından temyiz edilmekle, dosya incelendi gereği düşünüldü; &nbsp; Olay tarihinde saat 10:42 civarında, ambulansta şoför olarak görevli olan sanık sürücü ...&#39;nun sadece görünür i"
1015,14.9,Yargıtay,16,11091,2019,5748,2020-11-05,gebe+illiyet,gebe×1 | travma×21 | illiyet×7,YARGITAY KARARI,"Mahkemesi :Ceza Dairesi İlk derece Mahkemesi: İstanbul 27. Ağır Ceza Mahkemesinin 01.06.2018 tarih ve 2017/50 – 2018/77 sayılı kararı Suç : Anayasal düzeni ortadan kaldırmaya teşebbüs etmek, Türkiye Büyük Millet Meclisini ortadan kaldırmaya teşebbüs etmek, TC. Hükumetini ortada kaldırmaya teşebbüs e"
1016,14.9,A.İ.H.M.,2,41844,2009,,2013-09-17,gebe+travma,gebe×1 | travma×10 | illiyet×7,AMİNE GÜZEL - TÜRKİYE DAVASI,"(AİHS. m. 3, 6, 14, 34, 35, 41, 44) (5237 S. K. m. 86, 220, 256, 314) (3713 S. K. m. 7) (FIRAT CAN - TÜRKİYE DAVASI) (TARKAN YAVAŞ V. - TÜRKİYE DAVASI) (ÇELİK VE İMRET - TÜRKİYE DAVASI) (BATI VE DİĞERLERİ - TÜRKİYE DAVASI) (AYSU - TÜRKİYE DAVASI) (ÇOŞELAV V. - TÜRKİYE DAVASI) (BEKER - TÜRKİYE DAVASI"
1017,14.8,Yargıtay,CG,14-1037,2012,50,2013-02-12,gebe+travma,gebe×2 | travma×3 | illiyet×15,NİTELİKLİ CİNSEL SALDIRI SUÇU - MAĞDURENİN YENİ BİR TRAVMAYA MARUZ KALMASINA VE UNUTMAYA ÇALIŞTIĞI OLAYLARI İÇ DÜNYASINDA YENİDEN YAŞAMASINA NEDEN OLUNMASI - CEZA MUHAKEMESİNİN MADDİ GERÇEĞE ULAŞMA AM,"(5237 S. K. m. 43, 53, 62, 102) (765 S. K. m. 418) Dava: Nitelikli cinsel saldırı suçundan sanık (T.A.)'ın 5237 sayılı TCK'nun 102/2, 102/3-c, 102/5, 43/1, 62/1 ve 53/1. maddeleri uyarınca yirmi yıl hapis cezası ile cezalandırılmasına ve hak yoksunluğuna ilişkin, (E.) 3. Ağır Ceza Mahkemesince veril"
1018,14.8,Yargıtay,12,2412,2023,3409,2024-06-26,gebe+illiyet,gebe×8 | travma×6 | illiyet×6,YARGITAY KARARI,"B O Z M A Ü Z E R İ N E MAHKEMESİ:Asliye Ceza Mahkemesi SAYISI: 2021/390 E., 2022/890 K. KATILANLAR : ..., ... SUÇ: Taksirle yaralama HÜKÜM: Beraat TEBLİĞNAME GÖRÜŞÜ: Onama Dairemizce verilen bozma ilâmı üzerine mahkemece sanık hakkında kurulan hükmün; katılanlar vekili tarafından temyizi üzerine ya"
1019,14.7,Danıştay,10,6864,2019,1884,2021-04-26,gebe+illiyet,gebe×5 | travma×1 | illiyet×3 | TCK 87/88,DANIŞTAY KARARI,"T.C. D A N I Ş T A Y ONUNCU DAİRE Esas No : 2019/6864 KararNo : 2021/1884 TEMYİZ EDEN (DAVALI): … Bakanlığı VEKİLİ: Av. … KARŞI TARAF (DAVACILAR): 1- … 2- … VEKİLLERİ: Av. … İSTEMİN_KONUSU: … İdare Mahkemesinin … tarih ve E:…, K:… sayılı kararının temyizen incelenerek bozulması istenilmektedir. YARG"
1020,14.6,Anayasa,2,5186,2019,,2021-11-16,gebe+illiyet,gebe×15 | travma×6 | illiyet×5,ANAYASA MAHKEMESİNİN 16/11/2021 TARİHLİ VE 2019/5186 SAYILI KARARI (BİREYSEL BAŞVURU) ,"(2709 S. K. m. 5, 17, 36) (6216 S. K. m. 50) (ANY. MAH. 17.09.2013 T. 2012/752 E.) (ANY. MAH. 03.04.2014 T. 2013/2839 E.) (ANY. MAH. 21.01.2016 T. 2013/2803 E.) (ANY. MAH. 16.07.2014 T. 2013/6319 E.) (ANY. MAH. 20.04.2016 T. 2013/4086 E.) (ANY. MAH. 22.07.2020 T. 2017/15834 E.) (ANY. MAH. 21.02.2018"
1021,14.6,Anayasa,1,15834,2017,,2020-07-22,gebe+illiyet,gebe×33 | travma×2 | illiyet×7,ANAYASA MAHKEMESİNİN 22/7/2020 TARİHLİ VE 2017/15834 SAYILI KARARI (BİREYSEL BAŞVURU),"BİRİNCİ BÖLÜM &nbsp; (2709 S. K. m. 5, 17) (ANY. MAH. 18.09.2013 T. 2012/969 E.) (ANY. MAH. 17.09.2013 T. 2012/752 E.) (ANY. MAH. 03.04.2014 T. 2013/2839 E.) (ANY. MAH. 21.01.2016 T. 2013/2803 E.) (ANY. MAH. 10.06.2015 T. 2013/8365 E.) (ANY. MAH. 16.07.2014 T. 2013/6319 E.) (ANY. MAH. 20.04.2016 T. "
1022,14.6,Danıştay,10,1680,2022,4813,2025-10-27,gebe+illiyet,gebe×74 | travma×2 | illiyet×7,DANIŞTAY KARARI,T.C. D A N I Ş T A Y ONUNCU DAİRE Esas No : 2022/1680 KararNo : 2025/4813 TEMYİZ EDEN (DAVACILAR): 1- Kendi adlarına asaleten ...'ya velayeten ... ve ... 2- ...'ya veraseten ... ve ... VEKİLİ: Av. ... TEMYİZ EDEN (DAVALI): ... Bakanlığı / ANKARA VEKİLİ: Av. ... TEMYİZ EDEN (DAVALI YANINDA MÜDAHİLLER
1023,14.5,A.İ.H.M.,A.İ.H.M.,64969,2010,,2014-12-16,gebe+travma,gebe×1 | travma×19 | TCK 87/88,MEHMET FİDAN - TÜRKİYE DAVASI,"(AİHS m. 3, 13, 34, 35, 41, 44) (BATI VE DİĞERLERİ - TÜRKİYE DAVASI) (ABDÜLSAMET YAMAN - TÜRKİYE DAVASI) (NECATİ YILMAZ V. - TÜRKİYE DAVASI) (NURGÜL DOĞAN - TÜRKİYE DAVASI) (SALMAN - TÜRKİYE DAVASI) &nbsp; İKİNCİ BÖLÜM &nbsp; (Başvuru No. 64969/10) &nbsp; KARAR &nbsp; STRAZBURG &nbsp; 16 Aralık 2014"
1024,14.5,Yargıtay,1,8747,2023,3000,2025-04-17,gebe+travma,gebe×1 | travma×15 | TCK 87/88,YARGITAY KARARI,"MAHKEMESİ:Ceza Dairesi SAYISI: 2023/1313 E., 2023/1419 K. SUÇ : Nitelikli kasten öldürme HÜKÜM : İstinaf başvurularının esastan reddi kararı TEBLİĞNAME GÖRÜŞÜ : Temyiz isteminin esastan reddi ile hükümlerin onanması İlk Derece Mahkemesince verilen hükümlere yönelik istinaf incelemesi üzerine Bölge A"
1025,14.5,Yargıtay,1,5486,2023,355,2025-01-14,gebe+travma,gebe×1 | travma×10 | TCK 87/88,YARGITAY KARARI,"İNCELENEN KARARIN MAHKEMESİ:Ceza Dairesi SAYISI: 2022/3155 E., 2023/415 K. İlk Derece Mahkemesince verilen hükümlere yönelik istinaf incelemesi üzerine Bölge Adliye Mahkemesi tarafından verilen kararın; 5271 sayılı Ceza Muhakemesi Kanunu’nun (5271 sayılı Kanun) 286/1. maddesi uyarınca temyiz edilebi"
1026,14.5,Yargıtay,CG,28,2020,426,2020-10-20,gebe+travma,gebe×1 | travma×36 | TCK 87/88,YARGITAY KARARI,"Kararı Veren Yargıtay Dairesi: 14. Ceza Dairesi Mahkemesi:Ağır Ceza Sayısı : 339-13 Beden veya ruh sağlığını bozacak şekilde nitelikli cinsel saldırı suçundan sanık ...’nın TCK'nın 102/2, 102/5, 62 ve 53. maddeleri uyarınca 8 yıl 4 ay hapis cezası ile cezalandırılmasına ve hak yoksunluğuna ilişkin M"
1027,14.5,Anayasa,1,21898,2019,,2024-02-08,gebe+travma,gebe×1 | travma×12 | TCK 87/88,ANAYASA MAHKEMESİNİN 8/2/2024 TARİHLİ VE 2019/21898 SAYILI KARARI (BİREYSEL BAŞVURU),"(2709 S. K. m. 34) (2911 S. K. m. 10, 17, 23, 24) (5442 S. K. m. 32) (4483 S. K. m. 16) (ANY. MAH. 30.11.2017 T. 2014/20411 E.) (ANY. MAH. 15.11.2018 T. 2015/271 E.) (ANY. MAH. 06.01.2015 T. 2013/3924 E.) (ANY. MAH. 25.03.2015 T. 2013/2394 E.) (ANY. MAH. 04.07.2019 T. 2017/24902 E.) (ANY. MAH. 21.01"
1028,14.5,Anayasa,2,13964,2016,,2020-01-28,gebe+travma,gebe×1 | travma×12 | TCK 87/88,ANAYASA MAHKEMESİNİN 28/1/2020 TARİHLİ VE 2016/13964 SAYILI KARARI (BİREYSEL BAŞVURU),"(2709 S. K. m. 13, 17, 25, 26, 34)( 2559 S. K. m. 2, 16)(6216 S. K. m. 50) (Anayasa Mahkemesi İçtüzüğü m. 79)(ANY. MAH. 19.04.2018 T. 2014/5218 E.) (ANY. MAH. 06.01.2015 T. 2013/3924 E.) (ANY. MHA. 18.04.2018 T. 2014/18240 E.) (ANY. MAH. 30.11.2017 T. 2014/20411 E.) (ANY. MAH. 25.03.2015 T. 2013/239"
1029,14.5,Yargıtay,2,1196,2023,1249,2023-03-22,gebe+travma,gebe×3 | travma×5 | cenin/düşük,BOŞANMA DAVASI - TARAFLARIN SOSYAL VE EKONOMİK DURUMLARINA GÖRE DAVACI KADIN VE ÇOCUK LEHİNE HÜKMEDİLEN NAFAKA MİKTARLARININ YERİNDE OLDUĞU GEREKÇESİYLE TARAFLARIN İSTİNAF TALEPLERİNİN AYRI AYRI ESAST,"(4721 S. K. m. 4, 166, 174, 182, 327, 328, 330) (6100 S. K. m. 369, 370, 371) &nbsp; Taraflar arasında İlk Derece Mahkemesinde görülen ve istinaf incelemesinden geçen boşanma davasında verilen karar hakkında yapılan temyiz incelemesi sonucunda, Dairece Bölge Adliye Mahkemesi Dairesi kararının ortada"
1030,14.5,Yargıtay,CG,254,2019,632,2022-10-12,gebe+travma,gebe×1 | travma×43 | TCK 87/88,YARGITAY KARARI,"Yargıtay Dairesi: 1. Ceza Dairesi Sanık ...’ün nitelikli kasten öldürme suçundan TCK’nın 82/1-h maddesi uyarınca ağırlaştırılmış müebbet hapis cezası ile, nitelikli yağma suçundan ise aynı Kanun’nun 149/1-a-d maddesi uyarınca 12 yıl hapis cezası ile cezalandırılmasına, her iki suç yönünden aynı Kanu"
1031,14.5,Yargıtay,1,4828,2023,4508,2023-06-22,gebe+travma,gebe×1 | travma×4 | illiyet×3 | TCK 87/88,YARGITAY KARARI,"MAHKEMESİ:Ceza Dairesi SAYISI: 2022/545 E., 2022/498 K. SUÇ: Nitelikli kasten öldürme HÜKÜM: Mahkûmiyet TEBLİĞNAME GÖRÜŞÜ: Bozma Sanık hakkında bozma üzerine verilen kararın; 5271 sayılı Ceza Muhakemesi Kanunu’nun (5271 sayılı Kanun) 286 ncı maddesinin birinci fıkrası uyarınca temyiz edilebilir oldu"
1032,14.5,A.İ.H.M.,2,44188,2009,,2015-06-23,gebe+travma,gebe×1 | travma×32 | TCK 87/88,SALİN VE KARŞİN - TÜRKİYE DAVASI,"(AİHS m. 3, 13, 34, 35, 41, 44) (2709 S. K. m. 125) (2559 S. K. m. 13, 16, 25) (ÜLÜFER V. - TÜRKİYE DAVASI) (SALMAN - TÜRKİYE DAVASI) (SONKAYA - TÜRKİYE DAVASI) (MİMTAŞ - TÜRKİYE DAVASI) (KARAYİĞİT - TÜRKİYE DAVASI) (MECAİL ÖZEL - TÜRKİYE DAVASI) (SELMOUNI - FRANSA DAVASI) (LABITA - İTALYA DAVASI) ("
1033,14.5,A.İ.H.M.,A.İ.H.M.,51002,1999,,2005-01-11,gebe+travma,gebe×3 | travma×5 | cenin/düşük,ZANA VE DİĞERLERİ - TÜRKİYE DAVASI,(Başvuru no: 51002/99 ve 51489/99) DOSTANE ÇÖZÜM KARARININ ÖZET ÇEVİRİSİ STRASBOURG 11 Ocak 2005 Türkiye Cumhuriyeti Devleti aleyhine açılan ve (51002/99 ve 51489/99) başvuru no'lu davanın nedeni T.C. vatandaşı Leyla Zana'nın V.Turhan'ın ve H.Geylan'nin (başvuranlar) Avrupa İnsan Hakları Komisyonu'n
1034,14.5,A.İ.H.M.,2,17681,2004,,2010-01-26,gebe+illiyet,gebe×1 | travma×4 | illiyet×3 | TCK 87/88,ABDO - TÜRKİYE DAVASI,"(AİHS m. 3, 5, 6, 35, 44) (2709 S. K. m. 143) (765 S. K. m. 102, 125, 243) (WEMHOFF - ALMANYA DAVASI) (MANSUR - TÜRKİYE DAVASI) (ALİ HIDIR POLAT - TÜRKİYE DAVASI) (BALTACI - TÜRKİYE DAVASI) (TEMEL VE TAŞKIN - TÜRKİYE DAVASI) (AKDIVAR VE DİĞERLERİ - TÜRKİYE DAVASI) (ŞÜKRAN AYDIN VE DİĞERLERİ - TÜRKİY"
1035,14.3,Yargıtay,4,7132,2015,5640,2016-04-26,gebe+illiyet,gebe×1 | travma×3 | illiyet×10,YARGITAY KARARI,"MAHKEMESİ:Asliye Hukuk Mahkemesi Davacı ... vekili Avukat ... tarafından, davalı ... aleyhine 02/10/2014 gününde verilen dilekçe ile maddi ve manevi tazminat istenmesi üzerine mahkemece yapılan yargılama sonunda; davanın kısmen kabulüne dair verilen 12/03/2015 günlü kararın Yargıtay’ca incelenmesi d"
1036,14.2,Danıştay,4,1037,2021,1977,2023-04-05,gebe+illiyet,gebe×2 | travma×12 | illiyet×6,DANIŞTAY KARARI,T.C. D A N I Ş T A Y DÖRDÜNCÜ DAİRE Esas No : 2021/1037 KararNo : 2023/1977 TEMYİZ EDEN (DAVALI): ... Vergi Dairesi Başkanlığı (... Vergi Dairesi Müdürlüğü) VEKİLİ: Av. ... KARŞI TARAF (DAVACI): ... VEKİLİ: Av. ... İSTEMİN KONUSU: ... Bölge İdare Mahkemesi ... Vergi Dava Dairesinin ... tarih ve E:..
1037,14.2,Danıştay,4,1036,2021,1975,2023-04-05,gebe+illiyet,gebe×2 | travma×12 | illiyet×6,DANIŞTAY KARARI,T.C. D A N I Ş T A Y DÖRDÜNCÜ DAİRE Esas No : 2021/1036 KararNo : 2023/1975 TEMYİZ EDEN (DAVALI): ... Vergi Dairesi Başkanlığı (... Vergi Dairesi Müdürlüğü) VEKİLİ: Av. ... KARŞI TARAF (DAVACI): ... VEKİLİ: Av. ... İSTEMİN KONUSU: ... Bölge İdare Mahkemesi ... Vergi Dava Dairesinin ... tarih ve E:..
1038,14.2,Danıştay,4,1033,2021,1976,2023-04-05,gebe+illiyet,gebe×2 | travma×12 | illiyet×6,DANIŞTAY KARARI,"T.C. D A N I Ş T A Y DÖRDÜNCÜ DAİRE Esas No : 2021/1033 KararNo : 2023/1976 TEMYİZ EDEN (DAVALI): … Vergi Dairesi Başkanlığı (… Vergi Dairesi Müdürlüğü) VEKİLİ: Av. … KARŞI TARAF (DAVACI): ... VEKİLİ: Av. … İSTEMİN KONUSU: … Bölge İdare Mahkemesi ... Vergi Dava Dairesinin … tarih ve E:…, K:… sayılı "
1039,14.2,Anayasa,1,53214,2021,,2025-05-27,gebe+travma,gebe×52 | travma×2 | TCK 87/88,ANAYASA MAHKEMESİNİN 27/5/2025 TARİHLİ VE 2021/53214 SAYILI KARARI (BİREYSEL BAŞVURU) ,"(2709 S. K. m. 17, 56) (SÜLEYMAN EGE V. - TÜRKİYE DAVASI) (ERYİĞİT - TÜRKİYE DAVASI) (ANY. MAH. 15.10.2015 T. 2013/2084 E.) (ANY. MAH. 17.09.2013 T. 2012/752 E.) (ANY. MAH. 07.11.2013 T. 2012/791 E.) (ANY. MAH. 09.09.2015 T. 2013/1943 E.) (ANY. MAH. 03.04.2014 T. 2013/2839 E.) (ANY. MAH. 20.03.2019 "
1040,14.2,Danıştay,4,3433,2022,2155,2023-04-12,gebe+illiyet,gebe×2 | travma×10 | illiyet×6,DANIŞTAY KARARI,"T.C. D A N I Ş T A Y DÖRDÜNCÜ DAİRE Esas No : 2022/3433 KararNo : 2023/2155 TEMYİZ EDEN (DAVALI):… Vergi Dairesi Başkanlığı (… Vergi Dairesi Müdürlüğü) VEKİLİ: Av. … KARŞI TARAF (DAVACI) : ... VEKİLİ: Av. … İSTEMİN KONUSU: … Bölge İdare Mahkemesi ... Vergi Dava Dairesinin … tarih ve E:…, K:… sayılı "
1041,14.2,Yargıtay,HG,11-649,2018,1659,2021-12-14,gebe+illiyet,gebe×2 | travma×2 | illiyet×30,ALACAK DAVASI - BONONUN KAYBEDİLMESİ NEDENİYLE DAVACI ZARARININ ORTAYA ÇIKMASI DURUMUNDA OLUŞAN ZARARIN DAVALI BANKA TARAFINDAN TAZMİN EDİLMESİ GEREKTİĞİ - DOSYANIN GÖNDERİLMESİ,"(6098 S. K. m. 115, 116) (6102 S. K. m. 18) &nbsp; Dava: 1. Taraflar arasındaki &ldquo;tazminat&rdquo; davasından dolayı yapılan yargılama sonunda; Konya 2. Asliye Ticaret Mahkemesince verilen davanın kabulüne ilişkin karar, davalı banka vekili tarafından temyiz edilmesi üzerine Yargıtay 11. Hukuk D"
1042,14.2,Danıştay,4,3432,2021,1979,2023-04-05,gebe+illiyet,gebe×2 | travma×12 | illiyet×6,DANIŞTAY KARARI,T.C. D A N I Ş T A Y DÖRDÜNCÜ DAİRE Esas No : 2021/3432 KararNo : 2023/1979 TEMYİZ EDEN (DAVALI):... Vergi Dairesi Başkanlığı (... Vergi Dairesi Müdürlüğü) VEKİLİ: Av. ... KARŞI TARAF (DAVACI): ... VEKİLİ: Av. ... İSTEMİN KONUSU: ... Bölge İdare Mahkemesi ... Vergi Dava Dairesinin ... tarih ve E:...
1043,14.2,Danıştay,4,1981,2021,1978,2023-04-05,gebe+illiyet,gebe×2 | travma×12 | illiyet×6,DANIŞTAY KARARI,T.C. D A N I Ş T A Y DÖRDÜNCÜ DAİRE Esas No : 2021/1981 KararNo : 2023/1978 TEMYİZ EDEN (DAVALI): ... Vergi Dairesi Başkanlığı (... Vergi Dairesi Müdürlüğü) VEKİLİ: Av. ... KARŞI TARAF (DAVACI): ... VEKİLİ: Av. ... İSTEMİN KONUSU:... Bölge İdare Mahkemesi ... Vergi Dava Dairesinin ... tarih ve E:...
1044,14,Yargıtay,3,1879,2024,1089,2025-02-24,gebe+illiyet,gebe×44 | travma×1 | illiyet×7,MADDİ VE MANEVİ TAZMİNAT DAVASI - DOĞUM SONRASINDA YAPILAN İŞLEMLERİN TIBBA UYGUN OLDUĞU DAVALI HEKİMİN GEÇ MÜDAHALE ETTİĞİ SONUCUNA DA ULAŞILAMADIĞI HASTANE VEYA DOKTORA SORUMLULUK YÜKLENEMEYECEĞİ - ,"(6100 S. K. m. 370) &nbsp; Bölge Adliye Mahkemesi kararı, davacılar vekili tarafından temyiz edilmekle; kesinlik, süre, temyiz şartı ve diğer usul eksiklikleri yönünden yapılan ön inceleme sonucunda, temyiz dilekçesinin kabulüne karar verildikten ve Tetkik Hâkimi tarafından hazırlanan rapor dinlendi"
1045,14,Danıştay,10,6445,2020,3677,2021-06-29,gebe+travma,gebe×2 | travma×3 | illiyet×1 | cenin/düşük,DANIŞTAY KARARI,T.C. D A N I Ş T A Y ONUNCU DAİRE Esas No : 2020/6445 KararNo : 2021/3677 TEMYİZ EDEN (DAVACILAR): 1- Kendi adına asaleten ... adına velayeten ... 2- ... 3- ... VEKİLİ: Av. ... TEMYİZ EDEN (DAVALILAR): 1- ... Bakanlığı VEKİLİ: Av. ... 2- ... Bakanlığı VEKİLİ: ... İSTEMİN_KONUSU: ... Bölge İdare Mahk
1046,14,Yargıtay,13,22814,2013,22861,2014-07-03,gebe+illiyet,gebe×32 | travma×1 | illiyet×7,YARGITAY KARARI,MAHKEMESİ: İstanbul 12. Asliye Hukuk Mahkemesi TARİHİ: 18/04/2013 NUMARASI: 2004/546-2013/145 Taraflar arasındaki maddi ve manevi tazminat davasının yapılan yargılaması sonunda ilamda yazılı nedenlerden dolayı davanın reddine yönelik olarak verilen hükmün davacı avukatınca duruşmalı olarak temyiz ed
1047,13.8,Danıştay,10,6873,2022,7130,2024-12-26,gebe+travma,gebe×2 | travma×6 | illiyet×1 | TCK 87/88,DANIŞTAY KARARI,T.C. D A N I Ş T A Y ONUNCU DAİRE Esas No : 2022/6873 KararNo : 2024/7130 DAVACI: ... VEKİLİ: Av. ... DAVALI: ... Bakanlığı / ANKARA VEKİLİ: Hukuk Müşaviri ... DAVANIN_KONUSU:15/02/2008 tarih ve 26788 sayılı Resmî Gazete’de yayımlanan Ayakta Teşhis ve Tedavi Yapılan Özel Sağlık Kuruluşları Hakkında 
1048,13.8,Danıştay,10,6952,2022,7135,2024-12-26,gebe+travma,gebe×2 | travma×6 | illiyet×1 | TCK 87/88,DANIŞTAY KARARI,T.C. D A N I Ş T A Y ONUNCU DAİRE Esas No : 2022/6952 KararNo : 2024/7135 DAVACI: ... VEKİLİ: Av. ... DAVALI: ... Bakanlığı / ANKARA VEKİLİ: Hukuk Müşaviri Av. ... DAVANIN_KONUSU: 15/02/2008 tarih ve 26788 sayılı Resmî Gazete’de yayımlanan Ayakta Teşhis ve Tedavi Yapılan Özel Sağlık Kuruluşları Hakk
1049,13.8,Danıştay,10,7531,2022,7310,2024-12-27,gebe+travma,gebe×2 | travma×6 | illiyet×1 | TCK 87/88,DANIŞTAY KARARI,"T.C. D A N I Ş T A Y ONUNCU DAİRE Esas No : 2022/7531 Karar No : 2024/7310 DAVACI: ... VEKİLİ: Av. ... DAVALI: ... Bakanlığı / ... VEKİLİ: Hukuk Müşaviri Av. ... DAVANIN_KONUSU: 27/03/2002 tarih ve 24708 sayılı Resmî Gazete’de yayımlanan Özel Hastaneler Yönetmeliği'nin, 06/10/2022 tarih ve 31975 say"
1050,13.8,Danıştay,10,6825,2022,7121,2024-12-26,gebe+travma,gebe×2 | travma×6 | illiyet×1 | TCK 87/88,DANIŞTAY KARARI,T.C. D A N I Ş T A Y ONUNCU DAİRE Esas No : 2022/6825 KararNo : 2024/7121 DAVACI: ... VEKİLİ: Av. ... DAVALI: ... Bakanlığı / ANKARA VEKİLİ: Hukuk Müşaviri Av. ... DAVANIN_KONUSU: 15/02/2008 tarih ve 26788 sayılı Resmî Gazete’de yayımlanan Ayakta Teşhis ve Tedavi Yapılan Özel Sağlık Kuruluşları Hakk
1051,13.8,Danıştay,10,6875,2022,7132,2024-12-26,gebe+travma,gebe×2 | travma×6 | illiyet×1 | TCK 87/88,DANIŞTAY KARARI,T.C. D A N I Ş T A Y ONUNCU DAİRE Esas No : 2022/6875 KararNo : 2024/7132 DAVACI: ... VEKİLİ: Av. ... DAVALI: ... Bakanlığı / ANKARA VEKİLİ: Hukuk Müşaviri Av. ... DAVANIN_KONUSU:15/02/2008 tarih ve 26788 sayılı Resmî Gazete’de yayımlanan Ayakta Teşhis ve Tedavi Yapılan Özel Sağlık Kuruluşları Hakkı
1052,13.8,Danıştay,10,6787,2022,7115,2024-12-26,gebe+travma,gebe×2 | travma×6 | illiyet×1 | TCK 87/88,DANIŞTAY KARARI,T.C. D A N I Ş T A Y ONUNCU DAİRE Esas No : 2022/6787 KararNo : 2024/7115 DAVACI: ... VEKİLİ: Av. ... DAVALI: ... Bakanlığı / ANKARA VEKİLİ: Hukuk Müşaviri Av. ... DAVANIN_KONUSU: 15/02/2008 tarih ve 26788 sayılı Resmî Gazete’de yayımlanan Ayakta Teşhis ve Tedavi Yapılan Özel Sağlık Kuruluşları Hakk
1053,13.8,Danıştay,10,6887,2022,7327,2024-12-27,gebe+travma,gebe×2 | travma×6 | illiyet×1 | TCK 87/88,DANIŞTAY KARARI,T.C. D A N I Ş T A Y ONUNCU DAİRE Esas No : 2022/6887 KararNo : 2024/7327 DAVACI: ... VEKİLİ: Av. ... DAVALI: ... Bakanlığı / ANKARA VEKİLİ: Hukuk Müşaviri Av. ... DAVANIN_KONUSU: 15/02/2008 tarih ve 26788 sayılı Resmî Gazete’de yayımlanan Ayakta Teşhis ve Tedavi Yapılan Özel Sağlık Kuruluşları Hakk
1054,13.8,Danıştay,10,6866,2022,7125,2024-12-26,gebe+travma,gebe×2 | travma×6 | illiyet×1 | TCK 87/88,DANIŞTAY KARARI,T.C. D A N I Ş T A Y ONUNCU DAİRE Esas No : 2022/6866 KararNo : 2024/7125 DAVACI: ... VEKİLİ: Av. ... DAVALI: ... Bakanlığı / ANKARA VEKİLİ: Hukuk Müşaviri Av. ... DAVANIN_KONUSU: 15/02/2008 tarih ve 26788 sayılı Resmî Gazete’de yayımlanan Ayakta Teşhis ve Tedavi Yapılan Özel Sağlık Kuruluşları Hakk
1055,13.8,Danıştay,10,6789,2022,7117,2024-12-26,gebe+travma,gebe×2 | travma×6 | illiyet×1 | TCK 87/88,DANIŞTAY KARARI,T.C. D A N I Ş T A Y ONUNCU DAİRE Esas No : 2022/6789 KararNo : 2024/7117 DAVACI: ... VEKİLİ: Av. ... DAVALI: ... Bakanlığı / ANKARA VEKİLİ: Hukuk Müşaviri Av. ... DAVANIN_KONUSU: 15/02/2008 tarih ve 26788 sayılı Resmî Gazete’de yayımlanan Ayakta Teşhis ve Tedavi Yapılan Özel Sağlık Kuruluşları Hakk
1056,13.8,Danıştay,10,6872,2022,7129,2024-12-26,gebe+travma,gebe×2 | travma×6 | illiyet×1 | TCK 87/88,DANIŞTAY KARARI,T.C. D A N I Ş T A Y ONUNCU DAİRE Esas No : 2022/6872 KararNo : 2024/7129 DAVACI: ... VEKİLİ: Av. ... DAVALI: ... Bakanlığı / ANKARA VEKİLİ: Hukuk Müşaviri Av. ... DAVANIN_KONUSU: 15/02/2008 tarih ve 26788 sayılı Resmî Gazete’de yayımlanan Ayakta Teşhis ve Tedavi Yapılan Özel Sağlık Kuruluşları Hakk
1057,13.8,Danıştay,10,6871,2022,7128,2024-12-26,gebe+travma,gebe×2 | travma×6 | illiyet×1 | TCK 87/88,DANIŞTAY KARARI,T.C. D A N I Ş T A Y ONUNCU DAİRE Esas No : 2022/6871 KararNo : 2024/7128 DAVACI: ... VEKİLİ: Av. ... DAVALI: ... Bakanlığı / ANKARA VEKİLİ: Hukuk Müşaviri Av. ... DAVANIN_KONUSU: 15/02/2008 tarih ve 26788 sayılı Resmî Gazete’de yayımlanan Ayakta Teşhis ve Tedavi Yapılan Özel Sağlık Kuruluşları Hakk
1058,13.8,Danıştay,10,6786,2022,7114,2024-12-26,gebe+travma,gebe×2 | travma×6 | illiyet×1 | TCK 87/88,DANIŞTAY KARARI,T.C. D A N I Ş T A Y ONUNCU DAİRE Esas No : 2022/6786 KararNo : 2024/7114 DAVACI: ... VEKİLİ: Av. ... DAVALI: ... Bakanlığı / ANKARA VEKİLİ: Hukuk Müşaviri Av. ... DAVANIN_KONUSU: 15/02/2008 tarih ve 26788 sayılı Resmî Gazete’de yayımlanan Ayakta Teşhis ve Tedavi Yapılan Özel Sağlık Kuruluşları Hakk
1059,13.8,Danıştay,10,6860,2022,7122,2024-12-26,gebe+travma,gebe×2 | travma×6 | illiyet×1 | TCK 87/88,DANIŞTAY KARARI,T.C. D A N I Ş T A Y ONUNCU DAİRE Esas No : 2022/6860 KararNo : 2024/7122 DAVACI: ... VEKİLİ: Av. ... DAVALI: ... Bakanlığı / ANKARA VEKİLİ: Hukuk Müşaviri Av. ... DAVANIN_KONUSU: 15/02/2008 tarih ve 26788 sayılı Resmî Gazete’de yayımlanan Ayakta Teşhis ve Tedavi Yapılan Özel Sağlık Kuruluşları Hakk
1060,13.7,Yargıtay,3,12611,2023,6359,2023-09-28,gebe+travma,gebe×1 | travma×55 | illiyet×6,YARGITAY KARARI,"İLK DERECE MAHKEMESİ : ... 13. Ağır Ceza Mahkemesinin 25.04.2022 tarih ve KATILANLAR : 1-T.C. ... 2-... İl Emniyet Müdürlüğü SUÇ: Türkiye Cumhuriyeti Hükümetini ortadan kaldırmaya veyagörevini yapmasını engellemeye teşebbüs etme, siyasi partilerveya meslek kuruluşlarının kullanımında olan bina, tesi"
1061,13.7,Danıştay,4,2001,2021,2557,2023-05-09,gebe+illiyet,gebe×1 | travma×4 | illiyet×9,DANIŞTAY KARARI,"T.C. D A N I Ş T A Y DÖRDÜNCÜ DAİRE Esas No : 2021/2001 KararNo : 2023/2557 TEMYİZ EDEN (DAVALI): … Vergi Dairesi Başkanlığı VEKİLİ: Av. … KARŞI TARAF (DAVACI): ... VEKİLİ: Av. … İSTEMİN KONUSU: … Bölge İdare Mahkemesi ... Vergi Dava Dairesinin … tarih ve E:…, K:… sayılı kararının temyizen incelener"
1062,13.7,Yargıtay,21,5465,2019,279,2020-01-28,gebe+illiyet,gebe×1 | travma×4 | illiyet×9,YARGITAY KARARI,"MAHKEMESİ: ... Bölge Adliye Mahkemesi Davacı murisinin, ... kazası sonucu ölümünden doğan maddi tazminatın ödetilmesine karar verilmesini istemiştir. İlk Derece Mahkemesince davanın kısmen kabulüne karar verilmesi üzerine davalılardan Türkiye Kömür İşletmeleri Kurumu vekilince istinaf kanun yoluna b"
1063,13.7,Danıştay,4,8222,2021,1474,2023-03-16,gebe+illiyet,gebe×1 | travma×13 | illiyet×6,DANIŞTAY KARARI,T.C. D A N I Ş T A Y DÖRDÜNCÜ DAİRE Esas No : 2021/8222 KararNo : 2023/1474 TEMYİZ EDEN (DAVALI): ... Vergi Dairesi Başkanlığı (... Vergi Dairesi Müdürlüğü) VEKİLİ: Av. ... KARŞI TARAF (DAVACI): ... VEKİLİ: Av. ... İSTEMİN KONUSU: ... Bölge İdare Mahkemesi ... Vergi Dava Dairesinin ... tarih ve E:..
1064,13.7,Yargıtay,3,16986,2023,2369,2024-02-20,gebe+illiyet,gebe×1 | travma×12 | illiyet×6,YARGITAY KARARI,"MAHKEMESİ:Ceza Dairesi SAYISI:2020/571 E. - 2020/2046 K. (Birleşen Erzurum Bölge Adliye Mahkemesi 2. Ceza Dairesi 03.12.2020 tarih, 2020/475 E. - 2020/2042 K. sayılı karar) İLK DERECE MAHKEMESİ : Kars 2. Ağır Ceza Mahkemesinin 27.02.2020 tarih, 2019/418 E. – 2020/148 K. sayılı kararı Kars 2. Ağır Ce"
1065,13.6,Danıştay,12,1324,2020,785,2024-02-21,gebe+travma,gebe×12 | travma×1 | TCK 87/88,DANIŞTAY KARARI,T.C. D A N I Ş T A Y ONİKİNCİ DAİRE Esas No : 2020/1324 KararNo : 2024/785 DAVACI: … VEKİLİ: Av. … DAVALILAR: 1- … Bakanlığı VEKİLİ: I. Hukuk Müşaviri Yrd. V. … 2- … Genel Müdürlüğü VEKİLİ: Av. … DAVANIN KONUSU : 2019 yılı 1. Dönem Çarşı ve Mahalle Bekçisi alımına ilişkin sınavları başarı ile tamaml
1066,13.6,Yargıtay,1,8512,2023,767,2024-02-07,gebe+travma,gebe×8 | travma×4 | illiyet×6,YARGITAY KARARI,"MAHKEMESİ:Ağır Ceza Mahkemesi Sanık ... hakkında nitelikli kasten öldürme suçundan kurulan beraat hükmüne yönelik temyiz istemi bulunmadığı anlaşıldığından bu hüküm inceleme dışı tutulmuştur. Sanık ve suça sürüklenen çocuklar hakkında kurulan hükümlerin; karar tarihi itibarıyla 6723 sayılı Kanun’un "
1067,13.6,Yargıtay,HG,21-286,2014,1063,2014-12-17,gebe+travma,gebe×2 | travma×21 | illiyet×3 | trafik/iş kaz,MADDİ VE MANEVİ TAZMİNAT DAVASI - DAVACILARIN KAZA SONRASI VE TEDAVİ SÜRECİNDE YAŞADIKLARINA DAİR TANIK BEYANLARI - DİRENME KARARININ ONANMASI GEREĞİ,"(4721 S. K. m. 24) (5510 S. K. m. 79, 95) (Sosyal Sigorta işlemleri Yönetmeliği m. 45) (Çalışma Gücü ve Meslekte Kazanma Gücü Kaybı Oranı Tespit İşleri Yönetmeliği Geç. m. 1) Dava: Taraflar arasındaki ""maddi ve manevi tazminat"" davasından dolayı yapılan yargılama sonunda: İzmir 1. İş Mahkemesi'nce d"
1068,13.4,Yargıtay,1,2984,2018,7258,2021-04-20,gebe+illiyet,gebe×14 | travma×2 | illiyet×6,KASTEN ÖLDÜRMEYE YARDIM ETME SUÇU - SANIĞIN EYLEMLERİNE UYAN GÖREVİ KÖTÜYE KULLANMA SUÇU YÖNÜNDEN GEREĞİNE TEVESSÜL EDİLMESİ YERİNE OLUŞA VE BİLİMSEL RAPORLARIN İÇERİKLERİNE UYGUN DÜŞMEYEN GEREKÇE İLE,"(1412 S. K. m. 317, 322) (5237 S. K. m. 37, 39, 53) (ANY. MAH. 08.10.2015 T. 2014/140 E. 2015/85 K.) &nbsp; Mahalli mahkemece bozma üzerine verilen hüküm temyiz edilmekle dosya okunarak; &nbsp; Gereği görüşülüp düşünüldü: &nbsp; Katılan ... Çalışma ve Sosyal Hizmetler Bakanlığı vekilinin sanık ... h"
1069,13.4,Yargıtay,3,3093,2025,4406,2025-09-29,gebe+illiyet,gebe×11 | travma×2 | illiyet×6,TAZMİNAT İSTEMİ - RAHİM TAHLİYE ENDİKASYONU BULUNMADIĞI - DOKTORUN ZAMANINDA FARK EDEMEMESİ NEDENİYLE BİLGİLENDİRME YAPMAMASININ RAHİM TAHLİYE ENDİKASYONU OLMADIĞINDAN SONUCU ETKİLEMEYECEĞİ - HÜKMÜN O,"(6100 S. K. m. 370, 371) &nbsp; Mahkemece; Anayasa Mahkemesi kararı sonrasında yeniden inceleme yapılarak verilen karar, davacı ... tarafından imzalanarak verilen temyiz dilekçesiyle temyiz edildiği anlaşılmakla temyiz incelemesinin davacı ... ve velayet altında olan küçük ... yönünden yapılmasına k"
1070,13.3,Danıştay,10,7055,2022,7137,2024-12-26,gebe+travma,gebe×1 | travma×6 | illiyet×1 | TCK 87/88,DANIŞTAY KARARI,"T.C. D A N I Ş T A Y ONUNCU DAİRE Esas No : 2022/7055 KararNo : 2024/7137 DAVACI:...Derneği VEKİLİ: Av. ... DAVALI : ... Bakanlığı / ANKARA VEKİLİ: Hukuk Müşaviri Av. ... DAVANIN KONUSU: 27/03/2002 tarih ve 24708 sayılı Resmî Gazete’de yayımlanan Özel Hastaneler Yönetmeliği'nin, 06/10/2022 tarih ve "
1071,13.3,Danıştay,10,8891,2022,7314,2024-12-27,gebe+travma,gebe×1 | travma×6 | illiyet×1 | TCK 87/88,DANIŞTAY KARARI,T.C. D A N I Ş T A Y ONUNCU DAİRE Esas No : 2022/8891 Karar No : 2024/7314 DAVACI: ... VEKİLİ: Av. ... DAVALI: ... Bakanlığı / ... VEKİLİ: Hukuk Müşaviri Av.... DAVANIN_KONUSU: 15/02/2008 tarih ve 26788 sayılı Resmî Gazete’de yayımlanan Ayakta Teşhis ve Tedavi Yapılan Özel Sağlık Kuruluşları Hakkınd
1072,13.3,Danıştay,10,6993,2022,7136,2024-12-26,gebe+travma,gebe×1 | travma×6 | illiyet×1 | TCK 87/88,DANIŞTAY KARARI,T.C. D A N I Ş T A Y ONUNCU DAİRE Esas No : 2022/6993 KararNo : 2024/7136 DAVACI: ... Odası VEKİLİ: Av. ... DAVALI: ... Bakanlığı / ANKARA VEKİLİ: Hukuk Müşaviri Av. ... DAVANIN_KONUSU: 15/02/2008 tarih ve 26788 sayılı Resmî Gazete’de yayımlanan Ayakta Teşhis ve Tedavi Yapılan Özel Sağlık Kuruluşlar
1073,13.3,Danıştay,10,8220,2022,7140,2024-12-26,gebe+travma,gebe×1 | travma×6 | illiyet×1 | TCK 87/88,DANIŞTAY KARARI,"T.C. D A N I Ş T A Y ONUNCU DAİRE Esas No : 2022/8220 KararNo : 2024/7140 DAVACI: ... Vakfı VEKİLİ: Av. ... DAVALI: ... Bakanlığı / ANKARA VEKİLİ: Hukuk Müşaviri Av. ... DAVANIN_KONUSU: 27/03/2002 tarih ve 24708 sayılı Resmî Gazete’de yayımlanan Özel Hastaneler Yönetmeliği'nin, 06/10/2022 tarih ve 3"
1074,13.3,A.Y.İ.M.,1,289,1998,52,1999-01-26,gebe+travma,gebe×7 | travma×1 | illiyet×1 | TCK 87/88,KADEME İLERLEMESİ YAPILMAMASI İŞLEMİNİN İPTALİ İSTEMİ - LİSANSÜSTÜ ÖĞRENİM KIDEMİNİN VERİLME USULÜ - DAVACININ DOKTORA ÖĞRENİMİ GÖRDÜĞÜ DALIN İNSANGÜCÜ TEMİN VE YETİŞTİRME PLANINDA GÖSTERİLMİŞ OLMASI ,"(926 S. K. m. 36) Davacı, 3 Nisan 1998 tarihinde kayda geçen dava dilekçesinde özetle; 1989 yılında GATA Askeri Tıp Fakültesinden KKK. lığı mensubu Tabip Subay olarak mezun olduğunu, Haziran 1993 tarihinde MSB.'nın izniyle GATA. Komutanlığında Fizyoloji Doktora kadrosu için açılan sınavı kazanarak 4"
1075,13.3,Yargıtay,2,1981,2023,4770,2023-10-17,gebe+travma,gebe×1 | travma×3 | TCK 87/88 | trafik/iş kaz,YARGITAY KARARI,"MAHKEMESİ: Adana Bölge Adliye Mahkemesi 2. Hukuk Dairesi SAYISI: 2021/688 E., 2022/2461 K. KARAR: İstinaf başvurusunun esastan reddi İLK DERECE MAHKEMESİ: Adana 10. Aile Mahkemesi SAYISI: 2019/203 E., 2020/675 K. Taraflar arasındaki boşanma davasından dolayı yapılan yargılama sonunda İlk Derece Mahk"
1076,13.3,Anayasa,1,13868,2015,,2019-07-03,gebe+illiyet,gebe×1 | travma×2 | illiyet×3 | TCK 87/88,ANAYASA MAHKEMESİNİN 3/7/2019 TARİHLİ VE 2015/13868 SAYILI KARARI (BİREYSEL BAŞVURU),"(2709 S. K. m. 10, 17, 148) (6216 S. K. m. 45, 47) (TAHİR CANAN &ndash; TÜRKİYE DAVASI) (ANY. MAH. 14.11.2018 T. 2014/1457 E.) (ANY. MAH. 26.03.2013 T. 2012/1049 E.) (ANY. MAH. 02.10.2013 T. 2013/1123 E.) (ANY. MAH. 12.02.2013 T. 2012/1027 E.) (ANY. MAH. 26.03.2013 T. 2012/403 E.) (ANY. MAH. 12.09.2"
1077,13.3,Anayasa,2,7902,2019,,2022-06-15,gebe+illiyet,gebe×1 | travma×2 | illiyet×3 | TCK 87/88,ANAYASA MAHKEMESİNİN 15/6/2022 TARİHLİ VE 2019/7902 SAYILI KARARI (BİREYSEL BAŞVURU) ,"(2709 S. K. m. 5, 17, 129) (765 S. K. m. 243, 245) (4483 S. K. m. 1, 2, 4) (1412 S. K. m. 154) (5237 S. K. m. 3, 94, 95, 256) (6216 S. K. m. 50) (ANY. MAH. 17.07.2014 T. 2013/293 E.) (ANY. MAH. 18.09.2013 T. 2012/969 E.) (ANY. MAH. 21.04.2016 T. 2013/7907 E.) (ANY. MAH. 01.02.2018 T. 2014/3944 E.) ("
1078,13.2,A.İ.H.M.,2,33860,2003,,2013-07-09,gebe+travma,gebe×2 | travma×7 | TCK 87/88,BOZDEMİR VE YEŞİLMEN - TÜRKİYE DAVASI,"(5237 S. K. m. 179, 181, 243, 245) (AİHS. m. 1, 2, 3, 5, 6, 13, 29, 35, 41, 44) (KARAYİĞİT - TÜRKİYE DAVASI) (ORHAN - TÜRKİYE DAVASI) (TEPE - TÜRKİYE DAVASI) (ÇAKICI - TÜRKİYE DAVASI) (ÇİÇEK - TÜRKİYE DAVASI) (OSMANOĞLU - TÜRKİYE DAVASI) (AVŞAR - TÜRKİYE DAVASI) (ÇOLAK VE FİLİZER - TÜRKİYE DAVASI) ("
1079,13.1,Danıştay,4,3326,2020,1983,2023-04-05,gebe+illiyet,gebe×1 | travma×9 | illiyet×6,DANIŞTAY KARARI,"T.C. D A N I Ş T A Y DÖRDÜNCÜ DAİRE Esas No : 2020/3326 KararNo : 2023/1983 TEMYİZ EDEN (DAVALI): … Vergi Dairesi Başkanlığı (… Vergi Dairesi Müdürlüğü) VEKİLİ: Av. … KARŞI TARAF (DAVACI): … VEKİLİ: Av. … İSTEMİN KONUSU:… Bölge İdare Mahkemesi ... Vergi Dava Dairesinin … tarih ve E:…, K:… sayılı kar"
1080,13.1,Yargıtay,21,1428,2018,3810,2018-04-16,gebe+illiyet,gebe×1 | travma×3 | illiyet×9,TAZMİNAT DAVASI - İŞ KAZASININ 301 KİŞİNİN ÖLÜMÜNE VE 486 KİŞİNİN YARALANMASINA YOL AÇTIĞI - TOPLUMUN GENELİNDE DERİN BİR ÜZÜNTÜ MEYDANA GETİRDİĞİ - MANEVİ TAZMİNATIN CAYDIRICILIK UNSURUNUN ÖNE ÇIKMAS,"(6331 S. K. m. 4, 5, 10) (818 S. K. m. 332) (6098 S. K. m. 56, 417) (4857 S. K. m. 2, 77) (6100 S. K. m. 114, 115, 355, 357) (5510 S. K. m. 81) (YHGK. 09.10.2013 T. 2013/21-102 E. 2013/1456 K.) &nbsp; Dava: Asıl ve birleşen dava bakımından; Davacılar, murisinin ...... sonucu ölümünden doğan ......ın"
1081,13.1,Yargıtay,21,5466,2019,289,2020-01-28,gebe+illiyet,gebe×1 | travma×3 | illiyet×9,YARGITAY KARARI,"MAHKEMESİ: ... Bölge Adliye Mahkemesi K A R A R A)Davacı İstemi Davacılar dava dilekçesi ve ıslah ile eş için 115.520,17 TL maddi, 250.000,00 TL manevi, çocuk... için 37.274,34 TL maddi, 150.000,00 TL manevi, çocuk İbrahim için 31.416,80 TL maddi, 150.000,00 TL manevi tazminat talep etmişlerdir. B)D"
1082,13.1,Danıştay,4,3396,2020,1984,2023-04-05,gebe+illiyet,gebe×1 | travma×9 | illiyet×6,DANIŞTAY KARARI,"T.C. D A N I Ş T A Y DÖRDÜNCÜ DAİRE Esas No : 2020/3396 KararNo : 2023/1984 TEMYİZ EDEN (DAVALI): … Vergi Dairesi Başkanlığı (… Vergi Dairesi Müdürlüğü) VEKİLİ: Av. … KARŞI TARAF (DAVACI): … VEKİLİ: Av. … İSTEMİN KONUSU: … Bölge İdare Mahkemesi ... Vergi Dava Dairesinin … tarih ve E:…, K:… sayılı ka"
1083,13.1,Danıştay,4,1492,2021,2154,2023-04-12,gebe+illiyet,gebe×1 | travma×9 | illiyet×6,DANIŞTAY KARARI,"T.C. D A N I Ş T A Y DÖRDÜNCÜ DAİRE Esas No : 2021/1492 KararNo : 2023/2154 TEMYİZ EDEN (DAVALI): … Vergi Dairesi Başkanlığı (… Vergi Dairesi Müdürlüğü) VEKİLİ: Av. … KARŞI TARAF (DAVACI): ... VEKİLİ: Av. … İSTEMİN KONUSU: … Bölge İdare Mahkemesi ... Vergi Dava Dairesinin … tarih ve E:…, K:… sayılı "
1084,13.1,Yargıtay,13,8557,1994,2138,1994-03-04,gebe+illiyet,gebe×7 | travma×6 | illiyet×5,TAZMİNAT DAVASI - HATALI TEDAVİ NEDENİNE DAYALI TAZMİNAT İSTEMİ - ÖLMEYEN BİR BEBEĞE ÖLÜ RAPORU DÜZENLENİP VERİLDİĞİ - TIP BİLİMİNİN KABUL ETTİĞİ BÜTÜN KURALLARA UYGUN MÜDAHALE VE TEDBİRLER ALINARAK B,"(818 S. K. m. 41, 47, 321, 386, 390, 394) (1086 S. K. m. 275, 276) (1219 S. K. m. 75) Dava: Taraflar arasındaki tazminat davasının yapılan yargılaması sonunda, ilamda yazılı nedenlerden dolayı davanın reddine yönelik olarak verilen hükmün süresi içinde davacılar avukatınca temyiz edilmesi üzerine; d"
1085,13.1,Yargıtay,21,5467,2019,290,2020-01-28,gebe+illiyet,gebe×1 | travma×3 | illiyet×9,YARGITAY KARARI,"MAHKEMESİ: ... Bölge Adliye Mahkemesi 1 TÜRK MİLLETİ ADINA K A R A R A)Davacı İstemi Davacılar dava dilekçesi ve ıslah ile eş için 2.000,00 TL maddi, 190.000,00 TL manevi, çocuk Sevcan için 74.240,00 TL maddi, 145.000,00 TL manevi, çocuk Sercan için 72.460,00 TL maddi, 145.000,00 TL manevi tazminat "
1086,13.1,Yargıtay,12,3974,2021,8375,2022-11-10,gebe+illiyet,gebe×1 | travma×2 | illiyet×7 | trafik/iş kaz,YARGITAY KARARI,"Mahkemesi:Ağır Ceza Mahkemesi Taksirle öldürme suçundan sanıkların mahkumiyetine ilişkin hükümler, sanıklar müdafileri ile katılanlar vekili tarafından temyiz edilmekle, dosya incelenerek gereği düşünüldü: I-Sanık ... hakkında taksirle öldürme suçundan verilen mahkumiyet kararına yönelik, sanık ... "
1087,13.1,Yargıtay,21,5143,2019,285,2020-01-28,gebe+illiyet,gebe×1 | travma×3 | illiyet×9,YARGITAY KARARI,"MAHKEMESİ: ... Bölge Adliye Mahkemesi K A R A R A)Davacı İstemi Davacılar dava dilekçesi ve ıslah ile anne için 65.622,82 TL maddi, 150.000,00 TL manevi, baba için 2.000,00 TL maddi, 150.000,00 TL manevi, kardeşler için 100.000,00'er TL manevi tazminat talep etmişlerdir. B)Davalıların Cevapları Dava"
1088,13,Yargıtay,3,1948,2023,345,2024-01-23,gebe+illiyet,gebe×8 | travma×3 | illiyet×6,YARGITAY KARARI,"MAHKEMESİ: Gaziantep Bölge Adliye Mahkemesi 13. Hukuk Dairesi SAYISI: 2022/2890 E., 2022/1974 K. İLK DERECE MAHKEMESİ: Diyarbakır 1. Tüketici Mahkemesi SAYISI: 2020/142 E., 2022/393 K. Taraflar arasındaki tazminat davasından dolayı yapılan yargılama sonunda İlk Derece Mahkemesince davanın reddine ka"
1089,12.8,Yargıtay,12,9921,2017,2180,2018-02-27,gebe+illiyet,gebe×30 | travma×3 | illiyet×5,TAKSİRLE YARALAMA SUÇU - SANIKLARIN DÜZENLİ ARALIKLARLA NST TETKİKİ YAPMAMASI VE ÇKS NİN SAYI OLARAK TESPİT EDİLMEMESİNİN TIP KURALLARINA AYKIRI OLDUĞU - EYLEMİN İHMAL SURETİYLE GÖREVİ KÖTÜYE KULLANMA,"(5237 S. K. m. 89, 257) &nbsp; Taksirle yaralama suçundan sanıkların beraatlerine ilişkin hüküm, katılan zorunlu müdafii tarafından temyiz edilmekle dosya incelenerek gereği düşünüldü: &nbsp; (I) Sanık ... hakkında verilen beraat hükmüne yönelik olarak yapılan temyiz talebinin incelenmesinde, &nbsp;"
1090,12.8,A.İ.H.M.,2,25266,2005,,2010-01-05,gebe+travma,gebe×14 | travma×3 | illiyet×5,YARDIMCI - TÜRKİYE DAVASI,"(AİHS m. 2, 5, 6, 8, 34, 35, 41, 44) (GARCİA RUIZ - İSPANYA DAVASI) (CALVELLİ VE CİGLİO - İTALYA DAVASI) (Başvuru no: 25266/05) KARARIN ÖZET ÇEVİRİSİ STRAZBURG 5 Ocak 2010 İşbu karar AİHS'nin 44/2 maddesinde belirtilen koşullar çerçevesinde kesinleşecektir. Şekli düzeltmelere tabi olabilir. USUL Tür"
1091,12.8,Anayasa,1,26313,2020,,2023-11-21,gebe+illiyet,gebe×51 | travma×1 | illiyet×6,ANAYASA MAHKEMESİNİN 21/11/2023 TARİHLİ VE 2020/26313 SAYILI KARARI (BİREYSEL BAŞVURU) ,"(2709 S. K. m. 17) (6384 S. K. Geç. m. 2) (7445 S. K. m. 40) (ANY. MAH. 27.04.2023 T. 2022/100837 E.) (ANY. MAH. 21.02.2018 T. 2014/15355 E.) (ANY. MAH. 07.05.2015 T. 2013/9047 E.) &nbsp; *** İncelemekte olduğunuz karar Resmi Gazete&rsquo;de yayımlanmamış olup kararlar bilgibankasi.anayasa.gov.tr ad"
1092,12.8,Yargıtay,3,1410,2023,1409,2023-05-11,gebe+illiyet,gebe×14 | travma×1 | illiyet×6,YARGITAY KARARI,"MAHKEMESİ:Asliye Hukuk Mahkemesi SAYISI: 2021/562 E., 2021/496 K. DAVA TARİHİ: 24.09.2004 KARAR: Davanın reddi KARAR DÜZELTME İSTEYEN: Davacılar vekili Taraflar arasındaki tazminat davasından dolayı yapılan yargılama sonunda, bozmaya uyularak yapılan yargılama sonunda Mahkemece davanın reddine karar"
1093,12.8,Danıştay,1,1778,2019,2039,2019-12-24,gebe+illiyet,gebe×35 | travma×1 | illiyet×6,MEN-İ MUHAKEME İSTEMİ - EKSİKLİKLER GİDERİLMEK SURETİYLE YENİDEN YAPILACAK SORUŞTURMA SONUCUNDA DÜZENLENECEK FEZLEKE GÖZ ÖNÜNE ALINARAK YETKİLİ KURULCA YENİ BİR KARAR VERİLMESİ GEREKTİĞİ - DOSYANIN KA,"(2547 S. K. m. 53) &nbsp; Şüpheli: M. B. - Kırıkkale Üniversitesi Tıp Fakültesi Kadın Hastalıkları ve Doğum Anabilim Dalı Araştırma Görevlisi &nbsp; Suçu: Hipertansiyon ve idrarda protein kaçağı tanılarıyla 3.5.2013 tarihinde Tıp Fakültesi Hastanesine yatışı yapılan şikayetçi Ş. K.&#39;ün 34 hafta &"
1094,12.8,Yargıtay,3,2990,2024,3053,2025-05-27,gebe+illiyet,gebe×19 | travma×1 | illiyet×6,TAZMİNAT DAVASI - HEKİM HATASINDAN KAYNAKLI VEKİLİN ÖZEN SORUMLULUĞUNA DAYALI MADDİ VE MANEVİ TAZMİNAT İSTEMİ - BİLİRKİŞİ RAPORLARININ YARGITAY TARAF VE MAHKEME DENETİMİNE AÇIK DENETLENEBİLİR OLDUĞU -,"(6100 S. K. m. 370) &nbsp; Bölge Adliye Mahkemesi kararı davacılar vekili tarafından temyiz edilmekle; kesinlik, süre, temyiz şartı ve diğer usul eksiklikleri yönünden yapılan ön inceleme sonucunda, temyiz dilekçesinin kabulüne karar verildikten ve Tetkik Hâkimi tarafından hazırlanan rapor dinlendik"
1095,12.8,Danıştay,2,4355,2023,2700,2025-05-26,gebe+travma,gebe×2 | travma×3 | cenin/düşük,DANIŞTAY KARARI,"T.C. D A N I Ş T A Y İKİNCİ DAİRE Esas No : 2023/4355 Karar No : 2025/2700 TEMYİZ EDEN (DAVALI): ... Genel Müdürlüğü VEKİLİ: Av. ... KARŞI TARAF (DAVACI): ... VEKİLİ: Av. ... İSTEMİNKONUSU: ... Bölge İdare Mahkemesi ... İdari Dava Dairesince verilen ... günlü, E:..., K:... sayılı kararın, dilekçede "
1096,12.8,Danıştay,15,4361,2013,890,2015-02-18,gebe+illiyet,gebe×48 | travma×3 | illiyet×5,TAZMİNAT DAVASI - ADLİ TIP KURUMUNUN ADLİ TIP İLE İLGİLİ KONULARDA BİLİMSEL VE TEKNİK GÖRÜŞLERİNİ BİLDİRMEKLE YÜKÜMLÜ OLDUĞU - OLAYDA DAVALI İDARENİN HİZMET KUSURU BULUNUP BULUNMADIĞININ YENİDEN BELİR,"(2709 S. K. m. 125) (2569 S. K. m. 1) (2577 S. K. m. 49, 54) &nbsp; İstemin Özeti: Gaziantep 2. İdare Mahkemesi&#39;nin 08/06/2011 tarih ve K:2011/673 sayılı kararının, hukuka uygun olmadığı ileri sürülerek temyizen incelenerek bozulması istenilmektedir. &nbsp; Savunmanın Özeti: Savunma verilmemişti"
1097,12.8,Yargıtay,3,5209,2022,1559,2023-05-23,gebe+illiyet,gebe×19 | travma×1 | illiyet×6,YARGITAY KARARI,"İNCELENEN KARARIN MAHKEMESİ: Kayseri Bölge Adliye Mahkemesi 6. Hukuk Dairesi SAYISI: 2022/810 E., 2022/850 K. DAVA TARİHİ: 09.01.2017 KARAR: Davanın reddi İLK DERECE MAHKEMESİ: Kayseri 1. Tüketici Mahkemesi SAYISI: 2017/35 E., 2022/70 K. Taraflar arasındaki maddi ve manevi tazminat davasından dolayı"
1098,12.7,Danıştay,10,7937,2022,7363,2024-12-27,gebe+travma,gebe×1 | travma×5 | illiyet×1 | TCK 87/88,DANIŞTAY KARARI,"T.C. D A N I Ş T A Y ONUNCU DAİRE Esas No : 2022/7937 KararNo : 2024/7363 DAVACI: ... VEKİLİ: Av. ... DAVALI: ... Bakanlığı / ANKARA VEKİLİ: Hukuk Müşaviri Av. ... DAVANIN_KONUSU: 27/03/2002 tarih ve 24708 sayılı Resmî Gazete’de yayımlanan Özel Hastaneler Yönetmeliği'nin, 06/10/2022 tarih ve 31975 s"
1099,12.7,A.İ.H.M.,2,4447,2005,,2013-10-01,gebe+travma,gebe×1 | travma×7 | TCK 87/88,AKSİN VE DİĞERLERİ - TÜRKİYE DAVASI,"(AİHS. m. 1, 3, 4, 6, 13, 29, 34, 35, 44) (BATI VE DİĞERLERİ - TÜRKİYE DAVASI) (YOLDAŞ VD. - TÜRKİYE DAVASI) (MECAİL ÖZEL - TÜRKİYE DAVASI) (HÜSNİYE TEKİN - TÜRKİYE DAVASI) (DAĞABAKAN VE YILDIRIM V. - TÜRKİYE DAVASI) (SALMAN - TÜRKİYE DAVASI) (SELMOUNI - FRANSA DAVASI) (AYŞE TEPE - TÜRKİYE DAVASI) ("
1100,12.7,Anayasa,GK,253,2014,,2015-01-09,gebe+illiyet,gebe×1 | travma×3 | illiyet×2 | TCK 87/88,ANAYASA MAHKEMESİNİN 9/1/2015 TARİHLİ VE 2014/253 SAYILI KARARI (BİREYSEL BAŞVURU),"(AİHS m. 6) (2709 S. K. m. 10, 19, 20, 36, 37, 38, 138, 139, 140, 141) (5271 S. K. m. 153, 308) (5237 S. K. m. 134, 135, 136, 202, 327, 334) (6216 S. K. m. 47, 48, 50, Geç. m. 1) (Anayasa Mahkemesi İçtüzüğü m. 28, 64) (ANY. MAH. 12.02.2013 T. 2012/832 E.) (ANY. MAH. 02.07.2013 T. 2012/726 E.) (ANY. "
1101,12.7,Danıştay,10,8274,2022,7014,2024-12-26,gebe+travma,gebe×1 | travma×5 | illiyet×1 | TCK 87/88,DANIŞTAY KARARI,T.C. D A N I Ş T A Y ONUNCU DAİRE Esas No : 2022/8274 KararNo : 2024/7014 DAVACI: ... Birliği Sendikası VEKİLİ: Av. ... DAVALI: ... Bakanlığı / ANKARA VEKİLİ: Hukuk Müşaviri Av. ... DAVANIN_KONUSU: 15/02/2008 tarih ve 26788 sayılı Resmî Gazete’de yayımlanan Ayakta Teşhis ve Tedavi Yapılan Özel Sağlı
1102,12.7,Danıştay,10,1245,2023,7517,2024-12-30,gebe+travma,gebe×1 | travma×5 | illiyet×1 | TCK 87/88,DANIŞTAY KARARI,T.C. D A N I Ş T A Y ONUNCU DAİRE Esas No : 2023/1245 KararNo : 2024/7517 DAVACI: ... Derneği VEKİLİ: Av. ... DAVALI: ... Bakanlığı / ANKARA VEKİLİ: Hukuk Müşaviri Av. ... DAVANIN KONUSU: 15/02/2008 tarih ve 26788 sayılı Resmî Gazete’de yayımlanan Ayakta Teşhis ve Tedavi Yapılan Özel Sağlık Kuruluşl
1103,12.7,Yargıtay,10,21998,2020,6135,2023-07-05,gebe+illiyet,gebe×1 | travma×1 | illiyet×3 | TCK 87/88,YARGITAY KARARI,"MAHKEMESİ:Asliye Ceza Mahkemesi SAYISI: 2016/47 E., 2016/182 K. SUÇ: Kullanmak için uyuşturucu madde bulundurma HÜKÜM: Mahkûmiyet TEBLİĞNAME GÖRÜŞÜ: Bozma Sanık hakkında kurulan hükmün; karar tarihi itibarıyla 6723 sayılı Kanun’un 33 üncü maddesiyle değişik 5320 sayılı Kanun’un 8 inci maddesi gereği"
1104,12.7,Danıştay,10,881,2023,7523,2024-12-30,gebe+travma,gebe×1 | travma×5 | illiyet×1 | TCK 87/88,DANIŞTAY KARARI,T.C. D A N I Ş T A Y ONUNCU DAİRE Esas No : 2023/881 KararNo : 2024/7523 DAVACI: ... Odası VEKİLİ: Av. ... DAVALI: ... Bakanlığı / ANKARA VEKİLİ: Hukuk Müşaviri Av. ... DAVANIN KONUSU: 15/02/2008 tarih ve 26788 sayılı Resmî Gazete’de yayımlanan Ayakta Teşhis ve Tedavi Yapılan Özel Sağlık Kuruluşları
1105,12.7,Danıştay,10,7623,2022,7361,2024-12-27,gebe+travma,gebe×1 | travma×5 | illiyet×1 | TCK 87/88,DANIŞTAY KARARI,"T.C. D A N I Ş T A Y ONUNCU DAİRE Esas No : 2022/7623 KararNo : 2024/7361 DAVACI: ... VEKİLİ: Av. ... DAVALI: ... Bakanlığı / ANKARA VEKİLİ: Hukuk Müşaviri Av.... DAVANIN_KONUSU: 27/03/2002 tarih ve 24708 sayılı Resmî Gazete’de yayımlanan Özel Hastaneler Yönetmeliği'nin, 06/10/2022 tarih ve 31975 sa"
1106,12.7,Yargıtay,9,2399,2021,4682,2023-07-04,gebe+travma,gebe×3 | travma×2 | cenin/düşük,YARGITAY KARARI,"MAHKEMESİ:Ağır Ceza Mahkemesi SAYISI: 2013/636 E.. 2014/403 K. SUÇLAR: Reşit olmayanla cinsel ilişki, kişiyi hürriyetinden yoksun kılma HÜKÜMLER: Beraat, düşme TEBLİĞNAME GÖRÜŞÜ: Onama Sanıklar hakkında kurulan hükümlerin; karar tarihi itibarıyla 6723 sayılı Kanun’un 33 üncü maddesiyle değişik 5320 "
1107,12.7,Danıştay,10,8142,2022,7366,2024-12-27,gebe+travma,gebe×1 | travma×5 | illiyet×1 | TCK 87/88,DANIŞTAY KARARI,"T.C. D A N I Ş T A Y ONUNCU DAİRE Esas No : 2022/8142 KararNo : 2024/7366 DAVACI:... VEKİLİ: Av. ... DAVALI: ... Bakanlığı / ANKARA VEKİLİ: Hukuk Müşaviri Av. ... DAVANIN_KONUSU: 27/03/2002 tarih ve 24708 sayılı Resmî Gazete’de yayımlanan Özel Hastaneler Yönetmeliği'nin, 06/10/2022 tarih ve 31975 sa"
1108,12.7,Danıştay,10,7970,2022,7365,2024-12-27,gebe+travma,gebe×1 | travma×5 | illiyet×1 | TCK 87/88,DANIŞTAY KARARI,"T.C. D A N I Ş T A Y ONUNCU DAİRE Esas No : 2022/7970 KararNo : 2024/7365 DAVACI: ... VEKİLİ: Av. ... DAVALI: ... Bakanlığı / ANKARA VEKİLİ: Hukuk Müşaviri Av. ... DAVANIN_KONUSU: 27/03/2002 tarih ve 24708 sayılı Resmî Gazete’de yayımlanan Özel Hastaneler Yönetmeliği'nin, 06/10/2022 tarih ve 31975 s"
1109,12.7,Danıştay,10,7968,2022,7364,2024-12-27,gebe+travma,gebe×1 | travma×5 | illiyet×1 | TCK 87/88,DANIŞTAY KARARI,"T.C. D A N I Ş T A Y ONUNCU DAİRE Esas No : 2022/7968 KararNo : 2024/7364 DAVACI: ... VEKİLİ: Av. ... DAVALI: ... Bakanlığı / ANKARA VEKİLİ: Hukuk Müşaviri Av. ... DAVANIN_KONUSU: 27/03/2002 tarih ve 24708 sayılı Resmî Gazete’de yayımlanan Özel Hastaneler Yönetmeliği'nin, 06/10/2022 tarih ve 31975 s"
1110,12.7,Danıştay,10,7624,2022,7362,2024-12-27,gebe+travma,gebe×1 | travma×5 | illiyet×1 | TCK 87/88,DANIŞTAY KARARI,"T.C. D A N I Ş T A Y ONUNCU DAİRE Esas No : 2022/7624 KararNo : 2024/7362 DAVACI: ... VEKİLİ: Av. ... DAVALI: ... Bakanlığı / ANKARA VEKİLİ: Hukuk Müşaviri Av. ... DAVANIN_KONUSU: 27/03/2002 tarih ve 24708 sayılı Resmî Gazete’de yayımlanan Özel Hastaneler Yönetmeliği'nin, 06/10/2022 tarih ve 31975 s"
1111,12.6,Yargıtay,CG,22,2018,34,2022-01-20,gebe+travma,gebe×6 | travma×24 | illiyet×3,YARGITAY KARARI,Yargıtay Dairesi: (Kapatılan) 14. Ceza Dairesi Çocuğun nitelikli cinsel istismarı suçundan suça sürüklenen çocuk ...'ın 5271 sayılı CMK'nın 223/2-e maddesi uyarınca beraatine ilişkin ... 2. Ağır Ceza Mahkemesince verilen 29.02.2012 tarihli ve 316-44 sayılı hükmün katılan mağdur vekili tarafından tem
1112,12.5,Yargıtay,HG,137,2018,243,2022-03-03,gebe+illiyet,gebe×1 | travma×8 | illiyet×6,YARGITAY KARARI,"MAHKEMESİ:Sulh Hukuk Mahkemesi 1. Taraflar arasındaki “tazminat” davasından dolayı yapılan yargılama sonunda, İstanbul Anadolu 16. Sulh Hukuk Mahkemesince verilen davanın kabulüne ilişkin karar davalı vekili tarafından temyiz edilmesi üzerine Yargıtay (Kapatılan) 6. Hukuk Dairesince yapılan inceleme"
1113,12.5,Yargıtay,CG,1-265,1999,268,1999-11-09,gebe+travma,gebe×1 | travma×39 | künt/batın,KASTEN ADAM ÖLDÜRME SUÇU - SUÇ VASFININ BELİRLENMESİ GEREĞİ - MAKTÜLÜN BAŞINA YUMRUKLA VURULMASI - BAŞ BÖLGESİNE TEKME İLE VURULMASI - SANIKLARIN SUÇU KASTEN İŞLEMİŞ OLMASI,"(765 S. K. m. 448, 33, 452, 463) Dava: Adam öldürme suçundan sanıklar İsmail Açıkalın ve Ali Duymuş'un TCY'nin 448, 463, 51/1 ve 59. maddeleri uyarınca 7 yıl 6'şar ay ağır hapis, Fatih Duymuş'un TCY'nin 448, 463, 51/1, 55/3 ve 59. maddeleri uyarınca 5 yıl ağır hapis cezasıyla cezalandırılmalarına, t"
1114,12.5,Yargıtay,10,9262,2021,3775,2023-04-05,gebe+illiyet,gebe×1 | travma×7 | illiyet×4 | trafik/iş kaz,YARGITAY KARARI,"MAHKEMESİ: ... Bölge Adliye Mahkemesi 27. Hukuk Dairesi SAYISI: 2021/509 E., 2021/1302 K. KARAR: Esastan red İLK DERECE MAHKEMESİ: ... 35. İş Mahkemesi SAYISI: 2017/451 E., 2020/838 K. Taraflar arasındaki iş kazasında vefat eden sigortalının hak sahiplerinin maddi ve manevi tazminat isteminden dolay"
1115,12.5,Yargıtay,1,164,2020,11082,2021-06-23,gebe+travma,gebe×1 | travma×2 | illiyet×4 | künt/batın,KASTEN ÖLDÜRMENİN İHMALİ DAVRANIŞLA İŞLENMESİ SUÇU - MEYDANA GELEN ZARARIN AĞIRLIĞI DİKKATE ALINARAK SANIKLARA MAKUL CEZALAR YERİNE ALT SINIRDAN HAPİS CEZALARINA HÜKMOLUNMASI - EKSİK CEZALAR TAYİNİ - ,"(5237 S. K. m. 62, 83) &nbsp; Mahalli mahkemece bozma üzerine verilen hükümler temyiz edilmekle dosya okunarak; &nbsp; Gereği görüşülüp düşünüldü; &nbsp; Toplanan deliller karar yerinde incelenip, sanıklar ..., ... ve ... hakkında maktul ...&rsquo;e yönelik kasten öldürmenin ihmali davranışla işlenm"
1116,12.5,Yargıtay,HG,2740,2017,1496,2021-11-25,gebe+illiyet,gebe×3 | travma×1 | illiyet×2 | TCK 87/88,YARGITAY KARARI,"MAHKEMESİ:Ticaret Mahkemesi 1. Taraflar arasındaki “menfi tespit” davasından dolayı yapılan yargılama sonunda, Mersin 1. Asliye Ticaret Mahkemesince verilen davanın kabulüne ilişkin karar davalı vekili tarafından temyiz edilmesi üzerine Yargıtay (Kapatılan) 19. Hukuk Dairesince yapılan inceleme sonu"
1117,12.5,Yargıtay,12,2438,2023,1794,2025-02-19,gebe+travma,gebe×1 | travma×7 | illiyet×4 | trafik/iş kaz,YARGITAY KARARI,"MAHKEMESİ:Asliye Ceza Mahkemesi SAYISI: 2020/197 E., 2020/312 K. SUÇ: Taksirle öldürme HÜKÜM: Sanık ... (Irmak) hakkında; Beraat Sanık ... hakkında; yargılamanın yenilenmesi talebinin reddi TEBLİĞNAME GÖRÜŞÜ: Onama Tavşanlı 1. Asliye Ceza Mahkemesinin, 24.06.2020 tarihli ve 2020/197 E. 2020/312 Kara"
1118,12.5,Yargıtay,CG,523,2023,61,2024-02-14,gebe+travma,gebe×1 | travma×46 | künt/batın,YARGITAY KARARI,"İTİRAZ İtirazname No: 2022/55450 KARARI VEREN YARGITAY DAİRESİ : 1. Ceza Dairesi MAHKEMESİ :Ceza Dairesi SAYISI: 2655-458 I. HUKUKİ SÜREÇ Sanığın tasarlayarak altsoyu kasten öldürme suçuna yardımdan 5237 sayılı Türk Ceza Kanunu’nun 82/1-a-d, 39/1, 29, 62, 53 ve 63. maddeleri uyarınca 6 yıl 3 ay hapi"
1119,12.3,Yargıtay,1,15551,2022,2874,2023-05-09,gebe+illiyet,gebe×1 | travma×5 | illiyet×4 | aile içi,YARGITAY KARARI,"MAHKEMESİ:Ağır Ceza Mahkemesi SUÇ: Olası kastla nitelikli öldürme HÜKÜM: Mahkûmiyet Rize Ağır Ceza Mahkemesinin, 24.06.2022 tarihli ve 2022/326 Esas, 2022/327 Karar sayılı kararı ile, Yargıtay 1. Ceza Dairesinin, 10.05.2022 tarihli ve 2022/1468 Esas, 2022/3428 Karar sayılı bozma kararına karşı veril"
1120,12.2,Yargıtay,11,342,2020,6946,2021-12-08,gebe+illiyet,gebe×67 | travma×4 | illiyet×4,TAZMİNAT DAVASI - SİGORTA POLİÇESİ EKSİKSİZ OLARAK DOSYAYA SUNULDUKTAN SONRA MAHKEMECE BİR DEĞERLENDİRME YAPILARAK SONUCA VARILMASI GEREKİRKEN TAZMİNAT KLOZUNUN VARLIĞI YADA YOKLUĞU HUSUSUNDA HİÇBİR D,"(6100 S. K. m. 353, 357, 373) &nbsp; Taraflar arasında görülen davada İstanbul Anadolu 6. Asliye Ticaret Mahkemesince verilen 25.04.2018 tarih ve 2015/120 E- 2018/471 K. sayılı kararın davalı vekili tarafından istinaf edilmesi üzerine, istinaf isteminin esastan reddine dair İstanbul Bölge Adliye Mah"
1121,12.2,Yargıtay,2,10450,2022,1471,2024-03-05,gebe+travma,gebe×6 | travma×2 | TCK 87/88,YARGITAY KARARI,"... MAHKEMESİ:Aile Mahkemesi SAYISI: 2019/388 E., 2022/391 K. DAVA TARİHİ: 08.05.2015 KARAR: Ret Taraflar arasındaki hakkında korunma kararı ve evlat edinilmesinde ana-babanın rızasının aranmaması kararı verilen ve korunma kararı gereği hakkında bakım tedbiri uygulanan küçük hakkında yapılan işlemle"
1122,12.2,Danıştay,10,6612,2020,1768,2024-05-02,gebe+travma,gebe×68 | travma×19 | illiyet×1,DANIŞTAY KARARI,"T.C. D A N I Ş T A Y ONUNCU DAİRE Esas No : 2020/6612 KararNo : 2024/1768 TEMYİZ EDEN (DAVACILAR): Kendi adlarına asaleten ..., ..., ... ve ... 'a velayeten 1- ... 2- ... VEKİLİ: Av. ... KARŞI TARAF (DAVALI):... Bakanlığı VEKİLİ: Av.... MÜDAHİLLER (DAVALI YANINDA): 1- ... Sigorta Anonim Şirketi VEKİ"
1123,12.2,Yargıtay,3,2578,2021,12091,2021-11-25,gebe+illiyet,gebe×18 | travma×2 | illiyet×5,YARGITAY KARARI,"MAHKEMESİ: KAYSERİ 1. TÜKETİCİ MAHKEMESİ Taraflar arasında ilk derece mahkemesinde görülen tazminat davasının reddine dair verilen karar hakkında bölge adliye mahkemesi tarafından yapılan istinaf incelemesi sonucunda; davacı tarafın istinaf başvurusunun esastan reddine yönelik olarak verilen kararın"
1124,12.2,Yargıtay,2,7036,2024,7903,2024-10-24,gebe+travma,gebe×6 | travma×2 | TCK 87/88,YARGITAY KARARI,"İNCELENEN KARARIN MAHKEMESİ:Aile Mahkemesi SAYISI: 2019/388 E., 2022/391 K. KARAR DÜZELTME İSTEYEN : Davacılar vekili Taraflar arasındaki hakkında korunma kararı ve evlat edinilmesinde ana-babanın rızasının aranmaması kararı verilen ve korunma kararı gereği hakkında bakım tedbiri uygulanan küçük hak"
1125,12.2,Danıştay,10,1219,2021,3762,2024-10-08,gebe+illiyet,gebe×53 | travma×2 | illiyet×5,DANIŞTAY KARARI,T.C. D A N I Ş T A Y ONUNCU DAİRE Esas No : 2021/1219 KararNo : 2024/3762 TEMYİZ EDEN (DAVACILAR) : 1- ... 2- ... VEKİLİ: Av. ... KARŞI TARAF (DAVALI): ... Bakanlığı / ANKARA VEKİLİ: Hukuk Müşaviri ... DAVALI YANINDA MÜDAHİLLER: 1- ... VEKİLİ: Av. ... 2- ... VEKİLİ: Av. ... İSTEMİN_KONUSU: ... Bölge
1126,12.2,Yargıtay,CG,317,2020,71,2022-02-08,gebe+travma,gebe×28 | travma×47 | illiyet×1,YARGITAY KARARI,Yargıtay Dairesi: (Kapatılan) 14. Ceza Dairesi Nitelikli cinsel saldırı suçundan sanık ...'in beraatine ilişkin ... Ağır Ceza Mahkemesince verilen 13.09.2011 tarihli ve 167-263 sayılı hükmün katılan mağdure vekili tarafından temyiz edilmesi üzerine dosyayı inceleyen Yargıtay (Kapatılan) 14. Ceza Dai
1127,12.1,Yargıtay,9,11253,2023,8243,2023-12-11,gebe+travma,gebe×7 | travma×1 | TCK 87/88,YARGITAY KARARI,"MAHKEMESİ:Ceza Dairesi SAYISI: 2023/474 E., 2023/623 K. SUÇ: Çocuğun nitelikli cinsel istismarı HÜKÜM: İstinaf başvurusunun esastan reddi TEBLİĞNAME GÖRÜŞÜ: Kısmî ret, kısmî düzeltilerek onama İlk Derece Mahkemesince verilen hükme yönelik istinaf incelemesi üzerine Bölge Adliye Mahkemesi tarafından "
1128,12,Danıştay,10,7357,2022,7152,2024-12-26,gebe+travma,gebe×2 | travma×3 | illiyet×1 | TCK 87/88,DANIŞTAY KARARI,T.C. D A N I Ş T A Y ONUNCU DAİRE Esas No : 2022/7357 KararNo : 2024/7152 DAVACI: ... VEKİLİ: Av. ... DAVALI: ... Bakanlığı / ANKARA VEKİLİ: Hukuk Müşaviri Av. ... DAVANIN_KONUSU: 15/02/2008 tarih ve 26788 sayılı Resmî Gazete’de yayımlanan Ayakta Teşhis ve Tedavi Yapılan Özel Sağlık Kuruluşları Hakk
1129,12,Danıştay,10,7355,2022,7151,2024-12-26,gebe+travma,gebe×2 | travma×3 | illiyet×1 | TCK 87/88,DANIŞTAY KARARI,T.C. D A N I Ş T A Y ONUNCU DAİRE Esas No : 2022/7355 KararNo : 2024/7151 DAVACI: ... VEKİLİ: Av. ... DAVALI: ... Bakanlığı / ANKARA VEKİLİ: Hukuk Müşaviri Av. ... DAVANIN_KONUSU: 15/02/2008 tarih ve 26788 sayılı Resmî Gazete’de yayımlanan Ayakta Teşhis ve Tedavi Yapılan Özel Sağlık Kuruluşları Hakk
1130,12,Danıştay,10,7358,2022,7153,2024-12-26,gebe+travma,gebe×2 | travma×3 | illiyet×1 | TCK 87/88,DANIŞTAY KARARI,T.C. D A N I Ş T A Y ONUNCU DAİRE Esas No : 2022/7358 KararNo : 2024/7153 DAVACI: ... VEKİLİ: Av. ... DAVALI: ... Bakanlığı / ANKARA VEKİLİ: Hukuk Müşaviri Av. ... DAVANIN_KONUSU: 15/02/2008 tarih ve 26788 sayılı Resmî Gazete’de yayımlanan Ayakta Teşhis ve Tedavi Yapılan Özel Sağlık Kuruluşları Hakk
1131,12,Danıştay,10,6919,2022,7150,2024-12-26,gebe+travma,gebe×2 | travma×3 | illiyet×1 | TCK 87/88,DANIŞTAY KARARI,T.C. D A N I Ş T A Y ONUNCU DAİRE Esas No : 2022/6919 KararNo : 2024/7150 DAVACI: ... VEKİLİ: Av. ... DAVALI: ... Bakanlığı / ANKARA VEKİLİ: Hukuk Müşaviri Av. ... DAVANIN_KONUSU: 15/02/2008 tarih ve 26788 sayılı Resmî Gazete’de yayımlanan Ayakta Teşhis ve Tedavi Yapılan Özel Sağlık Kuruluşları Hakk
1132,12,Danıştay,10,577,2023,7156,2024-12-26,gebe+travma,gebe×2 | travma×3 | illiyet×1 | TCK 87/88,DANIŞTAY KARARI,T.C. D A N I Ş T A Y ONUNCU DAİRE Esas No : 2023/577 KararNo : 2024/7156 DAVACI: ... VEKİLİ: Av. ... DAVALI: ... Bakanlığı / ANKARA VEKİLİ: Hukuk Müşaviri Av. ... DAVANIN_KONUSU: 15/02/2008 tarih ve 26788 sayılı Resmî Gazete’de yayımlanan Ayakta Teşhis ve Tedavi Yapılan Özel Sağlık Kuruluşları Hakkı
1133,12,Danıştay,10,6917,2022,7149,2024-12-26,gebe+travma,gebe×2 | travma×3 | illiyet×1 | TCK 87/88,DANIŞTAY KARARI,T.C. D A N I Ş T A Y ONUNCU DAİRE Esas No : 2022/6917 KararNo : 2024/7149 DAVACI: ... VEKİLİ: Av. ... DAVALI: ... Bakanlığı / ANKARA VEKİLİ: Hukuk Müşaviri ... DAVANIN_KONUSU: 15/02/2008 tarih ve 26788 sayılı Resmî Gazete’de yayımlanan Ayakta Teşhis ve Tedavi Yapılan Özel Sağlık Kuruluşları Hakkında
1134,12,Danıştay,10,2985,2023,7613,2024-12-30,gebe+travma,gebe×2 | travma×3 | illiyet×1 | TCK 87/88,DANIŞTAY KARARI,"T.C. D A N I Ş T A Y ONUNCU DAİRE Esas No : 2023/2985 KararNo : 2024/7613 DAVACILAR: 1- ... 2- ... VEKİLİ: Av. ... DAVALI : ... Bakanlığı / ANKARA VEKİLİ: Hukuk Müşaviri Av. ... DAVANIN_KONUSU: 27/03/2002 tarih ve 24708 sayılı Resmî Gazete’de yayımlanan Özel Hastaneler Yönetmeliği'nin, 07/01/2023 ta"
1135,12,Danıştay,10,2011,2023,7324,2024-12-27,gebe+travma,gebe×2 | travma×3 | illiyet×1 | TCK 87/88,DANIŞTAY KARARI,"T.C. D A N I Ş T A Y ONUNCU DAİRE Esas No : 2023/2011 KararNo : 2024/7324 DAVACI: ... mirasçıları 1) Kendi adına asaleten, ... adına velayeten ... 2) ... 3) ... VEKİLİ: Av. ... DAVALI: ... Bakanlığı / ANKARA VEKİLİ: Hukuk Müşaviri Av. ... DAVANIN_KONUSU: 27/03/2002 tarih ve 24708 sayılı Resmî Gazete"
1136,12,Danıştay,10,6915,2022,7148,2024-12-26,gebe+travma,gebe×2 | travma×3 | illiyet×1 | TCK 87/88,DANIŞTAY KARARI,T.C. D A N I Ş T A Y ONUNCU DAİRE Esas No : 2022/6915 KararNo : 2024/7148 DAVACI: ... VEKİLİ: Av. ... DAVALI: ... Bakanlığı / ANKARA VEKİLİ: Hukuk Müşaviri Av. ... DAVANIN_KONUSU: 15/02/2008 tarih ve 26788 sayılı Resmî Gazete’de yayımlanan Ayakta Teşhis ve Tedavi Yapılan Özel Sağlık Kuruluşları Hakk
1137,11.9,Yargıtay,16,4797,2018,7819,2019-11-11,gebe+illiyet,gebe×1 | travma×5 | illiyet×7,YARGITAY KARARI,"Mahkemesi :Ceza Dairesi Suç: Anayasal düzeni ortadan kaldırmaya teşebbüs, Hüküm :Sanık ..., ..., Temyiz edenin sıfatı, başvurunun süresi, kararın niteliği ve temyiz sebebine göre dosya incelendi; GEREĞİ GÖRÜŞÜLÜP DÜŞÜNÜLDÜ: 1-)Sanıklar müdafilerinin duruşmalı inceleme istemlerinin, İlk Derece Mahkem"
1138,11.9,Yargıtay,3,16702,2024,18463,2024-12-17,gebe+illiyet,gebe×1 | travma×9 | illiyet×5,YARGITAY KARARI,"MAHKEMESİ:Ağır Ceza Mahkemesi SAYISI: 2022/315 E., 2022/409 K. MAKTÜL: ... KATILANLAR: ..., Türkiye Cumhuriyeti Cumhurbaşkanlığı, ..., İçişleri Bakanlığı Emniyet Genel Müdürlüğü, ..., İETT Genel Müdürlüğü, ... SUÇLAR: Anayasal düzeni ortadan kaldırmaya teşebbüs etme, Türkiye Büyük Millet Meclisini o"
1139,11.8,Yargıtay,3,4222,2021,13790,2021-12-29,gebe+illiyet,gebe×8 | travma×1 | illiyet×6,YARGITAY KARARI,"MAHKEMESİ: İSTANBUL ANADOLU 7. TÜKETİCİ MAHKEMESİ Taraflar arasında ilk derece mahkemesinde görülen tazminat davasının reddine dair verilen karar hakkında bölge adliye mahkemesi tarafından yapılan istinaf incelemesi sonucunda; davacıların istinaf isteminin esastan reddine dair verilen kararın, süres"
1140,11.6,Yargıtay,12,17705,2012,14787,2013-05-31,gebe+illiyet,gebe×20 | travma×3 | illiyet×4,YARGITAY KARARI,"Mahkemesi :Sulh Ceza Mahkemesi Suç: Taksirle yaralama Hüküm: Beraat Taksirle yaralama suçundan sanıkların beraatlerine ilişkin hükümler, katılanlar vekili tarafından temyiz edilmekle, dosya incelenerek gereği düşünüldü: Adli Tıp Kurumu 3. İhtisas Kurulunun 20.02.2008 gün ve 72286-8429 sayılı raporun"
1141,11.6,Yargıtay,13,5954,2014,41137,2014-12-22,gebe+illiyet,gebe×27 | travma×1 | illiyet×5,TAZMİNAT DAVASI - DAVACILARIN ALINAN RAPORA VAKİ İTİRAZLARI ÜZERİNDE DURULMASI GEREĞİ - KUŞKUYA YER BIRAKMAYACAK NİTELİKTE RAPOR ALINARAK OLAYDA DAVALI DOKTOR VE HASTAHANENİN KUSURU OLUP OLMADIĞI BELİ,"(818 S. K. m. 321, 386, 390) (1086 S. K. m. 440) Dava ve Karar: Taraflar arasındaki tazminat davasının yapılan yargılaması sonunda ilamda yazılı nedenlerden dolayı davanın reddine yönelik olarak verilen hükmün davacılar avukatınca duruşmalı olarak temyiz edilmesi üzerine ilgililere çağrı kağıdı gönd"
1142,11.6,Yargıtay,13,13653,2007,3101,2008-03-06,gebe+illiyet,gebe×33 | travma×5 | illiyet×3,YARGITAY KARARI,MAHKEMESİ:Asliye Hukuk Mahkemesi Taraflar arasındaki tazminat davasının yapılan yargılaması sonunda ilamda yazılı nedenlerden dolayı davanın reddine yönelik olarak verilen hükmün süresi içinde davacı avukatınca duruşmalı olarak tmeyiz edilmiş ise de çağrı kağıdı gideri ödenmediğinden bu isteğin redd
1143,11.6,Danıştay,15,10078,2016,8418,2018-12-20,gebe+illiyet,gebe×27 | travma×3 | illiyet×4,TAZMİNAT İSTEMİ - DOĞUMUNDA VE SONRASINDA UYGULANAN TANI VE TEDAVİLERDEKİ TIBBİ KUSUR NEDENİYLE DAVACININ ENGELLİ KALDIĞI - YENİ BİR RAPOR ALINARAK SONUCUNA GÖRE KARAR VERİLMESİ - HÜKMÜN BOZULDUĞU,"(2709 S. K. m. 125) &nbsp; İstemin Özeti: Ankara 5. İdare Mahkemesi&#39;nin 04/02/2016 tarih ve E:2013/326, K:2016/428 sayılı kararının hukuka uygun olmadığı ileri sürülerek temyizen incelenerek bozulması istenilmektedir. &nbsp; Savunmaların Özeti: Savunma verilmemiştir. &nbsp; Danıştay Tetkik Hakim"
1144,11.6,Yargıtay,3,4314,2024,2914,2025-05-21,gebe+illiyet,gebe×20 | travma×5 | illiyet×3,YARGITAY KARARI,"MAHKEMESİ: İstanbul Bölge Adliye Mahkemesi 46. Hukuk Dairesi SAYISI: 2024/984 E., 2024/1615 K. İLK DERECE MAHKEMESİ: İstanbul Anadolu 1. Tüketici Mahkemesi SAYISI: 2018/251 E., 2023/1537 K. Bölge Adliye Mahkemesi kararı, davacı vekili tarafından temyiz edilmekle; kesinlik, süre, temyiz şartı ve diğe"
1145,11.5,Danıştay,10,3317,2023,7650,2024-12-30,gebe+travma,gebe×1 | travma×3 | illiyet×1 | TCK 87/88,DANIŞTAY KARARI,T.C. D A N I Ş T A Y ONUNCU DAİRE Esas No : 2023/3317 KararNo : 2024/7650 DAVACI: ...Derneği VEKİLİ: Av. ... DAVALI : ... Bakanlığı / ANKARA VEKİLİ: Hukuk Müşaviri Av. ... DAVANIN_KONUSU: 07/04/2023 tarih ve 32156 sayılı Resmî Gazete'de yayımlanan Özel Hastaneler Yönetmeliğinde Değişiklik Yapılmasın
1146,11.5,Danıştay,10,6828,2022,7147,2024-12-26,gebe+travma,gebe×1 | travma×3 | illiyet×1 | TCK 87/88,DANIŞTAY KARARI,"T.C. D A N I Ş T A Y ONUNCU DAİRE Esas No : 2022/6828 KararNo : 2024/7147 DAVACI: ... VEKİLİ: Av. ... DAVALI: ... Bakanlığı / ANKARA VEKİLİ: Hukuk Müşaviri Av. ... DAVANIN_KONUSU: 27/03/2002 tarih ve 24708 sayılı Resmî Gazete’de yayımlanan Özel Hastaneler Yönetmeliği'nin, 06/10/2022 tarih ve 31975 s"
1147,11.5,Danıştay,10,2140,2023,7283,2024-12-27,gebe+travma,gebe×1 | travma×3 | illiyet×1 | TCK 87/88,DANIŞTAY KARARI,"T.C. D A N I Ş T A Y ONUNCU DAİRE Esas No : 2023/2140 KararNo : 2024/7283 DAVACI: ... VEKİLİ: Av.... DAVALI: ... Bakanlığı / ANKARA VEKİLLERİ: Hukuk Müşaviri ... Hukuk Müşaviri Av. ... DAVANIN_KONUSU: 27/03/2002 tarih ve 24708 sayılı Resmî Gazete’de yayımlanan Özel Hastaneler Yönetmeliği'nin, 06/10/"
1148,11.5,Danıştay,10,6852,2022,7320,2024-12-27,gebe+travma,gebe×1 | travma×3 | illiyet×1 | TCK 87/88,DANIŞTAY KARARI,"T.C. D A N I Ş T A Y ONUNCU DAİRE Esas No : 2022/6852 KararNo : 2024/7320 DAVACI: ... VEKİLİ: Av. ... DAVALI: ... Bakanlığı / ANKARA VEKİLİ: Hukuk Müşaviri ... DAVANIN_KONUSU: 27/03/2002 tarih ve 24708 sayılı Resmî Gazete’de yayımlanan Özel Hastaneler Yönetmeliği'nin, 06/10/2022 tarih ve 31975 sayıl"
1149,11.5,Yargıtay,11,271,2015,6422,2015-05-06,gebe+travma,gebe×1 | travma×5 | TCK 87/88,YARGITAY KARARI,MAHKEMESİ: ANKARA 3. ASLİYE TİCARET MAHKEMESİ TARİHİ: 24/09/2014 NUMARASI: 2014/1427-2014/572 Taraflar arasında görülen davada Ankara 3. Asliye Ticaret Mahkemesi’nce verilen 24/09/2014 tarih ve 2014/1427-2014/572 sayılı kararın Yargıtayca incelenmesi davalı vekili tarafından istenmiş ve temyiz dilek
1150,11.5,Danıştay,10,7743,2022,7321,2024-12-27,gebe+travma,gebe×1 | travma×3 | illiyet×1 | TCK 87/88,DANIŞTAY KARARI,"T.C. D A N I Ş T A Y ONUNCU DAİRE Esas No : 2022/7743 KararNo : 2024/7321 DAVACI: ... VEKİLİ: Av. ... DAVALI: ... Bakanlığı / ANKARA VEKİLİ: Hukuk Müşaviri Av. ... DAVANIN_KONUSU: 27/03/2002 tarih ve 24708 sayılı Resmî Gazete’de yayımlanan Özel Hastaneler Yönetmeliği'nin, 06/10/2022 tarih ve 31975 s"
1151,11.5,Yargıtay,9,8498,2023,7417,2023-11-08,gebe+travma,gebe×1 | travma×5 | TCK 87/88,YARGITAY KARARI,"MAHKEMESİ:Ağır Ceza Mahkemesi SAYISI: 2022/427 E., 2022/416 K. SUÇ: Cinsel saldırı HÜKÜM: Mahkûmiyet TEBLİĞNAME GÖRÜŞÜ: Onama Sanık hakkında bozma üzerine kurulan hükmün; karar tarihi itibarıyla 6723 sayılı Kanun’un 33 üncü maddesiyle değişik 5320 sayılı Kanun’un 8 inci maddesi gereği yürürlükte bul"
1152,11.4,Danıştay,10,6740,2022,7346,2024-12-27,gebe+travma,gebe×2 | travma×2 | illiyet×1 | TCK 87/88,DANIŞTAY KARARI,"T.C. D A N I Ş T A Y ONUNCU DAİRE Esas No : 2022/6740 KararNo : 2024/7346 DAVACI: ... VEKİLİ: Av. ... DAVALI: ... Bakanlığı / ANKARA VEKİLİ: Hukuk Müşaviri Av. ... DAVANIN_KONUSU : 27/03/2002 tarih ve 24708 sayılı Resmî Gazete’de yayımlanan Özel Hastaneler Yönetmeliği'nin, 06/10/2022 tarih ve 31975 "
1153,11.4,Danıştay,10,1080,2023,7514,2024-12-30,gebe+travma,gebe×2 | travma×2 | illiyet×1 | TCK 87/88,DANIŞTAY KARARI,T.C. D A N I Ş T A Y ONUNCU DAİRE Esas No : 2023/1080 KararNo : 2024/7514 DAVACI: ... VEKİLİ: Av. ... DAVALI: ... Bakanlığı / ANKARA VEKİLİ: Huk. Müş. Av. ... DAVANIN KONUSU: 15/02/2008 tarih ve 26788 sayılı Resmî Gazete’de yayımlanan Ayakta Teşhis ve Tedavi Yapılan Özel Sağlık Kuruluşları Hakkında 
1154,11.4,Danıştay,10,8912,2022,7489,2024-12-30,gebe+travma,gebe×2 | travma×2 | illiyet×1 | TCK 87/88,DANIŞTAY KARARI,"T.C. D A N I Ş T A Y ONUNCU DAİRE Esas No : 2022/8912 KararNo : 2024/7489 DAVACI:... VEKİLİ: Av. ... DAVALI: ... Bakanlığı / ANKARA VEKİLİ: Hukuk Müşaviri ... DAVANIN_KONUSU: 27/03/2002 tarih ve 24708 sayılı Resmî Gazete’de yayımlanan Özel Hastaneler Yönetmeliği'nin, 06/10/2022 tarih ve 31975 sayılı"
1155,11.4,Danıştay,10,919,2023,7516,2024-12-30,gebe+travma,gebe×2 | travma×2 | illiyet×1 | TCK 87/88,DANIŞTAY KARARI,T.C. D A N I Ş T A Y ONUNCU DAİRE Esas No : 2023/919 KararNo : 2024/7516 DAVACI: ... VEKİLİ: Av. ... DAVALI: ... Bakanlığı / ANKARA VEKİLİ: Hukuk Müşaviri Av. ... DAVANIN KONUSU: 15/02/2008 tarih ve 26788 sayılı Resmî Gazete’de yayımlanan Ayakta Teşhis ve Tedavi Yapılan Özel Sağlık Kuruluşları Hakkı
1156,11.4,Danıştay,10,6819,2022,7348,2024-12-27,gebe+travma,gebe×2 | travma×2 | illiyet×1 | TCK 87/88,DANIŞTAY KARARI,"T.C. D A N I Ş T A Y ONUNCU DAİRE Esas No : 2022/6819 KararNo : 2024/7348 DAVACI: ... VEKİLİ: Av. ... DAVALI: ... Bakanlığı / ANKARA VEKİLİ: Hukuk Müşaviri Av. ... DAVANIN_KONUSU: 27/03/2002 tarih ve 24708 sayılı Resmî Gazete’de yayımlanan Özel Hastaneler Yönetmeliği'nin, 06/10/2022 tarih ve 31975 s"
1157,11.4,Danıştay,10,6797,2022,7347,2024-12-27,gebe+travma,gebe×2 | travma×2 | illiyet×1 | TCK 87/88,DANIŞTAY KARARI,"T.C. D A N I Ş T A Y ONUNCU DAİRE Esas No : 2022/6797 KararNo : 2024/7347 DAVACI: ... VEKİLİ: Av. ... DAVALI: ... Bakanlığı / ANKARA VEKİLİ: Hukuk Müşaviri Av. ... DAVANIN_KONUSU: 27/03/2002 tarih ve 24708 sayılı Resmî Gazete’de yayımlanan Özel Hastaneler Yönetmeliği'nin, 06/10/2022 tarih ve 31975 s"
1158,11.4,Danıştay,10,8003,2022,7352,2024-12-27,gebe+travma,gebe×2 | travma×2 | illiyet×1 | TCK 87/88,DANIŞTAY KARARI,"T.C. D A N I Ş T A Y ONUNCU DAİRE Esas No : 2022/8003 KararNo : 2024/7352 DAVACI: ... VEKİLİ: Av. ... DAVALI: ... Bakanlığı / ANKARA VEKİLİ: Hukuk Müşaviri Av. ... DAVANIN_KONUSU: 27/03/2002 tarih ve 24708 sayılı Resmî Gazete’de yayımlanan Özel Hastaneler Yönetmeliği'nin, 06/10/2022 tarih ve 31975 s"
1159,11.4,Danıştay,10,1073,2023,7513,2024-12-30,gebe+travma,gebe×2 | travma×2 | illiyet×1 | TCK 87/88,DANIŞTAY KARARI,T.C. D A N I Ş T A Y ONUNCU DAİRE Esas No : 2023/1073 KararNo : 2024/7513 DAVACI: ... VEKİLİ: Av. ... DAVALI: ... Bakanlığı / ANKARA VEKİLİ: Hukuk Müşaviri ... DAVANIN KONUSU: 15/02/2008 tarih ve 26788 sayılı Resmî Gazete’de yayımlanan Ayakta Teşhis ve Tedavi Yapılan Özel Sağlık Kuruluşları Hakkında
1160,11.3,Yargıtay,3,3160,2021,10579,2021-12-07,gebe+illiyet,gebe×1 | travma×24 | illiyet×4,YARGITAY KARARI,"İNCELENEN KARARIN; Mahkemesi :Ceza Dairesi İlk Derece Mahkemesi :... 29. Ağır Ceza Mahkemesinin 18.04.2019 tarih ve 2017/328 - 2019/113 sayılı kararı Katılanlar : TBMM Başkanlığı, T.C. Cumhurbaşkanlığı, T.C. Cumhurbaşkanı ... Suç: Anayasal düzeni ortadan kaldırmaya teşebbüs etme, Türkiye Büyük Mille"
1161,11.3,Yargıtay,6,5217,2025,8782,2025-10-21,gebe+illiyet,gebe×1 | travma×10 | illiyet×4,YAĞMA SUÇU - SANIĞIN AYNI EYLEMİ İŞLEMEYE YÖNELDİĞİNİ BİLEREK BU YÖNDE BİR İRADE ORTAYA KOYDUĞUNA DAİR YETERLİ DELİL BULUNMADAN SANIĞIN NİTELİKLİ YAĞMA SUÇUNDAN CEZALANDIRILMASINA KARAR VERİLMESİNİN H,"(5237 S. K. m. 30, 35, 37, 38, 39, 40) (5271 S. K. m. 302, 304) &nbsp; Yapılan ön inceleme neticesinde; sanıklar hakkında kurulan hükümlerin temyiz edilebilir olduğu, temyiz edenlerin hükmü temyize hak ve yetkisinin bulunduğu, temyiz istemlerinin süresinde olduğu, temyiz dilekçelerinde temyiz sebepl"
1162,11.3,Anayasa,2,18372,2015,,2019-01-09,gebe+illiyet,gebe×1 | travma×8 | illiyet×5,ANAYASA MAHKEMESİNİN 9/1/2019 TARİHLİ VE 2015/18372 SAYILI KARARI (BİREYSEL BAŞVURU),"(2709 S. K. m. 17) (6216 S. K. m. 48) (Anayasa Mahkemesi İçtüzüğü m. 80) (ANY. MAH. 18.09.2013 T. 2012/969 E.) (ANY. MAH. 17.09.2013 T. 2012/752 E.) (ANY. MAH. 23.01.2014 T. 2013/841 E.) &nbsp; *** İncelemekte olduğunuz karar Resmi Gazete&rsquo;de yayımlanmamış olup kararlarbilgibankasi.anayasa.gov."
1163,11.3,Yargıtay,CG,1183,2015,182,2017-03-21,gebe+illiyet,gebe×1 | travma×6 | illiyet×6,YARGITAY KARARI,"Kararı veren Yargıtay Dairesi: 11. Ceza Dairesi Mahkemesi:Ağır Ceza Günü: 01.07.2010 Sayısı: 216-135 Kamu görevlisinin resmi belgede sahteciliği suçundan sanık ...'ın TCK’nun 204/2, 62 ve 53; bu suça azmettirmeden sanık ...'ün TCK’nun 38/1. maddesi delaletiyle 204/2, 62 ve 53. maddeleri uyarınca 2 y"
1164,11.3,Yargıtay,CG,101,2022,693,2022-11-03,gebe+travma,gebe×1 | travma×48 | illiyet×4,YARGITAY KARARI,"Yargıtay Dairesi: 9. Ceza Dairesi Çocuğun nitelikli cinsel istismarı suçundan sanık ...'ün TCK’nın 103/1-a maddesi delaletiyle 103/2, 103/3-d, 62, 53 ve 63. maddeleri uyarınca 22 yıl 6 ay hapis cezasıyla cezalandırılmasına, hak yoksunluğuna ve mahsuba ilişkin ... 15. Ağır Ceza Mahkemesince verilen 1"
1165,11.2,Yargıtay,HG,1467,2017,1653,2021-12-09,gebe+illiyet,gebe×2 | travma×3 | illiyet×7,YARGITAY KARARI,"MAHKEMESİ:Asliye Hukuk Mahkemesi 1. Taraflar arasındaki “maddi tazminat” davasından dolayı yapılan yargılama sonunda Kars 1. Asliye Hukuk Mahkemesince verilen davanın kabulüne ilişkin karar, davalı vekilinin temyizi üzerine Yargıtay 4. Hukuk Dairesince yapılan inceleme sonunda bozulmuş, Mahkemece Öz"
1166,11.2,A.İ.H.M.,A.İ.H.M.,37283,2013,,2019-09-10,gebe+travma,gebe×4 | travma×2 | TCK 87/88,STRAND LOBBEN VE DİĞERLERİ - NORVEÇ KARARI,"(AİHS m. 8, 41) (OLSSON - İSVEÇ DAVASI (NO. 1)) (KUTZNER - ALMANYA DAVASI) (W. - BİRLEŞİK KRALLIK DAVASI) &nbsp; (B. No. 37283/13) &nbsp; BÜYÜK DAİRE &nbsp; 10/09/2019 &nbsp; I - OLAYLAR VE OLGULAR &nbsp; Başvuru, Norveç vatandaşı beş kişi tarafından yapılmıştır. Birinci başvuran T. Strand Lobben, i"
1167,11.2,Yargıtay,3,13459,2015,27052,2015-10-05,gebe+illiyet,gebe×8 | travma×6 | illiyet×3,YARGITAY KARARI,"Tebliğname No: 4 - 2014/94314 MAHKEMESİ : Malatya 1. Asliye Ceza Mahkemesi TARİHİ: 28/01/2014 NUMARASI: 2013/342 (E) ve 2014/46 (K) Mahalli mahkemece verilen hüküm temyiz edilmekle evrak okunarak; Gereği görüşülüp düşünüldü; 1) Sanık hakkında, silahla tehdit ve müşteki Hatice'yi basit kasten yaralam"
1168,11.2,Yargıtay,13,34752,2014,36095,2015-12-10,gebe+illiyet,gebe×2 | travma×1 | illiyet×8,YARGITAY KARARI,"MAHKEMESİ:Asliye Hukuk Mahkemesi Taraflar arasındaki tazminat davasının yapılan yargılaması sonunda ilamda yazılı nedenlerden dolayı davanın reddine yönelik olarak verilen hükmün süresi içinde davacılar avukatınca temyiz edilmesi üzerine dosya incelendi gereği konuşulup düşünüldü. KARAR Davacılar, m"
1169,11,Yargıtay,CG,256,2021,672,2022-10-26,gebe+travma,gebe×24 | travma×24,YARGITAY KARARI,"Yargıtay Dairesi : (Kapatılan) 14. Ceza Dairesi Reşit olmayanla cinsel ilişki suçundan suça sürüklenen çocuk ...’ün TCK'nın 104/1, 43/1 31/3 ve 62. maddeleri uyarınca 1 yıl 4 ay 20 gün hapis cezası ile cezalandırılmasına ilişkin ... 2. Çocuk Mahkemesince verilen 13.10.2015 tarihli ve 173-469 sayılı "
1170,11,Yargıtay,3,5266,2023,182,2024-01-16,gebe+illiyet,gebe×43 | travma×2 | illiyet×4,YARGITAY KARARI,"MAHKEMESİ:Tüketici Mahkemesi SAYISI: 2020/190 E., 2022/133 K. Taraflar arasındaki maddi ve manevi tazminat davasından dolayı yapılan yargılama sonunda, Mahkemece bozmaya uyularak davanın reddine karar verilmiştir. Kararın davacılar vekili tarafından temyiz edilmesi üzerine, Dairece Mahkeme kararının"
1171,11,Yargıtay,CG,396,2020,454,2021-10-07,gebe+travma,gebe×25 | travma×47,YARGITAY KARARI,"Yargıtay Dairesi: (Kapatılan) 14. Ceza Dairesi Beden veya ruh sağlığını bozacak şekilde çocuğun nitelikli cinsel istismarı suçundan sanık ...'in TCK'nın 103/2, 103/3, 103/6, 62, 53 ve 63. maddeleri uyarınca 12 yıl 6 ay hapis cezası ile cezalandırılmasına, mahsuba ve hak yoksunluğuna ilişkin ... 8. A"
1172,11,Yargıtay,3,5015,2022,691,2023-03-21,gebe+illiyet,gebe×38 | travma×2 | illiyet×4,YARGITAY KARARI,"MAHKEMESİ:Tüketici Mahkemesi SAYISI: 2020/190 E., 2022/133 K. KARAR: Davanın reddi Taraflar arasındaki maddi ve manevi tazminat davasından dolayı yapılan yargılama sonunda, Mahkemece bozmaya uyularak davanın reddine karar verilmiştir. Mahkeme kararı davacılar vekili tarafından duruşma istemli olarak"
1173,11,Danıştay,10,6133,2019,6464,2019-10-09,gebe+travma,gebe×66 | travma×6 | illiyet×2,TAZMİNAT DAVASI - KİŞİLİK KAZANAMAYAN VE HAK EHLİYETİ DE BULUNMAYAN CENİNİN İLERİDE DAVACILARA DESTEK OLACAĞININ DÜŞÜNÜLMESİNE HUKUKEN İMKAN BULUNMADIĞI - TEMYİZ İSTEMİNİN KISMEN KABUL EDİLMESİ,"(2709 S. K. m. 125) (6100 S. K. m. 335) (2577 S. K. m. 49) (4721 S. K. m. 8, 28) (6098 S. K. m. 53) &nbsp; İstemin Konusu: Van 3. İdare Mahkemesinin 09/05/2014 tarih ve E:2013/119, K:2014/748 sayılı kararının temyizen incelenerek bozulması istenilmektedir. &nbsp; Yargılama Süreci: &nbsp; Dava Konusu"
1174,11,Danıştay,10,6867,2019,5992,2021-12-01,gebe+illiyet,gebe×68 | travma×2 | illiyet×4,DANIŞTAY KARARI,"T.C. D A N I Ş T A Y ONUNCU DAİRE Esas No : 2019/6867 KararNo : 2021/5992 TEMYİZ EDEN (DAVACILAR): ...ve ...adlarına velayeten, kendi adlarına asaleten ..., ... VEKİLİ: Av. ... KARŞI TARAF (DAVALI): ...Bakanlığı VEKİLİ: Av. ... İSTEMİN_KONUSU: .... İdare Mahkemesinin ...tarih ve E:..., K:...sayılı k"
1175,11,Danıştay,10,43,2022,2477,2025-05-08,gebe+illiyet,gebe×33 | travma×2 | illiyet×4,DANIŞTAY KARARI,T.C. D A N I Ş T A Y ONUNCU DAİRE Esas No : 2022/43 KararNo : 2025/2477 TEMYİZ EDEN (DAVACILAR): Kendi adlarına asaleten ... ve ... adına velayeten ... ve ... VEKİLİ: Av. ... KARŞI TARAF (DAVALI): ... Bakanlığı / ANKARA VEKİLİ: Av. ... MÜDAHİL(DAVALI YANINDA): ... İSTEMİN_KONUSU: ... Bölge İdare Mah
1176,11,Yargıtay,12,21402,2012,16968,2012-07-05,gebe+illiyet,gebe×31 | travma×2 | illiyet×4,TAKSİRLE ÖLDÜRME SUÇU - DOĞUM SONRASI ÖLEN ANNE VE BEBEĞİNİN ÖLÜMÜNDE SANIĞIN KUSURLU DAVRANIŞLARININ ETKİ DERECESİNİN VE HER İKİSİNİN ÖLÜM NEDENLERİNİN AÇIKLANAMADIĞI - HÜKMÜN BOZULMASI,"(1219 S. K. m. 75) Dava: Taksirle öldürme suçundan sanığın beraatine ilişkin hüküm katılan vekili tarafından temyiz edilmekle, dosya incelenerek gereği düşünüldü: Karar: Ölenin 20.3.2001 günü doğum yapmak üzere gittiği özel bir doğum evinde doğum takibi sırasında rahatsızlandığı, kasılmalarının oldu"
1177,11,Yargıtay,CG,420,2020,277,2021-06-15,gebe+travma,gebe×88 | travma×174,YARGITAY KARARI,"Nitelikli cinsel saldırı suçundan sanık ...'in TCK'nın 102/2, 62, 53 ve 63. maddeleri uyarınca iki kez 11 yıl 8 ay hapis cezaları ile cezalandırılmasına, hak yoksunluğuna ve mahsuba ilişkin İstanbul 4. Ağır Ceza Mahkemesince verilen 01.10.2019 tarihli ve 462-385 sayılı hükümlerin katılan mağdureler "
1178,11,Yargıtay,CG,135,2023,231,2023-04-25,gebe+travma,gebe×25 | travma×46,YARGITAY KARARI,"İtirazname No: 2020/27127 YARGITAY DAİRESİ : 9. Ceza Dairesi MAHKEMESİ :Ağır Ceza SAYISI : 154-325 I. HUKUKÎ SÜREÇ Beden veya ruh sağlığını bozacak şekilde çocuğun nitelikli cinsel istismarı suçundan suça sürüklenen çocuk ...'ın 5237 sayılı Türk Ceza Kanunu'nun 103/1-a maddesi delaletiyle 103/2, 103"
1179,11,Yargıtay,12,15793,2013,11405,2014-05-09,gebe+illiyet,gebe×25 | travma×4 | illiyet×3,YARGITAY KARARI,"Tebliğname no: 12 - 2012/170429 Mahkemesi : Samsun 5. Asliye Ceza Mahkemesi Tarihi: 16/05/2012 Numarası: 2010/429 -2012/722 Suç: Taksirle Öldürme Taksirle öldürme suçundan sanıkların beraatlerine ilişkin hükümler, katılanlar vekili tarafından temyiz edilmekle, dosya incelenerek gereği düşünüldü: Ola"
1180,11,Yargıtay,3,5602,2023,4379,2024-12-17,gebe+illiyet,gebe×25 | travma×2 | illiyet×4,YARGITAY KARARI,"MAHKEMESİ: İstanbul Bölge Adliye Mahkemesi 19. Hukuk Dairesi SAYISI: 2023/1586 E., 2023/1851 K. İLK DERECE MAHKEMESİ: İstanbul 18. Asliye Hukuk Mahkemesi SAYISI: 2013/50 E., 2021/139 K. Taraflar arasındaki maddi manevi tazminat (vekilin özen yükümlülüğüne aykırı davranmasından kaynaklanan) davasında"
1181,11,Yargıtay,CG,114,2023,208,2023-04-05,gebe+travma,gebe×16 | travma×53,YARGITAY KARARI,"İtirazname No: 2022/95227 YARGITAY DAİRESİ : 9. Ceza Dairesi MAHKEMESİ :Ceza Dairesi SAYISI: 378-737 I. HUKUKÎ SÜREÇ Sanık ...’in çocuğun nitelikli cinsel istismarı suçundan 5237 sayılı Türk Ceza Kanunu'nun 103/2-1. cümle, 53, 63 ve 54/1. maddeleri uyarınca 16 yıl, kişiyi hürriyetinden yoksun kılma "
1182,11,Yargıtay,3,500,2025,4016,2025-09-11,gebe+illiyet,gebe×28 | travma×2 | illiyet×4,YARGITAY KARARI,"MAHKEMESİ:Tüketici Mahkemesi SAYISI: 2021/693 E., 2023/90 K. Mahkemece bozmaya uyularak verilen karar, davacılar vekili tarafından temyiz edilmekle; kesinlik, süre, temyiz şartı ve diğer usul eksiklikleri yönünden yapılan ön inceleme sonucunda, temyiz dilekçesinin kabulüne karar verildikten ve Tetki"
1183,11,Danıştay,10,6278,2020,3138,2022-06-08,gebe+illiyet,gebe×46 | travma×2 | illiyet×4,DANIŞTAY KARARI,"T.C. D A N I Ş T A Y ONUNCU DAİRE Esas No: 2020/6278 KararNo: 2022/3138 TEMYİZ EDEN (DAVACI): ... 'a velayeten ... ve ... VEKİLİ: Av. ... KARŞI TARAF (DAVALI): ... Bakanlığı MÜDAHİL (DAVALI YANINDA): ... VEKİLİ : Av. ... İSTEMİN_KONUSU: ... İdare Mahkemesinin ... tarih ve E:..., K:... sayılı kararın"
1184,10.9,Danıştay,10,6727,2022,7345,2024-12-27,gebe+travma,gebe×1 | travma×2 | illiyet×1 | TCK 87/88,DANIŞTAY KARARI,"T.C. D A N I Ş T A Y ONUNCU DAİRE Esas No : 2022/6727 KararNo : 2024/7345 DAVACILAR: 1- ... 2- ... VEKİLİ: Av. ... DAVALI: ... Bakanlığı / ANKARA VEKİLİ: Hukuk Müşaviri Av. ... DAVANIN_KONUSU: 27/03/2002 tarih ve 24708 sayılı Resmî Gazete’de yayımlanan Özel Hastaneler Yönetmeliği'nin, 06/10/2022 tar"
1185,10.9,Danıştay,10,7296,2022,7351,2024-12-27,gebe+travma,gebe×1 | travma×2 | illiyet×1 | TCK 87/88,DANIŞTAY KARARI,"T.C. D A N I Ş T A Y ONUNCU DAİRE Esas No : 2022/7296 KararNo : 2024/7351 DAVACI: ... VEKİLİ: Av. ... DAVALI: ... Bakanlığı / ANKARA VEKİLİ: Hukuk Müşaviri Av. ... DAVANIN_KONUSU: 27/03/2002 tarih ve 24708 sayılı Resmî Gazete’de yayımlanan Özel Hastaneler Yönetmeliği'nin, 06/10/2022 tarih ve 31975 s"
1186,10.9,Danıştay,10,6668,2022,7344,2024-12-27,gebe+travma,gebe×1 | travma×2 | illiyet×1 | TCK 87/88,DANIŞTAY KARARI,"T.C. D A N I Ş T A Y ONUNCU DAİRE Esas No : 2022/6668 KararNo : 2024/7344 DAVACI: ... VEKİLİ: Av. ... DAVALI: ... Bakanlığı / ANKARA VEKİLİ: Hukuk Müşaviri Av. ... DAVANIN_KONUSU: 27/03/2002 tarih ve 24708 sayılı Resmî Gazete’de yayımlanan Özel Hastaneler Yönetmeliği'nin, 06/10/2022 tarih ve 31975 s"
1187,10.9,Danıştay,10,7281,2022,7350,2024-12-27,gebe+travma,gebe×1 | travma×2 | illiyet×1 | TCK 87/88,DANIŞTAY KARARI,"T.C. D A N I Ş T A Y ONUNCU DAİRE Esas No : 2022/7281 KararNo : 2024/7350 DAVACI: ... VEKİLİ: Av. ... DAVALI: ... Bakanlığı / ANKARA VEKİLİ: Hukuk Müşaviri Av. ... DAVANIN_KONUSU: 27/03/2002 tarih ve 24708 sayılı Resmî Gazete’de yayımlanan Özel Hastaneler Yönetmeliği'nin, 06/10/2022 tarih ve 31975 s"
1188,10.9,Danıştay,10,6745,2022,7409,2024-12-27,gebe+travma,gebe×1 | travma×2 | illiyet×1 | TCK 87/88,DANIŞTAY KARARI,"T.C. D A N I Ş T A Y ONUNCU DAİRE Esas No : 2022/6745 KararNo : 2024/7409 DAVACI: ... VEKİLİ: Av. ... DAVALI: ... Bakanlığı / ANKARA VEKİLİ: Hukuk Müşaviri Av. ... DAVANIN_KONUSU: 27/03/2002 tarih ve 24708 sayılı Resmî Gazete’de yayımlanan Özel Hastaneler Yönetmeliği'nin, 06/10/2022 tarih ve 31975 s"
1189,10.9,Danıştay,10,7106,2022,7349,2024-12-27,gebe+travma,gebe×1 | travma×2 | illiyet×1 | TCK 87/88,DANIŞTAY KARARI,"T.C. D A N I Ş T A Y ONUNCU DAİRE Esas No : 2022/7106 KararNo : 2024/7349 DAVACI: ... VEKİLİ: Av. ... DAVALI: ... Bakanlığı / ANKARA VEKİLİ: Hukuk Müşaviri Av. ... DAVANIN_KONUSU: 27/03/2002 tarih ve 24708 sayılı Resmî Gazete’de yayımlanan Özel Hastaneler Yönetmeliği'nin, 06/10/2022 tarih ve 31975 s"
1190,10.8,Yargıtay,13,39795,2015,4144,2017-04-06,gebe+illiyet,gebe×6 | travma×1 | illiyet×6,YARGITAY KARARI,"MAHKEMESİ:Ticaret Mahkemesi Taraflar arasındaki alacak davasının yapılan yargılaması sonunda ilamda yazılı nedenlerden dolayı davanın kısmen kabulüne kısmen reddine yönelik olarak verilen hükmün davacı avukatınca duruşmalı, davalı avukatınca duruşmasız olarak temyiz edilmesi üzerine ilgililere çağrı"
1191,10.8,Yargıtay,1,3585,2013,5488,2013-10-03,gebe+travma,gebe×2 | travma×3 | TCK 87/88,YARGITAY KARARI,"MAHKEMESİ :Ağır Ceza Mahkemesi SUÇ: Beden veya ruh bakımından kendisini savunamayacak durumdaki yeni doğmuş bebeğini öldürme HÜKÜM: 5237 sayılı TCK.nun 82/1-d-e, 62, 53. maddeleri uyarınca müebbet hapis cezası ile cezalandırılmasına. TÜRK MİLLETİ ADINA Toplanan deliller karar yerinde incelenip, sanı"
1192,10.8,Yargıtay,CG,6-68,2011,74,2011-05-03,gebe+travma,gebe×2 | travma×3 | TCK 87/88,NİTELİKLİ YAĞMA SUÇU - SANIĞIN ŞİKAYETÇİNİN BOYNUNDAKİ KOLYEYİ TEK ELİYLE SERT BİR ŞEKİLDE ÇEKİP ALMAK ŞEKLİNDE GERÇEKLEŞEN EYLEMİNİN NİTELİKLİ HIRSIZLIK SUÇUNU OLUŞTURDUĞU - SUÇ NİTELİĞİNDEKİ YANILGI,"(5237 S. K. m. 141, 142, 148, 149, 150) Dava ve Karar: Nitelikli yağma suçundan sanık K. G.'nin 5237 sayılı TCY'nın 149/1-c-h, 31/3 ve 62. maddeleri uyarınca 6 yıl 8 ay hapis cezası ile cezalandırılmasına ilişkin Diyarbakır Çocuk Ağır Ceza Mahkemesince 12.01.2010 gün ve 242-5 sayı ile verilen kararı"
1193,10.7,Yargıtay,CG,193,2019,651,2022-10-20,gebe+travma,gebe×1 | travma×112 | illiyet×1 | trafik/iş kaz,YARGITAY KARARI,"Yargıtay Dairesi : (Kapatılan) 14. Ceza Dairesi Teşebbüs aşamasında kalan nitelikli cinsel saldırı suçundan sanık ...’ın TCK'nın 102/2, 35/2, 102/5, 62, 53 ve 63. maddeleri uyarınca 8 yıl 4 ay hapis cezası ile cezalandırılmasına, hak yoksunluğuna ve mahsuba ilişkin ... 8. Ağır Ceza Mahkemesince veri"
1194,10.7,Danıştay,4,1578,2023,1478,2023-03-16,gebe+illiyet,gebe×1 | travma×5 | illiyet×6,VERGİ ZİYAI CEZALARININ KALDIRILMASI İSTEMİ - ŞİRKETİN FAALİYETİN TASARLANMASI VE EYLEME GEÇİRİLMESİNDE GÖREV ALARAK SAHTE BELGE DÜZENLEME FİİLİNE İŞTİRAK ETTİĞİ - TEMYİZ İSTEMİNİN KABULÜ - HÜKMÜN BOZ,"(213 S. K. m. 341, 344, 359, 360) (5237 S. K. m. 37, 40) &nbsp; İSTEMİN KONUSU: ... Bölge İdare Mahkemesi .... Vergi Dava Dairesinin ... tarih ve E:..., K:...sayılı kararının temyizen incelenerek bozulması istenilmektedir. &nbsp; YARGILAMA SÜRECİ: &nbsp; Dava konusu istem: Davacı adına, .. Metal Dem"
1195,10.7,Danıştay,15,11764,2013,3886,2018-04-19,gebe+travma,gebe×1 | travma×5 | illiyet×6,TAZMİNAT İSTEMİ - SAĞLIK HİZMETİNİN GEREKTİĞİ GİBİ YÜRÜTÜLMEDİĞİ YÖNÜNDE ENDİŞE VE ÜZÜNTÜYE YOL AÇTIĞI - DAVACILARIN ACI VE ÜZÜNTÜLERİNİN KISMEN DE OLSA HAFİFLETİLMESİ AMACIYLA MANEVİ TAZMİNAT TALEPLE,"(2709 S. K. m. 125) (Yataklı Sağlık Tesislerinde Acil Servis Hizmetlerinin Uygulama Usul Ve Esasları Hakkında Tebliğ m. 14, 15) &nbsp; İstemin Özeti: Diyarbakır 3. İdare Mahkemesi&#39;nin 20/06/2013 tarih ve E:2011/4395; K:2013/517 sayılı kararının, hukuka uygun olmadığı ileri sürülerek temyizen inc"
1196,10.7,A.Y.İ.M.,1,1271,2001,922,2002-06-04,gebe+illiyet,gebe×1 | travma×6 | illiyet×3 | trafik/iş kaz,İDARENİN MAHKEME KARARINI YERİNE GETİRMEMESİ NEDENİYLE DOĞAN ZARARIN TAZMİNİ İSTEMİ - İDARİ YARGI KARARLARININ YERİNE GETİRİLMEMESİNDEN DOĞAN SORUMLULUK - MADDİ VE HUKUKİ İMKANSIZLIK DURUMU - DAVA AÇM,"(1602 S. K. m. 63) (2577 S. K. m. 28) Davacı vekili, 24.8.2001 tarihinde AYİM kayıtlarına geçen dava dilekçesinde özetle; müvekkillerinin eşi ve babası olan Tbp.Bnb .................- ....................'nün GATA KBB Anabilim Dalı Başkanlığında Yardımcı Doçent olarak görev yapmaktayken &lt;Askerlik"
1197,10.7,Yargıtay,8,5680,2016,3721,2017-04-05,gebe+travma,gebe×7 | travma×22 | illiyet×1,YARGITAY KARARI,"MAHKEMESİ :Ağır Ceza Mahkemesi SUÇ: İşkence ve hakaret HÜKÜM: Sanıklar haklarında işkence suçundan beraat ve hakaret suçundan hükümlülük Gereği görüşülüp düşünüldü: 1- İşkence suçundan sanıklar ..., ..., ... ve ... haklarında kurulan beraat hükmüne yönelik yapılan temyiz incelemesinde; İşkence, ulus"
1198,10.7,A.İ.H.M.,2,16139,2003,,2008-05-27,gebe+illiyet,gebe×1 | travma×7 | illiyet×5,TEKELİOĞLU - TÜRKİYE DAVASI,"(AİHS m. 6, 34, 35, 41, 44) (GÖÇ - TÜRKİYE DAVASI) (BRICMONT - BELÇİKA DAVASI) (GARCİA RUIZ - İSPANYA DAVASI) (KÖMÜRCÜ - TÜRKİYE DAVASI) (AYÇOBAN VE DİĞERLERİ - TÜRKİYE DAVASI) Başvuru No: 16139/03 Strazburg 27 Mayıs 2008 USUL Türkiye Cumhuriyeti aleyhine açılan 16139/03 numaralı başvurunun nedeni T"
1199,10.6,Danıştay,1,798,2017,1393,2017-07-05,gebe+illiyet,gebe×8 | travma×3 | illiyet×4,MEN-İ MUHAKEME KARARININ İNCELENMESİ - BİLDİRİM ALINDILARI İLE BİRLİKTE İTİRAZ EDİLMESİ HALİNDE İTİRAZ DİLEKÇELERİ DE EKLENEREK DAİREYE GÖNDERİLMESİ İÇİN DOSYANIN KARAR EKLİ OLARAK KOCAELİ ÜNİVERSİTES,"(2547 S. K. m. 53) (5271 S. K. m. 147, 233) &nbsp; Suçları: Darıca Farabi Devlet Hastanesindeki muayenesinde erken doğum riski nedeniyle acilen küvöz bulunan bir hastaneye gitmesi önerilen şikayetçi .....&#39;in otuz beş haftalık gebe olan eşi &hellip;..&#39;i bekletip adı geçene acil müdahalede bul"
1200,10.6,Yargıtay,3,21139,2016,8934,2018-09-24,gebe+illiyet,gebe×2 | travma×2 | illiyet×7,YARGITAY KARARI,"...... Taraflar arasındaki tazminat davasının mahkemece yapılan yargılaması sonucunda, davanın kısmen kabulüne yönelik olarak verilen hükmün, süresi içinde davalı vekili tarafından temyiz edilmesi üzerine; temyiz dilekçesinin kabulüne karar verildikten sonra, dosya içerisindeki bütün kağıtlar okunup"
1201,10.5,Yargıtay,CG,619,2019,180,2023-03-22,gebe+travma,gebe×9 | travma×39,YARGITAY KARARI,"İtirazname No: 2018/69447 YARGITAY DAİRESİ : (Kapatılan) 14. Ceza Dairesi MAHKEMESİ :Ceza Dairesi SAYISI: 2091-1248 I. HUKUKÎ SÜREÇ Çocuğun nitelikli cinsel istismarı suçundan sanık ...’ın TCK'nın 103/2, 62, 53 ve 63. maddeleri uyarınca 13 yıl 4 ay hapis cezasıyla cezalandırılmasına, hak yoksunluğun"
1202,10.4,Yargıtay,3,2305,2024,2771,2025-05-13,gebe+illiyet,gebe×37 | travma×1 | illiyet×4,YARGITAY KARARI,"MAHKEMESİ:Asliye Hukuk Mahkemesi SAYISI: 2019/550 E., 2020/296 K. Mahkemece bozmaya uyularak verilen karar, davacı vekili tarafından adli yardım talepli olarak duruşma istemli temyiz edilmekle; kesinlik, süre, temyiz şartı ve diğer usul eksiklikleri yönünden yapılan ön inceleme sonucunda, 13.05.2025"
1203,10.4,Yargıtay,3,3314,2023,1588,2024-05-08,gebe+illiyet,gebe×26 | travma×3 | illiyet×3,YARGITAY KARARI,"İNCELENEN KARARIN MAHKEMESİ: İzmir Bölge Adliye Mahkemesi 13. Hukuk Dairesi Taraflar arasındaki tazminat davasından dolayı yapılan yargılama sonunda İlk Derece Mahkemesince davanın reddine karar verilmiştir. Kararın davacılar vekili tarafından istinaf edilmesi üzerine, Bölge Adliye Mahkemesince başv"
1204,10.4,Yargıtay,13,6200,2016,9622,2017-10-17,gebe+illiyet,gebe×4 | travma×4 | illiyet×5,YARGITAY KARARI,"MAHKEMESİ:Asliye Hukuk Mahkemesi Taraflar arasındaki tazminat davasının yapılan yargılaması sonunda ilamda yazılı nedenlerden dolayı davanın reddine yönelik olarak verilen hükmün süresi içinde davacı avukatınca temyiz edilmesi üzerine dosya incelendi gereği konuşulup düşünüldü. KARAR Davacı, SLE rah"
1205,10.4,Yargıtay,12,13188,2013,6029,2014-03-11,gebe+illiyet,gebe×14 | travma×3 | illiyet×3,TAKSİRLE YARALAMA SUÇU - BİLİRKİŞİ RAPORLARI ARASINDA ÇELİŞKİ - HASTAYA ZAMANINDA GEREKLİ MÜDAHALENİN YAPILMASI HALİNDE MAĞDURUN BİR TÜPÜNÜN ALINMASININ GEREKİP GEREKMEYECEĞİ - ADİL TIP GENEL KURULUND,"(5237 S. K. m. 89) Dava: Taksirle yaralama suçundan sanığın beraatine ilişkin hüküm, katılan vekili tarafından temyiz edilmekle, dosya incelenerek gereği düşünüldü: Karar: Afyonkarahisar Özel Park Hastanesinde Kadın Hastalıkları ve Doğum Uzmanı olarak görev yapan sanığın, ilk olarak 11.10.2010 tarih"
1206,10.4,Yargıtay,3,1501,2024,2471,2025-04-29,gebe+illiyet,gebe×52 | travma×1 | illiyet×4,YARGITAY KARARI,"MAHKEMESİ: Sakarya Bölge Adliye Mahkemesi 5. Hukuk Dairesi SAYISI: 2023/1511 E., 2024/289 K. İLK DERECE MAHKEMESİ: Gebze Tüketici Mahkemesi SAYISI: 2019/182 E., 2023/510 K. Bölge Adliye Mahkemesi kararı, davacılar vekili tarafından duruşma istemli temyiz edilmekle; kesinlik, süre, temyiz şartı ve di"
1207,10.4,Yargıtay,1,1043,2023,5543,2023-09-21,gebe+illiyet,gebe×12 | travma×3 | illiyet×3,YARGITAY KARARI,"MAHKEMESİ:Ağır Ceza Mahkemesi SAYISI: 2021/467 E., 2022/34 K. SUÇ: Nitelikli kasten öldürme HÜKÜM: Beraat TEBLİĞNAME GÖRÜŞÜ: Onama Sanık hakkında kurulan hükmün; karar tarihi itibarıyla 6723 sayılı Kanun’un 33 üncü maddesiyle değişik 5320 sayılı Kanun’un 8 ... maddesi gereği yürürlükte bulunan 1412 "
1208,10.4,Yargıtay,3,2119,2025,68,2026-01-13,gebe+illiyet,gebe×42 | travma×3 | illiyet×3,YARGITAY KARARI,"MAHKEMESİ: Adana Bölge Adliye Mahkemesi 17. Hukuk Dairesi SAYISI: 2024/524 E., 2025/331 K. İLK DERECE MAHKEMESİ: Adana 1. Tüketici Mahkemesi SAYISI: 2019/700 E., 2022/110 K. Bölge Adliye Mahkemesi kararı, davacılar vekili tarafından temyiz edilmekle; kesinlik, süre, temyiz şartı ve diğer usul eksikl"
1209,10.4,Danıştay,10,1190,2019,3420,2019-04-30,gebe+illiyet,gebe×10 | travma×3 | illiyet×3,TAZMİNAT İSTEMİ - HASTANELERDE GEÇ VE YETERSİZ MÜDAHALE YAPILMASI SONUCUNDA BEBEĞİNİ KAYBEDEN DAVACI - İDARİ HİZMETİN HATALI İŞLEDİĞİ VE KAMU HİZMETİNİN GEREĞİ GİBİ EKSİKSİZ OLARAK SUNULMADIĞI - DAVAN,"(2577 S. K. m. 2, 12) &nbsp; İstemin Konusu: ... Bölge İdare Mahkemesi ... İdari Dava Dairesi&#39;nin davanın kısmen kabulüne, kısmen reddine ilişkin ... tarih ve ... sayılı kararının, davanın kabulüne ilişkin kısmının temyizen incelenerek bozulması istenilmektedir. &nbsp; Yargılama Süreci: &nbsp; D"
1210,10.4,Danıştay,10,6371,2019,6208,2020-12-14,gebe+illiyet,gebe×43 | travma×1 | illiyet×4,DANIŞTAY KARARI,"T.C. D A N I Ş T A Y ONUNCU DAİRE Esas No : 2019/6371 Karar No : 2020/6208 TEMYİZ EDEN (DAVACILAR) : 1- … 2- … VEKİLLERİ: Av. … KARŞI TARAF (DAVALI) : … Bakanlığı VEKİLİ : Av. … İSTEMİN_KONUSU : ... İdare Mahkemesinin … tarih ve E:…, K:… sayılı kararının temyizen incelenerek bozulması istenilmektedi"
1211,10.4,Yargıtay,12,2547,2016,7366,2017-10-11,gebe+illiyet,gebe×11 | travma×3 | illiyet×3,YARGITAY KARARI,"Mahkemesi:Asliye Ceza Mahkemesi Suç: Görevi kötüye kullanma Hüküm : Beraat Görevi kötüye kullanma suçundan sanığın beraatine ilişkin hüküm, katılan vekili tarafından temyiz edilmekle, dosya incelenerek gereği düşünüldü: Katılan vekilinin, sair temyiz itirazlarının reddine, ancak; Katılanın olay tari"
1212,10.4,Danıştay,1,654,2018,628,2018-04-19,gebe+illiyet,gebe×17 | travma×3 | illiyet×3,MENİ MUHAKEME DAVASI - HEKİMLERİN KİMLER OLDUĞU HUSUSLARINI AÇIKLIĞA KAVUŞTURMAK AMACIYLA ANTALYA CUMHURİYET BAŞSAVCILIĞI VASITASIYLA ADLİ TIP KURUMUNDAN RAPOR TEMİN EDİLMESİ GEREKTİĞİ - KARARIN BOZUL,"(2547 S. K. m. 53) (2659 S. K. m. 2, 15, 31) &nbsp; Akdeniz Üniversitesi Rektörlüğünün 8.3.2018 tarih ve E.8352 sayılı yazısı ekinde gönderilen soruşturma dosyası ile yukarıda belirtilen Kurul kararı ve bu karara yapılan itiraz, Tetkik Hakimi ........&#39;nin açıklamaları dinlenildikten sonra, 2547 "
1213,10.4,Yargıtay,4,14805,2022,6431,2023-05-15,gebe+illiyet,gebe×12 | travma×3 | illiyet×3,YARGITAY KARARI,"MAHKEMESİ: Bursa Bölge Adliye Mahkemesi 13. Hukuk Dairesi SAYISI: 2022/784 E., 2022/1174 K. HÜKÜM/KARAR: Yargı Yolu Nedeniyle Dava Dilekçesinin Reddi/Esastan Ret İLK DERECE MAHKEMESİ: Bursa 8. Asliye Hukuk Mahkemesi SAYISI: 2021/191 E., 2022/33 K. Taraflar arasındaki haksız fiilden kaynaklanan maddi"
1214,10.2,Yargıtay,CG,269,2019,745,2022-11-29,gebe+travma,gebe×6 | travma×66 | illiyet×1,YARGITAY KARARI,"Mahkemesi:Ağır Ceza Sanık ... hakkında çocuğun basit cinsel istismarı suçundan TCK’nın 103/1-b , 103/3, 62, 53 ve 63. maddeleri uyarınca 10 yıl hapis; kişiyi hürriyetinden yoksun kılma suçundan ise aynı Kanun’un 109/2, 109/3-f, 109/5, 62, 53 ve 63. maddeleri uyarınca 5 yıl hapis; cezalarıyla cezalan"
1215,10.2,Yargıtay,CG,207,2020,468,2021-10-12,gebe+travma,gebe×6 | travma×16 | illiyet×1,YARGITAY KARARI,"Çocuğun nitelikli cinsel istismarı suçundan suça sürüklenen çocuk ...'ün TCK'nın 103/1-a maddesi delaletiyle 103/2, 103/6, 43/1, 31/3, 62. maddeleri uyarınca 9 yıl 5 ay 10 gün hapis cezası ile cezalandırılmasına ilişkin Uşak Ağır Ceza Mahkemesince verilen 27.12.2011 tarihli ve 192-569 sayılı hükmün "
1216,10.2,Yargıtay,3,4972,2023,602,2024-02-13,gebe+illiyet,gebe×6 | travma×2 | illiyet×5,YARGITAY KARARI,"MAHKEMESİ: Adana Bölge Adliye Mahkemesi 5. Hukuk Dairesi SAYISI: 2021/989 E., 2023/1374 K. İLK DERECE MAHKEMESİ: İskenderun 3. Asliye Hukuk Mahkemesi SAYISI: 2012/232 E., 2020/457 K. Taraflar arasındaki maddi-manevi tazminat davasından dolayı yapılan yargılama sonunda İlk Derece Mahkemesince davanın"
1217,10.2,Yargıtay,3,13956,2019,22072,2019-12-03,gebe+travma,gebe×2 | travma×2 | TCK 87/88,YARGITAY KARARI,"MAHKEMESİ :Asliye Ceza Mahkemesi SUÇ: Kasten yaralama HÜKÜM: Mahkumiyete dair Mahalli mahkemece verilen hüküm temyiz edilmekle evrak okunarak; Gereği görüşülüp düşünüldü: 1)Müşteki ... hakkında tanzim edilen Kars Adli Tıp Şube Müdürlüğünün 28.01.2014 tarihli adli raporunda; “müştekinin 16.01.2014 ta"
1218,10.1,Yargıtay,18,542,2017,7739,2017-06-14,gebe+illiyet,gebe×1 | travma×18 | illiyet×3,YARGITAY KARARI,"KARAR Yerel Mahkemece verilen hüküm temyiz edilmekle, başvurunun süresi, kararın niteliği ile suç tarihine göre dosya görüşüldü: Vicdani kanının oluştuğu duruşma sürecini yansıtan tutanaklar, belgeler ve gerekçe içeriğine göre yapılan incelemede; Zonguldak Cumhuriyet Başsavcılığı 09/01/2013 tarih, 2"
1219,10.1,Yargıtay,12,3125,2013,22224,2013-10-02,gebe+travma,gebe×1 | travma×6 | künt/batın,YARGITAY KARARI,"Mahkemesi:Asliye Ceza Mahkemesi Suç: Taksirle yaralama Hüküm: TCK’nın 89/1-e, 89/4, 62/1, 50/1-a, 52/2-4.maddeleri uyarınca mahkumiyet Taksirle yaralama suçundan sanığın mahkumiyetine ilişkin hüküm, sanık müdafii tarafından temyiz edilmekle, dosya incelenerek gereği düşünüldü: Yapılan yargılamaya, t"
1220,10.1,A.Y.İ.M.,2,1517,1994,653,1996-07-10,gebe+illiyet,gebe×1 | travma×6 | illiyet×5,TAM YARGI DAVASI - ERZİNCAN DEPREMİNDE BİRLİĞİYLE BİRLİKTE ENKAZ KALDIRMA İŞİNDE ÇALIŞTIRILAN PERSONEL - DAVACININ SAKAT KALMASININ HİZMET SIRASINDA VE HİZMET NEDENİYLE OLUP OLMADIĞI - ZARARLA EYLEM A,"(2709 S. K. m. 125) Davacının vekili tarafından verilerek 24 Haziran 1994 günü kayda geçen dava ile davalı idarenin savunması üzerine verilen ikinci dilek çelerde ve duruşmada özetle; davacının sağlam olarak askere sevk edildiğini, Erzincan 59 ncu Topçu Er Eğitim Tugayı Özel Tabur 1 nci Mu habere Bö"
1221,10,Yargıtay,12,5135,2020,5083,2023-11-16,gebe+travma,gebe×2 | travma×16 | trafik/iş kaz,YARGITAY KARARI,"MAHKEMESİ:Asliye Ceza Mahkemesi SAYISI: 2014/31 E. 2015/51 K. SUÇ: Taksirle öldürme HÜKÜM: Mahkumiyet TEBLİĞNAME GÖRÜŞÜ : Onama Sanık hakkında kurulan hükmün; karar tarihi itibarıyla 6723 sayılı Kanun’un 33 üncü maddesiyle değişik 5320 sayılı Kanun’un 8 inci maddesi gereği yürürlükte bulunan 1412 sa"
1222,10,Yargıtay,12,2409,2023,2414,2023-07-05,gebe+travma,gebe×2 | travma×27 | trafik/iş kaz,YARGITAY KARARI,"MAHKEMESİ:Ceza Dairesi SAYISI: 2022/2179 E., 2022/2535 K. SUÇ: Taksirle öldürme HÜKÜM: İstinaf başvurularının esastan reddi kararı İlk Derece Mahkemesince verilen hükme yönelik istinaf incelemesi üzerine Bölge Adliye Mahkemesi tarafından verilen kararın; 5271 sayılı Ceza Muhakemesi Kanunu’nun (5271 "
1223,10,Yargıtay,12,1204,2020,662,2021-01-26,gebe+travma,gebe×2 | travma×14 | trafik/iş kaz,TAKSİRLE BİRDEN FAZLA KİŞİNİN YARALANMASINA NEDEN OLMA SUÇU - ŞÜPHELİNİN KUSUR DURUMUNUN TESPİTİ AMACIYLA OLUŞA UYGUN ŞEKLİNDE BİLİRKİŞİ İNCELEMESİ YAPILIP SONUCUNA GÖRE KARAR VERİLMESİ GEREKTİĞİ - HÜ,"(5271 S. K. m. 160) (5237 S. K. m. 89) &nbsp; Taksirle birden fazla kişinin yaralanmasına neden olma suçundan şüpheli ... hakkında yapılan soruşturma evresi sonunda İstanbul Anadolu Cumhuriyet Başsavcılığınca verilen 25/10/2019 tarihli ve 2019/174678 soruşturma, 2019/106271 sayılı kovuşturmaya yer o"
1224,10,Danıştay,4,6032,2021,1470,2023-03-16,gebe+illiyet,gebe×2 | travma×3 | illiyet×6,DANIŞTAY KARARI,T.C. D A N I Ş T A Y DÖRDÜNCÜ DAİRE Esas No : 2021/6032 KararNo : 2023/1470 TEMYİZ EDEN (DAVALI): ... Vergi Dairesi Başkanlığı (... Vergi Dairesi Müdürlüğü) VEKİLİ: Av. ... KARŞI TARAF (DAVACI): ... VEKİLİ: Av. ... İSTEMİN KONUSU: ... Bölge İdare Mahkemesi ... Vergi Dava Dairesinin ... tarih ve E:..
1225,10,Yargıtay,CG,377,2021,687,2021-12-28,gebe+travma,gebe×2 | travma×104 | trafik/iş kaz,YARGITAY KARARI,Yargıtay Dairesi: 9. Ceza Dairesi Beden veya ruh sağlığını bozacak şekilde nitelikli cinsel saldırı ve konut dokunulmazlığının ihlali suçlarından sanık ...’ın beraatine ilişkin ... Ağır Ceza Mahkemesince verilen 03.04.2013 tarihli ve 45-107 sayılı hükümlerin katılan mağdure tarafından temyiz edilmes
1226,9.9,Yargıtay,CG,489,2018,682,2022-11-02,gebe+travma,gebe×3 | travma×76 | illiyet×2,YARGITAY KARARI,"Kararı Veren Y Sanık ...’nin katılan mağdureye yönelik teşebbüs aşamasında kalan çocuğun nitelikli cinsel istismarı suçundan TCK’nın 103/2, 43/1, 35/2,53 ve 63. maddeleri uyarınca 15 yıl hapis cezası ile cezalandırılmasına, hak yoksunluğuna ve mahsuba ilişkin ... 3. Ağır Ceza Mahkemesince verilen 15"
1227,9.8,Yargıtay,HG,13-778,2017,329,2019-03-21,gebe+illiyet,gebe×20 | travma×2 | illiyet×3,TAZMİNAT DAVASI - YEREL MAHKEMECE DAVALILARIN ZAMANAŞIMI DEFİ YERİNDE GÖRÜLMEYEREK İŞİN ESASI HAKKINDA KARAR VERİLMESİ GEREKTİĞİ - DAVANIN REDDİNE HÜKMEDİLMESİ USUL VE YASAYA AYKIRI OLDUĞU - HÜKMÜN BO,"(6100 S. K. Geç. m. 3) (1086 S. K. m. 429) (5237 S. K. m. 89) (818 S. K. m. 60, 72) (6098 S. K. m. 61, 72, 112, 146, 147, 502) (13.HD. 13.11.2014 T. 2014/10972 E. 2014/35823 K.) (YHGK. 26.11.2014 T. 2013/13-1204 E. 2014/965 K.) &nbsp; Taraflar arasındaki &ldquo;tazminat&rdquo; davasından dolayı yapı"
1228,9.8,Yargıtay,3,1333,2023,1267,2023-05-03,gebe+illiyet,gebe×19 | travma×2 | illiyet×3,YARGITAY KARARI,"İNCELENEN KARARIN MAHKEMESİ:Tüketici Mahkemesi SAYISI: 2020/107 E., 2022/618 K. DAVALILAR: 1. Ümraniye Sağlık Tesisleri ve Tic. A.Ş. DAVA TARİHİ: 25.05.2011 KARAR: Davanın reddi KARAR DÜZELTME İSTEYEN: Davacı vekili Taraflar arasındaki tazminat davasından dolayı yapılan yargılama sonunda, Mahkemece "
1229,9.8,Yargıtay,12,19491,2012,22485,2012-10-19,gebe+illiyet,gebe×22 | travma×2 | illiyet×3,YARGITAY KARARI,"Mahkemesi:Asliye Ceza Mahkemesi Suç: Taksirle Öldürme Hüküm : Beraat Taksirle öldürme suçundan sanıkların beraatine ilişkin hüküm katılan vekili tarafından temyiz edilmekle, dosya incelenerek gereği düşünüldü: Daha önce de bir normal doğum yapan katılanın hamile olup olay günü saat 13:30 da su keses"
1230,9.8,Yargıtay,13,16340,2012,24738,2012-11-05,gebe+illiyet,gebe×17 | travma×2 | illiyet×3,YARGITAY KARARI,"MAHKEMESİ:Asliye Hukuk Mahkemesi Taraflar arasındaki tazminat davasının yapılan yargılaması sonunda ilamda yazılı nedenlerden dolayı davanın reddine yönelik olarak verilen hükmün süresi içinde davacılar avukatınca temyiz edilmesi üzerine dosya incelendi gereği konuşulup düşünüldü. KARAR Davacılar, d"
1231,9.8,Yargıtay,3,2955,2024,3054,2025-05-27,gebe+illiyet,gebe×19 | travma×2 | illiyet×3,TAZMİNAT İSTEMİ - BEBEĞİN YENİDOĞAN DÖNEMİNDEKİ YATIŞI SIRASINDA UYGUN TIBBİ MÜDAHALE VE TEDAVİLERİN UYGULANDIĞI BİLDİRİLMİŞ OLUP BİLİRKİŞİ RAPORLARININ YARGITAY TARAF VE MAHKEME DENETİMİNE AÇIK DENET,"(6100 S. K. m. 369, 370, 371) &nbsp; Bölge Adliye Mahkemesi kararı davacılar vekili tarafından temyiz edilmekle; kesinlik, süre, temyiz şartı ve diğer usul eksiklikleri yönünden yapılan ön inceleme sonucunda, temyiz dilekçesinin kabulüne karar verildikten ve Tetkik Hâkimi tarafından hazırlanan rapor"
1232,9.8,Yargıtay,12,1081,2014,26291,2014-12-22,gebe+illiyet,gebe×18 | travma×2 | illiyet×3,TAKSİRLE ÖLDÜRME SUÇU - SANIĞIN KUSURUNUN BULUNUP BULUNMADIĞINA VE ÖLÜM İLE SANIĞIN EYLEMİ ARASINDA İLLİYET BAĞI BULUNUP BULUNMADIĞINA İLİŞKİN RAPOR ALINMASINDAN SONRA HUKUKİ DURUMUNUN TAYİN VE TAKDİR,"(1412 S. K. m. 321) Dava: Taksirle öldürme suçundan sanığın beraatine ilişkin hüküm, katılan tarafından temyiz edilmekle, dosya incelenerek gereği düşünüldü; Maktül Ş.. A..'ın gebe olup, Adnan Menderes Üniversitesi (ADÜ) Tıp Fakültesi Hastesinde yapılan takiplerde fetusta boyunda kistik kitle izlend"
1233,9.8,Yargıtay,3,2753,2024,415,2025-01-21,gebe+illiyet,gebe×31 | travma×2 | illiyet×3,TAZMİNAT DAVASI - HÜKME ESAS ALINAN RAPORLARIN TARAF MAHKEME VE YARGITAY DENETİMİNE ELVERİŞLİ OLDUĞU - DAVACILARIN MADDİ VE MANEVİ TAZMİNAT İSTEMLERİNİN KOŞULLARININ OLUŞMADIĞI - HÜKMÜN ONANMASI,"(6100 S. K. m. 370) &nbsp; Bölge Adliye Mahkemesi kararı, davacılar vekili tarafından temyiz edilmekle; kesinlik, süre, temyiz şartı ve diğer usul eksiklikleri yönünden yapılan ön inceleme sonucunda, temyiz dilekçesinin kabulüne karar verildikten ve Tetkik Hâkimi tarafından hazırlanan rapor dinlendi"
1234,9.8,Yargıtay,12,12670,2016,3105,2017-04-12,gebe+travma,gebe×22 | travma×2 | illiyet×3,TAKSİRLE ÖLDÜRME SUÇU - SANIK DOKTORLARIN KATILANI DOĞUM ESNASINDA GEREKTİĞİ ŞEKİLDE İZLEYİP DEĞERLENDİRMEDİĞİ - HASTANENİN GEREKEN DONANIMA SAHİP OLDUĞU - SANIKLARIN GÖREVİ KÖTÜYE KULLANMA SUÇUNDAN M,"(5237 S. K. m. 85, 257) Taksirle öldürme suçundan sanıkların beraatlerine ilişkin hükümler, sanık ... müdafii ve katılanlar vekili tarafından temyiz edilmekle, dosya incelenerek gereği düşünüldü: Katılanlar ile katılanlar vekilinin yokluklarında verilen 01.07.2014 tarihli kararın, 7201 sayılı Teblig"
1235,9.8,Yargıtay,13,28428,2016,12940,2019-12-24,gebe+illiyet,gebe×21 | travma×2 | illiyet×3,YARGITAY KARARI,"MAHKEMESİ:Asliye Hukuk Mahkemesi Taraflar arasındaki tazminat davasının yapılan yargılaması sonunda ilamda yazılı nedenlerden dolayı davanın reddine yönelik olarak verilen hükmün süresi içinde davacılar avukatınca temyiz edilmesi üzerine dosya incelendi gereği konuşulup düşünüldü. KARAR Davacılar, b"
1236,9.8,Danıştay,10,1655,2020,270,2024-02-20,gebe+illiyet,gebe×63 | travma×2 | illiyet×3,DANIŞTAY KARARI,"T.C. D A N I Ş T A Y ONUNCU DAİRE EsasNo : 2020/1655 KararNo : 2024/270 KARARIN DÜZELTİLMESİNİ İSTEYEN (DAVACILAR): Kendi adlarına asaleten … adına velayeten …, … VEKİLİ: Av. … KARŞI TARAF (DAVALI): … Bakanlığı / ANKARA VEKİLİ: Huk. Müş. Av. … İSTEMİN_ÖZETİ: Danıştay Onuncu Dairesince verilen 27/05/"
1237,9.7,Anayasa,2,42882,2021,,2025-09-17,gebe+travma,gebe×1 | travma×2 | TCK 87/88,ANAYASA MAHKEMESİNİN 17/9/2025 TARİHLİ VE 2021/42882 SAYILI KARARI (BİREYSEL BAŞVURU) ,"(ANY. MAH. 17.07.2014 T. 2012/848 E.) (ANY. MAH. 06.10.2015 T. 2013/7812 E.) (ANY. MAH. 24.01.2018 T. 2014/15732 E.) &nbsp; &nbsp; ***İncelemekte olduğunuz karar Resmi Gazete&rsquo;de yayımlanmamış olup kararlar bilgibankasi.anayasa.gov.tr adresinden alınmıştır. &nbsp; İKİNCİ BÖLÜM &nbsp; KARAR &nbs"
1238,9.6,Yargıtay,9,8919,2023,7460,2023-11-09,gebe+travma,gebe×2 | travma×1 | TCK 87/88,YARGITAY KARARI,"MAHKEMESİ:Ceza Dairesi SAYISI: 2022/491 E., 2022/1096 K. SUÇ: Nitelikli cinsel saldırı HÜKÜM: İstinaf başvurusunun esastan reddi kararı TEBLİĞNAME GÖRÜŞÜ: Onama İlk Derece Mahkemesince verilen hükme yönelik istinaf incelemesi üzerine Bölge Adliye Mahkemesi tarafından verilen kararın; 5271 sayılı Cez"
1239,9.5,Yargıtay,HG,4-129,2010,173,2010-03-24,gebe+illiyet,gebe×1 | travma×1 | illiyet×7,MANEVİ TAZMİNAT DAVASI - AHLAKA VE ADABA AYKIRILIK NEDENİYLE GERÇEKLEŞEN HAKSIZ FİİLDEN SORUMLULUK - EYLEMDEN KAYNAKLANAN ZARARIN KAPSAMININ BELİRLENMESİ - DİRENME KARARININ İSABETSİZ OLUŞU,"(4721 S. K. m. 185) (818 S. K. m. 41, 49, 50) (YHGK 12.11.2003 T. 2003/9-685 E. 2003/690 K.) Dava: Taraflar arasındaki &lt;manevi tazminat&gt; davasından dolayı yapılan yargılama sonunda; İzmir 6. Asliye Hukuk Mahkemesince davanın reddine dair verilen 28.04.2008 gün ve 2006/386 E.-2008/161 K. sayılı"
1240,9.5,Yargıtay,2,9249,2023,7414,2024-10-15,gebe+travma,gebe×7 | travma×10,YARGITAY KARARI,"İNCELENEN KARARIN MAHKEMESİ: Antalya Bölge Adliye Mahkemesi 2. Hukuk Dairesi SAYISI: 2022/1195 E., 2023/2444 K. KARAR: Başvurunun kısmen kabulü ile yeniden esas hakkında hüküm kurma İLK DERECE MAHKEMESİ: Isparta 1. Aile Mahkemesi SAYISI: 2020/182 E., 2022/18 K. Taraflar arasındaki karşılıklı boşanma"
1241,9.4,Yargıtay,7,35971,2015,1473,2016-01-27,gebe+illiyet,gebe×2 | travma×3 | illiyet×3 | trafik/iş kaz,YARGITAY KARARI,"Mahkemesi:İş Mahkemesi Dava Türü: İşe iade Taraflar arasında görülen dava sonucunda verilen hükmün, Yargıtay'ca incelenmesi davacı vekili tarafından istenilmekle, temyiz isteğinin süresinde olduğu anlaşıldı. Dosya incelendi, gereği görüşüldü: Davacı vekili davacının ............ ... ............ nol"
1242,9.4,Yargıtay,9,11895,2023,9031,2023-12-28,gebe+illiyet,gebe×2 | travma×8 | illiyet×3,ÇOCUK DÜŞÜRTME SUÇU - ŞÜPHELİNİN MÜŞTEKİYİ DARP ETTİĞİ VE BUNUN SONUCU OLARAK HAMİLE OLAN MÜŞTEKİNİN ÇOCUĞUNU DÜŞÜRDÜĞÜ İDDİASI - ŞÜPHELİNİN MÜŞTEKİYİ DARP ETTİĞİNE DAİR ŞÜPHEDEN UZAK DELİL OLMADIĞI -,"(5271 S. K. m. 160, 170, 172, 173, 309) &nbsp; Çocuk düşürtme suçundan şüpheli ... hakkında yapılan soruşturma evresi sonunda İzmir Cumhuriyet Başsavcılığınca verilen 29.09.2022 tarihli ve 2022/97474 Soruşturma, 2022/65163 Karar sayılı kovuşturmaya yer olmadığına dair karara karşı yapılan itirazın r"
1243,9.4,Danıştay,10,6254,2019,6128,2020-12-14,gebe+travma,gebe×2 | travma×6 | illiyet×4,DANIŞTAY KARARI,T.C. D A N I Ş T A Y ONUNCU DAİRE Esas No : 2019/6254 KararNo : 2020/6128 TEMYİZ EDEN (DAVALI): … Bakanlığı VEKİLLERİ: Huk. Müş. Av. … TEMYİZ EDEN MÜDAHİL (DAVALI YANINDA) : … VEKİLİ: Av. … KARŞI TARAF (DAVACILAR): 1- … 2- ... 3- ... VEKİLLERİ: Av. … İSTEMİN_KONUSU: … İdare Mahkemesinin … tarih ve E
1244,9.4,Danıştay,4,8217,2021,1473,2023-03-16,gebe+illiyet,gebe×2 | travma×2 | illiyet×6,DANIŞTAY KARARI,T.C. D A N I Ş T A Y DÖRDÜNCÜ DAİRE Esas No : 2021/8217 KararNo : 2023/1473 TEMYİZ EDEN (DAVALI): ... Vergi Dairesi Başkanlığı (... Vergi Dairesi Müdürlüğü) VEKİLİ : Av. ... KARŞI TARAF (DAVACI): ... VEKİLİ: Av. ... İSTEMİN KONUSU: ... Bölge İdare Mahkemesi .... Vergi Dava Dairesinin ... tarih ve E:
1245,9.2,Yargıtay,12,2538,2016,7940,2017-10-25,gebe+illiyet,gebe×15 | travma×1 | illiyet×3,YARGITAY KARARI,"Mahkemesi:Asliye Ceza Mahkemesi Suç: Taksirle öldürme Hüküm : Sanık ... Sönmez hakkında; Beraat Sanık ... hakkında; TCK'nın 85/1, 62/1, 50/1-a, 52/2-4. maddeleri gereğince mahkumiyet Taksirle öldürme suçundan sanığın ...'in beraatine, sanık ...'ın mahkumiyetine ilişkin hükümler, katılanlar vekili il"
1246,9.2,Danıştay,10,6374,2019,4770,2020-11-11,gebe+illiyet,gebe×44 | travma×1 | illiyet×3,DANIŞTAY KARARI,"T.C. D A N I Ş T A Y ONUNCU DAİRE Esas No : 2019/6374 KararNo : 2020/4770 TEMYİZ EDEN (DAVACILAR): 1- . 2- .. VEKİLLERİ: Av. .. TEMYİZ EDEN (DAVALI): . Bakanlığı (... Kurumu) ANKARA VEKİLİ: Av. . İSTEMLERİN_KONUSU: .. İdare Mahkemesinin . tarih ve E:., K:.. sayılı kararının davacılar tarafından esas"
1247,9.2,Danıştay,1,282,2010,418,2010-03-10,gebe+illiyet,gebe×14 | travma×1 | illiyet×3,SORUŞTURMA İZNİ VERİLMESİ KARARINA İTİRAZ - ŞÜPHELİNİN UZMANLIK ÖĞRENCİSİ OLMASI - HASTANIN BELLİ BİR SÜRE GÖZETİM ALTINDA TUTULMASININ GEREKİP GEREKMEDİĞİNİN TESPİTİ GEREĞİ,(2547 S. K. m. 53) (Tıpta Ve Diş Hekimliğinde Uzmanlık Eğitimi Yönetmeliği m. 26) Şüpheli: ...- ... Üniversitesi Tıp Fakültesi Kadın Hastalıkları ve Doğum Anabilim Dalı Araştırma Görevlisi Suçları: 40 haftalık gebeliği olan ...'in takibinde ihmal göstermek suretiyle bebeğinin ölmesine neden olmak Su
1248,9.2,Yargıtay,1,9706,2022,777,2023-03-02,gebe+travma,gebe×12 | travma×1 | illiyet×3,YARGITAY KARARI,"İNCELENEN KARARIN MAHKEMESİ:Ağır Ceza Mahkemesi SUÇ: Olası kastla nitelikli öldürme HÜKÜM: Mahkûmiyet Suça sürüklenen çocuk hakkında bozma üzerine kurulan hükmün; karar tarihi itibarıyla 6723 sayılı Kanun’un 33 üncü maddesiyle değişik 5320 sayılı Kanun’un 8 ... maddesi gereği yürürlükte bulunan 1412"
1249,9.2,Yargıtay,12,1555,2022,5588,2022-09-13,gebe+illiyet,gebe×11 | travma×1 | illiyet×3,YARGITAY KARARI,"Hakimlik : ... 1. Sulh Ceza Hakimliği Taksirle bir kişinin yaralanmasına neden olma suçundan şüpheli . hakkında yapılan soruşturma evresi sonunda ... Cumhuriyet Başsavcılığınca verilen 13/04/2021 tarihli ve 2019/29263 soruşturma, 2021/9285 sayılı kovuşturmaya yer olmadığına dair karara karşı yapılan"
1250,9.1,Yargıtay,9,7195,2023,6566,2023-10-19,gebe+travma,gebe×1 | travma×1 | TCK 87/88,YARGITAY KARARI,"MAHKEMESİ:Ceza Dairesi SAYISI: 2023/548 E., 2023/603 K. SUÇLAR: Çocuğun nitelikli cinsel istismarı (mağdure ...'e yönelik) Çocuğun cinsel istismarı (mağdur ...'e yönelik) HÜKÜMLER: İstinaf başvurusunun esastan reddi ile düzeltilerek esastan reddi kararı TEMYİZ EDENLER: Katılan mağdur ... vekili, kat"
1251,8.9,Yargıtay,CG,842,2017,457,2018-10-23,gebe+travma,gebe×1 | travma×38 | illiyet×2,YARGITAY KARARI,"Kararı Veren Yargıtay Dairesi: 1. Ceza Dairesi Mahkemesi:Ağır Ceza Sayısı: 445-8 Kasten öldürme suçundan sanığın, TCK'nın 81/1, 29, 62/1, 53/1, 63 ve 54/1-4. maddeleri uyarınca 10 yıl 10 ay hapis cezası ile cezalandırılmasına, hak yoksunluğuna, mahsuba ve müsadereye ilişkin Konya 2. Ağır Ceza Mahkem"
1252,8.9,Danıştay,1,1070,2018,977,2018-06-06,gebe+illiyet,gebe×7 | travma×3 | illiyet×3,MENİ MUHAKEME DAVASI - HASTANIN AĞRI VE ACISININ SPEKULUMDAN KAYNAKLANIP KAYNAKLANMADIĞI BU HUSUSLARDA HEKİM HATASI İHMALİ VEYA KUSURU OLUP OLMADIĞI HUSUSLARINI AYDINLATAN BİLİRKİŞİ RAPORU TEMİN EDİLM,"(2547 S. K. m. 53) &nbsp; Fırat Üniversitesi Rektörlüğünün 9.5.2018 tarih ve 76275 sayılı yazısı ekinde gönderilen soruşturma dosyası ile yukarıda belirtilen Kurul kararı, Tetkik Hakimi .....&#39;ın açıklamaları dinlenildikten sonra, 2547 sayılı Yükseköğretim Kanununun 53 üncü maddesi uyarınca incel"
1253,8.8,Yargıtay,7,21324,2015,20812,2015-10-28,gebe+illiyet,gebe×2 | travma×2 | illiyet×3 | trafik/iş kaz,YARGITAY KARARI,"Mahkemesi: Bursa 5. İş Mahkemesi Tarihi: 19/03/2015 Numarası: 2014/776-2015/139 Taraflar arasında görülen dava sonucunda verilen hükmün, Yargıtay'ca incelenmesi davalılar vekilleri tarafından istenilmekle, temyiz isteklerinin süresinde olduğu anlaşıldı. Dosya incelendi, gereği görüşüldü: Davacı veki"
1254,8.8,Yargıtay,7,26715,2015,23186,2015-11-25,gebe+illiyet,gebe×2 | travma×2 | illiyet×3 | trafik/iş kaz,YARGITAY KARARI,"Mahkemesi:İş Mahkemesi Dava Türü: İşe iade Taraflar arasında görülen dava sonucunda verilen hükmün, Yargıtay'ca incelenmesi davalı ... vekili tarafından istenilmekle, temyiz isteğinin süresinde olduğu anlaşıldı. Dosya incelendi, gereği görüşüldü: Davacı vekili davacının Belediyeye ait hayvan barınağ"
1255,8.8,Yargıtay,7,21323,2015,20813,2015-10-28,gebe+illiyet,gebe×2 | travma×2 | illiyet×3 | trafik/iş kaz,YARGITAY KARARI,"Mahkemesi: Bursa 5. İş Mahkemesi Tarihi: 19/03/2015 Numarası: 2014/777-2015/140 Taraflar arasında görülen dava sonucunda verilen hükmün, Yargıtay'ca incelenmesi davalılar vekilleri tarafından istenilmekle, temyiz isteklerinin süresinde olduğu anlaşıldı. Dosya incelendi, gereği görüşüldü: Davacı veki"
1256,8.8,Yargıtay,7,26716,2015,23187,2015-11-25,gebe+illiyet,gebe×2 | travma×2 | illiyet×3 | trafik/iş kaz,YARGITAY KARARI,"Mahkemesi:İş Mahkemesi Dava Türü: İşe iade Taraflar arasında görülen dava sonucunda verilen hükmün, Yargıtay'ca incelenmesi davalı ... vekili tarafından istenilmekle, temyiz isteğinin süresinde olduğu anlaşıldı. Dosya incelendi, gereği görüşüldü: Davacı vekili davacının Belediyeye ait hayvan barınağ"
1257,8.8,Yargıtay,7,41731,2015,5891,2016-03-09,gebe+illiyet,gebe×2 | travma×2 | illiyet×3 | trafik/iş kaz,İŞE İADE DAVASI - DAVALILAR ARASINDAKİ İLİŞKİNİN MUVAZAALI OLDUĞU - DAVACININ ALT İŞVEREN ŞİRKETE İŞE İADESİ İLE TAZMİNATLARDAN DAVALILARIN MÜŞTEREKEN VE MÜTESELSİLEN SORUMLU TUTULMALARINA KARAR VERİL,"(2821 S. K. m. 60) (4857 S. K. m. 2, 18) Dava ve Karar: Taraflar arasında görülen dava sonucunda verilen hükmün, Yargıtay'ca incelenmesi davalı ... Belediye Başkanlığı vekili tarafından istenilmekle, temyiz isteğinin süresinde olduğu anlaşıldı. Dosya incelendi, gereği görüşüldü: Davacı vekili davacı"
1258,8.8,Yargıtay,7,26718,2015,23188,2015-11-25,gebe+illiyet,gebe×2 | travma×2 | illiyet×3 | trafik/iş kaz,YARGITAY KARARI,"Mahkemesi:İş Mahkemesi Dava Türü: İşe iade Taraflar arasında görülen dava sonucunda verilen hükmün, Yargıtay'ca incelenmesi davalı ... vekili tarafından istenilmekle, temyiz isteğinin süresinde olduğu anlaşıldı. Dosya incelendi, gereği görüşüldü: Davacı vekili davacının Belediyeye ait hayvan barınağ"
1259,8.6,Danıştay,10,3801,2022,4763,2025-10-23,gebe+travma,gebe×20 | travma×4 | illiyet×1,DANIŞTAY KARARI,T.C. D A N I Ş T A Y ONUNCU DAİRE Esas No : 2022/3801 KararNo : 2025/4763 TEMYİZ EDEN (DAVACILAR): 1- ... 2- ... VEKİLİ: Av. ... KARŞI TARAF (DAVALI): ... Bakanlığı VEKİLİ: Hukuk Müşaviri Av. ... DAVALI YANINDA MÜDAHİL: ... VEKİLİ: Av. ... İSTEMİN_KONUSU: .. Bölge İdare Mahkemesi ... İdari Dava Dair
1260,8.5,Yargıtay,8,29994,2012,38227,2012-12-14,gebe+travma,gebe×5 | travma×8 | illiyet×1,YARGITAY KARARI,"MAHKEMESİ :Ağır Ceza Mahkemesi SUÇ: İşkence HÜKÜM: Hükümlülük Gereği görüşülüp düşünüldü: Sanık ... hakkında Hava Kuvvetleri Askeri Savcılığının görevsizlik kararı üzerine Kayseri C.Başsavcılığınca kamu davası açıldığı, 357 sayılı Askeri Hakimler Kanunu'nun \""soruşturma ve kovuşturma mercileri\"" baş"
1261,8.5,Yargıtay,CG,286,2018,573,2021-11-18,gebe+travma,gebe×5 | travma×95,YARGITAY KARARI,"Sanık ... hakkında mağdureye yönelik beden veya ruh sağlığını bozacak şekilde çocuğun nitelikli cinsel istismarı suçundan açılan kamu davasında yapılan yargılama sonucunda sanığın eyleminin reşit olmayanla cinsel ilişki suçunu oluşturduğu kabul edilerek TCK’nın 104/1, 73 ve CMK'nın 223/8. maddeleri "
1262,8.5,Yargıtay,8,29994,2012,38227,2012-12-13,gebe+travma,gebe×5 | travma×8 | illiyet×1,İŞKENCE YAPMA SUÇU - SANIĞIN ASKERİ MAHKEMEDE ASKERİ SAVCI OLARAK GÖREV YAPTIĞI - ADLİ TIP KURUMUNDAN ALINAN RAPOR - RUHSAL TRAVMANIN OLUŞTUĞUNUN TESPİT EDİLDİĞİ - HÜKMÜN ONANMASI GEREĞİ,"(AİHS. m. 3, 5) (2709 S. K. m. 17) (357 S. K. m. 12, 25) (353 S. K. m. 80) (1412 S. K. m. 322) (5237 S. K. m. 62, 94) (MEHMET ALİ OKUR - TÜRKİYE DAVASI) (SALMAN - TÜRKİYE DAVASI) Dava: Gereği görüşülüp düşünüldü: Karar: Sanık A. Z. hakkında Hava Kuvvetleri Askeri Savcılığının görevsizlik kararı üzer"
1263,8.5,Yargıtay,12,2410,2023,2660,2023-09-06,gebe+travma,gebe×5 | travma×19,YARGITAY KARARI,"MAHKEMESİ:Ceza Dairesi SAYISI: 2023/102 E., 2023/48 K. SUÇ: Taksirle öldürme HÜKÜM: Düzeltilerek istinaf başvurularının esastan reddi kararı TEBLİĞNAME GÖRÜŞÜ: Bozma İlk Derece Mahkemesince verilen hükme yönelik istinaf incelemesi üzerine Bölge Adliye Mahkemesi tarafından verilen kararın; 5271 sayıl"
1264,8.3,Yargıtay,4,8566,2024,14341,2025-10-20,gebe+illiyet,gebe×1 | travma×2 | illiyet×3 | trafik/iş kaz,YARGITAY KARARI,"MAHKEMESİ:Ticaret Mahkemesi SAYISI: 2024/663 D.İş, 2024/662 Karar SAYISI: 2024/İHK-38611 SAYISI: K-2024/139191 İtiraz Hakem Heyeti kararı davalı vekili tarafından temyiz edilmekle; kesinlik, süre, temyiz şartı ve diğer usul eksiklikleri yönünden yapılan ön inceleme sonucunda, temyiz dilekçesinin kab"
1265,8.3,Yargıtay,9,502,2023,4425,2023-06-20,gebe+travma,gebe×1 | travma×7 | illiyet×3,YARGITAY KARARI,"MAHKEMESİ:Ceza Dairesi SAYISI: 2022/1250 E., 2022/1536 K. SUÇLAR: Nitelikli cinsel saldırı, kişiyi hürriyetinden yoksun kılma KARAR: Direnme TEBLİĞNAME GÖRÜŞÜ: Bozma İzmir Bölge Adliye Mahkemesi 15. Ceza Dairesinin, 28.09.2022 tarihli ve 2022/1250 Esas, 2022/1536 Karar sayılı kararı ile Yargıtay 9. "
1266,8.3,A.Y.İ.M.,2,1219,2008,565,2009-05-13,gebe+travma,gebe×1 | travma×1 | illiyet×6,ASKERLİĞİN TECİL EDİLMEMESİ İŞLEMİNİN İPTALİ İSTEMİ - DAVACININ SAKATLIĞI VE FORM DURUMU - DİĞER SPORCULARIN FORM DURUMU - TRANSFER STATÜSÜNDEN KAYNAKLANAN KISITLAMALAR - ASKERLİĞİN TECİL EDİLMEMESİ İ,"(1111 S. K. m. 35, 36, 86, 89, 92, 93, 100) Davacı vekili, 27.11.2008 tarihinde AYİM kayıtlarına giren dava dilekçesinde özetle; müvekkilinin Diyarbakır Büyükşehir Belediyesi DİSKİ Spor Klubünde profesyonel voleybolcu olduğunu, yasal şartları taşıdığı halde askere sevkinin ertelenmesi yönündeki tale"
1267,8.2,Yargıtay,CG,1-47,2004,101,2004-04-20,gebe+travma,gebe×2 | travma×113 | illiyet×1,KASTI AŞAN ETKİLİ EYLEM SONUCU ADAM ÖLDÜRME SUÇU - AVUKATLIK ÜCRETİNİN YARGILAMA GİDERLERİNDEN OLDUĞU VE DAVA SONUNDA KARŞI TARAFA YÜKLENECEĞİ - VEKALET ÜCRETİNİN KENDİSİNİ VEKİLLE TEMSİL ETTİREN KATI,"(765 S. K. m. 20, 49, 50, 59, 64, 65, 251, 286, 296, 448, 452) (1412 S. K. m. 372) (2803 S. K. m. 11) (1136 S. K. m. 163, 164, 168) (Jandarma Teşkilatı Görev ve Yetkileri Yönetmeliği m. 39, 40) (YİBK. 23.12.1976 T. 1976/7 E. 1976/6 K.) Sanık jandarma eri Fatih Y......'ın yasanın bir hükmünü icrada a"
1268,8.2,Yargıtay,3,1559,2022,491,2023-02-14,gebe+illiyet,gebe×2 | travma×4 | illiyet×4,YARGITAY KARARI,"T U T U K L U D U R U Ş M A T A L E P L İ İNCELENEN KARARIN; MAHKEMESİ :Ceza Dairesi SAYISI : 2021/661 E., 2021/579 K. SUÇ: Anayasal düzeni ortadan kaldırmaya teşebbüs etme, Türkiye Büyük Millet Meclisini ortadan kaldırmaya veya görevini yapmasını engellemeye teşebbüs etme, Türkiye Cumhuriyeti Hüküm"
1269,8.2,Yargıtay,12,15575,2014,21442,2014-10-31,gebe+travma,gebe×2 | travma×2 | künt/batın,YARGITAY KARARI,"Mahkemesi:Ağır Ceza Mahkemesi Suç:Taksirle öldürme Hüküm:TCK'nın 85/2, 22/3, 62, 63, 53/6 maddeleri gereğince mahkumiyet Taksirle öldürme suçundan sanığın mahkumiyetine ilişkin hüküm, sanık ve müdafii tarafından temyiz edilmekle, duruşmalı temyiz isteminde bulunan sanık müdafinin katılımı ile duruşm"
1270,8.2,Yargıtay,CG,86,2022,36,2023-01-26,gebe+travma,gebe×2 | travma×26 | illiyet×1,YARGITAY KARARI,MAHKEMESİ:Ağır Ceza I. HUKUKÎ SÜREÇ Sanık ... hakkında beden veya ruh sağlığını bozacak şekilde basit cinsel saldırı suçundan açılan kamu davasında yapılan yargılama sonucunda . Ağır Ceza Mahkemesince 06.05.2014 tarih ve 13-80 sayı ile sanığın teşebbüs aşamasında kalan beden veya ruh sağlığını bozac
1271,8.2,Yargıtay,CG,55,2019,261,2021-06-08,gebe+travma,gebe×2 | travma×112 | illiyet×1,YARGITAY KARARI,"Kararı Veren Yargıtay Dairesi: 1. Ceza Dairesi Mahkemesi:Ağır Ceza Sanıklar ..., ... ve ...'ın kasten öldürme suçundan TCK’nın 81/1, 29, 62/1, 53 ve 63. maddeleri uyarınca 12 yıl 6 ay hapis cezası ile cezalandırılmalarına, hak yoksunluklarına ve mahsuba ilişkin İstanbul 16. Ağır Ceza Mahkemesince ve"
1272,8,Yargıtay,12,5532,2018,11242,2018-11-26,gebe+illiyet,gebe×4 | travma×4 | illiyet×3,TAKSİRLE YARALAMA SUÇU - YAPILAN YARGILAMA - TOPLANIP KARAR YERİNDE GÖSTERİLEN DELİLLER - MAHKEMENİN KOVUŞTURMA SONUÇLARINA UYGUN OLARAK OLUŞAN KANAAT VE TAKDİRİ - DOSYA KAPSAMI - TEMYİZ İTİRAZLARININ,"(5237 S. K. m. 89, 257) &nbsp; Taksirle yaralama suçundan sanıkların beraatlerine ilişkin hüküm, katılan vekili tarafından temyiz edilmekle, dosya incelenerek gereği düşünüldü: &nbsp; Bozma ilamına uyularak yapılan yargılamaya, toplanıp karar yerinde gösterilen delillere, mahkemenin kovuşturma sonuç"
1273,8,Yargıtay,3,3522,2024,2295,2025-04-21,gebe+illiyet,gebe×23 | travma×1 | illiyet×2,YARGITAY KARARI,"MAHKEMESİ: Gaziantep Bölge Adliye Mahkemesi 13. Hukuk Dairesi SAYISI: 2022/3337 E., 2024/1796 K. İLK DERECE MAHKEMESİ: Gaziantep 2. Tüketici Mahkemesi SAYISI : 2021/541 E., 2022/591 K. Bölge Adliye Mahkemesi kararı, davacılar vekili tarafından temyiz edilmekle; kesinlik, süre, temyiz şartı ve diğer "
1274,8,Yargıtay,6,2920,2023,13823,2023-10-26,gebe+travma,gebe×4 | travma×11,YARGITAY KARARI,"MAHKEMESİ:Asliye Ceza Mahkemesi SAYISI: 2016/11 Esas, 2016/235 Karar SUÇLAR: Tehdit, kasten basit yaralama, hakaret HÜKÜMLER: Mahkûmiyet TEBLİĞNAME GÖRÜŞÜ : Red, Onama 1. Sanık hakkında hakaret ve kasten basit yaralama suçundan kurulan mahkumiyet hükümlerine yönelik sanık müdafiinin temyiz isteminin"
1275,8,Yargıtay,CG,199,2022,424,2023-09-12,gebe+travma,gebe×4 | travma×17,YARGITAY KARARI,"######### KARARI VEREN YARGITAY DAİRESİ : (Kapatılan) 14. Ceza Dairesi MAHKEMESİ :Ağır Ceza Mahkemesi SAYISI: 116-182 KATILAN MAĞDURE: ... (Kurt) I. HUKUKÎ SÜREÇ Sanığın çocuğun nitelikli cinsel istismarı suçundan 5237 sayılı Türk Ceza Kanunu'nun 103/2, 103/3-c, 103/4, 43/1, 61/7 ve 53. maddeleri uy"
1276,8,Yargıtay,3,2472,2023,2021,2024-06-25,gebe+illiyet,gebe×15 | travma×1 | illiyet×2,YARGITAY KARARI,"MAHKEMESİ: Sakarya Bölge Adliye Mahkemesi 5. Hukuk Dairesi Taraflar arasındaki tazminat davasından dolayı yapılan yargılama sonunda İlk Derece Mahkemesince davanın reddine karar verilmiştir. Kararın davacı vekili tarafından istinaf edilmesi üzerine, Bölge Adliye Mahkemesince başvurunun esastan reddi"
1277,8,Yargıtay,3,2367,2024,1460,2025-03-10,gebe+illiyet,gebe×20 | travma×1 | illiyet×2,TAZMİNAT DAVASI - YETERLİ SÜRE BEKLENMEDEN SEZARYENE ALINMASI İLE KÜÇÜKTE MEYDANA GELEN HİPOKSİK İSKEMİK ENSEFALOPATİ ARASINDA KESİN İLLİYETİN KURULAMADIĞI - TEDAVİDE GÖREV ALAN SAĞLIK ÇALIŞANLARINA A,"(6100 S. K. m. 370) &nbsp; Bölge Adliye Mahkemesi kararı, davacılar vekili tarafından temyiz edilmekle; kesinlik, süre, temyiz şartı ve diğer usul eksiklikleri yönünden yapılan ön inceleme sonucunda, temyiz dilekçesinin kabulüne karar verildikten ve Tetkik Hâkimi tarafından hazırlanan rapor dinlendi"
1278,7.9,Yargıtay,3,2354,2023,338,2024-01-23,gebe+travma,gebe×5 | travma×1 | illiyet×4,YARGITAY KARARI,"MAHKEMESİ: Konya Bölge Adliye Mahkemesi 3. Hukuk Dairesi SAYISI: 2022/1841 E., 2022/2260 K. İLK DERECE MAHKEMESİ: Konya 2. Tüketici Mahkemesi SAYISI: 2021/171 E., 2021/619 K. Taraflar arasındaki tazminat davasından dolayı yapılan yargılama sonunda İlk Derece Mahkemesince davanın kısmen kabulüne kara"
1279,7.9,Yargıtay,1,11785,2022,6841,2023-11-07,gebe+illiyet,gebe×5 | travma×3 | illiyet×3,YARGITAY KARARI,"MAHKEMESİ:Ceza Dairesi SAYISI: 2022/867 E., 2022/1162 K. SUÇ: Nitelikli kasten öldürmeye teşebbüs HÜKÜM: İstinaf başvurularının esastan reddi kararı TEBLİĞNAME GÖRÜŞÜ: Temyiz başvurularının esastan reddi ile hükmün onanması İlk Derece Mahkemesince verilen hükme yönelik istinaf incelemesi üzerine Böl"
1280,7.8,Yargıtay,1,6865,2022,1908,2024-03-21,gebe+illiyet,gebe×6 | travma×2 | illiyet×3,YARGITAY KARARI,"MAHKEMESİ:Ceza Dairesi İlk Derece Mahkemesince verilen hükme yönelik istinaf incelemesi üzerine Bölge Adliye Mahkemesi tarafından verilen kararın; 5271 sayılı Ceza Muhakemesi Kanunu’nun (5271 sayılı Kanun) 286 ncı maddesinin birinci fıkrası uyarınca temyiz edilebilir olduğu, 260 ıncı maddesinin biri"
1281,7.7,Yargıtay,12,1348,2014,25066,2014-12-09,gebe+illiyet,gebe×7 | travma×1 | illiyet×3,YARGITAY KARARI,"Mahkemesi :Asliye Ceza Mahkemesi Suç: Taksirle öldürme Hüküm: 1-Sanıklar ... ve ... hakkında beraat, 2-Sanık (...)...hakkında TCK'nın 89/1, 62/1, 50/1-a-4, 52/2-4, 53/6. maddeleri gereğince mahkumiyet, meslek icrasından yasaklanmasına, Taksirle öldürme suçundan sanık ...(...) ...’in mahkûmiyetine, s"
1282,7.7,Yargıtay,3,12119,2023,3544,2024-03-11,gebe+illiyet,gebe×1 | travma×2 | illiyet×5,YARGITAY KARARI,"MAHKEMESİ :Ağır Ceza Mahkemesi SUÇ: Anayasal düzeni ortadan kaldırmaya teşebbüs etmeye yardım HÜKÜM: Anayasal düzeni ortadan kaldırmaya teşebbüs etmeye yardım suçundan 5237 sayılı TCK'nın 309/1, 3713 sayılı Kanun'un 5/1, TCK'nın 39/1, 39/2-c, 62/1, 53, 58/9, 63 maddeleri uyarınca mahkumiyet TEBLİĞNA"
1283,7.5,Yargıtay,13,123,2014,14091,2014-04-30,gebe+travma,gebe×9 | travma×3 | illiyet×1,YARGITAY KARARI,MAHKEMESİ: Antalya 4. Asliye Hukuk Mahkemesi TARİHİ: 22/05/2013 NUMARASI: 2011/338-2013/336 Taraflar arasındaki tazminat davasının yapılan yargılaması sonunda ilamda yazılı nedenlerden dolayı davanın reddine yönelik olarak verilen hükmün süresi içinde davacı avukatınca temyiz edilmesi üzerine dosya 
1284,7.5,Yargıtay,CG,557,2018,287,2023-05-17,gebe+travma,gebe×3 | travma×39,YARGITAY KARARI,"İtirazname No: 2018/335 YARGITAY DAİRESİ : (Kapatılan) 14. Ceza Dairesi MAHKEMESİ :Ağır Ceza SAYISI: 476-237 I. HUKUKÎ SÜREÇ Çocuğun nitelikli cinsel istismarı suçundan sanıklar ..., ..., ...'nin 5237 sayılı Türk Ceza Kanunu'nun 103/1-a maddesi delaletiyle aynı Kanun'un 103/2, 103/3, 103/4, 103/6, 4"
1285,7.5,Yargıtay,CG,169,2020,540,2022-09-13,gebe+travma,gebe×3 | travma×58,YARGITAY KARARI,"Yargıtay Dairesi: 1. Ceza Dairesi Sanık ... hakkında katılan ...’a yönelik kasten yaralama suçundan açılan kamu davasında, yapılan yargılama sırasında, ... 2. Asliye Ceza Mahkemesince 31.05.2007 tarih ve 609-467 sayı ile; sanığın eyleminin kasten öldürme suçuna teşebbüsü oluşturabileceği gerekçesiyl"
1286,7.5,Danıştay,1,1563,2017,1649,2017-10-05,gebe+illiyet,gebe×3 | travma×4 | illiyet×3,KARARIN İPTALİ DAVASI - ŞÜPHELİLERİN VE ŞİKAYETÇİNİN MEVZUATA UYGUN OLARAK İFADELERİNİN ALINMASI SURETİYLE YENİDEN SORUŞTURMA YAPILARAK VE YETKİLİ KURULCA ŞÜPHELİLER HAKKINDA YENİ BİR KARAR ALINMASI G,"(2577 S. K. m. 49) (2547 S. K. m. 53) (5271 S. K. m. 147) &nbsp; Adıyaman Üniversitesi Rektörlüğünün 19.7.2017 tarih ve E.4024 sayılı yazısı ekinde gönderilen soruşturma dosyası ile yukarıda belirtilen Kurul kararı, Tetkik Hakimi &hellip;&hellip;&#39;ın açıklamaları dinlenildikten sonra, 2547 sayılı"
1287,7.5,Danıştay,10,481,1995,5980,1996-10-15,gebe+illiyet,gebe×3 | travma×4 | illiyet×3,MADDİ TAZMİNAT İSTEMİ - DAVACININ İNEĞİNİN ELEKTRİK İLETİM KABLOSUNUN AÇILMASI NEDENİYLE ÖLMÜŞ OLDUĞU - İDARENİN HİZMET KUSURU BULUNDUĞU - KUSURSUZ SORUMLULUK ESASINA DAYANAN MAHKEME KARARININ SONUCU ,"(2709 S. K. m. 125) Dava, ... ilçesi ... köyündeki besihanede bulunan davacıya ait ineğin 24.9.1993 tarihinde davalı idareye ait elektrik iletim kablosunun açılması nedeniyle elektrik çarpmasından ölmesi nedeniyle uğranıldığı ileri sürülen 10.000.000 lira zararın yasal faiziyle birlikte tazminine ka"
1288,7.4,Yargıtay,12,9892,2015,6447,2016-04-14,gebe+travma,gebe×26 | travma×4,TAKSİRLE ÖLDÜRME SUÇU - HÜKMÜN GEREKÇESİNDE SANIKLARIN KUSURSUZ OLDUĞU KANAATİNE VARILDIĞI - HÜKÜM FIKRASINDA TAKSİRLE ÖLÜME NEDEN OLMA SUÇUNUN UNSURLARI BULUNMAMASI GEREKÇESİ İLE BERAATLERİNE KARAR V,"(5237 S. K. m. 85) Dava ve Karar: Taksirle öldürme suçundan sanıkların beraatine ilişkin hüküm, katılanlar vekili tarafından temyiz edilmekle dosya incelenerek gereği düşünüldü: Sanık ...'ın Özel ...Hastanesinde kadın doğum uzmanı, ...nun pediatri uzmanı, sanık ...'ın anestezi uzmanı, sanıklar ... v"
1289,7.4,Yargıtay,1,14857,2022,760,2023-03-01,gebe+travma,gebe×19 | travma×2 | illiyet×1,YARGITAY KARARI,"MAHKEMESİ:Ağır Ceza Mahkemesi SUÇ: Nitelikli kasten öldürme HÜKÜM: Beraat Sanık hakkında bozma üzerine kurulan hükmün; karar tarihi itibarıyla 6723 sayılı Kanun’un 33 üncü maddesiyle değişik 5320 sayılı Kanun’un 8 inci maddesi gereği yürürlükte bulunan 1412 sayılı Ceza Muhakemeleri Usulü Kanunu’nun "
1290,7.2,Yargıtay,12,6911,2019,1081,2021-02-03,gebe+illiyet,gebe×6 | travma×1 | illiyet×3,TAKSİRLE ÖLDÜRME SUÇU - SANIKLARIN KUSURLU OLDUĞUNA CEZALANDIRILMALARI GEREKTİĞİNE KARARIN HAKKANİYETE AYKIRI OLDUĞUNA İLİŞKİN TEMYİZ İTİRAZLARININ REDDİ - HÜKMÜN ONANMASI,"(5237 S. K. m. 22, 66, 85) &nbsp; Taksirle öldürme suçundan sanıkların beraatine ilişkin hüküm katılan vekili tarafından temyiz edilmekle dosya incelenerek gereği düşünüldü: &nbsp; Sanıklar üzerine atılı taksirle öldürme suçunun TCK&#39;nın 85/1. maddesinde düzenlendiği, belirtilen madde uyarınca bu"
1291,7.1,Yargıtay,3,12703,2021,6981,2022-10-31,gebe+illiyet,gebe×1 | travma×1 | illiyet×5,YARGITAY KARARI,"İNCELENEN KARARIN; Mahkemesi :Ağır Ceza Mahkemesi Suç: Anayasal düzeni ortadan kaldırmaya teşebbüs etme, Türkiye Büyük Millet Meclisini ortadan kaldırmaya veya görevini yapmasını engellemeye teşebbüs etme, Türkiye Cumhuriyeti Hükümetini ortadan kaldırmaya veya görevini yapmasını engellemeye teşebbüs"
1292,7.1,Yargıtay,3,4615,2016,16026,2017-11-16,gebe+illiyet,gebe×1 | travma×5 | illiyet×3,YARGITAY KARARI,"MAHKEMESİ:ASLİYE HUKUK MAHKEMESİ Taraflar arasındaki tazminat davasının mahkemece yapılan yargılaması sonucunda, davanın kısmen kabulüne yönelik olarak verilen hükmün, süresi içinde davacılar vekili ve davalı ... İç ve Dış Tic. A.Ş. vekili ile davalı ... vekili tarafından temyiz edilmesi üzerine; te"
1293,7,Yargıtay,1,5733,2022,1628,2023-04-04,gebe+travma,gebe×2 | travma×32,YARGITAY KARARI,"MAHKEMESİ:Ceza Dairesi SUÇLAR: Kasten öldürme, kişiyi hürriyetinden yoksun kılma HÜKÜMLER: İstinaf başvurularının esastan reddi, mahkûmiyet Sanık ... müdafiinin temyiz istemini, kanunî süresi içinde öne sürdükten sonra, sanığın 27.02.2023 tarihli dilekçe ile temyiz isteminden feragat ettiğini bildir"
1294,7,Yargıtay,CG,260,2017,666,2021-12-23,gebe+travma,gebe×2 | travma×41,YARGITAY KARARI,"Yargıtay Dairesi: 1. Ceza Dairesi Katılanlar: 1- ..., 2- ... Sanıklar ... ve ...’nın kasten öldürme suçundan beraatlerine ilişkin ... 9. Ağır Ceza Mahkemesince verilen 25.02.2013 tarihli ve 44-50 sayılı hükümlerin katılanlar vekili tarafından temyiz edilmesi üzerine dosyayı inceleyen Yargıtay 1. Cez"
1295,7,Yargıtay,CG,592,2019,467,2021-10-12,gebe+travma,gebe×2 | travma×55,YARGITAY KARARI,Kararı Veren Yargıtay Dairesi: (Kapatılan) 14. Ceza Dairesi Mahkemesi:Ağır Ceza Sayısı: 249-47 Mağdure: ... Nitelikli cinsel saldırı suçundan sanık ...'in beraatine ilişkin Burhaniye 2. Ağır Ceza Mahkemesince verilen 14.04.2014 tarihli ve 9-57 sayılı hükmün Cumhuriyet savcısı tarafından temyiz edilm
1296,7,A.Y.İ.M.,1,165,2012,451,2013-04-09,gebe+travma,gebe×2 | travma×18,SÖZLEŞME FESHİ İŞLEMİNİN İPTALİ İSTEMİ - DAVACININ ALMIŞ OLDUĞU İSTİRAHAT SÜRESİ BİR SÖZLEŞME YILI İÇERİSİNDE DOKSAN GÜNÜ GEÇTİĞİ - SÖZLEŞMELİ SUBAY SÖZLEŞMESİNİN FESHİ İŞLEMİNDE HUKUKA AYKIRILIK BULU,"(2709 S. K. m. 10) (4678 S. K. m. 13) (5510 S. K. m. 14) (Sözleşmeli Subay ve Astsubay Yönetmeliği m. 15) Davacı vekili, 24.01.2012 tarihinde Askeri Yüksek İdare Mahkemesi'nde kayda geçen dava dilekçesinde özetle; müvekkilinin, bir yılda üç aydan fazla hava değişimi aldığı gerekçesiyle sözleşmesi fe"
1297,6.9,Yargıtay,9,3634,2023,4293,2023-06-14,gebe+travma,gebe×3 | travma×9,YARGITAY KARARI,"MAHKEMESİ:Ağır Ceza Mahkemesi SAYISI: 2022/240 E., 2022/366 K. SUÇLAR: Çocuğun nitelikli cinsel istismarı, kişiyi hürriyetinden yoksun kılma HÜKÜMLER: Mahkumiyet TEBLİĞNAME GÖRÜŞÜ: Onama İlk Derece Mahkemesince bozma üzerine verilen hükümlerin 5271 sayılı Ceza Muhakemesi Kanunu'nun (5271 sayılı Kanu"
1298,6.9,Yargıtay,9,3448,2018,14808,2018-07-05,gebe+illiyet,gebe×3 | travma×1 | illiyet×4,YARGITAY KARARI,"MAHKEMESİ: ... BÖLGE ADLİYE MAHKEMESİ 27. HUKUK DAİRESİ İLK DERECE MAHKEMESİ: ... 15. İŞ MAHKEMESİ DAVA: Davacı, feshin geçersizliğine ve işe iadesine karar verilmesini istemiştir. Yerel mahkemece, davanın reddine karar verilmiştir. İlk Derece Mahkemesinin red kararına karşı davacı avukatı istinaf b"
1299,6.8,Yargıtay,3,4040,2024,3058,2025-05-27,gebe+travma,gebe×26 | travma×3,YARGITAY KARARI,"MAHKEMESİ:Asliye Hukuk Mahkemesi SAYISI: 2020/173 E., 2022/413 K. Davacılar vekili tarafından Dairece verilen kararın düzeltilmesi istenilmiş olmakla; kesinlik, süre ve diğer usul eksiklikler yönünden yapılan ön inceleme sonucunda, karar düzeltme dilekçesinin kabulüne karar verildikten ve Tetkik Hâk"
1300,6.8,Yargıtay,3,2160,2023,3834,2023-12-20,gebe+travma,gebe×20 | travma×3,YARGITAY KARARI,"MAHKEMESİ: ... Bölge Adliye Mahkemesi 46. Hukuk Dairesi Taraflar arasındaki tazminat davasından dolayı yapılan yargılama sonunda İlk Derece Mahkemesince davanın reddine karar verilmiştir. Kararın davacılar vekili tarafından istinaf edilmesi üzerine, Bölge Adliye Mahkemesince başvurunun esastan reddi"
1301,6.7,Yargıtay,4,5345,2011,16792,2013-05-30,gebe+illiyet,gebe×5 | travma×1 | illiyet×3,GÖREVİ KÖTÜYE KULLANMA SUÇU - FETÜSÜN ANA KARNINDA ÖLÜMÜ İLE EYLEM ARASINDA İLLİYET BAĞI KURULAMAMASI - SANIĞIN GEREKLİ SAĞLIK HİZMETİNİ ALAMAYAN HASTANIN MAĞDURİYETİNE NEDEN OLMASI - BERAAT KARARI VE,"(5237 S. K. m. 257) Dava: Yerel mahkemece verilen hüküm temyiz edilmekle, başvurunun süresi ve kararın niteliği ile suç tarihine göre dosya görüşüldü: Karar: Temyiz isteğinin reddi nedenleri bulunmadığından işin esasına geçildi. Vicdani kanının oluştuğu duruşma sürecini yansıtan tutanaklar, belgeler"
1302,6.5,A.İ.H.M.,2,31950,2005,,2010-02-23,gebe+travma,gebe×1 | travma×10,GÖKHAN YILDIRIM - TÜRKİYE DAVASI,"(AİHS m. 2, 3, 6, 13, 34, 35, 41, 44) (765 S. K. m. 243) (ERDOĞAN YAĞIZ - TÜRKİYE DAVASI) (HACI ÖZEN - TÜRKİYE DAVASI) (MOUISEL - FRANSA DAVASI) (SALMAN - TÜRKİYE DAVASI) (SELMOUNI - FRANSA DAVASI) (AVŞAR - TÜRKİYE DAVASI) (İRLANDA - BİRLEŞİK KRALLIK DAVASI) (SELİM YILDIRIM VE DİĞERLERİ - TÜRKİYE DA"
1303,6.5,Yargıtay,2,6175,2023,2504,2024-04-17,gebe+travma,gebe×1 | travma×11,YARGITAY KARARI,"MAHKEMESİ: Gaziantep Bölge Adliye Mahkemesi 2. Hukuk Dairesi SAYISI: 2022/1489 E., 2023/506 K. KARAR: Başvuruların esastan ayrı ayrı reddi İLK DERECE MAHKEMESİ: Kilis Aile Mahkemesi SAYISI: 2020/30 E., 2022/250 K. Taraflar arasındaki boşanma davasından dolayı yapılan yargılama sonunda İlk Derece Mah"
1304,6.5,Anayasa,1,16073,2015,,2018-10-11,gebe+travma,gebe×1 | travma×14,ANAYASA MAHKEMESİNİN 11/10/2018 TARİHLİ VE 2015/16073 SAYILI KARARI (BİREYSEL BAŞVURU),"(2709 S. K. m. 17) (5237 S. K. m. 86, 256, 265) (2559 S. K. m. 13, 16) (5271 S. K. m. 160) (ANY. MAH. 18.09.2013 T. 2012/969 E.) (ANY. MAH. 17.07.2014 T. 2013/293 E.) (ANY. MAH. 06.01.2015 T. 2013/3924 E.) (ANY. MAH. 15.04.2014 T. 2013/2284 E.) &nbsp; *** İncelemekte olduğunuz karar Resmi Gazete&rsq"
1305,6.5,Yargıtay,CG,1-138,2002,301,2002-07-09,gebe+travma,gebe×1 | travma×56,TASARLAYARAK ADAM ÖLDÜRMEK VE FERİ İŞTİRAK SUÇU - EYLEME YETERLİ VASIFTA HAZIRLANMA - PLAN DAHİLİNDE EYLEMİN GERÇEKLEŞTİRİLMESİ - AYNI OLAYDA BİR SANIK İÇİN VAR KABUL EDİLEN TASARLAMANIN DİĞERLERİ İÇİ,"(765 S. K. m. 2, 31, 33, 40, 59, 65, 448, 450, 452) (2709 S. K. m. 38) (634 S. K. m. 25) (1. CD. 01.04.2002 T. 2002/447 E. 2002/1105 K.) Dava: Tasarlayarak adam öldürmek ve bu suça fer'i iştirak suçlarından sanıklar Savaş ve Burak'ın TCY'nın 450/4 ve 59. maddeleri uyarınca müebbet ağır hapis, Celal "
1306,6.5,Yargıtay,1,14481,2022,4328,2023-06-19,gebe+travma,gebe×1 | travma×20,YARGITAY KARARI,"MAHKEMESİ:Ceza Dairesi SUÇ: Kasten yaralama HÜKÜM: Mahkûmiyet Yargıtay Ceza Genel Kurulunun, 10.03.2009 tarihli ve 2009/2-43 Esas, 2009/56 Karar sayılı kararında belirtildiği üzere, kesin nitelikteki hükümlerin suç vasfına yönelik aleyhe temyiz kanun yoluna başvurulması hâlinde, temyiz incelemesine "
1307,6.5,Yargıtay,CG,126,2020,130,2021-03-18,gebe+travma,gebe×1 | travma×25,YARGITAY KARARI,"Kararı Veren Yargıtay Dairesi: 14. Ceza Dairesi Mahkemesi:Ağır Ceza Sayısı: 71-70 Beden veya ruh sağlığını bozacak şekilde çocuğun nitelikli cinsel istismarı suçundan sanık ...'nin TCK'nın 103/2, 103/3, 103/4, 103/6, 43/1, 62, 53 ve 63. maddeleri uyarınca 19 yıl 7 ay hapis cezası ile cezalandırılmas"
1308,6.5,Yargıtay,CG,417,2020,285,2023-05-17,gebe+travma,gebe×1 | travma×23,YARGITAY KARARI,"YARGITAY DAİRESİ : (Kapatılan) 14. Ceza Dairesi MAHKEMESİ:Ağır Ceza SAYISI: 25-212 I. HUKUKÎ SÜREÇ Teşebbüs aşamasında kalan nitelikli cinsel saldırı suçundan sanık ...'ın 5237 sayılı Türk Ceza Kanunu'nun 102/2, 102/3-d, 35/2, 62, 53 ve 63. maddeleri uyarınca 6 yıl 3 ay hapis cezası ile cezalandırıl"
1309,6.5,A.İ.H.M.,A.İ.H.M.,6591,2006,,2018-01-23,gebe+travma,gebe×1 | travma×11,MEHMET ALİ GÜVEN VE YUSUF GÜVEN - TÜRKİYE DAVASI,"(AİHS m. 3, 6, 35) (AHMET AKMAN - TÜRKİYE DAVASI) (ŞÜKRÜ YILDIZ - TÜRKİYE DAVASI) (MUSTAFA TUNÇ VE FECİRE TUNÇ - TÜRKİYE DAVASI) (AKSİN VE DİĞERLERİ - TÜRKİYE DAVASI) &nbsp; İKİNCİ BÖLÜM &nbsp; KABUL EDİLEBİLİRLİK HAKKINDA KARAR &nbsp; Başvuru No. 6591/06 &nbsp; Başkan &nbsp; Paul Lemmens, &nbsp; Ya"
1310,6.4,Yargıtay,1,1468,2022,3428,2022-05-10,gebe+illiyet,gebe×2 | travma×3 | illiyet×3,YARGITAY KARARI,"MAHKEMESİ :Ağır Ceza Mahkemesi HÜKÜMLER:1) Rize Ağır Ceza Mahkemesinin 13/09/2019 tarih ve 2018/393 Esas - 2019/171 Karar sayılı kararı ile, Sanık ...'ün olası kastla öldürme suçundan cezalandırılmasına karar verildiği, 2)Kararın istinaf edilmesi üzerine, ... Bölge Adliye Mahkemesinin 05/12/2019 tar"
1311,6.4,Yargıtay,9,11445,2022,1224,2023-03-07,gebe+travma,gebe×2 | travma×9,YARGITAY KARARI,"MAHKEMESİ:Ceza Dairesi SUÇLAR : Çocuğun nitelikli istismarı, kişiyi hürriyetinden yoksun kılma HÜKÜM: İstinaf başvurusunun düzeltilerek esastan reddi İlk Derece Mahkemesince sanık hakkında kişiyi hürriyetinden yoksun kılma suçundan hükmolunan cezanın tür ve miktarı ile istinaf incelemesi üzerine Böl"
1312,6.4,Yargıtay,1,3420,2020,6592,2021-04-12,gebe+illiyet,gebe×2 | travma×3 | illiyet×3,YARGITAY KARARI,"MAHKEMESİ :Ceza Dairesi SUÇ: Üstsoyu olası kastla öldürme, cebir ve tehditle kişiyi hürriyetinden yoksun kılma HÜKÜM: 1- Rize Ağır Ceza Mahkemesinin 13/09/2019 gün, 2018/393 E., 2019/171 K.: a- Sanığın TCK'nın 82/1-d, 21/2, 53, 63. maddeleri uyarınca müebbet hapis cezası ile cezalandırılması, b- San"
1313,6.4,Yargıtay,12,919,2018,1334,2020-02-11,gebe+travma,gebe×2 | travma×3 | illiyet×3,"TAKSİRLE ÖLDÜRME SUÇU - ADLİ TIP RAPORUNDA SANIKLARIN İHMALLERİNİN OLUP OLMADIĞININ AÇIKLANMASI YERİNE, İHMALİ DAVRANIŞLAR OLSA BİLE ÖLÜM SONUCUNUN GERÇEKLEŞEBİLECEĞİNİN BELİRTİLDİĞİ - HÜKMÜN ONANMASI","(5271 S. K. m. 223) &nbsp; Taksirle öldürme suçundan sanıkların beraatine ilişkin hüküm, katılanlar vekili tarafından temyiz edilmekle, dosya incelenerek gereği düşünüldü: &nbsp; 30/11/2009 olan suç tarihi gerekçeli karar başlığına &ldquo;30/11/2009, 07/12/2009&rdquo; olarak yazılmış ise de; bu husu"
1314,6.4,Yargıtay,1,7784,2022,1122,2024-02-21,gebe+travma,gebe×2 | travma×3 | illiyet×3,YARGITAY KARARI,"MAHKEMESİ:Ceza Dairesi TEBLİĞNAME GÖRÜŞÜ: Rt, temyiz istemlerinin esastan reddi ile hükümlerin onanması Suça sürüklenen çocuk ... müdafiinin temyiz isteminin incelenmesinde; suça sürüklenen çocuk ... müdafiinin süresi içerisinde temyiz istemleri sonrasında, suça sürüklenen çocuğun 18 yaşını ikmal et"
1315,6.4,Yargıtay,16,544,2020,2924,2020-06-18,gebe+illiyet,gebe×2 | travma×1 | illiyet×4,YARGITAY KARARI,"İtiraz Eden: Yargıtay Cumhuriyet Başsavcılığı Suç: Anayasal düzeni ortadan kaldırmaya teşebbüs etme Dosya incelenerek gereği düşünüldü: I-İTİRAZ KONUSU: Anayasal düzeni ortadan kaldırmaya teşebbüs etme suçundan sanık ...'nun atılı suçtan dolayı TCK'nın 309/1, TCK’nın 62/1, 53/1-2-3, 63. maddeleri uy"
1316,6.3,Yargıtay,9,12742,2022,688,2023-02-16,gebe+travma,gebe×3 | travma×4 | illiyet×2,YARGITAY KARARI,"MAHKEMESİ:Ceza Dairesi SAYISI: İlk Derece Mahkemesince verilen hükümlere yönelik istinaf incelemesi üzerine Bölge Adliye Mahkemesi tarafından verilen kararın; 5271 sayılı Ceza Muhakemesi Kanunu’nun (5271 sayılı Kanun’un) 286 ncı maddesinin birinci fıkrası uyarınca temyiz edilebilir olduğu, 260 ıncı "
1317,6.3,Yargıtay,1,1090,2012,3643,2012-05-08,gebe+illiyet,gebe×3 | travma×2 | illiyet×3,YARGITAY KARARI,"YARGITAY İLAMI (KANUN YARARINA BOZMA İSTEMİ) Tebliğname No: 2011/404776 MAHKEMESİ: Kahramanmaraş 1 Ağır Ceza Mahkemesi TARİH VE NUMARASI: 04/07/2011 - 2011/620 (E), 2011/620 (K) SUÇ: Kasten Öldürmü TÜRK MİLLETİ ADINA I)Olay: Şüpheli T.. D..'ye ait Kahramanmaraş C.Başsavcılığı'nın 24/06/2011 tarihli "
1318,6.2,Yargıtay,1,4477,2015,5157,2015-10-27,gebe+illiyet,gebe×4 | travma×1 | illiyet×3,YARGITAY KARARI,"Tebliğname No: 1 - 2015/254329 MAHKEMESİ: Akhisar Ağır Ceza Mahkemesi TARİHİ VE NO: 30/10/2013, 2013/204 (E) ve 2013/381 (K) SUÇ: İhmali davranışla kasten öldürme. TÜRK MİLLETİ ADINA Oluşa ve dosya kapsamına göre, kadın doğum uzmanı olan sanığın, olay tarihinden 9 gün önce bulantı,kusma,halsizlik şi"
1319,6.2,Danıştay,15,7108,2016,630,2017-02-09,gebe+travma,gebe×15 | travma×2,TAZMİNAT İSTEMİ - İDARENİN HATALI UYGULAMALARI NETİCESİNDE ENGELLİ KONUMA GELİP DESTEK OLMAKSIZIN GÜNLÜK YAŞAM AKTİVİTELERİNİ YERİNE GETİREMEYECEK OLANLARIN BAKIMI - HÜKMÜN BAKICI GİDERLERİNE İLİŞKİN ,"(2577 S. K. m. 16, Geç. m. 7) &nbsp; İstemin Özeti: Muğla 1. İdare Mahkemesi&#39;nin 08/03/2016 tarih ve E:2015/538; K:2016/202 sayılı kararının hukuka uygun olmadığı ileri sürülerek temyizen incelenerek bozulması istenilmektedir. &nbsp; Savunmaların Özeti: Taraflarca savunma verilmemiştir. &nbsp; T"
1320,5.9,Yargıtay,12,6933,2013,491,2014-01-15,gebe+illiyet,gebe×1 | travma×3 | illiyet×3,TAKSİRLE ÖLDÜRME SUÇU - SUÇUN NİTELENDİRİLMESİNDE YANILGIYA DÜŞÜLMESİ VE ZARARIN AĞIRLIĞININ TEMEL CEZANIN TAYİNİNDE DİKKATE ALINMASI SURETİYLE CEZANIN AZAMİ HADDE YAKIN TAYİN EDİLMESİ GEREKTİĞİ NAZAR,"(5237 S. K. m. 63, 85) (5271 S. K. m. 299) Dava ve Karar: Taksirle öldürme suçundan sanığın mahkumiyetine ilişkin hüküm, sanık, sanık müdafii ve katılan vekili tarafından temyiz edilmekle, dosya incelenerek gereği düşünüldü: Sanık müdafinin duruşmalı inceleme isteminin hükmedilen cezanın on yıl hapi"
1321,5.9,Yargıtay,9,10585,2023,8418,2023-12-13,gebe+travma,gebe×1 | travma×3 | illiyet×3,ÇOCUĞUN NİTELİKLİ CİNSEL İSTİSMARI SUÇU - TEMSİL KAYYIMI ATANMASI SAĞLANDIKTAN SONRA ATANAN KANUNİ TEMSİLCİNİN RIZA GÖSTERMESİ HALİNDE ON BEŞ YAŞINDAN KÜÇÜK TANIĞIN DİNLENEREK SONUCUNA GÖRE SANIĞIN HU,"(5271 S. K. m. 45, 260, 280, 286, 291, 294, 298, 299, 302, 304) (5237 S. K. m. 43, 53, 103, 109) &nbsp; İlk Derece Mahkemesince verilen hükümlere yönelik istinaf incelemesi üzerine Bölge Adliye Mahkemesi tarafından verilen kararın; 5271 sayılı Ceza Muhakemesi Kanunu&rsquo;nun (5271 sayılı Kanun) 286"
1322,5.9,A.İ.H.M.,2,29933,2003,,2010-05-20,gebe+illiyet,gebe×1 | travma×1 | illiyet×4,COX - TÜRKİYE DAVASI,"(AİHS m. 6, 7, 9, 10, 14, 17, 34, 35, 41, 44, 1 NOLU PROTOKOL, 7 NOLU PROTOKOL) (5683 S. K. m. 19) (5682 S. K. m. 8) (Başvuru no. 29933/03) KARAR STRAZBURG 20 Mayıs 2010 İşbu karar AİHS'nin 44/2 maddesinde belirtilen koşullar çerçevesinde kesinleşecektir. Şekli düzeltmelere tabi olabilir. USULİ İŞLE"
1323,5.8,Yargıtay,13,7520,2016,2798,2019-03-04,gebe+travma,gebe×2 | travma×3 | trafik/iş kaz,YARGITAY KARARI,MAHKEMESİ:Asliye Hukuk Mahkemesi (Tüketici Mahkemesi Sıfatıyla) Taraflar arasındaki manevi tazminat davasının yapılan yargılaması sonunda ilamda yazılı nedenlerden dolayı davanın kısmen kabulüne kısmen reddine yönelik olarak verilen hükmün süresi içinde davacılar ile davalı avukatınca temyiz edilmes
1324,5.8,Yargıtay,7,15981,2014,1469,2015-02-12,gebe+illiyet,gebe×2 | travma×2 | illiyet×3,YARGITAY KARARI,"Mahkemesi: Antalya 6. İş Mahkemesi Tarihi: 18/07/2014 Numarası: 2012/734-2014/334 Taraflar arasında görülen dava sonucunda verilen hükmün, Yargıtayca incelenmesi davalı A.. R.. vekili tarafından istenilmekle, temyiz isteğinin süresinde olduğu anlaşıldı. Dosya incelendi, gereği görüşüldü: 1-Dosyadaki"
1325,5.7,Danıştay,10,430,2020,2398,2024-06-04,gebe+illiyet,gebe×3 | travma×1 | illiyet×3,DANIŞTAY KARARI,T.C. D A N I Ş T A Y ONUNCU DAİRE Esas No : 2020/430 KararNo : 2024/2398 TEMYİZ EDEN (DAVACILAR) : 1- ... 2- ... 3- ... VEKİLİ : Av. ... TEMYİZ EDEN (DAVALI): ... Üniversitesi Rektörlüğü/ ... VEKİLİ : Av. ... MÜDAHİL(DAVALI YANINDA) : ... VEKİLİ : Av. ... İSTEMLERİN_KONUSU : Davacılardan ...'ın gebe
1326,5.7,Yargıtay,4,1462,2019,3088,2021-06-15,gebe+travma,gebe×3 | travma×2 | trafik/iş kaz,TAZMİNAT İSTEMİ - DAVALININ KUSURUNUN AĞIRLIĞI - DAVACININ AĞIR TRAVMAYA MARUZ KALDIĞI - MANEVİ TAZMİNAT MİKTARININ AZ OLMASI - İSTİNAF İNCELEMESİNİN DİLEKÇEDE BELİRTİLEN SEBEPLERLE SINIRLI YAPILDIĞI ,"(6100 S. K. m. 353, 355, 370) &nbsp; Dava: Taraflar arasındaki İlk Derece Mahkemesinde görülen tazminat davasında verilen davanın kısmen kabulüne ilişkin hüküm hakkında Bölge Adliye Mahkemesi tarafından yapılan istinaf incelenmesi sonucunda; istinaf isteminin esastan reddine dair verilen kararın, sü"
1327,5.7,Yargıtay,5,9489,2013,12241,2015-06-09,gebe+illiyet,gebe×3 | travma×1 | illiyet×3,YARGITAY KARARI,"Tebliğname No: 12 - 2012/41532 MAHKEMESİ : Ankara (Kapatılan) Batı (Sincan) 3. Sulh Ceza Mahkemesi TARİHİ: 18/10/2011 NUMARASI: 2010/529 Esas, 2011/1029 Karar SUÇ: Taksirle bir kişinin yaralanmasına neden olma, kamu görevinin usulsüz üstlenilmesi Mahalli mahkemece verilen hükümler temyiz edilmekle d"
1328,5.7,A.İ.H.M.,2,71795,2001,,2007-12-11,gebe+travma,gebe×3 | travma×5 | illiyet×1,K.Ö. - TÜRKİYE DAVASI,"(AİHS m. 3, 8, 14, 15, 34, 35, 41, 44, 1 Nolu Protokol, 4 Nolu Protokol) (Başvuru no. 71795/01) KARAR STRAZBURG 11 Aralık 2007 İşbu karar AİHS'nin 44§2. maddesinde belirtilen koşullar çerçevesinde kesinleşecektir. Şekli düzeltmelere tabi olabilir. USULİ İŞLEMLER Türkiye Cumhuriyeti Devleti aleyhine "
1329,5.6,Yargıtay,CG,14-1291,2012,1865,2012-12-25,gebe+travma,gebe×10 | travma×1,NİTELİKLİ CİNSEL İSTİSMAR SUÇU - ŞAHSIN ZEKA GERİLİĞİNİN ORTA DÜZEYDE OLDUĞUNUN BELİRLENMESİ HUSUSUNUN DİKKATE ALINMASI - SANIK TARAFINDAN GERÇEKLEŞTİRİLEN EYLEMLER SONUCUNDA MAĞDURENİN RUH SAĞLIĞININ,"(5237 S. K. m. 2, 3, 43, 53, 62, 63, 103) (2659 S. K. m. 7, 23, 31) Dava: Çocuğun nitelikli cinsel istismarı suçundan sanık M.'un 5237 sayılı TCK'nun 103/1-a, 103/2, 43, 62 ve 53. maddeleri uyarınca 8 yıl 4 ay hapis cezasıyla cezalandırılmasına, hak yoksunluğuna ve tutukluluk halinin devamına ilişki"
1330,5.6,Yargıtay,5,1826,2018,1439,2018-03-05,gebe+travma,gebe×37 | travma×1,ÇOCUĞUN NİTELİKLİ CİNSEL İSTİSMARI SUÇU - 5395 SAYILI KANUNUN ÇOCUĞUN FİZİKSEL VE RUHSAL SAĞLIĞININ KORUNMASI VE TEDAVİSİ İÇİN GEREKLİ GEÇİCİ VEYA SÜREKLİ TIBBÎ BAKIM VE REHABİLİTASYONUNA VE TEDAVİLER,"(5395 S. K. m. 5) (5271 S. K. m. 309) (5237 S. K. m. 99) (2827 S. K. m. 5, 6) &nbsp; Dava: Çocuğun nitelikli cinsel istismarı ve reşit olmayanla cinsel ilişki suçundan Mut Cumhuriyet Başsavcılığınca yürütülen 2017/926 sayılı soruşturma kapsamında, doktor raporunda 10 hafta 3 günlük hamile olduğu tes"
1331,5.6,Danıştay,8,5664,2016,1533,2021-03-12,gebe+travma,gebe×51 | travma×1,DANIŞTAY KARARI,T.C. D A N I Ş T A Y SEKİZİNCİ DAİRE EsasNo : 2016/5664 KararNo : 2021/1533 DAVACI: ... VEKİLİ: Av. ... DAVALILAR: 1- ... Bakanlığı VEKİLİ: ... 2- ... Müdürlüğü VEKİLİ: Av. ... DAVANIN KONUSU : 1- Elmadağ Polis Meslek Eğitim Merkezi Müdürlüğüne geçici kaydı yapılan davacının Emniyet Teşkilatı Sağlık
1332,5.3,Yargıtay,9,10460,2023,8866,2023-12-26,gebe+travma,gebe×7 | travma×3,YARGITAY KARARI,"MAHKEMESİ:Ceza Dairesi SAYISI: 2023/290 E., 2023/436 K. SUÇLAR : Çocuğun nitelikli cinsel istismarı, kişiyi hürriyetinden yoksun kılma HÜKÜM: İstinaf başvurusunun esastan reddi kararı TEMYİZ EDENLER : Sanık müdafii, katılan Bakanlık vekili, katılan mağdure vekili TEBLİĞNAME GÖRÜŞÜ: Onama İlk Derece "
1333,5.3,Yargıtay,12,27926,2013,16600,2014-07-07,gebe+illiyet,gebe×1 | travma×4 | illiyet×2,YARGITAY KARARI,"Mahkemesi :Asliye Ceza Mahkemesi Suçlar : Şantaj-özel hayatın gizliliğini ihlal, tehdit, hakaret Hükümler: Şantaj suçundan; TCK'nın 107, 50, 52. maddeleri gereğince mahkumiyet Hakaret suçundan; TCK'nın 125/2. maddesi atfıyla aynı Kanun'un 125/1, 43. maddeleri gereğince mahkumiyet (4 defa) Tehdit suç"
1334,5.2,Yargıtay,16,3292,2019,5795,2019-09-26,gebe+illiyet,gebe×2 | travma×1 | illiyet×3,YARGITAY KARARI,"Mahkemesi :Ceza Dairesi İlk Derece Mahkemesi: ...2. Ağır Ceza Mahkemesinin 20.12.2017 tarih ve.... sayılı kararı Katılanlar: 1-T.C ... (Cumhurbaşkanlığı) 2-T.C ... Suç: Anayasal düzeni ortadan kaldırmaya teşebbüs etme Hüküm: TCK'nın 309/1, TCK’nın 62/1, 53/1-2-3, 63. maddeleri uyarıncamahkumiyet hük"
1335,5.1,A.Y.İ.M.,3,1131,2008,1372,2008-12-18,gebe+travma,gebe×3 | travma×6,VAZİFE MALÜLÜ AYLIĞI BAĞLANMAMASI İŞLEMİNİN İPTALİ İSTEMİ - DAVACININ AYLIKLARININ HAKSIZ VE GEÇ ÖDENMESİNDEN KAYNAKLANAN MAL VARLIĞINDAKİ EKSİLMENİN TELAFİSİNE YÖNELİK OLARAK ÖDENMESİ GEREKEN AYLARDA,"(5434 S. K. m. 12, 44, 45, 56) Davacı vekili 29.04.2008 tarihinde Edirne İdare Mahkemesi kaydına, 01.05.2008 tarihinde AYİM kaydına geçen dava dilekçesinde özetle; müvekkilinin Siirt/Pervari J. Komd. Bl. Komutanlığında askerlik vazifesini yaparken 22.03.1990 günü konvoyda yer alan araçta görevli ike"
1336,4.9,Yargıtay,9,4335,2021,6083,2023-10-09,gebe+travma,gebe×5 | travma×4,YARGITAY KARARI,"MAHKEMESİ:Ağır Ceza Mahkemesi SAYISI: 2014/7 E., 2015/7 K. SUÇLAR: Nitelikli cinsel saldırı, kişiyi hürriyetinden yoksun kılma HÜKÜM: Beraat TEBLİĞNAME GÖRÜŞÜ: Onama Sanık hakkında kurulan hükmün; karar tarihi itibarıyla 6723 sayılı Kanun’un 33 üncü maddesiyle değişik 5320 sayılı Kanun’un 8 inci mad"
1337,4.7,Yargıtay,1,477,2011,3574,2011-06-03,gebe+travma,gebe×1 | travma×7,YARGITAY KARARI,TEBLİĞNAME : 1-B/2010/320977 MAHKEMESİ :ALANYA Birinci Ağır Ceza Mahkemesi TARİHİ VE NO :03.03.2009- 181/54 SUÇ :Kasten öldürmek İ.. A..'yı kasten öldürmekten sanık Y.. U..'ın yapılan yargılanması sonunda: hükümlülüğüne ilişkin (ALANYA) Birinci Ağır Ceza Mahkemesinden verilen 03.03.2009 gün ve 181/5
1338,4.7,Yargıtay,3,20568,2017,14841,2018-10-10,gebe+illiyet,gebe×1 | travma×1 | illiyet×3,YARGITAY KARARI,"MAHKEMESİ :Asliye Ceza Mahkemesi HÜKÜM: Hükmün açıklanması suretiyle mahkumiyet Mahalli mahkemece verilen hüküm temyiz edilmekle evrak okunarak; Gereği görüşülüp düşünüldü: Diğer temyiz itirazları yerinde görülmediğinden reddine, ancak; 1) Mağdur ... hakkında ... Yıl Devlet Hastanesince düzenlenen 0"
1339,4.7,Yargıtay,11,7489,2009,608,2011-01-24,gebe+illiyet,gebe×1 | travma×1 | illiyet×3,YARGITAY KARARI,"MAHKEMESİ :Sulh Hukuk Mahkemesi Taraflar arasında görülen davada İstanbul 2. Sulh Hukuk Mahkemesi’nce verilen 11/03/2009 tarih ve 2008/281-2009/213 sayılı kararın Yargıtayca incelenmesi taraf vekilleri tarafından istenmiş ve temyiz dilekçesinin süresi içinde verildiği anlaşılmış olmakla, dava dosyas"
1340,4.7,A.İ.H.M.,2,6644,2008,,2011-05-24,gebe+travma,gebe×1 | travma×1 | illiyet×3,FIRAT CAN - TÜRKİYE DAVASI,"(AİHS m. 3, 5, 6, 13, 14, 34, 35, 41, 44) (5237 S. K. m. 86, 146, 256) (5271 S. K. m. 102, 141) (1412 S. K. m. 297, 298, 299, 300, 301, 302, 303, 304) (DUR - TÜRKİYE DAVASI) (ÇELİK VE İMRET - TÜRKİYE DAVASI) (ABDÜLSAMET YAMAN - TÜRKİYE DAVASI) (MAŞUK GÜLER - TÜRKİYE DAVASI) (TAMAMBOĞA VE GÜL - TÜRKİ"
1341,4.7,Yargıtay,11,9897,2003,4251,2004-04-19,gebe+illiyet,gebe×1 | travma×3 | illiyet×2,SSK PRİM BORÇLARI İÇİN VERİLEN ÇEKİN KISMEN KARŞILIKSIZ ÇIKMASI - KISMİ ÖDEMENİN REDDEDİLEMEMESİ - TAKAS ODASINA SSK TARAFINDAN İBRAZ EDİLEN ÇEKİN KISMEN KARŞILIĞI BULUNMAMASINA RAĞMEN ARKASINA KARŞIL,"(6762 S. K. m.710, 730/8, 621/2) (6183 S. K. m. 51) (506 S. K. m.80/4-8) (3167-1 S. K. m.4, 5) Dava: Taraflar arasında görülen davada Bursa 3.Sulh Hukuk Mahkemesi'nce verilen 18.03.2003 tarih ve 2002/498 - 2003/434 sayılı kararın Yargıtay'ca incelenmesi davacı vekili tarafından istenmiş ve temyiz di"
1342,4.7,Yargıtay,14,4982,2013,10706,2013-10-30,gebe+illiyet,gebe×1 | travma×1 | illiyet×3,YARGITAY KARARI,"Çocuğun nitelikli cinsel istismarı suçundan sanık ...'ın yapılan yargılaması sonunda; beden veya ruh sağlığını bozacak şekilde çocuğun nitelikli cinsel istismarı suçundan mahkûmiyetine dair.... Ağır Ceza Mahkemesinden verilen 12.03.2013 gün ve 2011/126 Esas, 2013/85 Karar sayılı hükmün süresi içinde"
1343,4.7,Danıştay,10,6479,2019,4305,2020-10-27,gebe+illiyet,gebe×1 | travma×1 | illiyet×3,DANIŞTAY KARARI,"T.C. D A N I Ş T A Y ONUNCU DAİRE Esas No: 2019/6479 KararNo: 2020/4305 TEMYİZ EDEN (DAVACI): . VEKİLİ: Av. . KARŞI TARAF (DAVALI): . Bakanlığı VEKİLİ: Av. . İSTEMİN_KONUSU: ... İdare Mahkemesinin . tarih ve E:., K:. sayılı kararının davacı tarafından temyizen incelenerek bozulması istenilmektedir. "
1344,4.7,Yargıtay,9,217,2023,3431,2023-05-23,gebe+travma,gebe×1 | travma×7,YARGITAY KARARI,"MAHKEMESİ:Çocuk Ağır Ceza Mahkemesi SAYISI: 2022/3 E., 2022/490 K. SUÇLAR: Çocuğun nitelikli cinsel istismarı, kişiyi hürriyetinden yoksun kılma HÜKÜMLER: Mahkûmiyet TEBLİĞNAME GÖRÜŞÜ: Onama Suça sürüklenen çocuk hakkında bozma üzerine kurulan hükümlerin; karar tarihi itibarıyla 6723 sayılı Kanun’un"
1345,4.6,A.Y.İ.M.,2,447,2005,860,2005-11-30,gebe+travma,gebe×2 | travma×2 | illiyet×2,EŞİNİN TERHİS TARİHİNİN VE ASKERLİK HİZMETİNİ YAPTIĞININ TESPİTİ İSTEMİ - HİZMET KUSURU,"(2709 S. K. m. 72, 125) Davacı, 23 Mayıs 2005 tarihinde Malatya İdare Mahkemesi, 26 Mayıs 2005 tarihinde Askeri Yüksek Mahkemesinde kayda geçen dilekçesinde özetle, Eşi ..'nün 18 Şubat 1941 tarihinde Kırkağaç 64.P.Al.3.Tb.Bl.K.lığında askerlik hizmetini yapmak için gittiğini ve 21 Şubat 1941 tarihin"
1346,4.6,Anayasa,GK,146,2014,137,2014-09-11,gebe+travma,gebe×2 | travma×4 | illiyet×1,"ANAYASA MAHKEMESİNİN E: 2013/146 (2659 SAYILI KANUN İLE İLGİLİ), K: 2014/137 SAYILI KARARI","(2709 S. K. m. 17, 36, 152) (2659 S. K. m. 1, 7, 15, 16, 23, 24, 31) (4810 S. K. m. 7) (6216 S. K. m. 40) RGT: 12.12.2014 RG NO: 29203 İTİRAZ YOLUNA BAŞVURAN: İstanbul 35. Asliye Ticaret Mahkemesi İTİRAZIN KONUSU: 14.4.1982 günlü, 2659 sayılı Adli Tıp Kurumu Kanunu'nun 7. maddesinin, 19.2.2003 günlü"
1347,4.2,Yargıtay,9,2015,2023,4452,2023-06-20,gebe+travma,gebe×6 | travma×2,YARGITAY KARARI,"MAHKEMESİ:Ağır Ceza Mahkemesi SUÇ: Çocuğun cinsel istismarı HÜKÜM: Mahkûmiyet Sanık hakkında bozma üzerine kurulan hükmün; karar tarihi itibarıyla 6723 sayılı Kanun’un 33 üncü maddesiyle değişik 5320 sayılı Kanun’un 8 inci maddesi gereği yürürlükte bulunan 1412 sayılı Ceza Muhakemeleri Usulü Kanunu’"
1348,4.2,Yargıtay,9,5396,2023,5071,2023-09-12,gebe+travma,gebe×6 | travma×2,YARGITAY KARARI,"MAHKEMESİ:Ceza Dairesi SAYISI: 2022/1515 E., 2023/27 K. SUÇ: Çocuğun nitelikli cinsel istismarı HÜKÜM: Mahkumiyet TEBLİĞNAME GÖRÜŞÜ : Onama İlk Derece Mahkemesince verilen hükme yönelik istinaf incelemesi üzerine Bölge Adliye Mahkemesi tarafından kurulan kararın; 5271 sayılı Ceza Muhakemesi Kanunu’n"
1349,4.1,Yargıtay,14,3204,2019,11548,2019-10-09,gebe+travma,gebe×7 | travma×1,CİNSEL İSTİSMAR SUÇU - SANIK İLE SUÇA SÜRÜKLENEN ÇOCUĞUN EYLEMLERİNDEN DOLAYI RUH SAĞLIĞININ AYRI AYRI BOZULUP BOZULMADIĞI HUSUSLARINDA AYRINTILI RAPOR ALINDIKTAN SONRA TÜM DELİLLER BİRLİKTE DEĞERLEND,"(5237 S. K. m. 30, 103) &nbsp; İlk derece mahkemesince verilen hükümlerin sanık ve suça sürüklenen çocuk ile sanık müdafileri tarafından temyiz edilmesi ve sanık ile müdafisince incelemenin duruşmalı yapılmasının talep edilmesi üzerine, dosya Yargıtay Cumhuriyet Başsavcılığından tebliğname ile Daire"
1350,4.1,Anayasa,1,14734,2017,,2020-09-16,gebe+travma,gebe×1 | travma×6,ANAYASA MAHKEMESİNİN 16/9/2020 TARİHLİ VE 2017/14734 SAYILI KARARI (BİREYSEL BAŞVURU),"(2709 S. K. m. 5, 17) (7201 S. K. m. 35) (ANY. MAH. 18.09.2013 T. 2012/969 E. ) (ANY. MAH. 17.09.2013 T. 2012/752 E. ) (ANY. MAH. 18.09.2013 T. 2012/1017 E. ) (ANY. MAH. 19.02.2019 T. 2015/9669 E. ) &nbsp; *** İncelemekte olduğunuz karar Resmi Gazete&rsquo;de yayımlanmamış olup kararlar bilgibankasi"
1351,4.1,Yargıtay,8,17416,2021,1947,2024-02-29,gebe+travma,gebe×7 | travma×1,YARGITAY KARARI,"İNCELENEN KARARIN MAHKEMESİ:Ceza Dairesi SAYISI: 2020/120 E., 2020/284 K. İlk Derece Mahkemesince verilen hükümlere yönelik istinaf incelemesi üzerine Bölge Adliye Mahkemesi tarafından verilen kararın; temyiz edilebilir olduğu, temyiz edenlerin hükümleri temyize hak ve yetkisinin bulunduğu, temyiz i"
1352,4,A.İ.H.M.,A.İ.H.M.,261,2012,,2020-10-13,gebe+travma,gebe×2 | travma×5,BİRLANT DADAEVA VE ASLAN ABUBAKAROV - TÜRKİYE DAVASI,"(AİHS m. 3, 13) (EL-MASRİ - ESKİ YUGOSLAV MAKEDONYA CUMHURİYETİ DAVASI) (AKSİN VE DİĞERLERİ - TÜRKİYE DAVASI) &nbsp; İKİNCİ BÖLÜM &nbsp; KABUL EDİLEBİLİRLİK HAKKINDA KARAR &nbsp; Başvuru No. 261/12 &nbsp; Başkan &nbsp; Valeriu Gritco, &nbsp; Hakimler &nbsp; Branko Lubarda, &nbsp; Pauliine Koskelo &n"
1353,3.8,Yargıtay,9,2167,2021,407,2022-01-18,gebe+travma,gebe×4 | travma×1 | illiyet×1,YARGITAY KARARI,"MAHKEMESİ :Ağır Ceza Mahkemesi İlk derece mahkemesince verilen hüküm temyiz edilmekle başvurunun muhtevası ve inceleme tarihine kadar getirilen kanuni düzenlemeler nazara alınarak dosya tetkik edildi, gereği görüşüldü: Muhakeme safahatını yansıtan tutanaklar, belgeler ve gerekçe içeriğine göre yapıl"
1354,3.8,Yargıtay,9,19390,2021,270,2023-01-23,gebe+travma,gebe×4 | travma×3,YARGITAY KARARI,"MAHKEMESİ:Ceza Dairesi SAYISI: 1.Suça sürüklenen ... ... hakkında kişiyi hürriyetinden yoksun kılma suçundan, suça sürüklenen ... ... hakkında sarkıntılık suretiyle çocuğun cinsel istismarı suçundan verilen beraat kararlarına yönelik istinaf başvurularının Bölge Adliye Mahkemesince esastan reddedild"
1355,3.7,Yargıtay,1,3474,2023,5486,2024-09-12,gebe+travma,gebe×5 | travma×2,YARGITAY KARARI,"T U T U K L U T A H L İ Y E T A L E P L İ MAHKEMESİ:Ceza Dairesi SAYISI: 2023/512 E., 2023/486 K. MAKTUL: Erkek isimsiz bebek MÜŞTEKİ: ... SUÇ: Nitelikli kasten öldürme HÜKÜM: İstinaf başvurularının esastan reddi kararı İlk Derece Mahkemesince kurulan hükme yönelik istinaf incelemesi üzerine Bölge A"
1356,3.7,Yargıtay,9,14082,2021,7476,2023-11-09,gebe+travma,gebe×5 | travma×2,YARGITAY KARARI,"MAHKEMESİ:Ağır Ceza Mahkemesi SAYISI: 2015/350 E., 2016/27 Karar SUÇLAR: Çocuğun nitelikli cinsel istismarı, çocuğun cinsel istismarı, kişiyi hürriyetinden yoksun kılma HÜKÜMLER: Mahkumiyet TEMYİZ EDENLER: O yer Cumhuriyet savcısı, suça sürüklenen çocuk ve sanık müdafileri TEBLİĞNAME GÖRÜŞÜ: Onama S"
1357,3.6,Yargıtay,14,2892,2013,6616,2013-05-27,gebe+travma,gebe×6 | travma×1,YARGITAY KARARI,"Çocuğun nitelikli cinsel istismarı suçundan sanık ...'in yapılan yargılaması sonunda; beden veya ruh sağlığını bozacak şekilde çocuğun nitelikli cinsel istismarı suçundan mahkûmiyetine dair ... Çocuk Ağır Ceza Mahkemesinden verilen 27.11.2012 gün ve 2012/265 Esas, 2012/320 Karar sayılı hükmün süresi"
1358,3.5,Yargıtay,4,848,2014,15920,2014-11-25,gebe+illiyet,gebe×1 | travma×1 | illiyet×2,YARGITAY KARARI,"MAHKEMESİ: Kars 1. Asliye Hukuk Mahkemesi TARİHİ: 03/10/2013 NUMARASI: 2012/85-2013/606 Davacı A.. S.. vekili Avukat A.. B.. tarafından, davalı K.. M.. aleyhine 02/03/2012 gününde verilen dilekçe ile tazminat istenmesi üzerine mahkemece yapılan yargılama sonunda; davanın kabulüne dair verilen 03/10/"
1359,3.5,Yargıtay,9,13268,2023,108,2024-01-10,gebe+travma,gebe×1 | travma×5,YARGITAY KARARI,"... MAHKEMESİ:Ceza Dairesi SAYISI: 2022/661 E., 2022/579 K. ... ... SUÇ: Çocuğun nitelikli cinsel istismarı HÜKÜM: İstinaf başvurusunun esastan reddi ... TEBLİĞNAME GÖRÜŞÜ: Kısmî ret, kısmî bozma Katılan Bakanlık vekilinin temyiz istemi yönünden; katılan Bakanlık vekilinin yokluğunda verilip 07.06.2"
1360,3.5,A.İ.H.M.,2,71864,2001,,2009-07-07,gebe+travma,gebe×1 | travma×3 | illiyet×1,TAĞAÇ VE DİĞERLERİ - TÜRKİYE DAVASI,"(AİHS m. 5, 6, 34, 35, 41, 44) (765 S. K. m. 149, 168) (3713 S. K. m. 5) (TAŞÇIGİL - TÜRKİYE DAVASI) (ÇİMEN - TÜRKİYE DAVASI) (ÖZDEMİR - TÜRKİYE DAVASI) (SALDUZ - TÜRKİYE DAVASI) (Başvuru no: 71864/01) KARAR STRAZBURG 7 Temmuz 2009 İşbu karar AİHS'nin 44/2 maddesinde belirtilen koşullar çerçevesinde"
1361,3.4,Yargıtay,9,2585,2023,3786,2023-06-05,gebe+travma,gebe×2 | travma×4,YARGITAY KARARI,"MAHKEMESİ:Ağır Ceza Mahkemesi SAYISI: 2022/402 E., 2022/594 K. SUÇ: Çocuğun nitelikli cinsel istismarı HÜKÜM: Beraat TEBLİĞNAME GÖRÜŞÜ: Onama İlk Derece Mahkemesince bozma üzerine sanık hakkında, mağdureye karşı çocuğun nitelikli cinsel istismarı suçundan kurulan hükmün, 5271 sayılı Kanun’un 286 ncı"
1362,3.2,Yargıtay,5,12399,2013,15596,2015-10-27,gebe+travma,gebe×4 | travma×2,YARGITAY KARARI,"Tebliğname No: 5 - 2012/293531 MAHKEMESİ : Ereğli (Konya) Sulh Ceza Mahkemesi TARİHİ: 26/06/2012 NUMARASI: 2011/264 Esas, 2012/1158 Karar SUÇ: İhmali davranışla görevi kötüye kullanma Mahalli mahkemece verilen hüküm temyiz edilmekle dosya incelenerek, gereği düşünüldü: 2797 sayılı Yargıtay Kanununun"
1363,3.1,Yargıtay,1,15229,2022,6899,2023-11-09,gebe+travma,gebe×5 | travma×1,YARGITAY KARARI,"MAHKEMESİ:Ceza Dairesi SAYISI: 2021/541 E., 2022/1424 K. SUÇ: Nitelikli kasten öldürme HÜKÜM: İstinaf başvurularının düzeltilerek esastan reddi kararı TEBLİĞNAME GÖRÜŞÜ: Kısmî ret, kısmî temyiz başvurusunun esastan reddi ile hükmün onanması İlk Derece Mahkemesince verilen hükme yönelik istinaf incel"
1364,2.9,Yargıtay,9,16557,2022,1423,2023-03-15,gebe+travma,gebe×1 | travma×4,YARGITAY KARARI,"MAHKEMESİ:Ceza Dairesi SUÇ: Çocuğun nitelikli cinsel istismarı HÜKÜM: Mahkûmiyet Bölge Adliye Mahkemesi tarafından bozma üzerine verilen kararın 5271 sayılı Ceza Muhakemesi Kanunu'nun (5271 sayılı Kanun) 286 ncı maddesinin birinci fıkrası uyarınca temyiz edilebilir olduğu, 260 ıncı maddesinin birinc"
1365,2.9,Yargıtay,9,11407,2023,8711,2023-12-20,gebe+travma,gebe×1 | travma×4,ÇOCUK DÜŞÜRTME SUÇU - MEVCUT HALİYLE SANIĞIN OLAY GÜNÜ MAĞDUREYİ BASİT TIBBİ MÜDAHALE İLE GİDERİLEBİLİR ŞEKİLDE YARALADIĞININ ANLAŞILMASI KARŞISINDA SUÇ VASFININ TAYİNİNDE YANILGIYA DÜŞÜLEREK HÜKÜM KU,"(2709 S. K. m. 141) (5320 S. K. m. 8) (1412 S. K. m. 305, 308, 310, 317) (5271 S. K. m. 231, 260) (5237 S. K. m. 35, 62, 99) (5395 S. K. m. 23) (Bölge Adliye Ve Adli Yargı İlk Derece Mahkemeleri İle Cumhuriyet Başsavcılıkları İdari Ve Yazı İşleri Hizmetlerinin Yürütülmesine Dair Yönetmelik m. 141) &"
1366,2.9,Danıştay,13,2177,2019,1218,2023-03-16,gebe+travma,gebe×1 | travma×2 | illiyet×1,DANIŞTAY KARARI,T.C. D A N I Ş T A Y ONÜÇÜNCÜ DAİRE Esas No:2019/2177 Karar No:2023/1218 TEMYİZ EDEN (DAVACI) : … Radyo TV A.Ş. VEKİLİ : Av. … MÜDAHİL (DAVACI YANINDA) : ... Yapım ve Gösteri Hizmetleri A.Ş. VEKİLİ : Av. … KARŞI TARAF (DAVALI) : … Kurulu VEKİLİ : Av. … İSTEMİN KONUSU : … Bölge İdare Mahkemesi ... İd
1367,2.7,Yargıtay,9,6581,2021,7395,2023-11-08,gebe+travma,gebe×3 | travma×2,YARGITAY KARARI,"MAHKEMESİ:Çocuk Ağır Ceza Mahkemesi SAYISI: 2013/310 E., 2015/173 K. SUÇ: Beden veya ruh sağlığını bozacak şekilde çocuğun nitelikli cinsel istismarı HÜKÜM: Mahkumiyet TEBLİĞNAME GÖRÜŞÜ: Onama Suça sürüklenen çocuk hakkında kurulan hükmün karar tarihi itibarıyla 6723 sayılı Kanun’un 33 üncü maddesiy"
1368,2.6,Yargıtay,9,5811,2021,5971,2023-10-05,gebe+travma,gebe×4 | travma×1,YARGITAY KARARI,"MAHKEMESİ:Ağır Ceza Mahkemesi SAYISI: 2013/317 E., 2015/139 K. SUÇLAR: Beden veya ruh sağlığını bozacak şekilde çocuğun nitelikli cinsel istismarı, kişiyi hürriyetinden yoksun kılma HÜKÜMLER: Mahkûmiyet, hükmün açıklanmasının geri bırakılması TEBLİĞNAME GÖRÜŞÜ: Bozma Suça sürüklenen çocuk hakkında k"
1369,2.6,Yargıtay,3,3460,2023,1396,2024-04-25,gebe+travma,gebe×4 | travma×1,MADDİ VE MANEVİ DAVASI - DAVANIN ARABULUCULUK KAPSAMINDA OLMADIĞINDAN BAHİSLE ARABULUCULUK BAŞVURUSU YAPILMADIĞININ BEYAN EDİLDİĞİ DAVACININ ZORUNLU ARABULUCULUK SÜRECİNİ İŞLETMEDEN ELDEKİ DAVAYI AÇTI,"(6098 S. K. m. 502) (6502 S. K. m. 73/A) (6325 S. K. m. 18/A) &nbsp; Taraflar arasındaki maddi ve manevi tazminat davasından dolayı yapılan yargılama sonunda İlk Derece Mahkemesince davanın reddine karar verilmiştir. &nbsp; Kararın davacı vekili tarafından istinaf edilmesi üzerine, Bölge Adliye Mahk"
1370,2.3,Yargıtay,1,3401,2020,4756,2021-03-22,gebe+travma,gebe×1 | travma×3,YARGITAY KARARI,"MAHKEMESİ :Ceza Dairesi SUÇ: Nitelikli kastan öldürme HÜKÜMLER :1- Sanığın nitelikli kasten öldürme suçundan TCK'nin 82/1-d, 53. maddeleri uyarınca ağırlaştırılmış müebbet hapis cezası ile mahkumiyetine dair ... 1. Ağır Ceza Mahkemesinin 04/02/2018 gün ve 2016/312 esas-2018/962 karar sayılı kararı. "
1371,2.3,Yargıtay,12,31718,2012,18102,2013-07-03,gebe+travma,gebe×1 | travma×3,YARGITAY KARARI,"Mahkemesi:Ağır Ceza Mahkemesi Suç: Taksirle öldürme Hüküm : TCK'nın 85/2, 62/1-2, 50/4-1-a, 52/2-4, 53/6. maddeleri gereğince mahkumiyet, sürücü belgesinin geri alınması Taksirle yaralama suçundan sanığın mahkumiyetine ilişkin hüküm, sanık tarafından temyiz edilmekle, dosya incelenerek gereği düşünü"
1372,2.3,Yargıtay,9,5686,2021,3913,2023-06-06,gebe+travma,gebe×1 | travma×3,YARGITAY KARARI,"MAHKEMESİ:Ağır Ceza Mahkemesi SAYISI: 2014/256 E., 2015/43 K. SUÇ: Çocuğun nitelikli cinsel istismarı suçuna teşebbüs HÜKÜMLER: Mahkumiyet TEBLİĞNAME GÖRÜŞÜ: Onama Sanıklar haklarında bozma üzerine kurulan hükümlerin; karar tarihi itibarıyla 6723 sayılı Kanun’un 33 üncü maddesiyle değişik 5320 sayıl"
1373,2.2,Danıştay,10,6614,2019,1477,2021-03-30,gebe+travma,gebe×2 | travma×2,DANIŞTAY KARARI,"T.C. D A N I Ş T A Y ONUNCU DAİRE Esas No : 2019/6614 KararNo : 2021/1477 TEMYİZ EDEN (DAVALI): ... Bakanlığı (... Kurumu) VEKİLİ: ... KARŞI TARAF (DAVACI): ... VEKİLİ: Av. ... İSTEMİN_KONUSU: ... İdare Mahkemesinin ... tarih ve E: ..., K: ... sayılı kararının kabule ilişkin kısmının davalı idare ta"
1374,2.1,Yargıtay,1,5204,2011,3436,2012-05-02,gebe+travma,gebe×3 | travma×1,YARGITAY KARARI,"Tebliğname No: 1 - 2011/158151 MAHKEMESİ : Hakkari Ağır Ceza Mahkemesi TARİHİ VE NO: 21/12/2010, 2009/444 (E) ve 2010/349 (K) SUÇ: Yeni doğan çocuğunu olası kastla öldürme. TÜRK MİLLETİ ADINA Toplanan deliller karar yerinde incelenip, sanık Sikal'ın öldürme suçunun sübutu kabul, oluşa ve soruşturma "
1375,1.7,Yargıtay,14,13937,2012,1332,2013-02-14,gebe+travma,gebe×1 | travma×2,YARGITAY KARARI,"Çocuğun nitelikli cinsel istismarı suçundan sanık ...'un bozma üzerine yapılan yargılaması sonunda; beden veya ruh sağlığını bozacak şekilde çocuğun nitelikli cinsel istismarı suçundan mahkûmiyetine dair ... Ağır Ceza Mahkemesinden verilen 03.04.2012 gün ve 2011/271 Esas, 2012/71 Karar sayılı hükmün"
1376,1.7,A.Y.İ.M.,2,1449,2011,262,2012-03-07,gebe+travma,gebe×1 | travma×2,İDARİ İŞLEMİN İPTALİ İSTEMİ - TÜM SONUÇLARIYLA BİRLİKTE İPTAL EDİLEN İŞLEMİN GÖREVDE YÜKSELME SINAVI OLDUĞU - DAVACIYA ÖDENEN ÖZLÜK HAKLARIYLA İLGİLİ BİR HÜKÜM BULUNMADIĞI - DAVACININ ÖZLÜK HAKLARI YÖ,"(1602 S. K. m. 48) Davacı, 01.11.2011 tarihinde AYİM'de kayda geçen dava dilekçesinde, özetle; yapılan görevde yükselme sınavı sonucunda MSB'nin 10.08.2010 tarihli yazısına istinaden 01.09.2010 tarihinde Askeri Yargıtay 4'üncü Daire Yazı işleri Müdürlüğüne fiilen katıldığını ve bu tarihten itibaren "
1377,1.7,A.Y.İ.M.,3,523,2003,133,2003-10-31,gebe+travma,gebe×1 | travma×2,LİSANSÜSTÜ ÖĞRENİM KIDEMİ ALABİLMEK İÇİN YAPILAN BAŞVURUNUN REDDİ İŞLEMİNİN İPTALİ İSTEMİ - BAŞVURU TARİHİNDEKİ STATÜSÜNE SİCİL NOTLARI ORTALAMASINA VE NİTELİK BELGESİNE GÖRE İDARE TARAFINDAN NASİP DÜ,"(926 S. K. m. 36) (Subay Sicil Yönetmeliği m. 116) Davacı 28.05.2003 tarihinde Tarsus Asliye Hukuk Mahkemesine verdiği ve bu yolla 30.05.2003 tarihinde AYİM'de kayda geçen dava dilekçesinde özetle; Adana Jandarma Bölge Komutanlığı emrinde görevli iken 13.05.1999 tarihinde malulen emekliye sevk edild"
1378,1.7,Yargıtay,5,13575,2009,747,2010-02-09,gebe+travma,gebe×1 | travma×2,YARGITAY KARARI,"Nitelikli cinsel saldırıya teşebbüs, konut dokunulmazlığını ihlal, kasten yaralama ve tehdit suçlarından sanık ...’nün yapılan yargılanması sonunda; kasten yaralamanın nitelikli cinsel saldırıya teşebbüs suçunun unsuru olarak kabulü ile atılı suçlardan mahkümiyetine dair, Muğla 1. Ağır Ceza Mahkemes"
1379,1.6,Yargıtay,1,2070,2018,2606,2020-11-02,gebe+travma,gebe×2 | travma×1,YARGITAY KARARI,"MAHKEMESİ :Ceza Dairesi SUÇ: Çocuğu veya beden veya ruh bakımından kendini savunamayacak kişiyi öldürme, çocuğa karşı nitelikli cinsel istismar, kişiyi hürriyetinden yoksun kılma HÜKÜM: Sanık ... hakkında: 1- TCK'nin 37/1, 103/2, 103/3-a, 53/1, 63. maddeleri gereğince 27 yıl hapis ile mahkumiyete il"
1380,1.6,Yargıtay,14,8746,2013,8385,2015-09-15,gebe+travma,gebe×2 | travma×1,YARGITAY KARARI,"MAHKEMESİ :Ağır Ceza Mahkemesi SUÇ: Çocuğun nitelikli cinsel istismarı İlk derece mahkemesince verilen hüküm temyiz edilmekle, 28.06.2014 tarihinde yayımlanarak yürürlüğe giren ve cinsel dokunulmazlığa karşı suçlarda değişiklik yapan 6545 sayılı Kanun ile getirilen düzenlemeler de gözetilip dosya in"
1381,1.1,Yargıtay,20,11375,2016,10712,2016-11-14,gebe+travma,gebe×1 | travma×1,YARGITAY KARARI,"MAHKEMESİ:Aile Mahkemesi Taraflar arasındaki davada ... 3. Asliye Hukuk ve ... 4. Aile Mahkemelerince ayrı ayrı görevsizlik kararı verilmesi nedeni ile yargı yerinin belirlenmesi için gönderilen dosya içindeki tüm belgeler incelendi, gereği düşünüldü: K A R A R Dava, manevi tazminat istemine ilişkin"
1382,1.1,Yargıtay,10,1875,2023,3615,2023-04-03,gebe+travma,gebe×1 | travma×1,VAZİFE MALULÜ OLDUĞUNUN TESPİTİ DAVASI - VAZİFE MALULÜ SAYILMAYACAĞININ MÜTALAA EDİLDİĞİ - ADLİ TIP KURUMU ÜÇÜNCÜ İHTİSAS KURULUNUN RAPORU DİKKATE ALINARAK VERİLEN KARARIN YERİNDE OLDUĞU - HÜKMÜN ONAN,"(5510 S. K. m. 4, 25, 47) (Emniyet Teşkilatı Sağlık Şartları Yönetmeliği m. 17) &nbsp; Dava ve Karar: Taraflar arasındaki vazife malulü olduğunun tespiti davasından dolayı yapılan yargılama sonunda İlk Derece Mahkemesince davanın reddine karar verilmiştir. &nbsp; Kararın davacı vekili tarafından ist"