sira,score,mahkeme,daire,esas,kararno,tarih,sinyaller,kesit,konu
1,47.8,Anayasa,2,2013/2803,,2016-01-21,gebe×126 | travma×32 | illiyet×9 | TCK 87/88 | cenin/düşük | obstetrik komp.,"…zetle hamileliğinin 9. ayında olan eşini Hastaneye götürdüğünü, eşiyle Dr. S.E.nin ilgilendiğini, hastaneye gittikten 4,5 saat sonra kendisine eşinin ölü doğum yaptığının söylendiğini, doktorun kendisine doğum kanalı açılmadığı için beklediğini, beklerken de bebeğin kalbinin durduğunu söylediğini, anında müdahale olsaydı veya sezaryen ameliyatı yapılsaydı bebeği kaybetmeyeceklerini düşündüğünü, bu nedenle…",ANAYASA MAHKEMESİNİN 21/01/2016TARİHLİ VE 2013/2803 SAYILI KARARI (BİREYSEL BAŞVURU)
2,47.8,A.İ.H.M.,2,2009/13423,,2013-04-09,gebe×64 | travma×12 | illiyet×9 | TCK 87/88 | cenin/düşük | obstetrik komp.,"…M 2002-I), ve Öneryıldız /Türkiye ((BD), no 48939/99, AİHM 2004-XII) davalarına atıf yapmaktadırlar. 75. Ayrıca, başvuranlara göre, Türk Ceza hukuku, düşük yapmaya neden olma fiili dışında, henüz doğmamış bir bebeğin ölümüne sebebiyet verilmesi durumu için hiçbir hüküm içermemektedir. Bu nedenle, medeni hukuk bakımından, henüz doğmamış bir çocuk, anne rahminde bulunduğu andan itibaren, canlı olarak doğmak…",MEHMET ŞENTÜRK VE BEKİR ŞENTÜRK - TÜRKİYE DAVASI
3,45,Yargıtay,3,2021/4383,2717,2023-05-09,gebe×10 | travma×190 | illiyet×161 | TCK 87/88 | cenin/düşük | aile içi,"…al düzenlemeler şöyledir: Anayasa; “Kanunsuz emir Madde 137 – Kamu hizmetlerinde herhangi bir sıfat ve suretle çalışmakta olan kimse, üstünden aldığı emri, yönetmelik, Cumhurbaşkanlığı kararnamesi, kanun veya Anayasa hükümlerine aykırı görürse, yerine getirmez ve bu aykırılığı o emri verene bildirir. Ancak, üstü emrinde ısrar eder ve bu emrini yazı ile yenilerse, emir yerine getirilir; bu halde, emri…",YARGITAY KARARI
4,45,Yargıtay,3,2021/4197,2716,2023-05-09,gebe×10 | travma×199 | illiyet×162 | TCK 87/88 | cenin/düşük | aile içi,"…olan soruşturmadan dönemin Başsavcısı Turan Çolakkadı'nın haberi yokken FETÖ/PDY örgüt üyeliğinden hakkında yakalama kararı olan ve şu an firari olan Emre Uslu, operasyondan haberdar olduğunu 4 ay öncesinden \""Bakan çocuklarının adı yolsuzluklara karışmışsa kim güler kim ağlar\"" sözleriyle ima etmiştir. Belirtmemiz gereken önemli nokta, Türkiye Cumhuriyeti Hükümetini cebren ortadan kaldırmaya ve enge…",YARGITAY KARARI
5,44.6,Yargıtay,CG,2014/269,108,2017-02-28,gebe×16 | travma×146 | illiyet×8 | TCK 87/88 | cenin/düşük | künt/batın,"…n ...'nın ince üst aramasının yapılması amacıyla katılanı ayrı bir odaya aldığı, yandaki odada ise diğer katılan ....'ün bulunduğu, sanığın olay günü emrinde görevli olarak bulunan erler .... ve ...'dan kameralarda gözüken copu katılan ....'ün odasına girerken istediği, zaten sanık hakkında katılan ....'e yönelik eyleminden dolayı işkence suçundan mahkûmiyet kararı verildiği, sanığın olayımızdaki kat…",YARGITAY KARARI
6,44,Yargıtay,3,2021/6496,9381,2024-07-17,gebe×27 | travma×590 | illiyet×127 | TCK 87/88 | cenin/düşük | trafik/iş kaz,"…arşı suç ve TBMM'ne karşı suç yönünden tipik eylemde hukuka aykırılık ve kusurluluğu etkileyen haller bağlamında hukuka aykırı ve fakat bağlayıcı bir emrin yerine getirilmesi sorunu; Konu ile ilgili yasal düzenlemeler şöyledir: T.C. 1982 Anayasası Kanunsuz emir MADDE 137- Kamu hizmetlerinde herhangi bir sıfat ve suretle çalışmakta olan kimse, üstünden aldığı emri, yönetmelik, tüzük, kanun veya Anayas…",YARGITAY KARARI
7,44,Yargıtay,CG,2019/656,324,2021-06-30,gebe×16 | travma×148 | illiyet×130 | TCK 87/88 | cenin/düşük | trafik/iş kaz,"…iletildiği ayrıca sanık ...'ın da olay yerine intikal ettiği, saat 17:44' de ise İstihbarat Şube Müdürü sanık ...'ın aranarak İl Jandarma Komutanının emri ile (1) istihbarat unsuru ile beraber Kırıkhan İlçe Jandarma Komutanlığına destek verme ve olay ile ilgili araştırma yapmak üzere Kırıkhan İlçe Jandarma Komutanlığına gitmesi hususundaki İl Jandarma Komutanı emrinin telefon ile bildirildiğinin, pol…",YARGITAY KARARI
8,42,Anayasa,GK,2016/22169,,2017-06-20,gebe×4 | travma×41 | illiyet×27 | TCK 87/88 | cenin/düşük | aile içi,"…arının ""Yurtta Sulh Konseyi"" tarafından yapılacağı, siyasi partilerin tüm faaliyetlerinin sonlandırıldığı, polis teşkilatının sıkıyönetim komutanları emrine alındığı belirtilmiştir. Anılan direktifin ve ekindeki sıkıyönetim komutanlıklarına ilişkin atama listesinin, darbe teşebbüsünde bulunanlar tarafından ilgili askeri birimlere ve bakanlıklara gönderildiği anlaşılmıştır. 14. Teşebbüste bulunan grup…",ANAYASA MAHKEMESİNİN 20/6/2017 TARİHLİ VE 2016/22169 SAYILI KARARI (BİREYSEL BAŞVURU) 
9,41.4,Danıştay,12,2013/725,8623,2013-11-26,gebe×6 | travma×9 | illiyet×15 | TCK 87/88 | cenin/düşük | trafik/iş kaz,"…hukuk düzeni korumaz.&gt; hükmü, 4. maddesinde; &lt;Kanunun takdir yetkisi tanıdığı veya durumun gereklerini ya da haklı sebepleri göz önünde tutmayı emrettiği konularda hâkim, hukuka ve hakkaniyete göre karar verir.&gt; hükmü, &lt;Genel nitelikli hükümler&gt; başlıklı 5. maddesinde; &lt;Bu Kanun ve Borçlar Kanununun genel nitelikli hükümleri, uygun düştüğü ölçüde tüm özel hukuk ilişkilerine uygulanı…",İPTAL DAVASI - GEÇİCİ PERSONEL OLAN DAVACININ DÖNER SERMAYE EK ÖDEMESİNDEN YARARLANDIRILMASINA STATÜ BAĞLAMINDA HUKUKİ BİR ENGELİN BULUNMADIĞI - STATÜ DIŞINDAKİ KOŞULLARIN TAŞINMASI HALİNDE BU ÖDEMEDE
10,41,A.İ.H.M.,4,1993/23145,,2003-11-13,gebe×36 | travma×65 | illiyet×23 | TCK 87/88 | cenin/düşük,"…sıdır. Gül'ün ifadesine (par. 323) rağmen, bu tip bir kaydın mutlak suretle tutulması gerekirdi. Savcıyı konudan bilgilendiren kişi ve gözaltına alma emrini isteyen kişi hakkında herhangi bir belge getirilememiştir. Cumhuriyet Savcılığı ile jandarma arasında gözaltına alma, talep, talimatlar veya herhangi bir konuda herhangi bir yazışma sunulamamıştır. Gözaltına alınma ile ilgili olarak yapılan tek y…",ELÇİ VE DİĞERLERİ - TÜRKİYE DAVASI
11,41,Anayasa,1,2015/12753,,2019-05-08,gebe×76 | travma×45 | illiyet×28 | TCK 87/88 | cenin/düşük,"…anın yapılan muayenesinde lekelenme tarzı vajinal hemoraji (kanama) mevcut. TV-USG&rsquo;de 6wld ile uyumlu CRL, FKA(-) negatif olarak tespit edildi. Missed abortus (embriyonun canlılığını kaybetmesi) tanısıyla yatış önerildi. Durumu bildirir geçici hekim raporudur. Asli rapor adli tabiblikçe verilecektir.&quot; &nbsp; 19. Başvurucu 24/12/2010 tarihinde Cumhuriyet Başsavcılığına verdiği dilekçe ekinde, hakkın…",ANAYASA MAHKEMESİNİN 8/5/2019 TARİHLİ VE 2015/12753 SAYILI KARARI (BİREYSEL BAŞVURU)
12,41,Yargıtay,CG,2020/247,394,2022-06-02,gebe×4 | travma×122 | illiyet×50 | TCK 87/88 | cenin/düşük | trafik/iş kaz,"…itiraz ettiklerini, ...'nin ise \""Bu arkadaşlar Yargıtayı en iyi tanıyan kişiler, bu nedenle çağırdık\"" dediğini, ancak bu hareketin Fetö'cülerin bir emrivakisi olduğunu şu anda daha net anladığını, bu evde kendilerinin aslında Fetö'cü HSYK üyeleri ve yemeğe katılan diğer hâkimlerin belirlediği isimleri öğrenmiş olacaklarını, buna yapının kimleri ve kaç kişi istediğini belirleyebilecekleri bir ön gör…",YARGITAY KARARI
13,41,Yargıtay,CG,2019/427,417,2020-10-15,gebe×12 | travma×48 | illiyet×32 | TCK 87/88 | cenin/düşük,"…ebileceği kabul edilmelidir. Dolayısıyla, kanunda açık ve anlaşılır bir şekilde düzenlenmiş, istisnai nitelikte olan, ilgilisine bildirilmesi yönünde emredici bir hüküm de bulunmayan süreyi, yargı mercilerinin ilgilisine bildirme zorunluluğu bulunduğundan bahsedilemeyecektir. Bu açıklamalar ışığında ön sorun değerlendirildiğinde; İlk derece mahkemesi sıfatıyla yargılama yapan Yargıtay 9. Ceza Dairesi…",YARGITAY KARARI
14,41,Yargıtay,CG,2019/614,199,2021-05-04,gebe×10 | travma×165 | illiyet×33 | TCK 87/88 | cenin/düşük,…dığı ilaç olduğu için fazla da kurcalamadılar zannedersem olayı mevzuyu aile tarafından X şahıs: Ama normalde bu cinayet Kayda alınan şahıs: He bunun emrini memrini veren bu şekle getiren veya işte bilerek veya isteyerek istemeyerek de olsa bu emri veren yemeklerine ilaçları katmasını söyleyen ... kadın da bunu söylüyor zaten kendi ağzından X şahıs: Peki bu adam öldükten sonra sizle görüşmesi nasıl o…,YARGITAY KARARI
15,41,Yargıtay,CG,2021/59,806,2022-12-15,gebe×14 | travma×76 | illiyet×58 | TCK 87/88 | cenin/düşük,"…tleri Komutanı Orgeneral ...'a aktardıkları, havadaki uçuşların sona erdirilmesini ve yeni uçuş gerçekleştirilmemesini sağlamak için beş maddelik bir emrin Hava Kuvvetleri Komutanı Orgeneral ... tarafından hazırlandığı ve bu emrin saat 00.08 itibarıyla tüm hava birliklerine Eskişehir'deki Birleştirilmiş Hava Harekat Merkezi Komutanlığı vasıtasıyla gönderildiği, saat 23.50 civarında kamuflajlı, tam te…",YARGITAY KARARI
16,41,Yargıtay,3,2022/37483,4897,2024-04-04,gebe×43 | travma×212 | illiyet×27 | TCK 87/88 | cenin/düşük,"…suçlardan cezalandırılmaları imkânı bulunmamaktadır. Konusu suç teşkil eden emir hiçbir surette yerine getirilemez. Aksi takdirde yerine getiren ile emri veren sorumlu olur (1982 Anayasasının 137/2, 5237 sayılı Türk Ceza Kanununun 24/3. maddesi). Askeri hizmete müteallik hususlarda verilen emir bir suç teşkil ederse bu suçun işlenmesinden emri veren mesuldür. Ancak amirin emrinin adli ve askeri bir…",YARGITAY KARARI
17,40.5,Yargıtay,1,2024/365,5217,2024-07-10,gebe×9 | travma×108 | illiyet×46 | TCK 87/88 | cenin/düşük,"…nda bu eylemleri gerçekleştirirken mutlaka bir örgüt üyesinin de şahit olarak bulunmasının hatta onun da ilişkiye girmesini talimat ve teammül gereği emretmiştir. Bu kapsamda hedef kız orada sözde erkek arkadaşı ile ilişki yaşarken odaya içecek getirme bahanesiyle çıplak vaziyette diğer örgüt üyesi erkeklerin girdiği, içecek getirme bahanesiyle onlara iltifatlar ettiği, bu kapsamda hedef kızlara elle…",YARGITAY KARARI
18,39.5,Yargıtay,10,2025/6953,15760,2025-11-19,gebe×1 | travma×11 | illiyet×11 | TCK 87/88 | cenin/düşük | trafik/iş kaz,"…i, gündelik işlerini başkalarının yardımı ile yapacak duruma düştüğünü, olay tarihinde hamile olan eşinin yaşadığı üzüntü, sıkıntı ve stres nedeniyle düşük yaptığını, davacının uzun süre yatarak tedavi görmesi nedeniyle uzun süre çocuklarının olmadığını, aile yaşantılarının bozulduğunu, ...'ın ve eşinin uzun süre psikolojik tedavi gördüğünü, olayın işverenin işyerinde gerekli önlemleri almaması nedeniyle g…",YARGITAY KARARI
19,39,Yargıtay,CG,2018/416,669,2022-10-26,gebe×6 | travma×367 | illiyet×33 | TCK 87/88 | cenin/düşük,"…p buradan hazırlattığı pusulayı ... vasıtası ile bize gönderttiğini düşünüyoruz, ... de tape konuşmalarında ...'a 'Hacı bir isteğin var ise ben senin emrindeyim' diyor. ... da ...'a 'Ben senin örgütle olan sıkıntını halledeceğim' diyor, ayrıca ... ... isimli kişinin ...'la olan görüşmesinde ... ... ...'a '... Tendürek buranın hepsi üzerinde duruyor' diyor, bu da bizim iddialarımızı doğrulamaktadır. 0…",YARGITAY KARARI
20,39,Anayasa,1,2018/5075,,2022-03-15,gebe×6 | travma×61 | illiyet×29 | TCK 87/88 | cenin/düşük,"…sıyla ölüm neticesinin meydana gelmesi halinde bu neticenin oluşumuna sebebiyet veren yükümlülük ihmalinin icrai davranışa eşdeğer olması gerektiğini emrettiği, kanunun bu maddesinin ikinci fıkrasında da yükümlülük ihmalinin icrai davranışa eşdeğer kabul edildiği iki hali tahdidi ve tadadi olarak saydığı, katılanlar ve vekilleri sanıkların eylemlerinin bu madde kapsamında kaldığını iddia etmiş iseler…",ANAYASA MAHKEMESİNİN 15/3/2022 TARİHLİ VE 2018/5075 SAYILI KARARI (BİREYSEL BAŞVURU)
21,38.8,Yargıtay,CG,2020/165,273,2021-06-10,gebe×8 | travma×225 | illiyet×9 | TCK 87/88 | cenin/düşük,"…atta medialde arter yaralanması ile uyumlu çıkış deliği olduğu düşünülen yaralanması olduğu, tansiyonunun 80/50 olduğu, acil ameliyata alındığı, 0,88 promil alkollü olduğu, Kalp ve Damar Cerrahi Servisinin hasta dosyasından; hipovolemik şok nedeni ile genel durumunun kötü olduğu, operasyona alındığı, operasyon sırasında kalp ritminin 20-30/ dak, solunumun agonik olduğu, entübe edildiği, sağ alt ekstre…",YARGITAY KARARI
22,38.6,Danıştay,10,2019/6306,4040,2020-10-21,gebe×28 | travma×6 | illiyet×11 | cenin/düşük | obstetrik komp.,"…Kurulunun . tarih ve . sayılı raporunda, zamanında otopsi yapılarak iç organ değişimleri araştırılmamış olmakla birlikte tıbbi belgelere göre bebeğin intrauterin ölümünün preeklampsi ve plasenta dekolmanına bağlı intrauterin anoksi sonucu meydana geldiği, annede tespit edilen ağır preeklampsi hastalığının anne ve bebek hayatını tehdit edici bir durum olduğu, ancak 26. gebelik haftasında annenin durumu kötüleşmed…",DANIŞTAY KARARI
23,38.5,Anayasa,GK,2008/1,2-3,2008-07-30,gebe×5 | travma×63 | illiyet×51 | TCK 87/88 | cenin/düşük,"…saklamış. Müslüman kadınların başörtülerini, saçlarını, başlarını, kulaklarını, boyun ve gerdanlarını örtecek şekilde yakalarının üzerine salmalarını emretmiştir."" ifadeleri de, laiklik karşıtı ve gizli anlamlar yüklü ifadeler değildir. Laiklik karşıtlığıyla açık veya gizli hiçbir ilgisi bulunmayan bir açıklamadan hareketle iddia makamının, açık bir ifadede gizli anlam araması veya niyet okumak suret…",ADALET VE KALKINMA PARTİSİ KARARI 2008/1 E. 2008/2 K. (3. BÖLÜM)
24,38.5,Anayasa,GK,2008/1,2-2,2008-07-30,gebe×5 | travma×46 | illiyet×101 | TCK 87/88 | cenin/düşük,"…inananların sayısı arttı. Siz İslamiyetin bilimi ve bilgiyi en yüksek seviyesine çıkartan bir din olduğunu hayal edebiliyor musunuz? Ve bu dinin ilk emri ""Oku""dur. Ancak dünyadaki 1.5 milyar Müslüman'a baktığınız zaman eğitim düzeylerinin ne düzeyde olduğunu görürsünüz. Sanırım insanlarımız ile ilgili en hazin durum bu. Artık düşünen bir toplum değiliz. Oysa başarıya ulaşmak için düşünmemiz gerekiyo…",ADALET VE KALKINMA PARTİSİ KARARI 2008/1 E. 2008/2 K. (2. BÖLÜM)
25,38.5,Yargıtay,CG,2017/183,19,2022-01-13,gebe×5 | travma×71 | illiyet×13 | TCK 87/88 | cenin/düşük,"…çük olduğundan resmî nikâh yapmadıklarını, maktul ...'in...'de ailesi ile birlikte oturduğu evde 1,5 yıl birlikte yaşadıklarını, iki hamileliğinin de düşük yapması nedeniyle sona erdiğini, daha doğrusu maktul ...’in kendisini dövmesi nedeniyle çocuğun gelişiminin durduğunu, bu nedenlerle kürtaj yaptırdığını ve ailesinin ...'taki evine geri döndüğünü, birliktelikleri bitmeden resmî nikâh için... Asliye Huku…",YARGITAY KARARI
26,38,Danıştay,5,2016/58083,2052,2024-02-28,gebe×4 | travma×16 | illiyet×13 | TCK 87/88 | cenin/düşük,"…met etmesine özel önem verildiği anlaşılmaktadır. a-1) Davacının Eşi İle İlgili Maddi ve Hukuki Süreç Davacının eşi B.K., Kara Kuvvetleri Komutanlığı emrinde yüzbaşı olarak görev yapmakta iken, 668 sayılı Kanun Hükmünde Kararname eki listesinde ismine yer verilmek suretiyle kamu görevinden çıkarılmıştır. B.K. tarafından kamu görevine iade talebiyle OHAL İşlemleri İnceleme Komisyonu'na başvuruda bulun…",DANIŞTAY KARARI
27,38,Danıştay,5,2017/2896,6317,2023-05-17,gebe×4 | travma×19 | illiyet×13 | TCK 87/88 | cenin/düşük,"…laşılmaktadır. b) Davacının Eşi İle İlgili Maddi ve Hukuki Süreç Davacının eşi S.S.P.'nin Kara Kuvvetleri Komutanlığı 58'inci Topçu Tugay Komutanlığı emrinde Topçu Albay rütbesiyle Tugay Komutan Yardımcısı olarak görev yapmakta iken, 668 sayılı Kanun Hükmünde Kararname eki listesinde ismine yer verilmek suretiyle kamu görevinden çıkarılmıştır. Davacının eşi tarafından, göreve iade talebiyle yaptığı b…",DANIŞTAY KARARI
28,38,Anayasa,2,2014/19081,,2017-02-01,gebe×18 | travma×29 | illiyet×5 | TCK 87/88 | cenin/düşük | trafik/iş kaz,…e göre işçinin dört aya kadar ücreti tutarında bir ücretten başka yoksun bırakıldığı haklarını da talep imkanı bulunmaktadır. İş Kanununun 5. maddesi emredici nitelikte olduğundan anılan hükme aykırı olan sözleşme kuralları geçersizdir. Geçersizlik nedeniyle ortaya çıkan kural boşluğu eşit davranma ilkesinin gereklerine uygun olarak doldurulmalıdır. Eşit davranma borcuna aykırılığı ispat yükü işçide…,ANAYASA MAHKEMESİNİN 1/2/2017 TARİHLİ VE 2014/19081 SAYILI KARARI (BİREYSEL BAŞVURU)
29,38,Danıştay,5,2017/10985,20131,2023-12-25,gebe×4 | travma×18 | illiyet×12 | TCK 87/88 | cenin/düşük,"…met etmesine özel önem verildiği anlaşılmaktadır. a-1) Davacının Eşi İle İlgili Maddi ve Hukuki Süreç Davacının eşi R.C. Deniz Kuvvetleri Komutanlığı emrinde yüzbaşı olarak görev yapmakta iken, 692 sayılı Kanun Hükmünde Kararname eki listesinde ismine yer verilmek suretiyle kamu görevinden çıkarılmıştır. R.C.'nin, göreve iade talebiyle yaptığı başvuru OHAL İşlemleri İnceleme Komisyonu'nun … tarih ve…",DANIŞTAY KARARI
30,38,Danıştay,5,2022/3850,10196,2023-07-06,gebe×4 | travma×14 | illiyet×13 | TCK 87/88 | cenin/düşük,"…erildiği anlaşılmaktadır. b-1) Davacının Eşi ile İlgili Maddi ve Hukuki Süreç Davacının eşi Y.A., İçişleri Bakanlığı Hukuk Hizmetleri Genel Müdürlüğü emrinde avukat olarak görev yapmakta iken, 375 sayılı Kanun Hükmünde Kararname'nin Geçici 35. maddesinin (B) fıkrası uyarınca İçişleri Bakanlığının 18/12/2020 tarih ve 18 sayılı işlemiyle kamu görevinden çıkarılmıştır. Davacının eşi tarafından, söz konu…",DANIŞTAY KARARI
31,38,Anayasa,GK,2008/1,2-4,2008-07-30,gebe×4 | travma×55 | illiyet×119 | TCK 87/88 | cenin/düşük,"…rak faaliyette bulunmakla yükümlüdür (Anayasa, m. 129/1) Kamu hizmetlerinde herhangi bir sıfat ve suretle çalışmakta olan kimselerin, üstünden aldığı emri, yönetmelik, tüzük, kanun veya Anayasa hükümlerine aykırı görmesi halinde, yerine getirmez. Bu durumda aykırılığı emri verene bildirir, üstü emrinde ısrar eder ve bu emrini yazı ile yenilerse, emri yerine getirir. Bu halde, emri yerine getiren soru…",ADALET VE KALKINMA PARTİSİ KARARI 2008/1 E. 2008/2 K. (4. BÖLÜM)
32,38,Danıştay,5,2018/2093,11968,2023-09-25,gebe×4 | travma×21 | illiyet×13 | TCK 87/88 | cenin/düşük,"…etmesine özel önem verildiği anlaşılmaktadır. b) Davacının Eşi İle İlgili Maddi ve Hukuki Süreç Davacının eşi Y.S.D.'nin Kara Kuvvetleri Komutanlığı emrinde P.Binbaşı olarak görev yapmakta iken 697 sayılı Kanun Hükmünde Kararname ile kamu görevinden çıkarılmasına karar verilmiştir. Öte yandan, davacının eşi hakkında yapılan ceza yargılaması sonucunda ... Ağır Ceza Mahkemesi'nin … tarihli ve E:…, K:……",DANIŞTAY KARARI
33,38,Danıştay,5,2016/57751,2712,2023-03-20,gebe×4 | travma×30 | illiyet×14 | TCK 87/88 | cenin/düşük,"…et etmesine özel önem verildiği anlaşılmaktadır. b-1) Davacının Eşi İle İlgili Maddi ve Hukuki Süreç Davacının eşi F.A'nın Jandarma Genel Komutanlığı emrinde Jandarma Binbaşı olarak görev yapmakta iken 28/10/2016 tarihli olurla görevden uzaklaştırıldığı, 689 sayılı Kanun Hükmünde Kararnamenin eki listede ismine yer verilmek suretiyle kamu görevinden çıkarıldığı, göreve iade talebiyle yapılan başvurun…",DANIŞTAY KARARI
34,37.8,Yargıtay,3,2022/8504,1652,2023-05-30,gebe×35 | travma×8 | illiyet×12 | TCK 87/88 | obstetrik komp.,"…acılar vekili dava dilekçesinde özetle; müvekkili ...'ın henüz 7 aylık hamileyken, 15.07.2016 günü amniyon kesesinden sıvı akmaya başladığını, ...'ın erken doğum yapacağı anlaşılınca saat 15.00 civarlarında acil bir şekilde hastaneye gitmesi için ambulansla Yahyalı Devlet Hastanesine ulaştırıldığını, müvekkilin buradan Kayseri Kadın ve Doğum Hastanesine sevk edildiğini, Yahyalı'dan ambulans ile saat 20.00 ci…",YARGITAY KARARI
35,37.5,Yargıtay,CG,2020/283,507,2021-10-27,gebe×3 | travma×42 | illiyet×22 | TCK 87/88 | cenin/düşük,"…lduklarını da bildiğim ..., ..., ... ..., ... ile genel sekreter yardımcıları ... ve ...'ün de olduğunu gördük...bu hareketin ... cemaatinin bize bir emri vakisi olduğunu bu şekilde anladık. Biz bu evde aslında ... cemaati mensubu olan HSYK üyeleri ve o yemeğe katılan diğer hakimlerin belirleyeceği isimler için orada toplandık. Yargıtay tetkik hakimlerinin ismi geçince evde bulunan cemaat mensubu tet…",YARGITAY KARARI
36,37.4,Yargıtay,CG,2018/565,524,2021-11-04,gebe×13 | travma×144 | illiyet×2 | TCK 87/88 | cenin/düşük | künt/batın,"…erhangi başka bir olağanüstü hâl, işkencenin uygulanması için gerekçe gösterilemez.”, Üçüncü fıkrası ise “Bir üst görevlinin veya bir kamu mercisinin emri, işkencenin haklılığına gerekçe kabul edilemez.” şeklinde düzenlenerek hiçbir hâl ve şartta işkencenin meşru ve mazur gösterilemeyeceği hüküm altına alınmıştır. Sözleşme'nin 4. maddesinin birinci fıkrası; “Her Taraf Devlet, tüm işkence fiillerinin…",YARGITAY KARARI
37,37.4,Yargıtay,CG,2016/491,455,2019-05-28,gebe×13 | travma×25 | illiyet×7 | TCK 87/88 | cenin/düşük,"…ere katılan kuruma gönderilen faturaların ekini oluşturan muayene ve tedavi belgelerinin incelenmesi olduğu, toplam 600 hastaya ilişkin 12 adet ödeme emri ile eki muayene ve tedavi belgelerinin incelenmesinde yerine göre ilgili doktor ve hastaların gıyabında tamamen usulsüz olarak belge düzenlendiği, yerine göre de ilaveler yapılmak suretiyle belgenin tahrif edildiği, belgelere usulsüz olarak düzenle…",YARGITAY KARARI
38,37,Anayasa,2,2018/1156,,2021-05-18,gebe×94 | travma×21 | TCK 87/88 | cenin/düşük | obstetrik komp.,"…2. Zübeyda AYDIN &nbsp; Başvurucular Vekili: Av. Fatih AYDIN &nbsp; I. BAŞVURUNUN KONUSU &nbsp; 1. Başvuru; tıbbi ihmal ve organizasyon kusuru sonucu ölü doğum yapılması olayıyla ilgili olarak açılan tazminat davasının eksik incelemeyle reddedilmesi nedeniyle kişinin maddi ve manevi varlığını koruma hakkının, yargılamanın uzun sürmesi nedeniyle de makul sürede yargılanma hakkının ihlal edildiği iddialarına…",ANAYASA MAHKEMESİNİN 18/5/2021 TARİHLİ VE 2018/1156 SAYILI KARARI (BİREYSEL BAŞVURU)
39,37,Yargıtay,3,2021/1841,9382,2024-07-19,gebe×2 | travma×16 | illiyet×11 | TCK 87/88 | cenin/düşük,"…k, hiyerarşik yapıya ve varsa işbölümüne uygun olarak emir ve talimat vermek, bunların yerine getirilmesini bekleyip denetlemek, gerekli olduğunda da emrine veya örgütün talimatlarına riayet etmelerini cezalandırmaktadır. Kişinin somut olayda yönetme kudretine, sevk ve idare yeteneğine fiilen sahip olup olmadığına bakılmalıdır (... E.-... S.Suç Örgütü sh.107). &nbsp; Fail, hiyerarşik olarak örgüt üye…",YARGITAY KARARI
40,36.8,Yargıtay,CG,2016/312,700,2021-12-29,gebe×39 | travma×106 | illiyet×4 | TCK 87/88 | cenin/düşük | trafik/iş kaz,"…e kendisini de kullanabileceğini söylediğini, mağdurenin de kabul ettiğini, bu görüşmeden 3-4 gün sonra ...’e ait araçla birlikte ...’a gittiklerini, Emre'de bulunan ... isimli bir kadına ait kimliğe mağdurenin fotoğrafını yapıştırmayı teklif ettiğini, bu amaçla ...'le mağdurenin bir fotoğrafçıya giderek vesikalık fotoğraf çektirdiklerini, mağdurenin fotoğrafını ...’ün kimliğine Emre'nin yapıştırdığı…",YARGITAY KARARI
41,36.7,Anayasa,GK,2015/18936,,2019-05-22,gebe×5 | travma×7 | illiyet×25 | TCK 87/88 | cenin/düşük,"…alma ve verme özgürlüğü ile ilgili uyguladığı kısıtlamalara dair bu tür kısıtlamaların yasal dayanağı, gerekliliği, gerekçesi, yetkiyi veren mahkeme emri ve temyiz hakkı ile ilgili detaylar dahil olmak üzere erişimi engellenen web siteleri veya kaldırılan içerik konusundaki bilgiyi halka zamanında ve uygun şekilde sunmaktadır.&quot; &nbsp; c. Bakanlar Komitesinin Bireysel Terörist Hareketler Konusun…",ANAYASA MAHKEMESİNİN 22/5/2019 TARİHLİ VE 2015/18936 SAYILI KARARI (BİREYSEL BAŞVURU)
42,36.5,Yargıtay,CG,2017/495,317,2022-05-10,gebe×1 | travma×144 | illiyet×15 | TCK 87/88 | cenin/düşük,"…ketin kol arka tarafında omuzdan 19 cm aşağıda, sol kol dikiş hattına 2 cm mesafede, girdi-çıktı-girdi şeklinde 0,7 cm çapında bir adet ateşli silah memri çekirdeği giriş deliğinin olduğu, söz konusu mermi çekirdeği giriş deliğinin ateşli silah ile yapılan uzak atış sonucu meydana geldiği, inceleme konusu gömlek üzerindeki delik ile ceket üzerindeki mermi çekirdeği giriş deliğinin uygunluk arz ettiği…",YARGITAY KARARI
43,36.5,Yargıtay,CG,2023/406,46,2024-02-13,gebe×1 | travma×15 | illiyet×19 | TCK 87/88 | cenin/düşük,"…hazır olmak üzere kendi iradesini örgüt iradesine terk eden kişidir. Örgüt üyeliği; örgüte katılmayı, bağlanmayı, örgüte hâkim olan hiyerarşik gücün emrine girmeyi ifade etmektedir. Örgüt üyesi örgütle organik bağ kurup faaliyetlerine katılmalıdır. Organik bağ; canlı, geçişken, etkin, faili emir ve talimat almaya açık tutan ve hiyerarşik konumunu tespit eden bağ olup üyeliğin en önemli unsurudur. Ör…",YARGITAY KARARI
44,36.5,Yargıtay,CG,2019/280,339,2021-07-06,gebe×1 | travma×15 | illiyet×20 | TCK 87/88 | cenin/düşük,"…hazır olmak üzere kendi iradesini örgüt iradesine terk eden kişidir .Örgüt üyeliği; örgüte katılmayı, bağlanmayı, örgüte hâkim olan hiyerarşik gücün emrine girmeyi ifade etmektedir. Örgüt üyesi örgütle organik bağ kurup faaliyetlerine katılmalıdır. Organik bağ; canlı, geçişken, etkin, faili emir ve talimat almaya açık tutan ve hiyerarşik konumunu tespit eden bağ olup üyeliğin en önemli unsurudur. Ör…",YARGITAY KARARI
45,36.5,Yargıtay,CG,2019/491,350,2021-07-08,gebe×1 | travma×16 | illiyet×19 | TCK 87/88 | cenin/düşük,"…hazır olmak üzere kendi iradesini örgüt iradesine terk eden kişidir. Örgüt üyeliği; örgüte katılmayı, bağlanmayı, örgüte hâkim olan hiyerarşik gücün emrine girmeyi ifade etmektedir. Örgüt üyesi örgütle organik bağ kurup faaliyetlerine katılmalıdır. Organik bağ; canlı, geçişken, etkin, faili emir ve talimat almaya açık tutan ve hiyerarşik konumunu tespit eden bağ olup üyeliğin en önemli unsurudur. Ör…",YARGITAY KARARI
46,36.2,A.İ.H.M.,A.İ.H.M.,2006/40448,,2016-08-30,gebe×46 | travma×6 | illiyet×8 | TCK 87/88 | cenin/düşük,"…&nbsp; I. DAVANIN KOŞULLARI &nbsp; A. Davanın başlangıcı &nbsp; 6 Mart 2005 tarihinde, saat 16.30 sularında, hamileliğinin 30. haftasında bulunan ve erken doğum belirtileri gösteren başvuran S. Aydoğdu, İzmir Kâtip Çelebi Üniversitesi&rsquo;nin yakınındaki Atatürk Eğitim ve Araştırma Hastanesi&rsquo;ne (&quot;Atatürk Hastanesi&quot;) götürülmüştür. Obstetrisyen D.U., gecikmeden sezaryen yapılmasına karar ve…",AYDOĞDU - TÜRKİYE DAVASI
47,36.1,A.İ.H.M.,A.İ.H.M.,1998/40262,,2005-10-06,gebe×5 | travma×31 | illiyet×3 | TCK 87/88 | cenin/düşük | künt/batın,"…ri Hastane'de saat 8'e doğru, anestezi ve reanimasyon uzmanı Dr. Yosunkaya Mahmut Y.'yi muayene etmiş ve Diyarbakır Askeri Hastanesi'ne sevk edilmesi emri vermiştir. Mahmut Y. hastaneye helikopterle götürülmüştür. Diyarbakır Askeri Hastanesi'ndeki kayıtlara göre 24 Kasım 1997 tarihinde, Mahmut Y. Diyarbakır Üniversite Hastanesi biyokimya servisine sevk edilmiştir. Aynı gün, Mahmut Y. Diyarbakır Asker…",H.Y. VE HÜ.Y. - TÜRKİYE DAVASI
48,35.1,Yargıtay,1,2023/2632,4474,2023-06-22,gebe×3 | travma×8 | illiyet×9 | TCK 87/88 | cenin/düşük,"…adına yakın rahim içi gelişim gösteren bebeğin, annenin maruz kaldığı travmaya bağlı ölü olarak doğmuş olduğu annenin maruz kaldığı travmayla bebeğin ölü doğumu arasında illiyet bağı bulunduğu\"" tespitine yer verildiği anlaşılmıştır. 2. Sanığın inkara yönelen savunmaları, mağdur beyanları ve tanık anlatımları, mağdurun yaralanmasına ilişkin ... Osmangazi Üniversitesi Sağlık, Eğitimi, Uygulama ve Araştırma…",YARGITAY KARARI
49,34.8,Anayasa,2,2013/3181,,2016-02-03,gebe×4 | travma×21 | illiyet×4 | TCK 87/88 | cenin/düşük | aile içi,"…e çocuğun hayatının tehlikeye düşürüldüğü, Mahkeme kararma rağmen çocuğun gösterilmediği gibi hakaret edilip kendisinin darbedildiği, çocuğun teslimi emrine muhalefet edildiği, yalan yere tanıklık yapıldığı gerekçeleriyle 8/8/2005, 2/6/2006, 28/7/2007, 25/8/5007, 3/10/2007, 3/4/2008 tarihlerinde suç duyurularında bulunulmuştur. 18. Davalı anne 9/6/1932 tarihli ve 2004 sayılı İcra ve İflas Kanunu'nun…",ANAYASA MAHKEMESİNİN 3/2/2016 TARİHLİ VE 2013/3181 SAYILI KARARI (BİREYSEL BAŞVURU)
50,34.7,A.İ.H.M.,A.İ.H.M.,1994/24277,,1999-07-08,gebe×1 | travma×7 | illiyet×11 | TCK 87/88 | cenin/düşük,"…er 1.Derginin toplatılması 11.1 Haziran 1992 tarihinde, İstanbul Devlet Güvenlik Mahkemesi, derginin 31 Mayıs 1992 tarihli tüm sayılarının toplatılma emrini vermiştir, çünkü bu dergi terörist örgütler tarafından sunulan bir bildiriye yer vermektedir ve bölücü propaganda yapmaktadır. 2. Başvuranlar aleyhindeki suçlamalar 12.16 Haziran 1992 tarihli iddianamesinde İstanbul Devlet Güvenlik Mahkemesi Savc…",SÜREK VE ÖZDEMİR - TÜRKİYE DAVASI
51,34.2,Anayasa,2,2018/1514,,2023-11-22,gebe×72 | travma×2 | illiyet×11 | TCK 87/88 | obstetrik komp.,"…amında incelemiştir (Melahat Sönmez, B. No: 2013/7528, 9/9/2015; Ahmet Sevim, B. No: 2013/474, 9/9/2015; Hilmi Düzgüner, B. No: 2014/9690, 11/5/2017; Emrah Egeç, B. No: 2015/9714, 11/12/2018, &sect; 31; Neslihan Altuğ ve diğerleri, B. No: 2016/2796, 10/12/2019; Hatice Çalış ve diğerleri, &sect; 32). &nbsp; 28. Başvurucu, hastanenin ve doktorun gerekli dikkat ve özeni göstermemiş olması, bunun yanında…",ANAYASA MAHKEMESİNİN 22/11/2023 TARİHLİ VE 2018/1514 SAYILI KARARI (BİREYSEL BAŞVURU) 
52,34.1,Yargıtay,CG,2015/1158,146,2016-03-29,gebe×1 | travma×103 | illiyet×3 | TCK 87/88 | cenin/düşük | künt/batın,"…cak eşi ile mutlu olduklarını bildiğini, ...n zaman zaman eşinin kendisi ile ilgilendiğini söylediğini, kendisinin hamile olduğunu ...n ise daha önce düşük yaptığı için bir daha çocuk sahibi olamayacağını düşündüğünü ve çok üzüldüğünü söylemiş, Hakkında verilen beraat hükmü k...leşen sanık ... kollukta; olay günü aile dostu olan sanık ...'in arayarak ""taksi ile gel bizi al"" dediğini, aracı ile kendilerini…",YARGITAY KARARI
53,34,Yargıtay,CG,2021/130,780,2022-12-08,gebe×27 | travma×132 | illiyet×39 | TCK 87/88 | trafik/iş kaz,"…il sadece hukuk kuralları ile çatışan ihmali davranışlar hukuku ilgilendirmektedir. Bu nedenle ihmali davranışların hukuk düzeni tarafından yapılması emredilen hareketlerin yapılmamasından başka bir şey olmadıkları ifade edilmektedir. (Nevzat Toroslu, Ceza Hukuku Genel Kısım, Savaş Yayınevi, ..., 2019, sayfa, 137-138.). Alman Ceza Kanunu’nun (Strafgesetzbuch) “Suçun ihmal suretiyle icrası” başlıklı 1…",YARGITAY KARARI
54,33.9,Yargıtay,3,2023/16822,20605,2024-12-26,gebe×3 | travma×33 | illiyet×7 | TCK 87/88 | cenin/düşük,"…suçlardan cezalandırılmaları imkânı bulunmamaktadır. Konusu suç teşkil eden emir hiçbir surette yerine getirilemez. Aksi takdirde yerine getiren ile emri veren sorumlu olur (1982 Anayasasının 137/2, 5237 sayılı Türk Ceza Kanununun 24/3. maddesi). Askeri hizmete müteallik hususlarda verilen emir bir suç teşkil ederse bu suçun işlenmesinden emri veren mesuldür. Ancak amirin emrinin adli ve askeri bir…",YARGITAY KARARI
55,33.9,Anayasa,2,2014/5097,,2016-09-28,gebe×3 | travma×25 | illiyet×7 | TCK 87/88 | cenin/düşük,"…i ve 5237 sayılı Türk Ceza Kanunu'nun ""Ceza Sorumluluğunu Kaldıran veya Azaltan Nedenle/' başlıklı İkinci Bölümünde yer alan ""Kanunun hükmü ve amirin emri"" kenar başlıklı 24. maddesi şöyledir: ""(1) Kanunun hükmünü yerine getiren kimseye ceza verilmez. (2) Yetkili bir merciden verilip, yerine getirilmesi görev gereği zorunlu olan bir emri uygulayan sorumlu olmaz. (3) Konusu suç teşkil eden emir hiçbir…",ANAYASA MAHKEMESİNİN 28/9/2016 TARİHLİ VE 2014/5097 SAYILI KARARI (BİREYSEL BAŞVURU) 
56,33.8,Yargıtay,CG,2015/986,102,2018-03-20,gebe×45 | travma×8 | illiyet×5 | TCK 87/88 | cenin/düşük,"…ya ölmesini istemiş ve bu amaçla hareket etmiş ise kasten yaralanma yahut öldürmeden sorumlu tutulacaktır. Öte yandan, hukuk normları, yasaklayıcı ve emredici normlar olmak üzere, iki şekilde ortaya çıkmaktadır. Sadece icrai bir hareketle ihlal edilebilecek olan ve belirli bir hareketin yapılmasının istenmediği yasaklayıcı normlarda, yasaklanan hareketin yapılması sonucunda bir hak ihlali gerçekleşme…",YARGITAY KARARI
57,33.8,Yargıtay,12,2020/1236,6759,2020-12-07,gebe×30 | travma×20 | illiyet×4 | cenin/düşük | obstetrik komp.,"…ra kist, kitle, myom gibi teşhisler konulduğu, vajinal bölgesinde bir gün çok şiddetli ağrıyla sargı bezini düşürdüğü, sargı bezini düşürdükten sonra düşük yaptığını, sargı bezini düşürdükten 1 yıl sonra da hamile kaldığını, sağlıklı bir bebek dünyaya getirdiğini, şu an ilişkiye girdiğinde kanaması olduğunu ifade ettiği, yapılan kadın doğum muayenesinde; korunduğu, P4, A1 olduğu, 1. doğumu Bingöl’de, 2. do…",YARGITAY KARARI
58,33.3,Anayasa,GK,2018/96,222,2023-12-27,gebe×3 | travma×7 | illiyet×8 | TCK 87/88 | cenin/düşük,"…üre düşüldükten sonra, iki kat olarak tahsilini öngören kuralda bir orantısızlık bulunmamaktadır. Kural görev yapılan sürenin giderlerden düşülmesini emrederken diğer taraftan borcun aslına faiz uygulanmasına dair bir hüküm koymayarak kendi içerisinde bir dengede kurmaktadır. &nbsp; 5. Diğer taraftan kişiler bu şartları bilerek söz konusu statüye girmekte, diğer taraftan idare de bu kişiler için hem…","ANAYASA MAHKEMESİNİN E: 2018/96 (7079 SAYILI KANUN İLE İLGİLİ), K: 2023/222 SAYILI KARARI"
59,33,Anayasa,2,2018/23753,,2022-03-02,gebe×50 | travma×12 | illiyet×31 | cenin/düşük,"…i söyleyerek ölene iki seçenek sunarak, tampon uygulaması yapılabileceğini ya da kürtaj ile çocuğun alınması gerektiğini söylediği, daha önce 3 sefer düşük yapmış olan ve 4 yıldır hamile kalabilmek için tedavi gören ölenin tampon uygulamasını kabul ettiği ve sanığın, ölene tampon uygulaması yaptığı, anılan uygulamadan sonra belirli aralıklarla kontrole gittiği, olay tarihinde tekrar ölenin suyunun gelmesi…",ANAYASA MAHKEMESİNİN 2/3/2022 TARİHLİ VE 2018/23753 SAYILI KARARI (BİREYSEL BAŞVURU)
60,32.9,Yargıtay,CG,2022/554,331,2025-09-10,gebe×1 | travma×93 | illiyet×7 | TCK 87/88 | cenin/düşük,"….'ın; toptan gıda maddeleri satışı yaptığını, inceleme dışı sanık ...'ı tanıdığını, 02.04.2005 tarihinde ...'ın kendisini arayarak ev arkadaşı ...'in düşük yaptığını söyleyip çağırması üzerine evlerine gittiğini, bir süre sonra evin kapısının kırıldığını ve ... lakaplı sanık ... ile sanık ... ve yanında iki kişinin içeri girerek \""Burada ne işin var o... çocuğu, üçünüzü de öldüreceğiz şimdi!\"" dediğini, so…",YARGITAY KARARI
61,32.2,Yargıtay,12,2016/3048,12163,2016-10-24,gebe×48 | travma×2 | TCK 87/88 | cenin/düşük | obstetrik komp.,"…r vermek üzere hemen işin gerçeğini araştırmaya başlar. Cumhuriyet savcısı, maddî gerçeğin araştırılması ve adil bir yargılamanın yapılabilmesi için, emrindeki adlî kolluk görevlileri marifetiyle, şüphelinin lehine ve aleyhine olan delilleri toplayarak muhafaza altına almakla ve şüphelinin haklarını korumakla yükümlüdür.” şeklindeki düzenleme karşısında, Cumhuriyet savcısının soruşturma yapmak zorund…",YARGITAY KARARI
62,32.2,A.İ.H.M.,A.İ.H.M.,2009/30696,,2011-01-21,gebe×2 | travma×52 | illiyet×6 | TCK 87/88 | cenin/düşük,"…ı Yunanistan üzerinden Avrupa Birliği'ne giriş yapmıştır. 10. Başvurucu bir hafta süreyle gözaltında tutulmuş, bu sürenin ardından ülkeyi terk etmesi emriyle serbest bırakılmıştır. Başvurucu Yunanistan'da iltica başvurusu yapmamıştır. B. Belçika'daki iltica ve sınırdışı prosedürü II. Başvurucu, 10 Şubat 2009 günü Fransa üzerinden geçerek Belçika'ya varmış ve yanında herhangi bir kimlik belgesi olmada…",M.S.S. - BELÇİKA VE YUNANİSTAN DAVASI
63,31.4,Yargıtay,3,2011/10199,37929,2012-11-13,gebe×13 | travma×2 | illiyet×6 | TCK 87/88 | cenin/düşük,"…tinin pozitif olarak bulunabileceğinin, kişinin 20.04.2007 tarihinde yapılan muayenesinde uterus içinin kanamalı olduğunun tespit edilmesinin kişinin düşük yaptığını göstereceğinin, ancak düşük olayının nedeninin ve zamanının mevcut bilgilerle tespit etmenin tıbben mümkün olmadığının bildirilmesine göre, müştekinin mevcut adli raporlarının ve soruşturma dosyasının bir örneğinin Adli Tıp Kurumu ilgili ihtis…",YARGITAY KARARI
64,31.4,A.İ.H.M.,A.İ.H.M.,1996/57,,1997-09-25,gebe×15 | travma×17 | illiyet×2 | TCK 87/88 | cenin/düşük,"…lerini çıkartmış, sırt üstü yatırmış ve tecavüz etmiştir. Bu esnada kendisi büyük acılar ve kanlar içinde kalmıştır. Hemen sonra elbiselerini giymesi emredilmiş ve bir başka odaya götürülmüştür. Başvurucuya göre, kendisi daha sonra tecavüze uğradığı odaya geri getirilmiştir. Kendisi, bir çok kişi tarafından bir saate yakın bir zaman dövülmüş ve başına gelenler konusunda hiçbir şey söylememesi konusun…",AYDIN - TÜRKİYE DAVASI
65,31.4,Anayasa,GK,2011/65,49,2013-03-28,gebe×10 | travma×23 | illiyet×2 | TCK 87/88 | cenin/düşük,"…'da revize edilen ""White Book On Physical and Rehabilitation Medicine In Europe"" başlıklı yayında ayrıntılı olarak belirtilmektedir. Prof. Dr. Bertil Emrah Oder'in 6225 Sayılı Bazı Kanun ve Kanun Hükmünde Kararnamelerde Değişiklik Yapılması Hakkında Kanunun 9 uncu ve 10 uncu maddeleri Uyarınca Tababet ve Şuabatı San'atlarının Tarzı İcrasına Dair Kanuna Eklenen ""Ek madde 13/(b, o, s, ş) hükümlerinin v…","ANAYASA MAHKEMESİNİN E: 2011/65 (6225 VE 1219 SAYILI KANUNLAR İLE İLGİLİ), K: 2013/49 SAYILI KARARI"
66,31.3,A.İ.H.M.,2,2005/43044,,2011-07-05,gebe×5 | travma×12 | illiyet×4 | TCK 87/88 | cenin/düşük,"…Barosu'na bağlı avukat Ursula Metzger Junco'yu tayin ettiğini bildirmiştir. Adli yardım verilen 45001/05 no'lu başvuru sahibi Türk vatandaşı başvuran Emre Güneş 1976 doğumlu olup, Antalya'da ikamet etmektedir. AİHM'de Gaziantep Barosu'na bağlı avukat Akça Yüksel tarafından temsil edilmiştir. OLAYLAR DAVANIN OLAYLARI A. Giriş Başvuranların Burdur cezaevinde tutuklu bulundukları 5 Temmuz 2000 tarihinde…",SAÇILIK VE DİĞERLERİ - TÜRKİYE DAVASI
67,31,Yargıtay,CG,2020/402,670,2022-10-26,gebe×12 | travma×38 | illiyet×63 | TCK 87/88,"…etmek suretiyle de iştirak edebileceği görülmektedir.Konusu suç teşkil eden emir hiçbir surette yerine getirilemez. Aksi takdirde yerine getiren ile emri veren sorumlu olur (1982 Anayasasının 137/2, 5237 sayılı Türk Ceza Kanununun 24/3. maddesi). Askeri hizmete müteallik hususlarda verilen emir bir suç teşkil ederse bu suçun işlenmesinden emri veren mesuldür. Ancak amirin emrinin adli ve askeri bir…",YARGITAY KARARI
68,31,Yargıtay,CG,2019/575,587,2021-11-25,gebe×21 | travma×31 | illiyet×107 | TCK 87/88,"…ca ve Prof. Dr. İlhan Üzülmez Türk Ceza Hukuku Genel Hükümleri s. 408) c-Suçun İhmali Davranışla İşlenmesi: Hukuk normları, ya yasaklayıcı norm ya da emredici norm olarak ortaya çıkarlar. Yasaklayıcı norm, belli bir hareketin yapılmasını yasaklar. Zira yasaklanan hareketin yapılması halinde bir hak ihlali söz konusu olacaktır. Ceza kanunlarındaki suçların çoğu yasaklayıcı normun ihlal edilmesiyle işl…",YARGITAY KARARI
69,31,Yargıtay,CG,2020/466,709,2022-11-09,gebe×46 | travma×25 | illiyet×19 | TCK 87/88,"…dığımı bildirmiş isem de bu gerçek değildir, içimde birtakım üzüntüler yaşamaktayım.”, Şeklinde savunmada bulunmuştur. Hukuk normları, yasaklayıcı ve emredici normlar olmak üzere, iki şekilde ortaya çıkmaktadır. Sadece icrai bir hareketle ihlal edilebilecek olan ve belirli bir hareketin yapılmasının istenmediği yasaklayıcı normlarda, yasaklanan hareketin yapılması sonucunda bir hak ihlali gerçekleşme…",YARGITAY KARARI
70,31,Yargıtay,CG,2022/50,163,2023-03-21,gebe×11 | travma×49 | illiyet×54 | TCK 87/88,"…i amiri olan sanık ...’a, gece 02:00-04:00 arasında iki grup halinde yapılacak intikalin 23:00’de hemen başlatılması, birliklerin derhal hazırlanması emri verilmiştir. Bunun üzerine hazırlıklar tamamlanmış ve 23:00 itibariyle Çardak bölgesine doğru harekât başlamıştır. Sanıklar ... ve ,.... dışındaki sanıklar Denizli’den Çardak Askeri Havaalanına intikal eden birliklere çeşitli kademelerde komuta etm…",YARGITAY KARARI
71,31,Yargıtay,CG,2019/1-350,30,2020-01-28,gebe×38 | travma×130 | illiyet×25 | TCK 87/88,"…Atatürk Eğitim ve Araştırma Hastanesince düzenlenen raporda; saçlı deride sol parietalde 5 cm&#39;lik kesi olduğu, yaşamını tehlikeye sokmadığı, 2,10 promil alkollü olduğu, aynı hastanece düzenlenen 05.10.2011 tarihli raporda ise yaralanmasının basit bir tıbbi müdahale ile giderilebilecek ölçüde hafif nitelikte olduğunun belirtildiği, &nbsp; Maktulün oğlu katılan ... hakkında Selçuk Devlet Hastanesinc…",KASTEN ÖLDÜRME SUÇU - FİKRİ İÇTİMA ŞARTLARININ OLUŞTUĞU VE SANIK HAKKINDA OLASI KASTLA YARALAMA SUÇUNDAN MAHKÛMİYET HÜKÜMLERİ KURULAMAYACAĞINA KARAR VERİLDİĞİ - HÜKMÜN BOZULMASI
72,31,Yargıtay,CG,2021/58,57,2025-02-06,gebe×10 | travma×38 | illiyet×49 | TCK 87/88,"…in gözaltına alınması sonrası geri döndürülerek teslim olduklarının, sanık ...’nun ise diğer sanıklardan farklı olarak kışladan çıkış yapmadığı ancak emrindeki Topçu Taburundan Yüzbaşı ... komutasındaki iki takımı, yasal bir KOKTOD kapsamında çıkarılmadığını, kanunsuz emir üzerine darbecileri desteklemek amacıyla çıkarıldığını bilmesine rağmen 5. Kolordu Komutanın kışladan çıkış yapılmaması emrini ge…",YARGITAY KARARI
73,31,Yargıtay,CG,2021/378,46,2023-01-27,gebe×10 | travma×45 | illiyet×58 | TCK 87/88,"…de karargaha giderek emir komutanın kendisinde olduğunu, birliğe her türlü giriş çıkışın yasak olduğunu ve her tür durumun kendisine rapor edilmesini emrettiği, Güvenlik Tabur Komutanı Yarbay ...’ı karargaha yapılacak giriş çıkışları kontrol altına alması için görevlendirdiği, 15 Temmuz 2016 tarihine ilişkin nöbet listesine göre nöbetçi vardiya amiri olan Binbaşı ...’ın yerine sözlü emirle Binbaşı ..…",YARGITAY KARARI
74,31,Danıştay,10,2019/10269,530,2021-02-16,gebe×27 | travma×12 | illiyet×14 | TCK 87/88,"…nda bir karar verilmeksizin, işin gereği görüşüldü: İNCELEME VE GEREKÇE: MADDİ OLAY : Davacılardan …'in 19/08/2009 tarihinde gebeliğin 27. haftasında erken doğum yaptığı, anılan tarihte dünyaya gelen ...'in erken doğum nedeniyle küveze alındığı, burada 38 gün boyunca takip ve tedavisinin yapılmasının ardından 28/09/2009 tarihinde bebeğin ailesinin isteği ile taburcu edildiği, bebek ...'in 6 aylık iken Balıkl…",DANIŞTAY KARARI
75,31,Yargıtay,3,2021/11343,9868,2023-12-05,gebe×19 | travma×399 | illiyet×42 | TCK 87/88,"…bulunmaması hallerinde olduğu gibi usulüne uygun açılmış bir temyiz davasından bahsedilemeyeceğinden temyiz isteminin reddedilmesini (CMK madde 298) emretmiş (F.Yenisey-A.Nuhoğlu, Ceza Muhakemesi Hukuku sh. 923, Centel-Zafer Ceza Muhakemesi Hukuku sh. 826, C....-N.Göktürk Ceza Muhakemesi Hukuku sh. 278) olmasına, anılan Kanunun 289. maddesinin, usulüne uygun açılmış bir temyiz davasının \""sınırlı in…",YARGITAY KARARI
76,31,Yargıtay,16,2017/1443,4758,2017-07-14,gebe×10 | travma×13 | illiyet×41 | TCK 87/88,"…suç ve TBMM&#39;ne karşı suç yönünden tipik eylemde hukuka aykırılık ve kusurluluğu etkileyen haller bağlamında hukuka aykırı ve fakat bağlayıcı bir emrin yerine getirilmesi sorunu: &nbsp; Konuyla ilgili yasal düzenlemeler şöyledir: &nbsp; T.C. 1982 Anayasası &nbsp; Kanunsuz emir &nbsp; MADDE 137- Kamu hizmetlerinde herhangi bir sıfat ve suretle çalışmakta olan kimse, üstünden aldığı emri, yönetmeli…",TÜRKİYE CUMHURİYETİ HÜKÜMETİNİ ORTADAN KALDIRMAYA VEYA GÖREVİNİ YAPMASINI ENGELLEMEYE TEŞEBBÜS ETME SUÇU - MÜNHASIRAN FETÖ/PDY ÖRGÜT MENSUPLARINCA KULLANILDIĞI TESPİT EDİLEN BYLOCK İLETİŞİM SİSTEMİNİ 
77,31,Yargıtay,CG,2021/183,328,2023-06-01,gebe×14 | travma×111 | illiyet×51 | TCK 87/88,"…asını kolaylaştırmaya yönelen hareketleri gerçekleştiren sanıkların; konumları, eğitim düzeyleri, rütbeleri ve meslekî tecrübeleri itibarıyla verilen emrin ve eylemlerinin suç teşkil ettiğini ve bu emre uymak zorunda olmadıklarını bilebilecek durumda olmaları nedeniyle haklarında TCK'nın 24/1-4, 30. maddelerinin tatbik şartları da bulunmadığından eylemlerinin TCK'nın 309/1 ve 39/2-c maddeleri kapsamı…",YARGITAY KARARI
78,31,Yargıtay,CG,2019/549,402,2020-10-06,gebe×18 | travma×52 | illiyet×39 | TCK 87/88,"…ebileceği kabul edilmelidir. Dolayısıyla, kanunda açık ve anlaşılır bir şekilde düzenlenmiş, istisnai nitelikte olan, ilgilisine bildirilmesi yönünde emredici bir hüküm de bulunmayan süreyi, yargı mercilerinin ilgilisine bildirme zorunluluğu bulunduğundan bahsedilemeyecektir. Bu açıklamalar ışığında ön sorun değerlendirildiğinde; İlk derece mahkemesi sıfatıyla yargılama yapan Yargıtay 9. Ceza Dairesi…",YARGITAY KARARI
79,30.8,Anayasa,1,2017/5808,,2021-09-07,gebe×13 | travma×5 | illiyet×4 | TCK 87/88 | cenin/düşük,"…ı teşhisi konmuştur. &nbsp; 17. Başvurucu 6/2/2017 tarihinde bireysel başvuruda bulunmuştur. Başvurucu, 38 yaşında ve 8 aylık hamile olması nedeniyle düşük yapma ve erken doğum riski olduğunu, hepatit B hastalığı olan bir kadın ile aynı koğuşta kaldığını, hamile olması nedeniyle kendisine aşı yapılamadığını, hastalığın kendisine bulaşma riski bulunduğunu belirterek Anayasa Mahkemesinden tedbir talebinde bu…",ANAYASA MAHKEMESİNİN 7/9/2021 TARİHLİ VE 2017/5808 SAYILI KARARI (BİREYSEL BAŞVURU) 
80,30.6,Anayasa,1,2017/35569,,2020-06-18,gebe×13 | travma×16 | illiyet×3 | cenin/düşük | künt/batın,"…k düşmüştür. Başvurucu ayrıca kayınvalidesi A.D. tarafından iteklenmiştir. Yaşanan bu olaydan bir gün sonra rahatsızlanarak hastaneye giden başvurucu düşük yaparak bebeğini kaybetmiştir. &nbsp; 10. Beyhekim Devlet Hastanesinde (Hastane) doktor G.G. tarafından düzenlenen 2/3/2017 tarihli -saat 14.50- epikriz raporunda, başvurucunun &quot;gebelik durumu, bir başka şahıs tarafından darp, vurulma, tepilme, bük…",ANAYASA MAHKEMESİNİN 18/6/2020 TARİHLİ VE 2017/35569 SAYILI KARARI (BİREYSEL BAŞVURU)
81,30.5,Yargıtay,21,2016/19122,6874,2018-10-01,gebe×3 | travma×19 | illiyet×28 | TCK 87/88 | trafik/iş kaz,"…anun kuralı olarak değil de sözleşme kuralı olarak uygulanmakla devam eder meğerki bu ""Eski Kanundan İktibas edilen sözleşme kuralları"", yeni Kanunun emredici, aksine sözleşme yapılamayacak olan kurallarına aykırı olsun. Bu ihtimalde artık bu kurallar, sözleşme kuralı kılığında ortaya çıksalar dahi, sözleşme kurallarının emredici kuralları bertaraf edemeyeceği genel kuralı gereğince uygulanamazlar ve…",YARGITAY KARARI
82,30.2,A.İ.H.M.,2,2008/2267,,2013-06-04,gebe×18 | travma×18 | illiyet×1 | TCK 87/88 | cenin/düşük,"…calan'ı destekleyen sloganlar atan göstericiler, güvenlik güçlerine direnmişlerdir, 22 kadın ve 10 erkek gösterici, Emniyet Müdür Yardımcısı A.P.'nin emri üzerine gözaltına alınmıştır. Bu müdahale, güvenlik güçleri arasında herhangi bir yaralanmaya sebep olmamıştır. 8. Taksim Eğitim ve Araştırma Hastanesi (' Taksim Hastanesi '), 18 Mart 2004 tarihinde başvuranın regl döneminin on gün geciktiğini ve s…",ÖZALP ULUSOY V. - TÜRKİYE DAVASI
83,30.2,Yargıtay,CG,2019/225,558,2022-09-15,gebe×12 | travma×216 | illiyet×1 | TCK 87/88 | cenin/düşük,"…ksi sonucu öldüğü anlaşılan olayda; Olay gecesi içinde bulunduğu grupla birlikte maktulü darbeden ve akabinde itekleyerek denize düşüren sanığın 2,27 promil alkollü olan ve aldığı darbelerin etkisiyle yere yığıldığı belirtilen ve küpeşte denilen korkuluk demirlerine tutunarak kalkmaya çalışan yarı baygın hâldeki maktulün gemi adamı olsa dahi kendisini kurtaramayıp boğularak denizde ölebileceğini öngör…",YARGITAY KARARI
84,30.2,Yargıtay,HG,2020/11-592,356,2022-03-22,gebe×97 | travma×6 | illiyet×3 | TCK 87/88 | cenin/düşük,"…a down sendromu tespit edildikten sonra, bir kurul tarafından düzenlenecek rapor neticesinde, anne ve babanın da ortak kararıyla on haftadan sonra da gebelik sonlandırılabilmektedir. Eğer hekim aydınlatma yükümlülüğüne aykırı davranmaz ve gerekli hususları aileye önerir ise ailenin Kanun tarafından tanınan bu hakkı kullanması mümkün olabilecektir. Başka bir deyişle down sendromu riski durumunda hekimin aydınlatm…",TAZMİNAT DAVASI - TIBBİ KÖTÜ UYGULAMAYA İLİŞKİN ZORUNLU MALİ SORUMLULUK SİGORTA POLİÇESİNE DAYALI TAZMİNAT İSTEMİ – SİGORTALI DOKTORUN TIBBİ KÖTÜ UYGULAMASININ BULUNMADIĞI VE KUSURSUZ OLDUĞU - DİRENME
85,30,Yargıtay,21,2018/6892,4557,2019-06-20,gebe×2 | travma×14 | illiyet×11 | TCK 87/88 | trafik/iş kaz,"…anun kuralı olarak değil de sözleşme kuralı olarak uygulanmaka devam eder meğerki bu "" Eski Kanundan İktibas edilen sözleşme kuralları"", yeni Kanunun emredici, aksine sözleşme yapılamayacak olan kurallarına aykırı olsun. Bu ihtimalde artık bu kurallar, sözleşme kuralı kılığında ortaya çıksalar dahi, sözleşme kurallarının emredici kuralları bertaraf edemeyeceği genel kuralı gereğince uygulanamazlar ve…",YARGITAY KARARI
86,30,Yargıtay,10,2021/5137,1886,2022-02-15,gebe×2 | travma×18 | illiyet×20 | TCK 87/88 | trafik/iş kaz,"…un kuralı olarak değil de sözleşme kuralı olarak uygulanmaka devam eder meğerki bu \"" Eski Kanundan İktibas edilen sözleşme kuralları\"", yeni Kanunun emredici, aksine sözleşme yapılamayacak olan kurallarına aykırı olsun. Bu ihtimalde artık bu kurallar, sözleşme kuralı kılığında ortaya çıksalar dahi, sözleşme kurallarının emredici kuralları bertaraf edemeyeceği genel kuralı gereğince uygulanamazlar ve…",YARGITAY KARARI
87,30,Yargıtay,10,2021/3875,3588,2022-03-15,gebe×2 | travma×30 | illiyet×11 | TCK 87/88 | trafik/iş kaz,"…un kuralı olarak değil de sözleşme kuralı olarak uygulanmaka devam eder Meğerki bu \"" Eski Kanundan İktibas edilen sözleşme kuralları\"", yeni Kanunun emredici, aksine sözleşme yapılamayacak olan kurallarına aykırı olsun. Bu ihtimalde artık bu kurallar, sözleşme kuralı kılığında ortaya çıksalar dahi, sözleşme kurallarının emredici kuralları bertaraf edemeyeceği genel kuralı gereğince uygulanamazlar ve…",YARGITAY KARARI
88,30,Yargıtay,21,2019/382,1780,2019-03-11,gebe×2 | travma×11 | illiyet×13 | TCK 87/88 | trafik/iş kaz,"…anun kuralı olarak değil de sözleşme kuralı olarak uygulanmaka devam eder meğerki bu "" Eski Kanundan İktibas edilen sözleşme kuralları"", yeni Kanunun emredici, aksine sözleşme yapılamayacak olan kurallarına aykırı olsun. Bu ihtimalde artık bu kurallar, sözleşme kuralı kılığında ortaya çıksalar dahi, sözleşme kurallarının emredici kuralları bertaraf edemeyeceği genel kuralı gereğince uygulanamazlar ve…",YARGITAY KARARI
89,30,Yargıtay,10,2021/3276,1058,2022-01-25,gebe×2 | travma×25 | illiyet×11 | TCK 87/88 | trafik/iş kaz,"…un kuralı olarak değil de sözleşme kuralı olarak uygulanmaka devam eder meğerki bu \"" Eski Kanundan İktibas edilen sözleşme kuralları\"", yeni Kanunun emredici, aksine sözleşme yapılamayacak olan kurallarına aykırı olsun. Bu ihtimalde artık bu kurallar, sözleşme kuralı kılığında ortaya çıksalar dahi, sözleşme kurallarının emredici kuralları bertaraf edemeyeceği genel kuralı gereğince uygulanamazlar ve…",YARGITAY KARARI
90,30,Yargıtay,21,2019/4073,770,2020-02-13,gebe×2 | travma×19 | illiyet×12 | TCK 87/88 | trafik/iş kaz,"…k kanun kuralı olarak değil de sözleşme kuralı olarak uygulanmaya devam eder meğerki bu Eski Kanundan İktibas edilen sözleşme kuralları, yeni Kanunun emredici, aksine sözleşme yapılamayacak olan kurallarına aykırı olsun. Bu ihtimalde artık bu kurallar, sözleşme kuralı kılığında ortaya çıksalar dahi, sözleşme kurallarının emredici kuralları bertaraf edemeyeceği genel kuralı gereğince uygulanamazlar ve…",TAZMİNAT DAVASI - TRAFİK KAZASININ GERÇEKLEŞMESİNDE SİGORTALININ AĞIR KUSURU NEDENİYLE İŞ KAZASI İLE İŞVEREN ARASINDAKİ NEDENSELLİK BAĞININ KESİLDİĞİNİN KABULÜ İLE DAVANIN REDDİ GEREKİRKEN KISMEN KABU
91,30,Anayasa,GK,2023/16452,,2025-09-18,gebe×8 | travma×79 | illiyet×29 | TCK 87/88,"…alarının Yurtta Sulh Konseyi tarafından yapılacağı, siyasi partilerin tüm faaliyetlerinin sonlandırıldığı, polis teşkilatının sıkıyönetim komutanları emrine alındığı belirtilmiştir. Anılan direktifin ve ekindeki sıkıyönetim komutanlıklarına ilişkin atama listesi, darbe teşebbüsünde bulunanlar tarafından ilgili askerî birimlere ve bakanlıklara gönderilmiştir (Aydın Yavuz ve diğerleri [GK], B. No: 2016…",ANAYASA MAHKEMESİNİN 18/9/2025 TARİHLİ VE 2023/16452 SAYILI KARARI (BİREYSEL BAŞVURU)
92,30,Yargıtay,21,2016/3450,6127,2017-09-12,gebe×2 | travma×16 | illiyet×11 | TCK 87/88 | trafik/iş kaz,"…anun kuralı olarak değil de sözleşme kuralı olarak uygulanmaka devam eder meğerki bu "" Eski Kanundan İktibas edilen sözleşme kuralları"", yeni Kanunun emredici, aksine sözleşme yapılamayacak olan kurallarına aykırı olsun. Bu ihtimalde artık bu kurallar, sözleşme kuralı kılığında ortaya çıksalar dahi, sözleşme kurallarının emredici kuralları bertaraf edemeyeceği genel kuralı gereğince uygulanamazlar ve…",YARGITAY KARARI
93,30,Anayasa,2,2019/11174,,2021-11-16,gebe×81 | travma×5 | illiyet×5 | TCK 87/88 | obstetrik komp.,…psi (gebelik zehirlenmesi) ön tanısı ile hastaneye yatışı yapılan başvurucunun idrar ve kan tahlilleri yapılarak ilaç tedavisine başlanmıştır. Ayrıca erken doğum ihtimaline karşı bebeğin akciğerlerinin gelişmesi için kortizon tedavisi uygulanmıştır. Başvurucunun böbrek fonksiyonlarına ilişkin değerlerin yüksek olduğunun anlaşılıp genel durum bozulmasının gebelik zehirlenmesinin en ileri aşamasına (HELLP send…,ANAYASA MAHKEMESİNİN 16/11/2021 TARİHLİ VE 2019/11174 SAYILI KARARI (BİREYSEL BAŞVURU)
94,30,Yargıtay,3,2024/3428,2486,2025-04-30,gebe×42 | travma×5 | illiyet×11 | cenin/düşük,"…nde doğuma alındığını, doğum sonrası bebeğin birden fazla rahatsızlığı olduğu, hayati tehlikesinin devam ettiği belirtilerek yoğun bakıma alındığını, erken doğum nedeniyle normal doğum seviyesine gelene kadar bu hastanenin yoğun bakımında tedavi gören bebeğin tüm hastalıklarının tedavi edildiği, sadece down sendromlu bir çocuk olması nedeniyle pediatri bölümüne sevk edilmesi gerektiği bildirildiğinden sevk i…",YARGITAY KARARI
95,30,Yargıtay,21,2018/5342,3645,2019-05-13,gebe×2 | travma×20 | illiyet×17 | TCK 87/88 | trafik/iş kaz,"…ı olarak değil de sözleşme kuralı olarak uygulanmaka devam eder meğerki bu &quot; Eski Kanundan İktibas edilen sözleşme kuralları&quot;, yeni Kanunun emredici, aksine sözleşme yapılamayacak olan kurallarına aykırı olsun. Bu ihtimalde artık bu kurallar, sözleşme kuralı kılığında ortaya çıksalar dahi, sözleşme kurallarının emredici kuralları bertaraf edemeyeceği genel kuralı gereğince uygulanamazlar ve…",TAZMİNAT DAVASI - DAVACI İŞÇİNİN MÜŞTERİYE CEVABEN HAKARETİ NETİCESİNDE MEYDANA GELEN KAVGA SONUCU ÜÇÜNCÜ KİŞİ TARAFINDAN BIÇAKLANMASI ŞEKLİNDE GERÇEKLEŞTİĞİ İŞVERENİN KANUN KAPSAMINDA ALABİLECEĞİ BİR
96,30,Yargıtay,10,2020/7034,3758,2021-03-23,gebe×2 | travma×13 | illiyet×11 | TCK 87/88 | trafik/iş kaz,"…ği düşünüldü ve aşağıdaki karar tespit edildi. I-İSTEM Davacılar vekili dava dilekçesinde özetle, müteveffa sigortalı ...'ın davalı Çamlı Enerji A.Ş. emrinde çalışmaktayken 19/10/2015 tarihinde geçirdiği iş kazası sonucunda yaşamını yitirdiğini, meydana gelen kazada müteveffanın herhangi bir kusurunun bulunmadığını, kazanın işveren davalıların iş güvenliği kurallarına aykırı tutum ve davranışları ve…",YARGITAY KARARI
97,30,Yargıtay,21,2018/1157,474,2019-02-04,gebe×2 | travma×12 | illiyet×17 | TCK 87/88 | trafik/iş kaz,"…olarak değil de sözleşme kuralı olarak uygulanmakla devam eder meğerki bu &quot; Eski Kanundan İktibas edilen sözleşme kuralları&quot;, yeni Kanunun emredici, aksine sözleşme yapılamayacak olan kurallarına aykırı olsun. Bu ihtimalde artık bu kurallar, sözleşme kuralı kılığında ortaya çıksalar dahi, sözleşme kurallarının emredici kuralları bertaraf edemeyeceği genel kuralı gereğince uygulanamazlar ve…",TAZMİNAT DAVASI - SGK MÜFETTİŞİ TARAFINDAN HAZIRLANAN RAPOR İLE MAHKEMECE İTİBAR EDİLEN RAPOR ARASINDAKİ ÇELİŞKİLERİN GİDERİLMESİ GEREKTİĞİ - İLLİYET BAĞININ TIR SÜRÜCÜSÜ EYLEMİ İLE KESİLİP KESİLMEDİĞ
98,29.7,Yargıtay,CG,2018/189,350,2019-04-18,gebe×1 | travma×7 | illiyet×59 | cenin/düşük | trafik/iş kaz,"…özel belge türleri yasa tarafından özel olarak resmî belge düzeyinde korumaya alınmıştır. Bu tür belgeler TCK 210/1. maddede gösterilmiştir. Bunlar; emre veya hamile yazılı kambiyo senedi, tahvil, hisse senedi, emtiayı temsil eden belge, ve vasiyetnamedir. Belirtilen türdeki belgelerin, resmî belge sayılabilmesi için, kanunda öngörülen usul ve şekil şartlarının bulunması zorunludur. TCK 210/2. madde…",YARGITAY KARARI
99,29.6,Danıştay,10,2019/6430,6765,2020-12-22,gebe×80 | travma×7 | illiyet×2 | cenin/düşük | obstetrik komp.,"…eğin intrauterin sıkıntıda olduğunu gösteren bulguların olmadığı, sezaryen ameliyatı gözleminde uterus’da rüptür ve plasenta dekole olarak izlendiği, dekolman plasenta ve uterus rüptürü öngörülemez, önlenemez bir tablo olduğu, uterus rüptürü ve dekolman plasenta intrauterin bebek ölümünün yüksek olduğu dikkate alındığında ilgili sağlık personeline atf-ı kabil kusurun bulunmadığı"" şeklinde değerlendirme ya…",DANIŞTAY KARARI
100,29.6,Yargıtay,12,2019/3783,511,2021-01-21,gebe×10 | travma×5 | illiyet×3 | TCK 87/88 | cenin/düşük,"…klinde bildirilmesi nedeniyle, sanıkların bilinçli taksirle öldürmeden mahkumiyetlerine karar verildiği olayda; &nbsp; Hukuk normları, yasaklayıcı ve emredici normlar olmak üzere, iki şekilde ortaya çıkmaktadır. Sadece icrai bir hareketle ihlal edilebilecek olan ve belirli bir hareketin yapılmasının istenmediği yasaklayıcı normlarda, yasaklanan hareketin yapılması sonucunda bir hak ihlali gerçekleşme…",TAKSİRLE ÖLDÜRME SUÇU - GÖREVİNİ YERİNE GETİRMEYEN KAMU GÖREVLİLERİ HAKKINDA KASTAMONU CUMHURİYET BAŞSAVCILIĞINA SUÇ DUYURUSUNDA BULUNULMASI GEREKTİĞİNİN GÖZETİLMEMESİ - HÜKMÜN BOZULMASI
101,29.6,Anayasa,2,2018/161,,2021-09-14,gebe×168 | travma×3 | illiyet×4 | TCK 87/88 | cenin/düşük,"…tane)müracaat etmiştir. Başvurucunun daha önce iki düşük ve bir dış gebelik (olumsuz obstetrik) öyküsü bulunmaktadır. &nbsp; 9. Başvurucu; prematüre (erken doğum), erken membran ruptürü (suyun gelmesi), transvers duruş (bebeğin yan durması) bulgularıyla aynı gün saat 16.00 civarında hastaneye yatırılmıştır. Başvurucunun yatışının yapıldığı 10/8/2012 tarihinde doğum servisinde düzenlenen belgede aktif su geli…",ANAYASA MAHKEMESİNİN 14/9/2021 TARİHLİ VE 2018/161 SAYILI KARARI (BİREYSEL BAŞVURU) 
102,29.5,A.İ.H.M.,1,1993/22947,,2000-10-10,gebe×1 | travma×23 | illiyet×13 | TCK 87/88 | trafik/iş kaz,"…üstü Hal Bölge Valisinin yetkileri ile ilgili 14 Temmuz 1987 tarihli 285 sayılı Kanun Hükmünde Kararnamenin 4. maddesinin (i) bendi uyarınca, Valinin emri altına bulunan güvenlik kuvvetleri hakkında da uygulanır. 47. Şüpheli silahlı kuvvetler mensubu ise, uygulanacak olan hukuk, suçun niteliğine göre saptanır. Suç, Askeri Ceza Kanunu (No. 1632) kapsamına giren bir ""askeri suç"" ile ilgiliyse, ceza dav…",AKKOÇ - TÜRKİYE DAVASI
103,29.5,A.İ.H.M.,A.İ.H.M.,1994/25803,,1999-07-28,gebe×7 | travma×43 | illiyet×21 | TCK 87/88,"…içeriği 8. 20 Kasım 1991 de polis, Bobigny yerel Ağır Ceza Mahkemesi, soruşturma hakimi, de Larosiere'nin verdiği bilgiler ışığında düzenlediği arama emri üzerine, uyuşturucu madde kaçakçılığı ile ilgili olarak Geray Tarek, Dominique Keledjian ve Bay Keledjian'nın kız arkadaşını yakalamıştır. Dominique Keledjian kendi rızasıyla gönüllü olarak vermiş olduğu ifadede, elindeki eroinleri Amsterdamda ""Gab…",SELMOUNI - FRANSA DAVASI
104,29.3,Yargıtay,2,2023/4814,3579,2023-07-04,gebe×5 | travma×8 | TCK 87/88 | cenin/düşük | aile içi,"…korktuğunu, müvekkilini taş kalpli bir baba olarak suçladığını, hiç yaşanmamış bir olayı sanki yaşanmış gibi kurguladığını, 26.02.2018 günü davalının düşük yaptığını, müvekkilinin o esnada ...'de olduğunu, müvekkilini neredeyse evlat katili olarak suçladığını, kadının bebek kontrollerini ihmal ettiğini düşündüğünü, kadının 02.03.2018 tarihinde annesi ve babası ile gelerek evdeki eşyaları aldığını, ablasını…",YARGITAY KARARI
105,29.3,Uyuşmazlık Mahkemesi,HUKUK,2016/482,617,2016-12-26,gebe×1 | travma×6 | illiyet×6 | TCK 87/88 | cenin/düşük,"…uayene için başvurduklarını, gerek duyulması üzerine ultrason çekimi için radyoloji bölümüne yönlendirildiğini, müvekkili U.'ün o tarihte hamile olup düşük yapmak üzere olduğunu, müvekkili O.'ün davalı kurum çalışanı olan Ç.A.'e muayene olduğu esnada doktorun sert tavırları son derece hassas olan müvekkilinin doktora yavaş olması hususunda kendisini uyarmasına neden olduğunu, doktorun aynı tavırları devam…",MANEVİ TAZMİNAT DAVASI - AĞIR KİŞİSEL KUSURA DAVALI EYLEM SONUCU İDARENİN HİZMET KUSURU VE OLAY ARASINDAKİ İLLİYET BAĞININ KESİLDİĞİ - DAVANIN HAKSIZ FİİLLERE ÖZGÜ ÖZEL HUKUK HÜKÜMLERİ ÇERÇEVESİNDE AD
106,29.1,A.İ.H.M.,A.İ.H.M.,1998/23536,,1999-07-08,gebe×3 | travma×8 | illiyet×4 | TCK 87/88 | cenin/düşük,"…s cezasına çarptırılmasına atıfta bulunmuştur. 23.3 Ekim 1997 tarihinde Devlet Güvenlik Mahkemesi, söz konusu kitabın altıncı baskısının toplatılması emrine ilişkin savcılık istemini kabul etmiştir. 24.Başvuranlar mahkumiyetlerini hapiste geçirmiş ve para cezalarını ödemiştir. 27 Ekim 1995 tarih ve 4126 Sayılı Kanun ile 1991 Yasasının değiştirilmesinden sonra, İstanbul Devlet Güvenlik Mahkemesi ikinc…",BAŞKAYA VE OKÇUOĞLU - TÜRKİYE DAVASI
107,29,A.İ.H.M.,A.İ.H.M.,1996/33097,,2004-06-03,gebe×21 | travma×11 | TCK 87/88 | cenin/düşük,…ş ve doktor başvuranın daha önce 20 Şubat 1996 tarihinde muayene edildiği yönünde İstanbul Asliye Hukuk Mahkemesine bilgi vermiştir. Ancak başvuranın düşük yaptığı iddiası üzerine ayrı tedavi önerilmiştir. Son olarak yedi jinekolog doktordan oluşan heyet başvurana ilişkin düzenlenen sağlık dosyasını incelemiş ve 19 Şubat 1997 tarihli raporunda Öktem'in göz altı sırasında düşük yaptığım ancak vücudunda hiçb…,BATI VE DİĞERLERİ - TÜRKİYE DAVASI
108,29,A.İ.H.M.,4,2011/15018,,2014-07-08,gebe×10 | travma×19 | TCK 87/88 | cenin/düşük,"…malarını öngörmüştü. 115. Madde 127b(1), mahkemenin bir müebbet hapis cezası uygularken, mahkumun en katı rejime, yani ""özel rejime"" tabi tutulmasını emretmesi gerektiğini öngörmüştür. Sabit süreli hapis cezalarına uygulanan diğer mevcut cezaevi rejimleri, ""hafif"", ""genel"", ""katı"" ve ""yoğunlaştırılmış"" rejimlerdir (madde 43(1)); müebbet hapis cezasının aksine, hükmü veren mahkeme bunlardan hangisinin…",HARAKCHIEV VE TOLUMOV - BULGARİSTAN DAVASI
109,29,Anayasa,1,2013/2758,,2016-02-17,gebe×24 | travma×6 | illiyet×2 | TCK 87/88 | cenin/düşük,"…göre verilmiş halam karan olmadıkça; yine bu sebeplere bağlı olarak gecikmesinde sakınca bulunan hallerde de kanunla yetkili kılınmış merciin yazılı emri bulunmadıkça; kimsenin üstü, özel kağıtları ve eşyası aranamaz ve bunlara el konulamaz. Yetkili merciin kararı yirmidört saat içinde görevli hakimin onayına sunulur. Hakim, kararını el koymadan itibaren kırksekiz saat içinde açıklar; aksi halde, el…",ANAYASA MAHKEMESİNİN 17/2/2016 TARİHLİ VE 2013/2758 SAYILI KARARI (BİREYSEL BAŞVURU)
110,29,Yargıtay,HG,2023/802,335,2025-05-21,gebe×4 | travma×3 | illiyet×6 | TCK 87/88 | cenin/düşük,"…ili şirket aleyhine icra takibi başlattığını, takip talebinde müvekkili şirketin Lüksemburg adresi yerine İstanbul’da bir adres gösterildiğini, ödeme emrinin ... tarafından atanan yönetim kurulu üyesine tebliğ edildiğini, anılan kişinin BDL’nin atadığı yöneticilere icra takibine ilişkin bilgi vermeden önce icra takibini kesinleştirdiğini, böylelikle davalı ...Ş’deki müvekkili hisselerinin satışa çıka…",YARGITAY KARARI
111,28.8,Yargıtay,21,2019/2155,6809,2019-11-12,gebe×2 | travma×18 | illiyet×9 | TCK 87/88 | trafik/iş kaz,"…anun kuralı olarak değil de sözleşme kuralı olarak uygulanmaka devam eder meğerki bu "" Eski Kanundan İktibas edilen sözleşme kuralları"", yeni Kanunun emredici, aksine sözleşme yapılamayacak olan kurallarına aykırı olsun. Bu ihtimalde artık bu kurallar, sözleşme kuralı kılığında ortaya çıksalar dahi, sözleşme kurallarının emredici kuralları bertaraf edemeyeceği genel kuralı gereğince uygulanamazlar ve…",YARGITAY KARARI
112,28.8,Yargıtay,10,2021/2473,3763,2021-03-23,gebe×2 | travma×16 | illiyet×9 | TCK 87/88 | trafik/iş kaz,"…unması ve mükerrer ödemeyi önleme ilkesine dayandığından, kamu düzenine ilişkin olarak kabul edilmiştir. Kaldı ki, 6098 sayılı Kanunun 55. maddesi de emredici bir hükme yer verdiğinden gerçekleştiği tarihe bakılmaksızın tüm fiil ve işlemlere uygulanmalıdır. Dosya kapsamındaki bilgi ve belgelerden; davacının sürekli iş göremezlik oranının SGK sağlık kurulu ve Yüksek Sağlık Kurulu tarafından %49,2 olar…",YARGITAY KARARI
113,28.8,Yargıtay,3,2023/4099,2890,2024-10-08,gebe×31 | travma×3 | illiyet×13 | cenin/düşük,"…dığını savunarak, davanın reddini istemiştir. 2. Davalı MLP Sağlık Hizmetleri A.Ş. vekili; davacı ...'in 15.09.2011 tarihinde 36 haftalık hamile iken erken doğum şüphesi ile ilk olarak Banaz Devlet Hastanesi olmak üzere 3 adet hastane gezdiğini, hastanelerde doğacak bebek için küvez olmadığı gerekçesiyle son olarak davalı hastaneye geldiklerini ve acil olarak tedavi altına alındıklarını, anne karnındaki bebe…",YARGITAY KARARI
114,28.8,Yargıtay,21,2018/5315,6513,2019-11-05,gebe×2 | travma×19 | illiyet×9 | TCK 87/88 | trafik/iş kaz,"…anun kuralı olarak değil de sözleşme kuralı olarak uygulanmaka devam eder meğerki bu "" Eski Kanundan İktibas edilen sözleşme kuralları"", yeni Kanunun emredici, aksine sözleşme yapılamayacak olan kurallarına aykırı olsun. Bu ihtimalde artık bu kurallar, sözleşme kuralı kılığında ortaya çıksalar dahi, sözleşme kurallarının emredici kuralları bertaraf edemeyeceği genel kuralı gereğince uygulanamazlar ve…",YARGITAY KARARI
115,28.6,A.İ.H.M.,2,2003/3598,,2013-04-16,gebe×2 | travma×8 | illiyet×4 | TCK 87/88 | cenin/düşük,"…pki gösteren ve olayların yaşandığı tarihte hamile olan başvuranlardan iki tanesi Emine Çelik ve Zübeyda Uysal da dövülmüş ve her ikisi de daha sonra düşük yapmıştır. Buna ek olarak ana meydanda toplanma emrine uymayan Kerem İnan jandarma astsubay F.A. tarafından öldürülmüştür. 8. Güvenlik güçleri mezradaki evleri ateşe vermiştir. Ardından Cemal Sevli, Reşit Sevli, Aşur Seçkin, Salih Şengül, Yusuf Çelik, N…",MERYEM ÇELİK VE DİĞERLERİ V. - TÜRKİYE DAVASI
116,28.6,Yargıtay,11,2022/3489,5811,2023-10-12,gebe×71 | travma×6 | illiyet×15 | TCK 87/88,"…Kanunu&#39;nun 26. maddesi tarafların bir sözleşmenin içeriğini kanunda öngörülen sınırlar içinde özgürce belirleyebileceğini 27. maddesi ise kanunun emredici hükümlerine, ahlaka, kamu düzenine, kişilik haklarına aykırı olan sözleşmelerin kesin olarak hükümsüz olacağını vazetmiştir. &nbsp; Keza Türk Ceza Kanunu&#39;nun 99. maddesi rızası olmaksızın bir kadının çocuğunu düşürten kişinin cezalandırılac…",TAZMİNAT DAVASI - DAVACIYA DOWN SENDROMU KONUSUNDA SÖZLÜ OLARAK BİLGİLENDİRME YAPILDIĞINA İLİŞKİN KAYITLARIN AKSİNİN DAVACI TARAFINDAN İSPATLANAMADIĞI GÖZETİLEREK BİR HÜKÜM KURULMASI GEREKTİĞİ - HÜKMÜ
117,28.6,Anayasa,1,2015/1517,,2018-12-25,gebe×2 | travma×26 | illiyet×3 | TCK 87/88 | cenin/düşük,"…rev yapan isminin [C.] olduğunu bildiğim uzman işkence yapmıştır. Biz işkence gördüğümüz sırada orada bulunan Askerler bize [C.] isimli uzman çavuşun emrettiğini, bu nedenle işkence yapıldığını söylemişlerdi. Ovakışla Jandarma Karakolunda benim hatırladığım kadarıyla bizi 4 Nisan 1994 tarihinde göz altına aldıklarından önce Ovakışla Jandarma Karakoluna getirdiler, burada Ovakışla Jandarma karakolunda…",ANAYASA MAHKEMESİNİN 25/12/2018 TARİHLİ VE 2015/1517 SAYILI KARARI (BİREYSEL BAŞVURU)
118,28.6,Yargıtay,4,2021/23044,2707,2023-03-01,gebe×2 | travma×8 | illiyet×4 | TCK 87/88 | cenin/düşük,"…ere ulaşması ile tamiri mümkün olmayan ağır hasarlar meydana geleceği aşikardır. 5271 sayılı Kanun'un 157. maddesinde \""Soruşturmalar gizli yapılır\"" emredici hükmü ile Yakalama, Gözaltına Alma ve İfade alma Yönetmeliği'nin 27. maddesinde öngörülen \""Suçluluğu bir yargı hükmüne bağlanana kadar kişinin masumiyeti esastır ve hazırlık soruşturması gizlidir. Bu nedenle soruşturma safhasında gözaltındaki…",YARGITAY KARARI
119,28.5,Yargıtay,4,2021/23038,2706,2023-03-01,gebe×3 | travma×5 | illiyet×5 | TCK 87/88 | cenin/düşük,"…ere ulaşması ile tamiri mümkün olmayan ağır hasarlar meydana geleceği aşikardır. 5271 sayılı Kanun'un 157. maddesinde \""Soruşturmalar gizli yapılır\"" emredici hükmü ile Yakalama, Gözaltına Alma ve İfade alma Yönetmeliği'nin 27. maddesinde öngörülen \""Suçluluğu bir yargı hükmüne bağlanana kadar kişinin masumiyeti esastır ve hazırlık soruşturması gizlidir. Bu nedenle soruşturma safhasında gözaltındaki…",YARGITAY KARARI
120,28.5,Yargıtay,4,2021/24248,2708,2023-03-01,gebe×3 | travma×5 | illiyet×5 | TCK 87/88 | cenin/düşük,"…ere ulaşması ile tamiri mümkün olmayan ağır hasarlar meydana geleceği aşikardır. 5271 sayılı Kanun'un 157. maddesinde \""Soruşturmalar gizli yapılır\"" emredici hükmü ile Yakalama, Gözaltına Alma ve İfade alma Yönetmeliği'nin 27. maddesinde öngörülen \""Suçluluğu bir yargı hükmüne bağlanana kadar kişinin masumiyeti esastır ve hazırlık soruşturması gizlidir. Bu nedenle soruşturma safhasında gözaltındaki…",YARGITAY KARARI
121,28.4,Danıştay,10,2021/3640,6591,2024-12-18,gebe×25 | travma×1 | illiyet×4 | cenin/düşük | obstetrik komp.,"…lunun ... tarih ve ... sayılı raporunda, zamanında otopsi yapılarak iç organ değişimleri araştırılmamış olmakla birlikte tıbbi belgelere göre bebeğin intrauterin ölümünün preeklampsi ve plasenta dekolmanına bağlı intrauterin anoksi sonucu meydana geldiği, annede tespit edilen ağır preeklampsi hastalığının anne ve bebek hayatını tehdit edici bir durum olduğu, ancak 26. gebelik haftasında annenin durumu kötüleşmed…",DANIŞTAY KARARI
122,28.4,Yargıtay,4,2021/21149,2424,2023-02-23,gebe×4 | travma×4 | illiyet×5 | TCK 87/88 | cenin/düşük,"…ere ulaşması ile tamiri mümkün olmayan ağır hasarlar meydana geleceği aşikardır. 5271 sayılı Kanun'un 157. maddesinde \""Soruşturmalar gizli yapılır\"" emredici hükmü ile Yakalama, Gözaltına Alma ve İfade alma Yönetmeliği'nin 27. maddesinde öngörülen \""Suçluluğu bir yargı hükmüne bağlanana kadar kişinin masumiyeti esastır ve hazırlık soruşturması gizlidir. Bu nedenle soruşturma safhasında gözaltındaki…",YARGITAY KARARI
123,28.2,Yargıtay,HG,2016/1904,1037,2019-10-10,gebe×6 | travma×30 | illiyet×1 | TCK 87/88 | cenin/düşük,"…i, tarafların hakları ve borçları yanında asıl ve ağırlıklı olarak iş sözleşmelerine uygulanacak (normatif) hükümleri içermektedir. Normatif hükümler emredici kanun hükmü gibi kapsamına aldığı iş sözleşmelerine uygulanırlar. Buradan çıkan sonuç ise, iş sözleşmelerinin toplu iş sözleşmesine aykırı olamayacağıdır. İş sözleşmesindeki toplu iş sözleşmesine aykırı hükümlerin yerini toplu iş sözleşmesi hük…",YARGITAY KARARI
124,28.2,Yargıtay,HG,2016/1534,1026,2019-10-10,gebe×6 | travma×30 | illiyet×1 | TCK 87/88 | cenin/düşük,"…i, tarafların hakları ve borçları yanında asıl ve ağırlıklı olarak iş sözleşmelerine uygulanacak (normatif) hükümleri içermektedir. Normatif hükümler emredici kanun hükmü gibi kapsamına aldığı iş sözleşmelerine uygulanırlar. Buradan çıkan sonuç ise, iş sözleşmelerinin toplu iş sözleşmesine aykırı olamayacağıdır. İş sözleşmesindeki toplu iş sözleşmesine aykırı hükümlerin yerini toplu iş sözleşmesi hük…",YARGITAY KARARI
125,28.2,Yargıtay,HG,2016/2147,1029,2019-10-10,gebe×6 | travma×30 | illiyet×1 | TCK 87/88 | cenin/düşük,"…i, tarafların hakları ve borçları yanında asıl ve ağırlıklı olarak iş sözleşmelerine uygulanacak (normatif) hükümleri içermektedir. Normatif hükümler emredici kanun hükmü gibi kapsamına aldığı iş sözleşmelerine uygulanırlar. Buradan çıkan sonuç ise, iş sözleşmelerinin toplu iş sözleşmesine aykırı olamayacağıdır. İş sözleşmesindeki toplu iş sözleşmesine aykırı hükümlerin yerini toplu iş sözleşmesi hük…",YARGITAY KARARI
126,28.2,Yargıtay,HG,2016/1902,1035,2019-10-10,gebe×6 | travma×30 | illiyet×1 | TCK 87/88 | cenin/düşük,"…i, tarafların hakları ve borçları yanında asıl ve ağırlıklı olarak iş sözleşmelerine uygulanacak (normatif) hükümleri içermektedir. Normatif hükümler emredici kanun hükmü gibi kapsamına aldığı iş sözleşmelerine uygulanırlar. Buradan çıkan sonuç ise, iş sözleşmelerinin toplu iş sözleşmesine aykırı olamayacağıdır. İş sözleşmesindeki toplu iş sözleşmesine aykırı hükümlerin yerini toplu iş sözleşmesi hük…",YARGITAY KARARI
127,28.2,Yargıtay,HG,2016/2398,1030,2019-10-10,gebe×6 | travma×30 | illiyet×1 | TCK 87/88 | cenin/düşük,"…i, tarafların hakları ve borçları yanında asıl ve ağırlıklı olarak iş sözleşmelerine uygulanacak (normatif) hükümleri içermektedir. Normatif hükümler emredici kanun hükmü gibi kapsamına aldığı iş sözleşmelerine uygulanırlar. Buradan çıkan sonuç ise, iş sözleşmelerinin toplu iş sözleşmesine aykırı olamayacağıdır. İş sözleşmesindeki toplu iş sözleşmesine aykırı hükümlerin yerini toplu iş sözleşmesi hük…",YARGITAY KARARI
128,28.2,Yargıtay,HG,2016/1901,1034,2019-10-10,gebe×6 | travma×30 | illiyet×1 | TCK 87/88 | cenin/düşük,"…i, tarafların hakları ve borçları yanında asıl ve ağırlıklı olarak iş sözleşmelerine uygulanacak (normatif) hükümleri içermektedir. Normatif hükümler emredici kanun hükmü gibi kapsamına aldığı iş sözleşmelerine uygulanırlar. Buradan çıkan sonuç ise, iş sözleşmelerinin toplu iş sözleşmesine aykırı olamayacağıdır. İş sözleşmesindeki toplu iş sözleşmesine aykırı hükümlerin yerini toplu iş sözleşmesi hük…",YARGITAY KARARI
129,28.2,Yargıtay,HG,2016/1903,1036,2019-10-10,gebe×6 | travma×30 | illiyet×1 | TCK 87/88 | cenin/düşük,"…i, tarafların hakları ve borçları yanında asıl ve ağırlıklı olarak iş sözleşmelerine uygulanacak (normatif) hükümleri içermektedir. Normatif hükümler emredici kanun hükmü gibi kapsamına aldığı iş sözleşmelerine uygulanırlar. Buradan çıkan sonuç ise, iş sözleşmelerinin toplu iş sözleşmesine aykırı olamayacağıdır. İş sözleşmesindeki toplu iş sözleşmesine aykırı hükümlerin yerini toplu iş sözleşmesi hük…",YARGITAY KARARI
130,28.2,Danıştay,10,2021/5326,1519,2025-03-11,gebe×30 | travma×2 | illiyet×27 | cenin/düşük,"…kanama nedeniyle muayene için gittiği Adana Kadın Doğum ve Çocuk Hastalıkları Hastanesinde küretaj işleminin doğru yapılmadığı ve bu sebeple küçüğün erken doğumuna sebep olunduğu, küçükte göğüs kafesindeki kemiklerde olağan dışı büyüme ve eğrilik olduğundan bahisle uğranıldığı ileri sürülen zarara karşılık 1.000,00 TL maddi ile 250.000,00 TL manevi tazminatın idareye başvuru tarihinden itibaren işleyecek ya…",DANIŞTAY KARARI
131,28.2,Yargıtay,HG,2017/239,1038,2019-10-10,gebe×6 | travma×30 | illiyet×1 | TCK 87/88 | cenin/düşük,"…i, tarafların hakları ve borçları yanında asıl ve ağırlıklı olarak iş sözleşmelerine uygulanacak (normatif) hükümleri içermektedir. Normatif hükümler emredici kanun hükmü gibi kapsamına aldığı iş sözleşmelerine uygulanırlar. Buradan çıkan sonuç ise, iş sözleşmelerinin toplu iş sözleşmesine aykırı olamayacağıdır. İş sözleşmesindeki toplu iş sözleşmesine aykırı hükümlerin yerini toplu iş sözleşmesi hük…",YARGITAY KARARI
132,28.2,Yargıtay,HG,2016/2762,1033,2019-10-10,gebe×6 | travma×30 | illiyet×1 | TCK 87/88 | cenin/düşük,"…i, tarafların hakları ve borçları yanında asıl ve ağırlıklı olarak iş sözleşmelerine uygulanacak (normatif) hükümleri içermektedir. Normatif hükümler emredici kanun hükmü gibi kapsamına aldığı iş sözleşmelerine uygulanırlar. Buradan çıkan sonuç ise, iş sözleşmelerinin toplu iş sözleşmesine aykırı olamayacağıdır. İş sözleşmesindeki toplu iş sözleşmesine aykırı hükümlerin yerini toplu iş sözleşmesi hük…",YARGITAY KARARI
133,28.2,Yargıtay,HG,2016/1538,1028,2019-10-10,gebe×6 | travma×30 | illiyet×1 | TCK 87/88 | cenin/düşük,"…i, tarafların hakları ve borçları yanında asıl ve ağırlıklı olarak iş sözleşmelerine uygulanacak (normatif) hükümleri içermektedir. Normatif hükümler emredici kanun hükmü gibi kapsamına aldığı iş sözleşmelerine uygulanırlar. Buradan çıkan sonuç ise, iş sözleşmelerinin toplu iş sözleşmesine aykırı olamayacağıdır. İş sözleşmesindeki toplu iş sözleşmesine aykırı hükümlerin yerini toplu iş sözleşmesi hük…",YARGITAY KARARI
134,28.2,Yargıtay,HG,2016/2400,1032,2019-10-10,gebe×6 | travma×30 | illiyet×1 | TCK 87/88 | cenin/düşük,"…i, tarafların hakları ve borçları yanında asıl ve ağırlıklı olarak iş sözleşmelerine uygulanacak (normatif) hükümleri içermektedir. Normatif hükümler emredici kanun hükmü gibi kapsamına aldığı iş sözleşmelerine uygulanırlar. Buradan çıkan sonuç ise, iş sözleşmelerinin toplu iş sözleşmesine aykırı olamayacağıdır. İş sözleşmesindeki toplu iş sözleşmesine aykırı hükümlerin yerini toplu iş sözleşmesi hük…",YARGITAY KARARI
135,28.2,Yargıtay,HG,2016/1537,1027,2019-10-10,gebe×6 | travma×30 | illiyet×1 | TCK 87/88 | cenin/düşük,"…i, tarafların hakları ve borçları yanında asıl ve ağırlıklı olarak iş sözleşmelerine uygulanacak (normatif) hükümleri içermektedir. Normatif hükümler emredici kanun hükmü gibi kapsamına aldığı iş sözleşmelerine uygulanırlar. Buradan çıkan sonuç ise, iş sözleşmelerinin toplu iş sözleşmesine aykırı olamayacağıdır. İş sözleşmesindeki toplu iş sözleşmesine aykırı hükümlerin yerini toplu iş sözleşmesi hük…",YARGITAY KARARI
136,28.2,Yargıtay,HG,2016/2399,1031,2019-10-10,gebe×6 | travma×30 | illiyet×1 | TCK 87/88 | cenin/düşük,"…i, tarafların hakları ve borçları yanında asıl ve ağırlıklı olarak iş sözleşmelerine uygulanacak (normatif) hükümleri içermektedir. Normatif hükümler emredici kanun hükmü gibi kapsamına aldığı iş sözleşmelerine uygulanırlar. Buradan çıkan sonuç ise, iş sözleşmelerinin toplu iş sözleşmesine aykırı olamayacağıdır. İş sözleşmesindeki toplu iş sözleşmesine aykırı hükümlerin yerini toplu iş sözleşmesi hük…",YARGITAY KARARI
137,28.1,Anayasa,1,2018/36427,,2021-10-06,gebe×1 | travma×28 | illiyet×3 | TCK 87/88 | cenin/düşük,"…&sect;&sect; 50-54; Ferit Çelik, B. No: 2012/1220, 10/12/2014, &sect;&sect; 51, 52; Hikmet Yayğın, B. No: 2013/1279, 30/12/2014, &sect;&sect; 29-36; Emrah Oğuz, B. No: 2013/1755, 25/3/2015, &sect;&sect; 43-54; Ulaş Kaya ve Adnan Ataman, B. No: 2013/4128, 18/11/2015, &sect;&sect; 53-73; sulh ceza hâkimliklerinin yapısına ilişkin iddialar için bkz. Hikmet Kopar ve diğerleri [GK], B. No: 2014/14061, 8/…",ANAYASA MAHKEMESİNİN 6/10/2021 TARİHLİ VE 2018/36427 SAYILI KARARI (BİREYSEL BAŞVURU) 
138,28.1,Yargıtay,21,2019/2513,7438,2019-12-03,gebe×3 | travma×20 | illiyet×8 | TCK 87/88 | trafik/iş kaz,"…anun kuralı olarak değil de sözleşme kuralı olarak uygulanmaka devam eder meğerki bu "" Eski Kanundan İktibas edilen sözleşme kuralları"", yeni Kanunun emredici, aksine sözleşme yapılamayacak olan kurallarına aykırı olsun. Bu ihtimalde artık bu kurallar, sözleşme kuralı kılığında ortaya çıksalar dahi, sözleşme kurallarının emredici kuralları bertaraf edemeyeceği genel kuralı gereğince uygulanamazlar ve…",YARGITAY KARARI
139,28,Danıştay,2,2021/17637,2143,2025-04-30,gebe×8 | travma×6 | illiyet×2 | TCK 87/88 | cenin/düşük,"…irlemek ve değiştirmek valinin görev ve yetkileri arasındadır. Kanun’a göre il idaresinin ikinci bölümünü il idare şube başkanları oluşturur. Valinin emri altında olan il idare şube başkanları, kendi görev alanlarına giren işlerin yürütülmesinden valiye karşı sorumludurlar. Anılanların, doğrudan doğruya işlem yapma yetkileri yoktur. Bunlar, kendi görev alanına giren konularda işlem ve kararları hazır…",DANIŞTAY KARARI
140,28,Anayasa,GK,1992/1-3,1,1993-07-14,gebe×4 | travma×17 | illiyet×113 | TCK 87/88,"…ceğiz, şunu açıkça isteyebilirmiyiz, kurultay karan olarak, kurultayımızın bir çağrısı olarak kurultaydan çıkacak parti meclisinin önüne bir kurultay emri olarak koymak üzere şunu isteyebilir miyiz, Kürt halkının açık özgür seçimleri diyebilir miyiz, bence bunu demek gerekir. Kürdistan&#39;da en kısa zamanda uluslararası gözlemcilerin kontrolünde açık referandum, iki Kürdistan&#39;da bir savaş var. B…","ANAYASA MAHKEMESİNİN E: 1992/1 (SİYASİ PARTİ KAPATMA), K: 1993/1 SAYILI KARARI"
141,28,Yargıtay,CG,2023/217,74,2025-02-13,gebe×4 | travma×136 | illiyet×29 | TCK 87/88,"…elilerin söylediği yanıltıcı ifadeler ve tehditlere rağmen dışarıda bulunan polisler ve insan kalabalığının mahiyetini tam olarak kavrayamadıkları ve emrin hukuka uygunluğundan şüphe duydukları cihetle hem karşılarındakilere zarar vermemek, hem de komutanlarını yanıltmak ve olası tepkilerini yatıştırabilmek amacıyla havaya doğru ateş ettiklerini beyan ettikleri anlaşılmaktadır. Mahkûmiyetine karar ve…",YARGITAY KARARI
142,28,Anayasa,GK,1997/1-4,1,1998-01-16,gebe×4 | travma×13 | illiyet×46 | TCK 87/88,"…akkın ihkakı için, hakkın yayılmış, Allahın kelimesi yükselmesi için yapılacak iktidar çalışmalarına cihad derler. Cenabı Hak bunu siyasi mücerretten emretmemiş. Cahudiden emretmiş. Ne demek? Ordu halinde yapılır. Komutanı bellidir... Namaz kılmanın şartı iktidarın Müslümanlaştırılmasıdır. Allah diyor ki, camilerden önce iktidar yolu Müslüman olacak... Beş vakit namaz kılınacak yerler için kubbeler y…","ANAYASA MAHKEMESİNİN E: 1997/1 (SİYASİ PARTİ KAPATMA), K: 1998/1 SAYILI KARARI"
143,27.9,Anayasa,1,2014/17591,,2017-04-19,gebe×3 | travma×236 | illiyet×2 | TCK 87/88 | cenin/düşük,"…raporuna göre; kanda alkol (etanol ve metanol) bulunmadığı, (1,99 ng/ml) diazepam, (1,76ng/ml) JWH-018 n-Pentanoic acid, (9,06 ng/ml) midazolam, chlorpromazine, quetiapine, metamizole (pür standartları olmadığından miktar verilemediği) bulunduğu, sistematikteki diğer maddelerin bulunmadığı, idrarda JWH-018 n-Pentanoic acid, Midazolam, Chlorpromazine, Çuetiapine, THC-COOH bulunduğu, sistematikteki diğe…",ANAYASA MAHKEMESİNİN 19/4/2017 TARİHLİ VE 2014/17591 SAYILI KARARI (BİREYSEL BAŞVURU)
144,27.9,Anayasa,GK,2003/66,72,2005-10-19,gebe×3 | travma×15 | illiyet×2 | TCK 87/88 | cenin/düşük,"…eme gitme hükmü konulmuşsa, bu hüküm normatif niteliktedir ve sendika üyesi olan işçiyi bağlar. Çünkü, 20. maddenin birinci fıkrasının son tümcesinde emredici nitelikte bir ifadeyle, ""Toplu iş sözleşmesinde hüküm varsa ... özel hakeme götürülür"" denilmektedir. Anayasa'nın 36. maddesinin birinci fıkrasına göre, herkes, meşru vasıta ve yollardan faydalanmak suretiyle yargı mercileri önünde davacı olara…","ANAYASA MAHKEMESİNİN E: 2003/66 (4857 SAYILI KANUN İLE İLGİLİ), K: 2005/72 SAYILI KARARI"
145,27.8,Yargıtay,4,2021/21142,2422,2023-02-23,gebe×4 | travma×3 | illiyet×5 | TCK 87/88 | cenin/düşük,"…ere ulaşması ile tamiri mümkün olmayan ağır hasarlar meydana geleceği aşikardır. 5271 sayılı Kanun'un 157. maddesinde \""Soruşturmalar gizli yapılır\"" emredici hükmü ile Yakalama, Gözaltına Alma ve İfade alma Yönetmeliği'nin 27. maddesinde öngörülen \""Suçluluğu bir yargı hükmüne bağlanana kadar kişinin masumiyeti esastır ve hazırlık soruşturması gizlidir. Bu nedenle soruşturma safhasında gözaltındaki…",YARGITAY KARARI
146,27.6,Yargıtay,21,2016/18430,2773,2017-04-04,gebe×2 | travma×12 | illiyet×8 | TCK 87/88 | trafik/iş kaz,"…anun kuralı olarak değil de sözleşme kuralı olarak uygulanmaka devam eder meğerki bu "" Eski Kanundan İktibas edilen sözleşme kuralları"", yeni Kanunun emredici, aksine sözleşme yapılamayacak olan kurallarına aykırı olsun. Bu ihtimalde artık bu kurallar, sözleşme kuralı kılığında ortaya çıksalar dahi, sözleşme kurallarının emredici kuralları bertaraf edemeyeceği genel kuralı gereğince uygulanamazlar ve…",YARGITAY KARARI
147,27.6,Yargıtay,21,2015/21760,15697,2016-12-28,gebe×2 | travma×13 | illiyet×8 | TCK 87/88 | trafik/iş kaz,"…anun kuralı olarak değil de sözleşme kuralı olarak uygulanmaka devam eder meğerki bu "" Eski Kanundan İktibas edilen sözleşme kuralları"", yeni Kanunun emredici, aksine sözleşme yapılamayacak olan kurallarına aykırı olsun. Bu ihtimalde artık bu kurallar, sözleşme kuralı kılığında ortaya çıksalar dahi, sözleşme kurallarının emredici kuralları bertaraf edemeyeceği genel kuralı gereğince uygulanamazlar ve…",YARGITAY KARARI
148,27.6,Yargıtay,21,2015/21005,340,2017-01-23,gebe×2 | travma×11 | illiyet×8 | TCK 87/88 | trafik/iş kaz,"…anun kuralı olarak değil de sözleşme kuralı olarak uygulanmaka devam eder meğerki bu "" Eski Kanundan İktibas edilen sözleşme kuralları"", yeni Kanunun emredici, aksine sözleşme yapılamayacak olan kurallarına aykırı olsun. Bu ihtimalde artık bu kurallar, sözleşme kuralı kılığında ortaya çıksalar dahi, sözleşme kurallarının emredici kuralları bertaraf edemeyeceği genel kuralı gereğince uygulanamazlar ve…",YARGITAY KARARI
149,27.6,Yargıtay,21,2016/18255,2423,2018-03-19,gebe×2 | travma×12 | illiyet×8 | TCK 87/88 | trafik/iş kaz,"…anun kuralı olarak değil de sözleşme kuralı olarak uygulanmaka devam eder meğerki bu "" Eski Kanundan İktibas edilen sözleşme kuralları"", yeni Kanunun emredici, aksine sözleşme yapılamayacak olan kurallarına aykırı olsun. Bu ihtimalde artık bu kurallar, sözleşme kuralı kılığında ortaya çıksalar dahi, sözleşme kurallarının emredici kuralları bertaraf edemeyeceği genel kuralı gereğince uygulanamazlar ve…",YARGITAY KARARI
150,27.6,Yargıtay,21,2016/18280,2567,2018-03-20,gebe×2 | travma×11 | illiyet×8 | TCK 87/88 | trafik/iş kaz,"…anun kuralı olarak değil de sözleşme kuralı olarak uygulanmaka devam eder meğerki bu "" Eski Kanundan İktibas edilen sözleşme kuralları"", yeni Kanunun emredici, aksine sözleşme yapılamayacak olan kurallarına aykırı olsun. Bu ihtimalde artık bu kurallar, sözleşme kuralı kılığında ortaya çıksalar dahi, sözleşme kurallarının emredici kuralları bertaraf edemeyeceği genel kuralı gereğince uygulanamazlar ve…",YARGITAY KARARI
151,27.6,Yargıtay,21,2016/3958,6570,2017-09-19,gebe×2 | travma×11 | illiyet×8 | TCK 87/88 | trafik/iş kaz,"…anun kuralı olarak değil de sözleşme kuralı olarak uygulanmaka devam eder meğerki bu "" Eski Kanundan İktibas edilen sözleşme kuralları"", yeni Kanunun emredici, aksine sözleşme yapılamayacak olan kurallarına aykırı olsun. Bu ihtimalde artık bu kurallar, sözleşme kuralı kılığında ortaya çıksalar dahi, sözleşme kurallarının emredici kuralları bertaraf edemeyeceği genel kuralı gereğince uygulanamazlar ve…",YARGITAY KARARI
152,27.6,Danıştay,10,2021/5357,1671,2025-03-18,gebe×28 | travma×1 | illiyet×16 | cenin/düşük,"…şma istemi yerinde görülmeyerek işin gereği görüşüldü: İNCELEME VE GEREKÇE: MADDİ OLAY : Dava dosyanın incelenmesinden; ...'ün 29. gebelik haftasında erken doğum tehdidi nedeni ile Bartın Kadın Doğum ve Çocuk Hastalıkları Hastanesinde 28/10/2010-01/11/2010 tarihleri arasında yatırılarak tedavi edildiği, 22/11/2010 tarihinde 33 haftalık gebe iken, sularının gelmesi şikayeti ile aynı hastaneye başvurduğu, aynı…",DANIŞTAY KARARI
153,27.6,Yargıtay,21,2019/5614,2377,2020-06-16,gebe×2 | travma×10 | illiyet×8 | TCK 87/88 | trafik/iş kaz,"…anun kuralı olarak değil de sözleşme kuralı olarak uygulanmaka devam eder meğerki bu "" Eski Kanundan İktibas edilen sözleşme kuralları"", yeni Kanunun emredici, aksine sözleşme yapılamayacak olan kurallarına aykırı olsun. Bu ihtimalde artık bu kurallar, sözleşme kuralı kılığında ortaya çıksalar dahi, sözleşme kurallarının emredici kuralları bertaraf edemeyeceği genel kuralı gereğince uygulanamazlar ve…",YARGITAY KARARI
154,27.6,Yargıtay,21,2017/4415,168,2019-01-15,gebe×2 | travma×10 | illiyet×8 | TCK 87/88 | trafik/iş kaz,"…anun kuralı olarak değil de sözleşme kuralı olarak uygulanmaka devam eder meğerki bu "" Eski Kanundan İktibas edilen sözleşme kuralları"", yeni Kanunun emredici, aksine sözleşme yapılamayacak olan kurallarına aykırı olsun. Bu ihtimalde artık bu kurallar, sözleşme kuralı kılığında ortaya çıksalar dahi, sözleşme kurallarının emredici kuralları bertaraf edemeyeceği genel kuralı gereğince uygulanamazlar ve…",YARGITAY KARARI
155,27.6,Yargıtay,21,2015/21787,15695,2016-12-28,gebe×2 | travma×13 | illiyet×8 | TCK 87/88 | trafik/iş kaz,"…anun kuralı olarak değil de sözleşme kuralı olarak uygulanmaka devam eder meğerki bu "" Eski Kanundan İktibas edilen sözleşme kuralları"", yeni Kanunun emredici, aksine sözleşme yapılamayacak olan kurallarına aykırı olsun. Bu ihtimalde artık bu kurallar, sözleşme kuralı kılığında ortaya çıksalar dahi, sözleşme kurallarının emredici kuralları bertaraf edemeyeceği genel kuralı gereğince uygulanamazlar ve…",YARGITAY KARARI
156,27.6,Yargıtay,10,2023/4229,5445,2023-05-16,gebe×2 | travma×35 | illiyet×8 | TCK 87/88 | trafik/iş kaz,"…ası bu konuda ilgili kurumlara bilgi verilmesi v.b\"" sorumlulukların müvekkiline atfedilmesinin mümkün olmadığını, karayolları görevlileri tarafından emrivaki yapılarak görev alanında bulunmayan bir yere müvekkili şirketin emir ve talimatı olmaksızın kazalı kişinin görevlendirmesinde müvekkili şirkete kusur verilemeyeceğini, bu halde işveren müvekkili şirket yetkili kişilerinin “ işlemin yapılmaması…",YARGITAY KARARI
157,27.6,Yargıtay,21,2018/6078,5233,2019-09-17,gebe×2 | travma×26 | illiyet×8 | TCK 87/88 | trafik/iş kaz,"…kanun kuralı olarak değil de sözleşme kuralı olarak uygulanmaya devam eder meğerki bu ""Eski Kanundan İktibas edilen sözleşme kuralları"", yeni Kanunun emredici, aksine sözleşme yapılamayacak olan kurallarına aykırı olsun. Bu ihtimalde artık bu kurallar, sözleşme kuralı kılığında ortaya çıksalar dahi, sözleşme kurallarının emredici kuralları bertaraf edemeyeceği genel kuralı gereğince uygulanamazlar ve…",YARGITAY KARARI
158,27.6,Yargıtay,21,2016/13871,6561,2017-09-19,gebe×2 | travma×11 | illiyet×8 | TCK 87/88 | trafik/iş kaz,"…olarak değil de sözleşme kuralı olarak uygulanmakta devam eder meğerki bu &quot; Eski Kanundan İktibas edilen sözleşme kuralları&quot;, yeni Kanunun emredici, aksine sözleşme yapılamayacak olan kurallarına aykırı olsun. Bu ihtimalde artık bu kurallar, sözleşme kuralı kılığında ortaya çıksalar dahi, sözleşme kurallarının emredici kuralları bertaraf edemeyeceği genel kuralı gereğince uygulanamazlar ve…",TAZMİNAT DAVASI - İŞ KAZASI SONUCU MALULİYET - İŞ KAZASININ TARİHİNE GÖRE HANGİ KANUNUN UYGULANACAĞININ AÇIK OLARAK BELİRLENMESİ LÜZUMU - UZMAN BİLİRKİŞİ KURULUNDAN USULÜNCE KUSUR ORANLARININ DEĞERLEN
159,27.6,Yargıtay,21,2016/4174,5185,2016-03-24,gebe×2 | travma×12 | illiyet×8 | TCK 87/88 | trafik/iş kaz,"…anun kuralı olarak değil de sözleşme kuralı olarak uygulanmaka devam eder meğerki bu "" Eski Kanundan İktibas edilen sözleşme kuralları"", yeni Kanunun emredici, aksine sözleşme yapılamayacak olan kurallarına aykırı olsun. Bu ihtimalde artık bu kurallar, sözleşme kuralı kılığında ortaya çıksalar dahi, sözleşme kurallarının emredici kuralları bertaraf edemeyeceği genel kuralı gereğince uygulanamazlar ve…",YARGITAY KARARI
160,27.6,Yargıtay,21,2016/13300,1342,2018-02-19,gebe×2 | travma×30 | illiyet×8 | TCK 87/88 | trafik/iş kaz,"…anun kuralı olarak değil de sözleşme kuralı olarak uygulanmaka devam eder meğerki bu "" Eski Kanundan İktibas edilen sözleşme kuralları"", yeni Kanunun emredici, aksine sözleşme yapılamayacak olan kurallarına aykırı olsun. Bu ihtimalde artık bu kurallar, sözleşme kuralı kılığında ortaya çıksalar dahi, sözleşme kurallarının emredici kuralları bertaraf edemeyeceği genel kuralı gereğince uygulanamazlar ve…",YARGITAY KARARI
161,27.6,Yargıtay,10,2020/11412,2333,2022-02-22,gebe×2 | travma×20 | illiyet×8 | TCK 87/88 | trafik/iş kaz,"…nun kuralı olarak değil de sözleşme kuralı olarak uygulanmaka devam eder meğerki bu \""Eski Kanundan İktibas edilen sözleşme kuralları\"", yeni Kanunun emredici, aksine sözleşme yapılamayacak olan kurallarına aykırı olsun. Bu ihtimalde artık bu kurallar, sözleşme kuralı kılığında ortaya çıksalar dahi, sözleşme kurallarının emredici kuralları bertaraf edemeyeceği genel kuralı gereğince uygulanamazlar ve…",YARGITAY KARARI
162,27.6,Yargıtay,21,2018/5945,7010,2019-11-19,gebe×2 | travma×14 | illiyet×8 | TCK 87/88 | trafik/iş kaz,"…anun kuralı olarak değil de sözleşme kuralı olarak uygulanmaka devam eder meğerki bu "" Eski Kanundan İktibas edilen sözleşme kuralları"", yeni Kanunun emredici, aksine sözleşme yapılamayacak olan kurallarına aykırı olsun. Bu ihtimalde artık bu kurallar, sözleşme kuralı kılığında ortaya çıksalar dahi, sözleşme kurallarının emredici kuralları bertaraf edemeyeceği genel kuralı gereğince uygulanamazlar ve…",YARGITAY KARARI
163,27.6,Yargıtay,21,2016/18251,2422,2018-03-19,gebe×2 | travma×13 | illiyet×8 | TCK 87/88 | trafik/iş kaz,"…anun kuralı olarak değil de sözleşme kuralı olarak uygulanmaka devam eder meğerki bu "" Eski Kanundan İktibas edilen sözleşme kuralları"", yeni Kanunun emredici, aksine sözleşme yapılamayacak olan kurallarına aykırı olsun. Bu ihtimalde artık bu kurallar, sözleşme kuralı kılığında ortaya çıksalar dahi, sözleşme kurallarının emredici kuralları bertaraf edemeyeceği genel kuralı gereğince uygulanamazlar ve…",YARGITAY KARARI
164,27.6,Yargıtay,21,2016/9150,1203,2017-02-21,gebe×2 | travma×14 | illiyet×8 | TCK 87/88 | trafik/iş kaz,"…anun kuralı olarak değil de sözleşme kuralı olarak uygulanmakla devam eder meğerki bu ""Eski Kanundan İktibas edilen sözleşme kuralları"", yeni Kanunun emredici, aksine sözleşme yapılamayacak olan kurallarına aykırı olsun. Bu ihtimalde artık bu kurallar, sözleşme kuralı kılığında ortaya çıksalar dahi, sözleşme kurallarının emredici kuralları bertaraf edemeyeceği genel kuralı gereğince uygulanamazlar ve…",MANEVİ TAZMİNAT DAVASI - ARALARINDA TRAFİK İŞ GÜVENLİĞİ UZMANI DA BULUNAN BİLİRKİŞİ HEYETİNE İNCELEME YAPTIRILMASI - FARKLI KUSUR DEĞERLENDİRMELERİ ARASINDAKİ ÇELİŞKİLERİ GİDERECEK ŞEKİLDE TARAFLARIN 
165,27.6,Yargıtay,21,2016/12322,1190,2018-02-13,gebe×2 | travma×11 | illiyet×8 | TCK 87/88 | trafik/iş kaz,"…anun kuralı olarak değil de sözleşme kuralı olarak uygulanmaka devam eder meğerki bu "" Eski Kanundan İktibas edilen sözleşme kuralları"", yeni Kanunun emredici, aksine sözleşme yapılamayacak olan kurallarına aykırı olsun. Bu ihtimalde artık bu kurallar, sözleşme kuralı kılığında ortaya çıksalar dahi, sözleşme kurallarının emredici kuralları bertaraf edemeyeceği genel kuralı gereğince uygulanamazlar ve…",YARGITAY KARARI
166,27.6,Yargıtay,21,2015/6705,5732,2016-03-31,gebe×2 | travma×12 | illiyet×8 | TCK 87/88 | trafik/iş kaz,"…anun kuralı olarak değil de sözleşme kuralı olarak uygulanmaka devam eder meğerki bu "" Eski Kanundan İktibas edilen sözleşme kuralları"", yeni Kanunun emredici, aksine sözleşme yapılamayacak olan kurallarına aykırı olsun. Bu ihtimalde artık bu kurallar, sözleşme kuralı kılığında ortaya çıksalar dahi, sözleşme kurallarının emredici kuralları bertaraf edemeyeceği genel kuralı gereğince uygulanamazlar ve…",YARGITAY KARARI
167,27.6,Yargıtay,21,2019/123,4328,2019-06-13,gebe×2 | travma×22 | illiyet×8 | TCK 87/88 | trafik/iş kaz,"…anun kuralı olarak değil de sözleşme kuralı olarak uygulanmaka devam eder meğerki bu "" Eski Kanundan İktibas edilen sözleşme kuralları"", yeni Kanunun emredici, aksine sözleşme yapılamayacak olan kurallarına aykırı olsun. Bu ihtimalde artık bu kurallar, sözleşme kuralı kılığında ortaya çıksalar dahi, sözleşme kurallarının emredici kuralları bertaraf edemeyeceği genel kuralı gereğince uygulanamazlar ve…",YARGITAY KARARI
168,27.6,Yargıtay,21,2015/16485,10406,2016-06-21,gebe×2 | travma×11 | illiyet×8 | TCK 87/88 | trafik/iş kaz,"…anun kuralı olarak değil de sözleşme kuralı olarak uygulanmaka devam eder meğerki bu "" Eski Kanundan İktibas edilen sözleşme kuralları"", yeni Kanunun emredici, aksine sözleşme yapılamayacak olan kurallarına aykırı olsun. Bu ihtimalde artık bu kurallar, sözleşme kuralı kılığında ortaya çıksalar dahi, sözleşme kurallarının emredici kuralları bertaraf edemeyeceği genel kuralı gereğince uygulanamazlar ve…",YARGITAY KARARI
169,27.6,Yargıtay,21,2015/21806,15696,2016-12-28,gebe×2 | travma×13 | illiyet×8 | TCK 87/88 | trafik/iş kaz,"…anun kuralı olarak değil de sözleşme kuralı olarak uygulanmaka devam eder meğerki bu "" Eski Kanundan İktibas edilen sözleşme kuralları"", yeni Kanunun emredici, aksine sözleşme yapılamayacak olan kurallarına aykırı olsun. Bu ihtimalde artık bu kurallar, sözleşme kuralı kılığında ortaya çıksalar dahi, sözleşme kurallarının emredici kuralları bertaraf edemeyeceği genel kuralı gereğince uygulanamazlar ve…",YARGITAY KARARI
170,27.6,Yargıtay,21,2016/16618,683,2017-02-07,gebe×2 | travma×14 | illiyet×8 | TCK 87/88 | trafik/iş kaz,"…anun kuralı olarak değil de sözleşme kuralı olarak uygulanmaka devam eder meğerki bu "" Eski Kanundan İktibas edilen sözleşme kuralları"", yeni Kanunun emredici, aksine sözleşme yapılamayacak olan kurallarına aykırı olsun. Bu ihtimalde artık bu kurallar, sözleşme kuralı kılığında ortaya çıksalar dahi, sözleşme kurallarının emredici kuralları bertaraf edemeyeceği genel kuralı gereğince uygulanamazlar ve…",YARGITAY KARARI
171,27.6,Yargıtay,21,2016/13159,1347,2018-02-19,gebe×2 | travma×19 | illiyet×8 | TCK 87/88 | trafik/iş kaz,"…anun kuralı olarak değil de sözleşme kuralı olarak uygulanmaka devam eder meğerki bu "" Eski Kanundan İktibas edilen sözleşme kuralları"", yeni Kanunun emredici, aksine sözleşme yapılamayacak olan kurallarına aykırı olsun. Bu ihtimalde artık bu kurallar, sözleşme kuralı kılığında ortaya çıksalar dahi, sözleşme kurallarının emredici kuralları bertaraf edemeyeceği genel kuralı gereğince uygulanamazlar ve…",YARGITAY KARARI
172,27.6,Yargıtay,21,2016/15381,2894,2018-03-27,gebe×2 | travma×11 | illiyet×8 | TCK 87/88 | trafik/iş kaz,"…anun kuralı olarak değil de sözleşme kuralı olarak uygulanmaka devam eder meğerki bu "" Eski Kanundan İktibas edilen sözleşme kuralları"", yeni Kanunun emredici, aksine sözleşme yapılamayacak olan kurallarına aykırı olsun. Bu ihtimalde artık bu kurallar, sözleşme kuralı kılığında ortaya çıksalar dahi, sözleşme kurallarının emredici kuralları bertaraf edemeyeceği genel kuralı gereğince uygulanamazlar ve…",YARGITAY KARARI
173,27.6,Yargıtay,21,2016/3003,6212,2017-09-12,gebe×2 | travma×14 | illiyet×8 | TCK 87/88 | trafik/iş kaz,"…anun kuralı olarak değil de sözleşme kuralı olarak uygulanmaka devam eder meğerki bu "" Eski Kanundan İktibas edilen sözleşme kuralları"", yeni Kanunun emredici, aksine sözleşme yapılamayacak olan kurallarına aykırı olsun. Bu ihtimalde artık bu kurallar, sözleşme kuralı kılığında ortaya çıksalar dahi, sözleşme kurallarının emredici kuralları bertaraf edemeyeceği genel kuralı gereğince uygulanamazlar ve…",YARGITAY KARARI
174,27.5,Yargıtay,CG,2018/106,367,2022-05-18,gebe×1 | travma×176 | illiyet×19 | künt/batın | trafik/iş kaz,"…. Sanıklardan ... belindeki tabancayı çıkartıp havaya ateş ederek 'Vurun bunları' diye söyledi. Bana ..., ..., ...’in beni darbediyorlardı. ... vurun emri ile sanıklardan Şahabettin silahını çıkardı, Göğsümü hedef aldı. Ancak ben hemen bileğinden tuttum. Yere doğru eğdirince silah patladı. Ayağımdan yaralandım. Daha sonra beni bıraktılar. Bu sırada olay yerine 'Durun vurmayın' diye koşarak gelen kard…",YARGITAY KARARI
175,27.5,Yargıtay,CG,2020/86,211,2022-03-24,gebe×3 | travma×119 | illiyet×10 | TCK 87/88,"…nın içine aynı yere döndüklerini, ...'ın yanındaki diğer kişiyi tanımadığını, biraz yukarıdaki çorbacıya 4 kişi olarak birlikte çıktıklarını, çorba içerken eylemin motorla yapılmasının kesinleştiğini, ... ...'un kendisinin motoru kullanamayacağını o nedenle motoru kullanmasını ...'a söylediğini, ...'ın olaya dahil olmak istemediğini, \""Ben sadece sizi bilgilendirdim daha ötesine karışmak istemiyorum\"" diye c…",YARGITAY KARARI
176,27.3,Anayasa,GK,2015/26,100,2015-11-12,gebe×3 | travma×9 | illiyet×2 | TCK 87/88 | cenin/düşük,"…göre verilmiş hakim kararı olmadıkça; yine bu sebeplere bağlı olarak gecikmesinde sakınca bulunan hallerde de kanunla yetkili kılınmış merciin yazılı emri bulunmadıkça; kimsenin üstü, özel kağıtları ve eşyası aranamaz ve bunlara el konulamaz. ..."" Anayasanın, temel hak ve hürriyetlerin sınırlanmasının koşullarını belirleyen 13. maddesine göre, temel hak ve hürriyetler özlerine dokunulmaksızın yalnızc…","ANAYASA MAHKEMESİNİN E: 2015/26 (5237 SAYILI KANUN İLE İLGİLİ), K: 2015/100 SAYILI KARARI"
177,27.2,Danıştay,13,2011/2352,1943,2015-05-22,gebe×11 | travma×7 | TCK 87/88 | cenin/düşük,"…ik kontrollerinin yapılması gerektiğinin belirtildiği, yine konu ile ilgili olarak Türkiye Atom Enerjisi Kurumu Eski Başkanı Prof. Dr. Ahmet Yüksel Özemre'den alınan görüşte; cep telefonları ile baz istasyonlarının antenlerinin ürettikleri elektromanyetik dalgalara maruz kalan halkın sağlık bakımından zarar görmemesi için hem uluslararası ve hem de ülkenin ulusal güvenlik normlarının olduğu, dolayısı…",YÖNETMELİK MADDELERİNİN İPTALİ İSTEMİ - GÜVENLİK SERTİFİKASI VERİLMESİNE İLİŞKİN KURALLAR - BAZ İSTASYONLARININ SINIR DEĞERLERE İLİŞKİN DAVA KONUSU YÖNETMELİK MADDESİNDE HUKUKA UYGUNLUK BULUNMADIĞI
178,27.2,Yargıtay,4,2021/21164,2426,2023-02-23,gebe×4 | travma×2 | illiyet×5 | TCK 87/88 | cenin/düşük,"…ere ulaşması ile tamiri mümkün olmayan ağır hasarlar meydana geleceği aşikardır. 5271 sayılı Kanun'un 157. maddesinde \""Soruşturmalar gizli yapılır\"" emredici hükmü ile Yakalama, Gözaltına Alma ve İfade alma Yönetmeliği'nin 27. maddesinde öngörülen \""Suçluluğu bir yargı hükmüne bağlanana kadar kişinin masumiyeti esastır ve hazırlık soruşturması gizlidir. Bu nedenle soruşturma safhasında gözaltındaki…",YARGITAY KARARI
179,27.2,Anayasa,GK,2024/233,181,2025-09-10,gebe×33 | travma×7 | TCK 87/88 | cenin/düşük,"…vlet / Kanun Koyucu (D) &nbsp; 2. Strateji Setleri: &nbsp; Kadının stratejileri (K): &nbsp; K1: 300 gün beklemek: Aslında bu bir seçim değil, kanunun emrettiği pasif bir durumdur. Dolayısıyla kadının stratejisi, &ldquo;beklemeyi kabul etmek&rdquo; veya &ldquo;beklemeyi reddetmektir. Burada kadının 300 gün beklemesi zaman kaybı ve özel hayatın gereksiz biçimde sınırlandırılması anlamına gelmektedir. &…","ANAYASA MAHKEMESİNİN E: 2024/233 (4721 SAYILI KANUN İLE İLGİLİ), K: 2025/181 SAYILI KARARI"
180,27.2,Danıştay,2,2021/17570,2146,2025-04-30,gebe×11 | travma×3 | illiyet×2 | TCK 87/88 | cenin/düşük,"…irlemek ve değiştirmek valinin görev ve yetkileri arasındadır. Kanun’a göre il idaresinin ikinci bölümünü il idare şube başkanları oluşturur. Valinin emri altında olan il idare şube başkanları, kendi görev alanlarına giren işlerin yürütülmesinden valiye karşı sorumludurlar. Anılanların, doğrudan doğruya işlem yapma yetkileri yoktur. Bunlar, kendi görev alanına giren konularda işlem ve kararları hazır…",DANIŞTAY KARARI
181,27.2,Yargıtay,HG,2017/1795,954,2020-11-25,gebe×4 | travma×16 | illiyet×1 | TCK 87/88 | cenin/düşük,"…i, tarafların hakları ve borçları yanında asıl ve ağırlıklı olarak iş sözleşmelerine uygulanacak (normatif) hükümleri içermektedir. Normatif hükümler emredici kanun hükmü gibi kapsamına aldığı iş sözleşmelerine uygulanırlar. Buradan çıkan sonuç ise, iş sözleşmelerinin toplu iş sözleşmesine aykırı olamayacağıdır. İş sözleşmesindeki toplu iş sözleşmesine aykırı hükümlerin yerini toplu iş sözleşmesi hük…",YARGITAY KARARI
182,27.2,Danıştay,10,2019/6594,5887,2021-11-29,gebe×100 | travma×5 | illiyet×1 | cenin/düşük | obstetrik komp.,"…nde USG (ultrasonografi) ile kontrol sağlanmış, 04/08/2012 tarihinde 39 haftalık miadında gebe iken suyunun gelmesi üzerine aynı hastaneye başvurmuş, erken membran rüptürü (gebelik zarı yırtılması) tespit edilmiş, normal doğum için tam açıklık sağlanana kadar bekletilmiş, 05/08/2012 tarihinde saat 13.00 civarı doğuma yardımcı olması açısından suni sancı ilacı olarak dinoproston yazılmış, fakat misoprostol kullanılm…",TAZMİNAT İSTEMİ - YETERSİZ VEYA HİÇ AÇIKLAMA İÇERMEYEN BİLİRKİŞİ RAPORUNA DAYANILARAK EKSİK İNCELEME SONUCU VERİLEN KARARDA İSABET BULUNMADIĞI - YENİ BİR BİLİRKİŞİ İNCELEMESİ YAPTIRILMASI GEREĞİ
183,27,Anayasa,1,2016/7537,,2022-05-11,gebe×2 | travma×21 | illiyet×11 | TCK 87/88,"…t;Zor ve silah kullanma&quot; kenar başlıklı 16. maddesine, 26/9/2004 tarihli ve 5237 sayılı Türk Ceza Kanunu&rsquo;nun &quot;Kanunun hükmü ve amirin emri&quot; kenar başlıklı 24. maddesine, 5237 sayılı Kanun&#39;un &quot;Sınırın aşılması&quot; kenar başlıklı 27. maddesinin (1) numaralı fıkrasına,5237 sayılı Kanun&#39;un &quot;Kasten yaralama&quot; kenar başlıklı 86. maddesinin (3) numaralı fıkrasını…",ANAYASA MAHKEMESİNİN 11/5/2022 TARİHLİ VE 2016/7537 SAYILI KARARI (BİREYSEL BAŞVURU)
184,27,Anayasa,1,2016/10568,,2020-03-10,gebe×2 | travma×11 | illiyet×11 | TCK 87/88,"…ukuk alanı içindedir. Sicil amirleri, amiri oldukları kişiler hakkında sicil düzenlerken ön önemli olan yetkilerinden birini kullanırlar. Bu nedenle, emri altındaki personele sicil verirken sicil belgelerindeki niteliklere tam bir tarafsızlık, adalet ve vicdani kanaatle not takdir etmek zorundadır. &nbsp; Önemi son derece büyük sicil verme işlemi, görev kusuru olarak değerlendirilebildiği takdirde, k…",ANAYASA MAHKEMESİNİN 10/3/2020 TARİHLİ VE 2016/10568 SAYILI KARARI (BİREYSEL BAŞVURU) 
185,27,Yargıtay,CG,2020/446,230,2021-06-01,gebe×2 | travma×95 | illiyet×11 | TCK 87/88,"…bıçakla yaralı olarak hastaneye getirilen şahsın hastanede eks olduğu bilgisinin alındığı, bunun üzerine olayın gerçekleştiği yere gidildiğinde evde Emre Yılmaz ve Fatih Ardıç isimli kişilerin olduğu, evde yapılan kontrollerde herhangi bir kan izinin olmadığı, mutfak tezgâhı üzerinde beyaz saplı bir bıçak bulunduğu, olayda kullanılan bıçak olabileceği düşüncesiyle bıçağın şüpheli şahsa gösterildiği,…",YARGITAY KARARI
186,27,Yargıtay,3,2021/4150,14733,2024-11-07,gebe×2 | travma×35 | illiyet×27 | TCK 87/88,"…tmek suretiyle de iştirak edebileceği görülmektedir. Konusu suç teşkil eden emir hiçbir surette yerine getirilemez. Aksi takdirde, yerine getiren ile emri veren sorumlu olur (1982 Anayasası'nın 137/2 nci maddesi, 5237 sayılı Türk Ceza Kanunu'nun 24/3 üncü maddesi). Askeri hizmete müteallik hususlarda verilen emir bir suç teşkil ederse bu suçun işlenmesinden emri veren mesuldür. Ancak, amirin emrinin…",YARGITAY KARARI
187,27,Yargıtay,CG,2016/73,40,2020-01-30,gebe×25 | travma×27 | cenin/düşük | künt/batın,"…arını getirdiğinin belirtildiği, Kayseri Kadın Doğum ve Çocuk Hastalıkları Hastanesinin 29.04.2010 tarihli raporuna göre; mağdurenin bakire olmadığı, düşük yaptığına veya gebe olduğuna dair bir belirtiye rastlanılmadığı, Kayseri İl Sağlık Müdürlüğü Adli Tıp Biriminin 29.04.2010 tarihli raporuna göre; mağdurenin dövülme ve fiili livata şüphesiyle geldiği, sol kol dış kısmında künt travma sonucu meydana gelm…",YARGITAY KARARI
188,27,Yargıtay,CG,2016/755,454,2016-11-29,gebe×6 | travma×18 | TCK 87/88 | cenin/düşük,"…lmiş, Eskişehir Doğumevi Hastanesi tarafından düzenlenen raporda; kürtaj uygulanan mağdurenin hamileliğine son verildiği bildirilmiş, Eskişehir Yunus Emre Devlet Hastanesi tarafından düzenlenen 07.01.2010 tarihli raporda; mağdurede sınır mental kapasite tespit edildiği, 18.06.2010 günlü raporda ise mağdurenin olayın fiili hukuki anlam ve sonuçlarını algılama yeteneğinin zayıf olduğu açıklanmış, CMK'n…",YARGITAY KARARI
189,27,Yargıtay,9,2013/9110,12351,2013-10-09,gebe×2 | travma×49 | illiyet×21 | TCK 87/88,"…2.2010 tarihli 1. Ordu Komutanlığı Askeri Savcılığınca alınan ifadesinde hatırladığını beyan ettiği, Aralık 2002 tarihli, imza bloğunda Ordu Komutanı emriyle 1. Ordu Kurmay Başkanı Tümgeneral Nejat Bek, paraf hanesinde 1. Ordu İstihbarat Başkanı Kurmay Albay İzzet Ocak, 1. Ordu Harekat Kurmay Y.Başkanı Tuğgeneral M. K. Ö., koordine kısmında ise 1. Ordu Harekat Başkanı Kurmay Albay S. T.'nin isimlerin…",SİLAHLI TERÖR ÖRGÜTÜNE ÜYE OLMA SUÇU - HÜKÜMETİ CEBREN ISKAT VEYA VAZİFE GÖRMEKTEN CEBREN MEN ETME EYLEMİ - İTTİFAK SUÇU - PLAN SEMİNERİNE KATILAN SANIKLARIN HUKUKİ DURUMLARININ TESPİTİ - HÜKMÜN BOZUL
190,26.9,Yargıtay,16,2019/5643,7684,2019-12-10,gebe×9 | travma×4 | illiyet×33 | TCK 87/88,"…luluğa, s. 20; Prof. Dr. Mahmut Koca ve Prof. Dr. İlhan Üzülmez, Türk Ceza Hukuku Genel Hükümleri, s. 408). Hukuk normları, ya yasaklayıcı norm ya da emredici norm olarak ortaya çıkarlar. Yasaklayıcı norm, belli bir hareketin yapılmasını yasaklar. Zira yasaklanan hareketin yapılması halinde bir hak ihlali söz konusu olacaktır. Ceza kanunlarındaki suçların çoğu yasaklayıcı normun ihlal edilmesiyle işl…",YARGITAY KARARI
191,26.8,Yargıtay,CG,2021/126,617,2021-12-07,gebe×30 | travma×124 | illiyet×4 | TCK 87/88 | trafik/iş kaz,"…in Kullandığı Şerit Veya Yol Bölümüne Girme’ kuralını ihlal ettiği, ayrıca ...’ın kazadan yaklaşık 1 saat sonra 02.12’de alınan doktor raporunda 0,45 promil alkollü olduğu görülmektedir. Adli Tıp Kurumunun değerlendirmesinde 1 saatlik zaman diliminde vücuttan atılan alkol miktarı 0,15 promil kabul edilmektedir. Buna göre ...’ın kaza saatinde 0,59 promil alkollü olduğu öngörüldüğünden 2918 sayılı Karay…",YARGITAY KARARI
192,26.8,Yargıtay,16,2019/1950,2164,2019-03-29,gebe×13 | travma×3 | illiyet×46 | TCK 87/88,"…, s. 20; Prof. Dr. Mahmut Koca ve Prof. Dr. İlhan Üzülmez, Türk Ceza Hukuku Genel Hükümleri, s. 408) &nbsp; Hukuk normları, ya yasaklayıcı norm ya da emredici norm olarak ortaya çıkarlar. Yasaklayıcı norm, belli bir hareketin yapılmasını yasaklar. Zira yasaklanan hareketin yapılması halinde bir hak ihlali söz konusu olacaktır. Ceza kanunlarındaki suçların çoğu yasaklayıcı normun ihlal edilmesiyle işl…",ANAYASAL DÜZENİ ORTADAN KALDIRMAYA TEŞEBBÜS SUÇU - SIKIYÖNETİM KOMUTANI OLARAK GÖREVLENDİRİLMİŞ OLAN SANIK – SANIĞIN SUÇA FAİL YA DA YARDIM EDEN SIFATIYLA İŞTİRAK ETTİĞİNE DAİR MAHKUMİYETİNE YETERLİ K
193,26.8,Yargıtay,3,2023/5051,740,2025-02-11,gebe×20 | travma×3 | illiyet×10 | TCK 87/88,"…ulmasının tıbben mümkün bulunmadığını, davacının günde en az bir paket sigara içtiğini, bu durumun tıbbi kayıtlarda yer aldığını, sigara kullanımının erken doğum olasılığını arttırdığı ve bebekte anomalilere sebep olduğunu, gerçekleşen erken doğumda davacı annenin de kusurlu olduğunu, erken doğumdan kaynaklı komplikasyonlar nedeniyle gerçekleşen ölüm nedeniyle illiyet bağı kurulmayacağını, hükmedilen manevi…",YARGITAY KARARI
194,26.7,Anayasa,GK,2020/44,41,2020-07-17,gebe×3 | travma×16 | illiyet×1 | TCK 87/88 | cenin/düşük,"…o; şeklinde değiştirilmiştir. &nbsp; MADDE 21- 5275 sayılı Kanunun 19 uncu maddesine aşağıdaki fıkra eklenmiştir. &nbsp; &ldquo;(4) Hakkında yakalama emri çıkarılan hükümlünün yakalanabilmesi amacıyla gerektiğinde konutta, işyerinde ve kamuya açık olmayan kapalı alanlarda arama yapılabilmesi bakımından Ceza Muhakemesi Kanununun 119 uncu maddesi hükümleri uygulanır. Hakim tarafından verilecek arama ka…","ANAYASA MAHKEMESİNİN E: 2020/44 (7242 SAYILI KANUN İLE İLGİLİ), K: 2020/41 SAYILI KARARI"
195,26.7,Yargıtay,4,2021/21165,2427,2023-02-23,gebe×3 | travma×2 | illiyet×5 | TCK 87/88 | cenin/düşük,"…ere ulaşması ile tamiri mümkün olmayan ağır hasarlar meydana geleceği aşikardır. 5271 sayılı Kanun'un 157. maddesinde \""Soruşturmalar gizli yapılır\"" emredici hükmü ile Yakalama, Gözaltına Alma ve İfade alma Yönetmeliği'nin 27. maddesinde öngörülen \""Suçluluğu bir yargı hükmüne bağlanana kadar kişinin masumiyeti esastır ve hazırlık soruşturması gizlidir. Bu nedenle soruşturma safhasında gözaltındaki…",YARGITAY KARARI
196,26.6,Anayasa,2,2013/7063,,2015-11-05,gebe×16 | travma×6 | TCK 87/88 | cenin/düşük,…me göre işçinin dört aya kadar ücreti tutarında bir ücretten başka yoksun bırakıldığı haklarım da talep imkânı bulunmaktadır. İş Kanununun 5. maddesi emredici nitelikte olduğundan anılan hükme aykırı olan sözleşme kuralları geçersizdir. Geçersizlik nedeniyle ortaya çıkan kural boşluğu eşit davranma ilkesinin gereklerine uygun olarak doldurulmalıdır. Eşit davranma borcuna aykırılığı ispat yükü işçide…,ANAYASA MAHKEMESİNİN 5/11/2015 TARİHLİ VE 2013/7063 SAYILI KARARI (BİREYSEL BAŞVURU)
197,26.5,Yargıtay,3,2021/6488,1606,2022-03-30,gebe×1 | travma×25 | illiyet×18 | TCK 87/88,"…...'ın Genelkurmay 1. Başkanının talimatı ile tutuklanacağını, sanık ...'dan darbe olacağını ve sıkıyönetim ilan edileceğini öğrenmesi, sanık ...'nın emriyle Alay Komutanını nizamiyede karşılaması, Alay Komutanının biraz uzaklaştığı sırada nizamiye nöbetçisi ...'e \""buradan kimse çıkmayacak da girmeyecek de Alay Komutanı dahil\"" şeklinde emir vermesi ve Alay Komutanı derdest edilirken arkadan takip e…",YARGITAY KARARI
198,26.4,Yargıtay,3,2022/7473,2150,2023-07-12,gebe×20 | travma×5 | illiyet×7 | cenin/düşük,"…ların geri dönüşümsüz sekeller olması nedeniyle özürlülük oranına katılıyoruz. Bu sekellerin tababet uygulamalarının yanlışlığı nedeniyle olmadığına, erken doğum ve yeni doğan dönemindeki hastalıkların ağır komplikasyonlarından kaynaklandığını düşünmekteyiz. Çocuğun yaşadığı göz dışındaki sorunlar önlenemez komplikasyonlardır ve çocuk doğduktan sonra yapılması gereken tedavi başarı ile yapılmıştır. N.. A.. ç…",YARGITAY KARARI
199,26.3,Yargıtay,4,2021/21160,2425,2023-02-23,gebe×1 | travma×3 | illiyet×5 | TCK 87/88 | cenin/düşük,"…ere ulaşması ile tamiri mümkün olmayan ağır hasarlar meydana geleceği aşikardır. 5271 sayılı Kanun'un 157. maddesinde \""Soruşturmalar gizli yapılır\"" emredici hükmü ile Yakalama, Gözaltına Alma ve İfade alma Yönetmeliği'nin 27. maddesinde öngörülen \""Suçluluğu bir yargı hükmüne bağlanana kadar kişinin masumiyeti esastır ve hazırlık soruşturması gizlidir. Bu nedenle soruşturma safhasında gözaltındaki…",YARGITAY KARARI
200,26.3,Yargıtay,11,1988/532,1513,1988-02-19,gebe×1 | travma×1 | illiyet×6 | TCK 87/88 | cenin/düşük,"…Hamit Hamza El Ülvani Firmasına 114.114 Dolarlık çam fıstığı ihraç edeceğini ve hamule senedinin muhabir Riyat bank Ltd. P.O. Box Jeddah/S. Arabistan emrine tanzimini istediği, bu talimata uygun 125 numaralı hamule senedi düzenlendiği, ancak bu hamule senedinde gönderilen/ihbar edilecek ihtalatçı firmanın isim ve adresi yazılmadığı gibi bu hamule senedi kapsamında kalan 15.000 Kg. çam fıstığının bank…",TAZMİNAT DAVASI - İHRACAT MEBLAĞININ ZAMANINDA GÖNDERİLMEMESİ SONUCU OLUŞAN ZARARI TAZMİNİ TALEBİ - UYUŞMAZLIĞI UZMANLIK GEREKTİRMESİ - YETERSİZ BİLİRKİŞİ RAPORUNA DAYANILARAK HÜKÜM KURULMAMASI GEREĞİ
201,26.3,Danıştay,1,2018/545,644,2018-04-24,gebe×5 | travma×3 | illiyet×13 | cenin/düşük,"…, hastanın nakil sırasında solunum sıkıntısı yaşayıp yaşamadığı, hastada akut hipoksi gelişip gelişmediği, hastanın ölüm sebebinin ne olduğu, hastaya gebelik terminasyonu için farklı tedavi uygulansaydı ve ihtiyaç ortaya çıktığında gecikmeksizin Yoğun Bakıma alınmış olsaydı hastanın ölümüne engel olunup olunamayacağı, genel olarak hastayla ilgili tanı, takip ve tedavide, ilaç ve izlem uygulamalarında tıbbi kusur vey…",MENİ MUHAKEME DAVASI - İLAÇ VE İZLEM UYGULAMALARINDA TIBBİ KUSUR VEYA İHMAL YAHUT UYGULAMA HATASI BULUNUP BULUNMADIĞI VE BU DURUMDAN KİMLERİN SORUMLULUĞU BULUNDUĞU HUSUSLARINI AYRINTILI OLARAK AÇIKLAY
202,26.2,Anayasa,GK,2014/18001,,2020-02-06,gebe×2 | travma×26 | illiyet×1 | TCK 87/88 | cenin/düşük,"…lı Birinci Kısmının &ldquo;Ceza Sorumluluğunu Kaldıran veya Azaltan Nedenler&rdquo; başlıklı İkinci Bölümünde yer alan &ldquo;Kanunun hükmü ve amirin emri&rdquo; kenar başlıklı 24. maddesi şöyledir: &nbsp; &quot;(1) Kanunun hükmünü yerine getiren kimseye ceza verilmez. &nbsp; (2) Yetkili bir merciden verilip, yerine getirilmesi görev gereği zorunlu olan bir emri uygulayan sorumlu olmaz. &nbsp; (3) Ko…",ANAYASA MAHKEMESİNİN 6/2/2020 TARİHLİ VE 2014/18001 SAYILI KARARI (BİREYSEL BAŞVURU)
203,26,Yargıtay,CG,2014/12-67,45,2016-02-09,gebe×24 | travma×49 | illiyet×10 | trafik/iş kaz,"…, Cumhuriyet savcısı tarafından temyiz edilmesi üzerine dosyayı inceleyen Yargıtay 12. Ceza Dairesince 02.05.2013 gün ve 27861-12220 sayı ile; ""...69 promil alkollü mağdur sürücü ..., yönetimindeki otomobil ile gece vakti, orta refüj ile bölünmüş, tek yönlü, meskun mahal yolda seyrederek olay mahalline geldiğinde, seyir yönüne göre sağ tarafından kaplamaya, yola girip, yaya geçidini kullanarak, yolun…",TAKSİRLE BİR KİŞİNİN YARALANMASINA NEDEN OLMAK SUÇU - SANIĞIN YAYA OLMASI VE HERHANGİ BİR TRAFİK ARACINI KULLANMAMASI NEDENİYLE SUÇUN FAİLİ OLUP OLAMAYACAĞI - YARGITAY CUMHURİYET BAŞSAVCILIĞI İTİRAZIN
204,26,Askeri Yargıtay,3,2013/80,183,2013-02-06,gebe×4 | travma×14 | TCK 87/88 | cenin/düşük,"…17, 118, 132, Ek m. 8, 10) (765 S. K. m. 456) (ANY. MAH. 17.01.2013 T. 2012/80 E. 2013/16 K.) &nbsp; Sanık İs.Kd.Bçvş. M.E.&rsquo;nin, &hellip;K.lığı emrinde &hellip;Astsubayı, Tnk.Ütğm. S.Ş.&rsquo;nin ise, &hellip;Komutanı olarak görev yaptığı, katılan P.Er O.A.&rsquo;nın ise aynı birlikte askerlik hizmetini yerine getirdiği; &nbsp; Katılan P.Er O.A.&rsquo;nın, atılı suçlara konu olaylardan önce koş…",ASTA MÜESSİR FİİL SUÇU - İPTAL EDİLEN KANUNUN İLGA EDİLEN KANUN GİBİ OLDUĞU - SANIĞIN HUKUKİ DURUMUNUN YENİDEN DEĞERLENDİRİLMESİ İÇİN MAHKÛMİYET HÜKMÜNÜN UYGULAMA YÖNÜNDEN BOZULMASI GEREĞİ
205,25.9,Yargıtay,CG,2022/255,363,2023-06-21,gebe×5 | travma×9 | TCK 87/88 | cenin/düşük,"….). Anayasa'nın 141/4. maddesindeki \""Davaların en az giderle ve mümkün olan süratle sonuçlandırılması yargının görevidir.\"" şeklinde ifadesini bulan emredici hüküm de bu amacı sağlamaya yöneliktir. Ceza muhakemesinin şekline ilişkin ilkelerinden birisi de çabukluk ilkesidir. \""Muhakemenin çabukluğu, ceza muhakemesinin başlamasından sonra karar verilerek bitirilmesine kadar duraksama olmaksızın yürüt…",YARGITAY KARARI
206,25.8,Yargıtay,21,2016/18956,3939,2018-04-17,gebe×2 | travma×7 | illiyet×8 | TCK 87/88 | trafik/iş kaz,"…kanun kuralı olarak değil de sözleşme kuralı olarak uygulanmaka devam eder meğerki bu "" .........dan İktibas edilen sözleşme kuralları"", yeni Kanunun emredici, aksine sözleşme yapılamayacak olan kurallarına aykırı olsun. Bu ihtimalde artık bu kurallar, sözleşme kuralı kılığında ortaya çıksalar dahi, sözleşme kurallarının emredici kuralları bertaraf edemeyeceği genel kuralı gereğince uygulanamazlar ve…",YARGITAY KARARI
207,25.8,Yargıtay,3,2021/3597,1600,2022-03-31,gebe×2 | travma×41 | illiyet×9 | TCK 87/88,"…dan cezalandırılmaları imkânı bulunmamaktadır. &nbsp; Konusu suç teşkil eden emir hiçbir surette yerine getirilemez. Aksi takdirde yerine getiren ile emri veren sorumlu olur (1982 Anayasasının 137/2, 5237 sayılı Türk Ceza Kanununun 24/3. maddesi) . Askeri hizmete müteallik hususlarda verilen emir bir suç teşkil ederse bu suçun işlenmesinden emri veren mesuldür. Ancak amirin emrinin adli ve askeri bir…",ANAYASAYI İHLAL SUÇU - SANIĞIN İCRA HAREKETLERİNDEN ÖNCE ÖRGÜTSEL ORGANİZASYON İÇİNDE YER ALARAK DARBE GİRİŞİMİNDEN HABERDAR OLDUĞU VE SUÇ İŞLEME KARARI İLE İRADESİNE KATILDIĞININ KANITLANAMADIĞI - HÜ
208,25.7,Yargıtay,3,2008/7043,18807,2010-12-01,gebe×1 | travma×4 | illiyet×4 | TCK 87/88 | cenin/düşük,"…ile ilgili olarak Adli Tıp Kurumu Başkanlığı 2. İhtisas Kurulu tarafından düzenlenen 21.12.2005 tarihli raporda sopayla vurması sonucu gebe mağdurun düşük yaptığının ve düşük ile darp eylemi arasında illiyet bağının bulunduğunun bildirilmiş olması karşısında sanıkların eylemi 5237 sayılı TCK'nun 86/1, 86/3-e, 87/2-e, son maddesi kapsamında kaldığı gözetilmeden 86/2 maddesi uygulanarak yazılı şekilde eksik…",YARGITAY KARARI
209,25.7,Yargıtay,5,2017/5382,9559,2018-12-06,gebe×1 | travma×12 | illiyet×1 | TCK 87/88 | cenin/düşük,"…göre verilmiş hakim kararı olmadıkça; yine bu sebeplere bağlı olarak gecikmesinde sakınca bulunan hallerde de kanunla yetkili kılınmış mercin yazılı emri bulunmadıkça haberleşmenin engellenemeyeceğinin ve gizliliğine dokunulamayacağının hüküm altına alındığı, Taraf olduğumuz Avrupa İnsan Hakları ve Temel Özgürlüklerin Korunmasına İlişkin Sözleşmenin 8. maddesinde ise herkesin özel ve aile hayatına,…",YARGITAY KARARI
210,25.5,Yargıtay,1,2021/2142,6852,2021-04-14,gebe×3 | travma×4 | illiyet×3 | TCK 87/88 | cenin/düşük,"…14 tarihinde kasık ağrısı sebebi ile başvurması üzerine yapılan ultrasonografisinde fetal kalp atımını olmadığının belirtildiği ve devamında hastanın düşük yapmasının 03.07.2014 tarihinde yaşadığı psikolojik stres ve aldığı darbelerin etkisi ile muhtemelen oluşan kese etrafındaki geniş retrokoryal hematom (kanama) yarattığı, bası etkisi ve sentezlenen inflamasyon maddelerinin olduğunun belirtildiği, bu hal…",KASTEN YARALAMA SUÇU - ORANTILILIK İLKESİ GÖZETİLEREK TCK MADDESİ GEREĞİNCE ASGARİ ORANDA İNDİRİM YAPILMASI GEREKTİĞİ GÖZETİLMEDEN İNDİRİM YAPILMASI SURETİYLE EKSİK CEZA TAYİN EDİLMESİ - HÜKMÜN BOZULM
211,25.4,Anayasa,1,2019/11085,,2023-10-19,gebe×88 | travma×4 | TCK 87/88 | cenin/düşük,"…ar işyerinde çalışabilir. Bu durumda, kadın işçinin çalıştığı süreler doğum sonrası sürelere eklenir. (Ek cümle: 13/2/2011-6111/76 md.) Kadın işçinin erken doğum yapması halinde ise doğumdan önce kullanamadığı çalıştırılmayacak süreler, doğum sonrası sürelere eklenmek suretiyle kullandırılır. (Ek cümleler: 29/1/2016-6663/22 md.) Doğumda veya doğum sonrasında annenin ölümü hâlinde, doğum sonrası kullanılamaya…",ANAYASA MAHKEMESİNİN 19/10/2023 TARİHLİ VE 2019/11085 SAYILI KARARI (BİREYSEL BAŞVURU) 
212,25.2,Yargıtay,2,2023/8160,4152,2024-06-03,gebe×12 | travma×10 | illiyet×1 | cenin/düşük | trafik/iş kaz,"…, tarafların geçinemediğini, bir süredir de aynı evi dahi paylaşmadıklarını, müvekkilinin daha önce bir hamilelik geçirdiğini ve kısa süre içerisinde düşük yaptığını, ikinciye hamile olduğunu ögrendiğinde çok dikkatli olmaya özen gösterdiğini, ikinci hamileliğinin öğrenilmesinden sonra erkeğin İzmir'deki akrabalarının düğüne gideceği zaman müvekkilinin yalnız kalacağından endişelendiğini söylediğini, erkeğ…",YARGITAY KARARI
213,25.2,Yargıtay,10,2023/4558,8308,2024-09-09,gebe×32 | travma×15 | illiyet×1 | cenin/düşük | trafik/iş kaz,"…manı olarak çalıştığını, 03.02.2019 tarihinde iş yerinde kanama geçirerek bebeğini düşürdüğünü, iş sağlığı ve güvenliğine dair önlemler alınmadığını, düşük yaptığı tarihten önceki gün masaları silmesi için kimyasal sabun verildiğini, maske ve kimyasala dayanıklı eldiven verilmediğini, davacının kanama nedeniyle hastaneye gitmek için izin istediğini, ancak yerine bakacak kimse olmadığı belirtilerek gitmesin…",YARGITAY KARARI
214,25.1,Yargıtay,17,2015/12874,6467,2018-06-27,gebe×1 | travma×4 | illiyet×1 | TCK 87/88 | cenin/düşük | trafik/iş kaz,"…sevk ve idaresindeki araçta yolcu olarak bulunduğu, soruşturma aşamasındaki ve ceza dosyası içerisindeki ifadelerden, hamile olan desteğin daha önce düşük yaptığından Kahramanmaraş'ta ki bir hocaya okutmaya gittikleri ve kazanın, destek ...'nın kendisi, annesi, eşi ve çocukları ile birlikte davalının sevk ve idaresindeki araçla ...'tan ... iline dönerken gerçekleşen trafik kazası sonucu meydana geldiği an…",YARGITAY KARARI
215,25,Yargıtay,HG,2017/9-1066,100,2019-02-07,gebe×2 | travma×13 | TCK 87/88 | cenin/düşük,"…i, tarafların hakları ve borçları yanında asıl ve ağırlıklı olarak iş sözleşmelerine uygulanacak (normatif) hükümleri içermektedir. Normatif hükümler emredici kanun hükmü gibi kapsamına aldığı iş sözleşmelerine uygulanırlar. Buradan çıkan sonuç ise, iş sözleşmelerinin toplu iş sözleşmesine aykırı olamayacağıdır. İş sözleşmesindeki toplu iş sözleşmesine aykırı hükümlerin yerini toplu iş sözleşmesi hük…",ALACAK DAVASI - İŞ MÜFETTİŞLİĞİNE SUNULAN BİLGİ NOTUNDA YER ALAN YERLERİN DEMİRYOLU GÜZERGAHINDAKİ YERLER OLUP OLMADIĞI - DAVALININ DEMİRYOLU GÜZERGAHINDA OLMAMASINA RAĞMEN SERVİS KOYDUĞU YERLER BULUN
216,25,Yargıtay,13,2013/29582,30846,2014-10-13,gebe×19 | travma×2 | illiyet×9 | obstetrik komp.,…rı açısından araştırılmasının önerildiğini kişinin daha sonra başka bir merkezde tüp bebek ile gebe kaldığını 20/01/2008 tarihinde 28 hafta gebelikte dekolman plasenta tanısı ile sezeryan ameliyatına alındığını canlı bir bebek doğurtulduğunu doğan bebeğin 1 ay sonra ex olduğunun anne S.. B..'un 01/02/2008 tarihinde baş ağrısı şikayeti ile özel bir hastaneye başvurduğunu tuberkoz serebrit tanısı ile tedavi…,YARGITAY KARARI
217,25,Anayasa,GK,2013/3782,,2016-04-21,gebe×2 | travma×43 | TCK 87/88 | cenin/düşük,…r. 3. Ölüm Olayı Hakkında Hazırlanan Özel denetim Raporu 73. Adalet Bakanlığı Ceza ve Tevkifevleri Genel Müdürlüğünün 16/10/2012 tarihli ve 61 sayılı emri ile Başkontrolör Ali M. tarafından Hasan Özer'in ölüm olayı hakkında 109 sayfalık ayrıntılı bir özel denetim raporu hazırlanmıştır. Özel denetim raporunun sonuç kısmında diğer birtakım eksikliklerin yanında özetle bazı odalarda hükümlü ve tutuklula…,ANAYASA MAHKEMESİNİN 21/4/2016 TARİHLİ VE 2013/3782 SAYILI KARARI (BİREYSEL BAŞVURU)
218,25,Yargıtay,HG,2017/9-1069,103,2019-02-07,gebe×2 | travma×13 | TCK 87/88 | cenin/düşük,"…i, tarafların hakları ve borçları yanında asıl ve ağırlıklı olarak iş sözleşmelerine uygulanacak (normatif) hükümleri içermektedir. Normatif hükümler emredici kanun hükmü gibi kapsamına aldığı iş sözleşmelerine uygulanırlar. Buradan çıkan sonuç ise, iş sözleşmelerinin toplu iş sözleşmesine aykırı olamayacağıdır. İş sözleşmesindeki toplu iş sözleşmesine aykırı hükümlerin yerini toplu iş sözleşmesi hük…",ALACAK DAVASI - İŞ MÜFETTİŞLİĞİNE SUNULAN BİLGİ NOTUNDA YER ALAN YERLERİN DEMİRYOLU GÜZERGAHINDAKİ YERLER OLUP OLMADIĞI - DAVALININ DEMİRYOLU GÜZERGAHINDA OLMAMASINA RAĞMEN SERVİS KOYDUĞU YERLER BULUN
219,25,Yargıtay,HG,2017/9-1070,104,2019-02-07,gebe×2 | travma×13 | TCK 87/88 | cenin/düşük,"…i, tarafların hakları ve borçları yanında asıl ve ağırlıklı olarak iş sözleşmelerine uygulanacak (normatif) hükümleri içermektedir. Normatif hükümler emredici kanun hükmü gibi kapsamına aldığı iş sözleşmelerine uygulanırlar. Buradan çıkan sonuç ise, iş sözleşmelerinin toplu iş sözleşmesine aykırı olamayacağıdır. İş sözleşmesindeki toplu iş sözleşmesine aykırı hükümlerin yerini toplu iş sözleşmesi hük…",ALACAK DAVASI - İŞ MÜFETTİŞLİĞİNE SUNULAN BİLGİ NOTUNDA YER ALAN YERLERİN DEMİRYOLU GÜZERGÂHINDAKİ YERLER OLUP OLMADIĞI - DAVALININ DEMİRYOLU GÜZERGÂHINDA OLMAMASINA RAĞMEN SERVİS KOYDUĞU YERLER BULUN
220,25,Yargıtay,HG,2017/9-1062,96,2019-02-07,gebe×2 | travma×13 | TCK 87/88 | cenin/düşük,"…i, tarafların hakları ve borçları yanında asıl ve ağırlıklı olarak iş sözleşmelerine uygulanacak (normatif) hükümleri içermektedir. Normatif hükümler emredici kanun hükmü gibi kapsamına aldığı iş sözleşmelerine uygulanırlar. Buradan çıkan sonuç ise, iş sözleşmelerinin toplu iş sözleşmesine aykırı olamayacağıdır. İş sözleşmesindeki toplu iş sözleşmesine aykırı hükümlerin yerini toplu iş sözleşmesi hük…",ALACAK DAVASI - İŞ MÜFETTİŞLİĞİNE SUNULAN BİLGİ NOTUNDA YER ALAN YERLERİN DEMİRYOLU GÜZERGAHINDAKİ YERLER OLUP OLMADIĞI DAVALININ DEMİRYOLU GÜZERGAHINDA OLMAMASINA RAĞMEN SERVİS KOYDUĞU YERLER BULUNUP
221,25,Yargıtay,HG,2017/9-1061,95,2019-02-07,gebe×2 | travma×13 | TCK 87/88 | cenin/düşük,"…i, tarafların hakları ve borçları yanında asıl ve ağırlıklı olarak iş sözleşmelerine uygulanacak (normatif) hükümleri içermektedir. Normatif hükümler emredici kanun hükmü gibi kapsamına aldığı iş sözleşmelerine uygulanırlar. Buradan çıkan sonuç ise, iş sözleşmelerinin toplu iş sözleşmesine aykırı olamayacağıdır. İş sözleşmesindeki toplu iş sözleşmesine aykırı hükümlerin yerini toplu iş sözleşmesi hük…",ALACAK DAVASI - İŞ MÜFETTİŞLİĞİNE SUNULAN BİLGİ NOTUNDA YER ALAN YERLERİN DEMİRYOLU GÜZERGAHINDAKİ YERLER OLUP OLMADIĞI DAVALININ DEMİRYOLU GÜZERGAHINDA OLMAMASINA RAĞMEN SERVİS KOYDUĞU YERLER BULUNUP
222,25,Yargıtay,HG,2017/9-1067,101,2019-02-07,gebe×2 | travma×13 | TCK 87/88 | cenin/düşük,"…i, tarafların hakları ve borçları yanında asıl ve ağırlıklı olarak iş sözleşmelerine uygulanacak (normatif) hükümleri içermektedir. Normatif hükümler emredici kanun hükmü gibi kapsamına aldığı iş sözleşmelerine uygulanırlar. Buradan çıkan sonuç ise, iş sözleşmelerinin toplu iş sözleşmesine aykırı olamayacağıdır. İş sözleşmesindeki toplu iş sözleşmesine aykırı hükümlerin yerini toplu iş sözleşmesi hük…",ALACAK DAVASI - İŞ MÜFETTİŞLİĞİNE SUNULAN BİLGİ NOTUNDA YER ALAN YERLERİN DEMİRYOLU GÜZERGAHINDAKİ YERLER OLUP OLMADIĞI - DAVALININ DEMİRYOLU GÜZERGAHINDA OLMAMASINA RAĞMEN SERVİS KOYDUĞU YERLER BULUN
223,25,Yargıtay,HG,2017/9-1073,107,2019-02-07,gebe×2 | travma×13 | TCK 87/88 | cenin/düşük,"…i, tarafların hakları ve borçları yanında asıl ve ağırlıklı olarak iş sözleşmelerine uygulanacak (normatif) hükümleri içermektedir. Normatif hükümler emredici kanun hükmü gibi kapsamına aldığı iş sözleşmelerine uygulanırlar. Buradan çıkan sonuç ise, iş sözleşmelerinin toplu iş sözleşmesine aykırı olamayacağıdır. İş sözleşmesindeki toplu iş sözleşmesine aykırı hükümlerin yerini toplu iş sözleşmesi hük…",ALACAK DAVASI - İŞ MÜFETTİŞLİĞİNE SUNULAN BİLGİ NOTUNDA YER ALAN YERLERİN DEMİRYOLU GÜZERGÂHINDAKİ YERLER OLUP OLMADIĞI - DAVALININ DEMİRYOLU GÜZERGÂHINDA OLMAMASINA RAĞMEN SERVİS KOYDUĞU YERLER BULUN
224,25,Yargıtay,HG,2017/9-1072,106,2019-02-07,gebe×2 | travma×13 | TCK 87/88 | cenin/düşük,"…i, tarafların hakları ve borçları yanında asıl ve ağırlıklı olarak iş sözleşmelerine uygulanacak (normatif) hükümleri içermektedir. Normatif hükümler emredici kanun hükmü gibi kapsamına aldığı iş sözleşmelerine uygulanırlar. Buradan çıkan sonuç ise, iş sözleşmelerinin toplu iş sözleşmesine aykırı olamayacağıdır. İş sözleşmesindeki toplu iş sözleşmesine aykırı hükümlerin yerini toplu iş sözleşmesi hük…",ALACAK DAVASI - İŞ MÜFETTİŞLİĞİNE SUNULAN BİLGİ NOTUNDA YER ALAN YERLERİN DEMİRYOLU GÜZERGAHINDAKİ YERLER OLUP OLMADIĞI - DAVALININ DEMİRYOLU GÜZERGAHINDA OLMAMASINA RAĞMEN SERVİS KOYDUĞU YERLER BULUN
225,25,Yargıtay,HG,2017/9-1064,98,2019-02-07,gebe×2 | travma×13 | TCK 87/88 | cenin/düşük,"…i, tarafların hakları ve borçları yanında asıl ve ağırlıklı olarak iş sözleşmelerine uygulanacak (normatif) hükümleri içermektedir. Normatif hükümler emredici kanun hükmü gibi kapsamına aldığı iş sözleşmelerine uygulanırlar. Buradan çıkan sonuç ise, iş sözleşmelerinin toplu iş sözleşmesine aykırı olamayacağıdır. İş sözleşmesindeki toplu iş sözleşmesine aykırı hükümlerin yerini toplu iş sözleşmesi hük…",ALACAK DAVASI - İŞ MÜFETTİŞLİĞİNE SUNULAN BİLGİ NOTUNDA YER ALAN YERLERİN DEMİRYOLU GÜZERGAHINDAKİ YERLER OLUP OLMADIĞI DAVALININ DEMİRYOLU GÜZERGAHINDA OLMAMASINA RAĞMEN SERVİS KOYDUĞU YERLER BULUNUP
226,25,Yargıtay,HG,2017/9-1068,102,2019-02-07,gebe×2 | travma×13 | TCK 87/88 | cenin/düşük,"…i, tarafların hakları ve borçları yanında asıl ve ağırlıklı olarak iş sözleşmelerine uygulanacak (normatif) hükümleri içermektedir. Normatif hükümler emredici kanun hükmü gibi kapsamına aldığı iş sözleşmelerine uygulanırlar. Buradan çıkan sonuç ise, iş sözleşmelerinin toplu iş sözleşmesine aykırı olamayacağıdır. İş sözleşmesindeki toplu iş sözleşmesine aykırı hükümlerin yerini toplu iş sözleşmesi hük…",ALACAK DAVASI - İŞ MÜFETTİŞLİĞİNE SUNULAN BİLGİ NOTUNDA YER ALAN YERLERİN DEMİRYOLU GÜZERGÂHINDAKİ YERLER OLUP OLMADIĞI - DAVALININ DEMİRYOLU GÜZERGÂHINDA OLMAMASINA RAĞMEN SERVİS KOYDUĞU YERLER BULUN
227,25,Yargıtay,CG,2020/1-164,239,2020-05-28,gebe×38 | travma×21 | illiyet×5 | TCK 87/88,"…enler (havanın soğukluğu) ile meydana gelmiş olup bu sonucu doğrudan etkileyen hareket ise annenin, kanunla kendisine yüklenen &#39;Yapma biçimindeki emredici hükümleri&#39;, yani bebeğin ısınma ihtiyacını, onu koruma yükümlülüğünü, &#39;Yapmama&#39; biçiminde yerine getirmemesidir. Burada ise ölüm sonucuna doğrudan etki eden hareket ihmali bir harekettir. &nbsp; Ayrıca somut olayda belirlenmesi gere…",İHMAL SURETİYLE NİTELİKLİ KASTEN ÖLDÜRME SUÇU - ANA VE BABANIN EVLİ OLMAMASI HALİNDE DOĞAN ÇOCUK ANNENİN VELAYETİ ALTINDA OLACAĞINDAN ANNENİN ÇOCUK ÜZERİNDE KANUNDAN DOĞAN KORUMA VE GÖZETİM YÜKÜMLÜLÜĞ
228,25,Yargıtay,CG,2014/161,493,2015-12-08,gebe×40 | travma×8 | illiyet×6 | TCK 87/88,"…i suç ayrımı ile TCK'nun 97. maddesinde düzenlenen terk sonucu ölüme neden olma suçu üzerinde durulması gerekmektedir. Hukuk normları, yasaklayıcı ve emredici normlar olmak üzere, iki şekilde ortaya çıkmaktadır. Sadece icrai bir hareketle ihlal edilebilecek olan ve belirli bir hareketin yapılmasının istenmediği yasaklayıcı normlarda, yasaklanan hareketin yapılması sonucunda bir hak ihlali gerçekleşme…",YARGITAY KARARI
229,25,Yargıtay,HG,2017/9-1060,94,2019-02-07,gebe×2 | travma×13 | TCK 87/88 | cenin/düşük,"…i, tarafların hakları ve borçları yanında asıl ve ağırlıklı olarak iş sözleşmelerine uygulanacak (normatif) hükümleri içermektedir. Normatif hükümler emredici kanun hükmü gibi kapsamına aldığı iş sözleşmelerine uygulanırlar. Buradan çıkan sonuç ise, iş sözleşmelerinin toplu iş sözleşmesine aykırı olamayacağıdır. İş sözleşmesindeki toplu iş sözleşmesine aykırı hükümlerin yerini toplu iş sözleşmesi hük…",ALACAK DAVASI - DEMİRYOLU GÜZERGAHINDA OLDUĞUNU ANCAK DEMİRYOLU GÜZERGAHINDA OLMAYAN ERENLERDE OTURAN İŞÇİLERİN DE SERVİS HİZMETİNDEN YARARLANDIĞINI BELİRTTİKLERİ - HÜKMÜN BOZULMASI
230,25,Yargıtay,HG,2017/9-1065,99,2019-02-07,gebe×2 | travma×13 | TCK 87/88 | cenin/düşük,"…i, tarafların hakları ve borçları yanında asıl ve ağırlıklı olarak iş sözleşmelerine uygulanacak (normatif) hükümleri içermektedir. Normatif hükümler emredici kanun hükmü gibi kapsamına aldığı iş sözleşmelerine uygulanırlar. Buradan çıkan sonuç ise, iş sözleşmelerinin toplu iş sözleşmesine aykırı olamayacağıdır. İş sözleşmesindeki toplu iş sözleşmesine aykırı hükümlerin yerini toplu iş sözleşmesi hük…",ALACAK DAVASI - İŞ MÜFETTİŞLİĞİNE SUNULAN BİLGİ NOTUNDA YER ALAN YERLERİN DEMİRYOLU GÜZERGÂHINDAKİ YERLER OLUP OLMADIĞI - DAVALININ DEMİRYOLU GÜZERGÂHINDA OLMAMASINA RAĞMEN SERVİS KOYDUĞU YERLER BULUN
231,25,Yargıtay,HG,2017/9-1071,105,2019-02-07,gebe×2 | travma×13 | TCK 87/88 | cenin/düşük,"…i, tarafların hakları ve borçları yanında asıl ve ağırlıklı olarak iş sözleşmelerine uygulanacak (normatif) hükümleri içermektedir. Normatif hükümler emredici kanun hükmü gibi kapsamına aldığı iş sözleşmelerine uygulanırlar. Buradan çıkan sonuç ise, iş sözleşmelerinin toplu iş sözleşmesine aykırı olamayacağıdır. İş sözleşmesindeki toplu iş sözleşmesine aykırı hükümlerin yerini toplu iş sözleşmesi hük…",ALACAK DAVASI - İŞ MÜFETTİŞLİĞİNE SUNULAN BİLGİ NOTUNDA YER ALAN YERLERİN DEMİRYOLU GÜZERGAHINDAKİ YERLER OLUP OLMADIĞI - DAVALININ DEMİRYOLU GÜZERGAHINDA OLMAMASINA RAĞMEN SERVİS KOYDUĞU YERLER BULUN
232,25,Yargıtay,HG,2017/9-1063,97,2019-02-07,gebe×2 | travma×13 | TCK 87/88 | cenin/düşük,"…i, tarafların hakları ve borçları yanında asıl ve ağırlıklı olarak iş sözleşmelerine uygulanacak (normatif) hükümleri içermektedir. Normatif hükümler emredici kanun hükmü gibi kapsamına aldığı iş sözleşmelerine uygulanırlar. Buradan çıkan sonuç ise, iş sözleşmelerinin toplu iş sözleşmesine aykırı olamayacağıdır. İş sözleşmesindeki toplu iş sözleşmesine aykırı hükümlerin yerini toplu iş sözleşmesi hük…",ALACAK DAVASI - İŞ MÜFETTİŞLİĞİNE SUNULAN BİLGİ NOTUNDA YER ALAN YERLERİN DEMİRYOLU GÜZERGAHINDAKİ YERLER OLUP OLMADIĞI DAVALININ DEMİRYOLU GÜZERGAHINDA OLMAMASINA RAĞMEN SERVİS KOYDUĞU YERLER BULUNUP
233,25,Yargıtay,2,2024/4249,7049,2024-10-09,gebe×8 | travma×5 | TCK 87/88 | cenin/düşük,"…’i aldırmak istediğini ancak aldırma tarihi geçtiğinden ve çocuğa bakamayacakları için kendisine vermeyi teklif ettiklerini, bu süreçte kendisinin de düşük yaptığını ve bu teklifin kendilerine uygun geldiğini, ...’ın gebelik süresince kendisinin yanında kaldığını, davacının çocuğun doğum tarihini bile doğru şekilde bilmediklerini, ... doğum yaparken eşi ...’in yanında olduğunu ve ...’ın kendisini arayarak…",YARGITAY KARARI
234,25,Yargıtay,HG,2017/9-1059,93,2019-02-07,gebe×2 | travma×13 | TCK 87/88 | cenin/düşük,"…i, tarafların hakları ve borçları yanında asıl ve ağırlıklı olarak iş sözleşmelerine uygulanacak (normatif) hükümleri içermektedir. Normatif hükümler emredici kanun hükmü gibi kapsamına aldığı iş sözleşmelerine uygulanırlar. Buradan çıkan sonuç ise, iş sözleşmelerinin toplu iş sözleşmesine aykırı olamayacağıdır. İş sözleşmesindeki toplu iş sözleşmesine aykırı hükümlerin yerini toplu iş sözleşmesi hük…",ALACAK DAVASI - İŞ MÜFETTİŞLİĞİNE SUNULAN BİLGİ NOTUNDA YER ALAN YERLERİN DEMİRYOLU GÜZERGAHINDAKİ YERLER OLUP OLMADIĞI DAVALININ DEMİRYOLU GÜZERGAHINDA OLMAMASINA RAĞMEN SERVİS KOYDUĞU YERLER BULUNUP
235,24.8,Yargıtay,HG,2019/814,833,2022-06-07,gebe×6 | travma×3 | illiyet×29 | TCK 87/88,"…ku kuralları ya da yetkili idari veya kazai makamlarca verilen emirlerin veya konan yasakların çiğnenmesi, örf ve adet hukukunca uyulması gereken bir emrin veya yasağın ihlâli oluşturmaktadır. Ayrıca dürüstlük kurallarına uymayan veya hakkın kötüye kullanılması mahiyetini alan ahlaka aykırı bir fiille başkasına zarar vermekte hukuka aykırılık oluşturmakta olup failin zararı kasden vermiş olması hâlin…",YARGITAY KARARI
236,24.8,Danıştay,10,2021/7513,2144,2025-04-21,gebe×20 | travma×1 | illiyet×1 | cenin/düşük | obstetrik komp.,"…ile ilgili olarak özetle, ... otopsi yapılmadığı, doğal ölüm olduğu şeklinde kayıt olduğu dikkate alındığında, çocuğun ölümünün prematürite, plasenta dekolmanı, hipoksik iskemik ensefalopati ve gelişen komplikasyonlar sonucu meydana gelmiş olduğunun kabülü gerektiği, ... suyu gelen gebenin yatırılarak doğum hazırlığının başlatıldığı, NST takibi yapıldığı, çekilen NST kurulumuzda yapılan tetkikinde reaktif…",DANIŞTAY KARARI
237,24.8,Anayasa,2,2019/1463,,2023-01-11,gebe×64 | travma×3 | TCK 87/88 | cenin/düşük,"…ıştır. Bu soruşturma kapsamında İstanbul 8. Sulh Ceza Hâkimliği, bilinen adreslerden kendisine ulaşılamadığı gerekçesiyle başvurucu hakkında yakalama emri düzenlemiştir. &nbsp; 6. Başvurucu 14/9/2018 tarihinde saat 00.20 sıralarında eşi de dâhil dokuz kişi ile birlikte Edirne&rsquo;nin Elçili köyü sınırlarındaki birinci derecede askerî yasak bölgede yakalanmıştır. Başvurucunun yakalandığı yer Türkiye…",ANAYASA MAHKEMESİNİN 11/1/2023 TARİHLİ VE 2019/1463 SAYILI KARARI (BİREYSEL BAŞVURU) 
238,24.7,Anayasa,1,2018/31036,,2021-01-12,gebe×5 | travma×3 | illiyet×2 | TCK 87/88 | cenin/düşük,"…göre verilmiş hakim kararı olmadıkça; yine bu sebeplere bağlı olarak gecikmesinde sakınca bulunan hallerde de kanunla yetkili kılınmış merciin yazılı emri bulunmadıkça; haberleşme engellenemez ve gizliliğim dokunulamaz. Yetkili merciin kararı yirmi dört saat içinde görevli hakimin onayına sunulur. Hakim, kararını kırk sekiz saat içinde açıklar; aksi halde, karar kendiliğinden kalkar. &nbsp; İstisnala…",ANAYASA MAHKEMESİNİN 12/1/2021 TARİHLİ VE 2018/31036 SAYILI KARARI (BİREYSEL BAŞVURU)
239,24.6,Danıştay,10,2019/6918,1883,2021-04-26,gebe×33 | travma×2 | illiyet×2 | TCK 87/88 | obstetrik komp.,"…ği, Mahkemece anılan raporun yeterli görülmemesi üzerine Adli Tıp Genel Kurulunca hazırlanan 06/05/2016 kayıt tarihli raporda, …’ın ölümünün plasenta dekolmanına bağlı kanama ve gelişen komplikasyonlar sonucu meydana gelmiş olduğu, NST’de bebeğin rahim içerisinde sıkıntıda olabileceğine dair bulguları bulunmadığı, Erciş Toplum Sağlığı Merkezinin ameliyathanesinin bulunmaması nedeni ile Van 100. Yıl Bölge…",DANIŞTAY KARARI
240,24.4,Yargıtay,2,2023/2170,4967,2023-10-19,gebe×2 | travma×9 | TCK 87/88 | cenin/düşük,"…ik sorunlarının olduğunu sonradan öğrendiğini, karşı ağza alınmayacak küfürler ve hakaretler ettiğini, hamile iken davalının uyguladığı şiddet sonucu düşük yaptığını, artık dayanacak gücünün kalmadığını, bu nedenle ağabeyinin evine gitmek zorunda kaldığını, davalının altınlarına el koyduğunu ileri sürerek davanın kabulüne, tarafların 4721 sayılı Türk Medeni Kanunu’nun ( 4721 sayılı Kanun) 166 ncı maddesini…",YARGITAY KARARI
241,24.4,Yargıtay,2,2024/328,8074,2024-10-31,gebe×8 | travma×4 | TCK 87/88 | cenin/düşük,"…i, aile mahremiyetini ihlal ettiğini, çocuk sahibi olmak için erkek adına kayıtlı evin tapusunun kadına devrini şart koştuğunu, kasıtlı olarak üç kez düşük yaptığını, çoğu zaman yemeğini erkeğin kendisinin yaptığını, kadının gizli olarak bir çok farklı numaralar ile telefondan iletişime geçtiğini, kadının 2017 Ekim ayında ortak konutu terk ederek ailesinin bulunduğu köye yerleştiğini belirterek evlilik bir…",YARGITAY KARARI
242,24.3,Yargıtay,2,2023/10098,6720,2024-10-01,gebe×3 | travma×8 | TCK 87/88 | cenin/düşük,"…eğin başka bir kadınla mesajlaşmasını okuduğunu, bu kadının kim olduğunu sorması üzerine erkeğin kadına tokat attığını, kadının bu olayın üzüntüsüyle düşük yaptığını, annesinin davalıya sürekli kadını aşağılayan hakaret niteliğinde mesajlar gönderdiğini, davalının evin çatısında güvercinleri olduğunu, devamlı onlarla ilgilendiğini, evine vakit ayırmadığını, eve geç saatte ve sarhoş olarak geldiğini, sık sı…",YARGITAY KARARI
243,24.1,Yargıtay,2,2023/2829,733,2024-02-08,gebe×5 | travma×4 | illiyet×1 | TCK 87/88 | cenin/düşük,"…unu, erkek ve ailesinin kadına şiddet uyguladığını, hakaret, tehdit ve aşağılamalarda bulunduklarını, yaşadığı bedensel ve ruhsal travmalar nedeniyle erken doğum riski geçirdiğini, çocuğun başkasından olduğu gibi ithamlarla erkeğin kadını küçük düşürdüğünü, iftira attığını, habersizce taraflara ait olan fakat erkeğin babasının üzerine tescilli evi satılığa çıkarttığını, kapı kilini de değiştirerek kadını ort…",YARGITAY KARARI
244,24,Anayasa,2,2013/2910,,2015-11-05,gebe×8 | travma×27 | illiyet×5 | TCK 87/88,"…teslimi"" başlıklı 25. maddesi şöyledir: ""Çocuk teslimine dair olan ilam icra dairesine verilince icra memuru 24 üncü maddede yazılı şekilde bir icra emri tebliği suretiyle borçluya yedi gün içinde çocuğun teslimini emreder. Borçlu bu emri tutmazsa çocuk nerede bulunursa bulunsun ilam hükmü zorla icra olunur. Çocuk teslim edildikten sonra diğer taraf haklı bir sebep olmaksızın çocuğu tekrar alırsa ay…",ANAYASA MAHKEMESİNİN 5/11/2015 TARİHLİ VE 2013/2910 SAYILI KARARI (BİREYSEL BAŞVURU)
245,23.9,A.İ.H.M.,2,2003/23909,,2011-02-01,gebe×3 | travma×20 | illiyet×7 | TCK 87/88,"…r. Yakalama tutanağına göre, İzmir Emniyet Genel Müdürlüğü Terörle Mücadele Şubesi tarafından başvuranın seyahat etmekte olduğu arabayla ilgili arama emri çıkartılmıştır. Aynı gün saat 15.10'da, başvuran gözaltına alınmadan önce İzmir Atatürk Eğitim ve Araştırma Hastanesi'nde muayene edilmiş ve vücudunda hiçbir şiddet izine rastlanmamıştır. Başvuran daha sonra Terörle Mücadele Şubesi'nde görevli poli…",DESDE - TÜRKİYE DAVASI
246,23.9,Yargıtay,2,2023/9811,5981,2024-09-17,gebe×7 | travma×4 | TCK 87/88 | cenin/düşük,"…davacının boğazına sarıldığı, vuracağı esnada baba ...'in ve Ağabey ...'in araya girdikleri, davalının (2017 ya da 2018 yılında) gebelik neticesinde düşük yapan davacıyı hastaneye götürmediği gibi hastaneye ziyarete dahi gelmediği ve fiilen ayrıldıktan sonra tarafların hiç bir araya gelmedikleri mahkememizce sabit olmuş, bu nedenler ile taraflar arasındaki evlilik birliğinin, ortak hayatı sürdürmeleri ken…",YARGITAY KARARI
247,23.8,Yargıtay,3,2011/4608,34077,2012-10-11,gebe×6 | travma×8 | cenin/düşük | künt/batın,"…hakkında mağdur ...'a karşı yaralama suçundan kurulan hüküm yönünden; Mağdur ...' un olay tarihinde hamile olduğunu sanığın karnına tekme attığını ve düşük yaptığını beyan etmesine göre, ... Devlet Hastanesinden alınan 30.06.2008 tarihli raporunda; sağ femur üst ön yüzde 2x2 cm lik ve sağ femur arka üstte 2x1 cm lik travmatik ekimoz, karına gelen künt travmaya bağlı hamilelik nedeniyle fetüsün yaşayıp yaşa…",YARGITAY KARARI
248,23.7,Yargıtay,BG,2017/10,1,2019-03-08,gebe×3 | travma×5 | illiyet×1 | TCK 87/88 | cenin/düşük,"…yönüyle cezai şart aynı zamanda bir sözleşme olduğundan, borçlar hukukunda sözleşmelerin tabi olduğu temel kurallara tabidir. Bu anlamda olmak üzere, emredici hükümlere, ahlâka ve kişilik haklarına aykırı; baştaki objektif imkânsızlık, şekle aykırılık, muvazaa veya ehliyetsizlik sebebiyle geçersiz bir sözleşmeye dayanan bir borç için kararlaştırılan ceza koşulları da geçersizdir. Asıl borcun yer aldı…",İÇTİHATLARIN BİRLEŞTİRİLMESİ İSTEMİ - BELİRLİ SÜRELİ YAPILMIŞ ANCAK OBJEKTİF ŞARTLARI TAŞIMADIĞI İÇİN BELİRSİZ SÜRELİ KABUL EDİLEN İŞ SÖZLEŞMESİ - SÜREDEN ÖNCE HAKSIZ FESHE BAĞLI CEZAİ ŞART HÜKMÜNÜN B
249,23.7,Yargıtay,2,2023/4644,4297,2024-06-05,gebe×3 | travma×7 | TCK 87/88 | cenin/düşük,"…başvurmuştur. 2-Davacı- davalı kadın vekili istinaf dilekçesinde; hükmedilen nafaka miktarlarının düşük olduğu, dava devam ederken doğan ortak çocuk Cemre Defne için nafaka talebinin neden reddedildiğinin açıklanmadığını, mahkemenin takdir ettiği maddî ve manevî tazminatların kusur durumu dikkate alındığında az olduğu, karşı davanın ispatlanamadığı halde kabul edildiğini belirterek verilen kararın bu…",YARGITAY KARARI
250,23.4,Yargıtay,CG,2016/608,167,2020-03-10,gebe×2 | travma×17 | illiyet×7 | TCK 87/88,"…özel belge türleri Yasa tarafından özel olarak resmi belge düzeyinde korumaya alınmıştır. Bu tür belgeler TCK 210/1. maddede gösterilmiştir. Bunlar; emre veya hamile yazılı kambiyo senedi, tahvil, hisse senedi, emtiayı temsil eden belge, ve vasiyetnamedir. Belirtilen türdeki belgelerin, resmi belge sayılabilmesi için, kanunda öngörülen usul ve şekil şartlarının bulunması zorunludur. TCK 210/2. madde…",YARGITAY KARARI
251,23.4,Yargıtay,3,2024/1553,884,2025-02-17,gebe×32 | travma×2 | illiyet×6 | cenin/düşük,"…hareketsiz olduğunu fark ettiğini, bebeğin kalp atışının tehlikeli olacak şekilde yavaşlaması nedeniyle davacının 43 yaşında 8.5 ayık olarak bebeğini erken doğum yaparak kucağına aldığını, çocukta kalça çıkıklığı meydana geldiğini belirterek 1.000 TL maddi tazminat, 30.000 TL manevi tazminatın çocuğun doğum tarihi olan 03/11/2020 tarihinden itibaren işleyecek yasal faizi ile birlikte davalılardan müteselsile…","TAZMİNAT İSTEMİ - DAVACININ GEBE KALMASININ HEKİMİN BİR EKSİKLİĞİNDEN KAYNAKLANMADIĞI, DAVALI DOKTORUN YAPILAN İŞLEMLERDE BİR KUSUR VEYA İHMALİNİN BULUNMADIĞI DAVALILARA ATFI KABİL KUSUR BULUNMADIĞI -"
252,23,Danıştay,2,2021/17779,2150,2025-04-30,gebe×4 | travma×5 | TCK 87/88 | cenin/düşük,"…irlemek ve değiştirmek valinin görev ve yetkileri arasındadır. Kanun’a göre il idaresinin ikinci bölümünü il idare şube başkanları oluşturur. Valinin emri altında olan il idare şube başkanları, kendi görev alanlarına giren işlerin yürütülmesinden valiye karşı sorumludurlar. Anılanların, doğrudan doğruya işlem yapma yetkileri yoktur. Bunlar, kendi görev alanına giren konularda işlem ve kararları hazır…",DANIŞTAY KARARI
253,22.9,A.İ.H.M.,A.İ.H.M.,1987/12850,,1992-08-27,gebe×1 | travma×46 | illiyet×7 | TCK 87/88,"…na kadar dosyaya çeşitli belgeler eklemiştir. Soruşturma yargıcı, 17 Nisan'da Bordeaux savcılığının görüp uygun bulduğu dosyayı iddia makamına havale emrini vermiştir. Dava dosyası 22 Nisan 1986 tarihli kararla Başsavcılığa gönderilmiştir. (b) Salıverilme talepleri 21. Tomasi yedi kez salıverilme talebinde bulunmuştur. Soruşturma yargıcı bu başvuruları 31 Mayıs, 7 Haziran, 29 Haziran, 13 Ağustos, 10…",TOMASI - FRANSA DAVASI
254,22.9,A.İ.H.M.,A.İ.H.M.,2007/20347,,2016-07-05,gebe×1 | travma×12 | illiyet×7 | TCK 87/88,"…bildiren Ankara Valiliğinin talimatının tebliğ edilmesinin ardından, İstanbul&rsquo;dan gelen göstericilerin araçlarının otoyol üzerinde durdurulması emri verilmiş ve söz konusu gün, saat 04.00&rsquo;dan itibaren Jandarma Komutanlığına bağlı birlikler, güvenlik güçleri ve bir zırhlı araç, olay yerine gitmişlerdir. Aynı gün, saat 04.30&rsquo;dan itibaren Eğitim&ndash;Sen&rsquo;in ilk otobüsleri göster…",EĞİTİM VE BİLİM EMEKÇİLERİ SENDİKASI VE DİĞERLERİ - TÜRKİYE DAVASI
255,22.8,Yargıtay,CG,2024/322,300,2025-07-02,gebe×89 | travma×7 | illiyet×3 | cenin/düşük,"…nın 26/1. maddesi) ve ilgilinin rızası (TCK'nın 26/2. maddesi) olarak karşımıza çıkmaktadır. Kusurluluğu etkileyen nedenler ise; amirin hukuka aykırı emrini ifa (TCK'nın 24/4. maddesi), meşru savunmada sınırın korku, heyecan veya telaş ile aşılması (TCK'nın 27/2. maddesi), cebir şiddet, korkutma ve tehdit (TCK'nın 28. maddesi), haksız tahrik (TCK'nın 29. maddesi), kusurluluğu etkileyen nedenlerin mad…",YARGITAY KARARI
256,22.7,Yargıtay,2,2023/2921,233,2024-01-16,gebe×1 | travma×7 | TCK 87/88 | cenin/düşük,"…ni istemiş, erkeğin müvekkiline süregelen şekilde şiddet uyguladığın, hamile kaldığında \""iyi b.k yedin\"" dediğini, bu nednele müvekkilinin üzüntüden düşük yaptığını, daha sonra çocukları olmamasına rağmen doktora gitmediğini, kadının ailesi ile görüşmesine ve çalışmasına izin vermediğini, kadının ailesinin evlerine gelmesini istemediğini, sürekli ağır küfürler ve hakaretler ettiğini, bazen günlerce eve ge…",YARGITAY KARARI
257,22.7,Yargıtay,2,2023/4479,3499,2024-05-15,gebe×1 | travma×5 | illiyet×1 | TCK 87/88 | cenin/düşük,"…e sayısı belirtilen kararı ile; erkeğin kadına karşı fiziksel şiddet uyguladığı ve bu şiddet sonrası davacının evden ayrıldığı kısa bir süre sonra da düşük yaptığı, erkeğin ileri sürdüğü iddiaların ispat edilemediği, erkeğin tam kusurlu olduğu, kadının her hangi bir işi ve sabit gelirinin bulunmadığı, boşanma yüzünden yoksulluğa düşeceği gerekçesiyle, erkeğin davasının reddine, kadının davasının kabulü ile…",YARGITAY KARARI
258,22.7,A.İ.H.M.,2,1996/33218,,2002-11-26,gebe×1 | travma×7 | TCK 87/88 | cenin/düşük,"…edilmiştir. Başvuru sahiplerinin ifade ettiğine göre, bu durum W.H.'nin başvuru sahiplerinin adresinde ikamet etmesine son vermiştir. Hükümet gözetim emrinin eklendiği bu konuyla ilgili kayıtlar ile gözetim dosyasının bulunamadığını belirtmiştir. Bu dönemde denetleme görevlisi olan M., W.H.'yi suçlarının niteliği sebebiyle ailenin evinde yaşamasına izin verilmeyen kişi olarak net bir şekilde hatırlam…",E. VE DİĞERLERİ - BİRLEŞİK KRALLIK DAVASI
259,22.6,Yargıtay,CG,2012/1-1570,339,2013-07-05,gebe×34 | travma×12 | illiyet×3 | TCK 87/88,"…kasten öldürmenin ihmali surette işlenmesi ve bu kapsamda ihmali ve icrai suç ayrımı üzerinde durulması gerekmektedir. Hukuk normları, yasaklayıcı ve emredici normlar olmak üzere, iki şekilde ortaya çıkmaktadır. Sadece icrai bir hareketle ihlal edilebilecek olan ve belirli bir hareketin yapılmasının istenmediği yasaklayıcı normlarda, yasaklanan hareketin yapılması sonucunda bir hak ihlali gerçekleşme…",OLASI KASTLA ÖLDÜRME SUÇU - EVLİLİK DIŞI İLİŞKİ SONUCU HAMİLE KALDIĞI BEBEĞİNİ EVİNDE DOĞURDUKTAN HEMEN SONRA BİR BEZE SARARAK BOŞ BİR ARSAYA BIRAKTIĞI - ÖLÜM NETİCESİNİN MEYDANA GELMESİNE İCRAİ DAVRA
260,22.6,Yargıtay,12,2023/2442,2428,2023-07-05,gebe×37 | travma×26 | illiyet×3 | TCK 87/88,"…ebeğin cansız olduğunu, ...in bağırma seslerini duymadığını ve hamile olduğunu bilmediğini beyan ettiği olayda, &nbsp; Hukuk normları, yasaklayıcı ve emredici normlar olmak üzere, iki şekilde ortaya çıkmaktadır. Sadece icrai bir hareketle ihlal edilebilecek olan ve belirli bir hareketin yapılmasının istenmediği yasaklayıcı normlarda, yasaklanan hareketin yapılması sonucunda bir hak ihlali gerçekleşme…",TAKSİRLE ÖLDÜRME SUÇU - KENDİSİNİ VEKİLLE TEMSİL ETTİREN KATILAN KURUM LEHİNE VEKALET ÜCRETİ ÖDENMESİNE KARAR VERİLMESİ GEREKTİĞİNİN GÖZETİLMEMESİ HUKUKA AYKIRI GÖRÜLMÜŞSE DE BU HATANIN YARGITAY TARAF
261,22.6,Yargıtay,12,2019/13309,907,2022-02-09,gebe×21 | travma×12 | illiyet×3 | TCK 87/88,"…n cansız olduğunu, ...&#39;in bağırma seslerini duymadığını ve hamile olduğunu bilmediğini beyan ettiği olayda, &nbsp; Hukuk normları, yasaklayıcı ve emredici normlar olmak üzere, iki şekilde ortaya çıkmaktadır. Sadece icrai bir hareketle ihlal edilebilecek olan ve belirli bir hareketin yapılmasının istenmediği yasaklayıcı normlarda, yasaklanan hareketin yapılması sonucunda bir hak ihlali gerçekleşme…",TAKSİRLE ÖLDÜRME SUÇU - ADLİ EMANETİN KAYITLI BİR ADAT MAKET BIÇAĞININ KANUN MADDESİ GEREĞİNCE MÜSADERESİNE KARAR VERİLMESİNİN KANUNA AYKIRI OLDUĞU - HÜKMÜN BOZULMASI
262,22.6,Yargıtay,CG,2019/14-171,169,2020-03-10,gebe×21 | travma×60 | illiyet×3 | TCK 87/88,"…ileceği kabul edilmelidir. Dolayısıyla, istisnai nitelikte olup kanunda açık ve anlaşılır şekilde düzenlenen bir sürenin, ayrıca bildirilmesi yönünde emredici bir hukuki düzenleme de bulunmuyorsa yargı mercilerince ilgilisine bildirilme zorunluluğundan bahsedilemeyecektir. &nbsp; Diğer taraftan temyiz, kural olarak bölge adliye mahkemesi ceza daireleri tarafından verilen hükümlerle, bu dairelerin hük…",ÇOCUĞUN NİTELİKLİ CİNSEL İSTİSMARI SUÇU - SANIĞIN ATILI SUÇLARI İŞLEDİĞİNE DAİR HER TÜRLÜ ŞÜPHEDEN UZAK KESİN VE İNANDIRICI DELİL BULUNMADIĞI - DÜZELTİLEREK ONAMA KARARININ KALDIRILARAK BÖLGE ADLİYE M
263,22.6,Yargıtay,CG,2019/597,344,2021-07-06,gebe×57 | travma×262 | illiyet×3 | TCK 87/88,"…dan elde edilerek yukarıya kaydedilen bilgi ve bulgular dikkate alındığında; 1- Kimya İhtisas Dairesinin raporuna göre; kişinin kanında 91mg/dl (0,91 promil) etil alkol tespit edildiği, metanol tespit edilmediği, kanda yapılan uyutucu uyuşturucu analizinde aranan maddelerin bulunmadığı, safrada sistematiğimizdeki maddelerin tespit edilmediği, 2- Biyoloji İhtisas Dairesinin raporuna göre; ...’e ait DNA…",YARGITAY KARARI
264,22.3,Yargıtay,3,2020/1499,4679,2020-03-09,gebe×9 | travma×3 | TCK 87/88 | obstetrik komp.,"…anık ve müdafiinin yerinde görülmeyen diğer temyiz sebeplerinin reddine; ancak, Sanığın gebe olan mağdur eşini kasten yaraladığı, mağdurdaki plasenta dekolmanı üzerine sezeryan ile yapılan erken doğum neticesinde dünyaya gelen bebeğin bir gün içinde vefat ettiği olayda; plasenta dekolmanı, bebeğin erken doğumu ve bebeğin ölümünün annesinin maruz kaldığı travma sonucu meydana gelmiş olduğu Adli Tıp Kurumu…",YARGITAY KARARI
265,22.2,Yargıtay,9,2019/8027,4419,2020-03-24,gebe×6 | travma×2 | TCK 87/88 | cenin/düşük,"…me göre işçinin dört aya kadar ücreti tutarında bir ücretten başka yoksun bırakıldığı haklarını da talep imkânı bulunmaktadır. Söz konusu fıkra metni emredici nitelikte olduğundan, anılan hükme aykırı olan sözleşme kuralları geçersizdir. Geçersizlik nedeniyle ortaya çıkan kural boşluğu eşit davranma ilkesinin gereklerine uygun olarak doldurulmalıdır. Eşit davranma borcuna aykırılığı ispat yükü işçide…",YARGITAY KARARI
266,22.2,Yargıtay,11,2020/7325,377,2022-01-18,gebe×6 | travma×2 | TCK 87/88 | cenin/düşük,"…davacılardan ...’un hamile olduğu, Antalya’da bulunan doktorunun daha önceden yaptığı tetkikler neticesinde rahim ağzındaki açıklığın ileriki aylarda düşük yapma riskini % 90’lara çıkarabileceğini belirttiği, ameliyata zamanında yetişememeleri sebebiyle ameliyatın bir hafta sonra yapıldığı, davacıların karı-koca oldukları, davacı ...’un doktoru ...’un beyanında, operasyon için davacıya randevu verdiğini, r…",YARGITAY KARARI
267,22.2,Yargıtay,9,2019/8028,4420,2020-03-24,gebe×6 | travma×2 | TCK 87/88 | cenin/düşük,"…me göre işçinin dört aya kadar ücreti tutarında bir ücretten başka yoksun bırakıldığı haklarını da talep imkânı bulunmaktadır. Söz konusu fıkra metni emredici nitelikte olduğundan, anılan hükme aykırı olan sözleşme kuralları geçersizdir. Geçersizlik nedeniyle ortaya çıkan kural boşluğu eşit davranma ilkesinin gereklerine uygun olarak doldurulmalıdır. Eşit davranma borcuna aykırılığı ispat yükü işçide…",YARGITAY KARARI
268,22.2,Anayasa,2,2015/2611,,2019-11-12,gebe×12 | travma×10 | illiyet×1 | cenin/düşük,"…bitirdi. Jandarmanın tekmeleri ve tehditlerine maruz kalan S.G., ikiz bebeklerini düşürdü. &nbsp; SÜMBÜL HANIM EŞİNE SARILDI &nbsp; Andıçcı savcının emriyle 23 Şubat 2009&#39;da Refahiye&#39;de düzenlenen operasyonda C.G., jandarma ekiplerince gözaltına alındı. 14 haftalık hamile S.G.ise eşine sarılarak gözaltına alınmasını engellemeye çalıştı. &nbsp; HAMİLE KADINI TEKMELEDİLER &nbsp; Jandarma Görev…",ANAYASA MAHKEMESİNİN 12/11/2019 TARİHLİ VE 2015/2611 SAYILI KARARI (BİREYSEL BAŞVURU)
269,22.2,Yargıtay,9,2019/8035,4427,2020-03-24,gebe×6 | travma×2 | TCK 87/88 | cenin/düşük,"…me göre işçinin dört aya kadar ücreti tutarında bir ücretten başka yoksun bırakıldığı haklarını da talep imkânı bulunmaktadır. Söz konusu fıkra metni emredici nitelikte olduğundan, anılan hükme aykırı olan sözleşme kuralları geçersizdir. Geçersizlik nedeniyle ortaya çıkan kural boşluğu eşit davranma ilkesinin gereklerine uygun olarak doldurulmalıdır. &nbsp; Eşit davranma borcuna aykırılığı ispat yükü…",ALACAK DAVASI - ÜCRET ALACAKLARININ MUVAZAYA DAYALI OLARAK EKSİK ÖDENMESİNİN DİL IRK CİNSİYET SİYASAL DÜŞÜNCE FELSEFİ İNANÇ DİN VE MEZHEP GİBİ SEBEPLERE DAYALI OLDUĞUNUN İDDİA VE İSPAT EDİLEMEDİĞİ - H
270,22.2,Yargıtay,9,2019/8025,4417,2020-03-24,gebe×6 | travma×2 | TCK 87/88 | cenin/düşük,"…me göre işçinin dört aya kadar ücreti tutarında bir ücretten başka yoksun bırakıldığı haklarını da talep imkânı bulunmaktadır. Söz konusu fıkra metni emredici nitelikte olduğundan, anılan hükme aykırı olan sözleşme kuralları geçersizdir. Geçersizlik nedeniyle ortaya çıkan kural boşluğu eşit davranma ilkesinin gereklerine uygun olarak doldurulmalıdır. &nbsp; Eşit davranma borcuna aykırılığı ispat yükü…",ALACAK DAVASI - ÜCRET ALACAKLARININ MUVAZAYA DAYALI OLARAK EKSİK ÖDENMESİNİN DİL IRK CİNSİYET SİYASAL DÜŞÜNCE FELSEFİ İNANÇ DİN VE MEZHEP GİBİ SEBEPLERE DAYALI OLDUĞUNUN İDDİA VE İSPAT EDİLEMEDİĞİ - H
271,22.2,Yargıtay,9,2019/8023,4415,2020-03-24,gebe×6 | travma×2 | TCK 87/88 | cenin/düşük,"…me göre işçinin dört aya kadar ücreti tutarında bir ücretten başka yoksun bırakıldığı haklarını da talep imkânı bulunmaktadır. Söz konusu fıkra metni emredici nitelikte olduğundan, anılan hükme aykırı olan sözleşme kuralları geçersizdir. Geçersizlik nedeniyle ortaya çıkan kural boşluğu eşit davranma ilkesinin gereklerine uygun olarak doldurulmalıdır. Eşit davranma borcuna aykırılığı ispat yükü işçide…",YARGITAY KARARI
272,22.2,Yargıtay,9,2019/8029,4421,2020-03-24,gebe×6 | travma×2 | TCK 87/88 | cenin/düşük,"…me göre işçinin dört aya kadar ücreti tutarında bir ücretten başka yoksun bırakıldığı haklarını da talep imkânı bulunmaktadır. Söz konusu fıkra metni emredici nitelikte olduğundan, anılan hükme aykırı olan sözleşme kuralları geçersizdir. Geçersizlik nedeniyle ortaya çıkan kural boşluğu eşit davranma ilkesinin gereklerine uygun olarak doldurulmalıdır. &nbsp; Eşit davranma borcuna aykırılığı ispat yükü…",ALACAK DAVASI - ÜCRET ALACAKLARININ MUVAZAYA DAYALI OLARAK EKSİK ÖDENMESİNİN DİL IRK CİNSİYET SİYASAL DÜŞÜNCE FELSEFİ İNANÇ DİN VE MEZHEP GİBİ SEBEPLERE DAYALI OLDUĞUNUN İDDİA VE İSPAT EDİLEMEDİĞİ - H
273,22.2,Yargıtay,9,2019/8034,4426,2020-03-24,gebe×6 | travma×2 | TCK 87/88 | cenin/düşük,"…me göre işçinin dört aya kadar ücreti tutarında bir ücretten başka yoksun bırakıldığı haklarını da talep imkânı bulunmaktadır. Söz konusu fıkra metni emredici nitelikte olduğundan, anılan hükme aykırı olan sözleşme kuralları geçersizdir. Geçersizlik nedeniyle ortaya çıkan kural boşluğu eşit davranma ilkesinin gereklerine uygun olarak doldurulmalıdır. &nbsp; Eşit davranma borcuna aykırılığı ispat yükü…",ALACAK DAVASI - ÜCRET ALACAKLARININ MUVAZAYA DAYALI OLARAK EKSİK ÖDENMESİNİN DİL IRK CİNSİYET SİYASAL DÜŞÜNCE FELSEFİ İNANÇ DİN VE MEZHEP GİBİ SEBEPLERE DAYALI OLDUĞUNUN İDDİA VE İSPAT EDİLEMEDİĞİ - H
274,22.2,Yargıtay,9,2019/8030,4422,2020-03-24,gebe×6 | travma×2 | TCK 87/88 | cenin/düşük,"…me göre işçinin dört aya kadar ücreti tutarında bir ücretten başka yoksun bırakıldığı haklarını da talep imkânı bulunmaktadır. Söz konusu fıkra metni emredici nitelikte olduğundan, anılan hükme aykırı olan sözleşme kuralları geçersizdir. Geçersizlik nedeniyle ortaya çıkan kural boşluğu eşit davranma ilkesinin gereklerine uygun olarak doldurulmalıdır. &nbsp; Eşit davranma borcuna aykırılığı ispat yükü…",ALACAK DAVASI - ÜCRET ALACAKLARININ MUVAZAYA DAYALI OLARAK EKSİK ÖDENMESİNİN DİL IRK CİNSİYET SİYASAL DÜŞÜNCE FELSEFİ İNANÇ DİN VE MEZHEP GİBİ SEBEPLERE DAYALI OLDUĞUNUN İDDİA VE İSPAT EDİLEMEDİĞİ - H
275,22.2,Yargıtay,9,2019/8031,4423,2020-03-24,gebe×6 | travma×2 | TCK 87/88 | cenin/düşük,"…me göre işçinin dört aya kadar ücreti tutarında bir ücretten başka yoksun bırakıldığı haklarını da talep imkânı bulunmaktadır. Söz konusu fıkra metni emredici nitelikte olduğundan, anılan hükme aykırı olan sözleşme kuralları geçersizdir. Geçersizlik nedeniyle ortaya çıkan kural boşluğu eşit davranma ilkesinin gereklerine uygun olarak doldurulmalıdır. &nbsp; Eşit davranma borcuna aykırılığı ispat yükü…",ALACAK DAVASI - ÜCRET ALACAKLARININ MUVAZAYA DAYALI OLARAK EKSİK ÖDENMESİNİN DİL IRK CİNSİYET SİYASAL DÜŞÜNCE FELSEFİ İNANÇ DİN VE MEZHEP GİBİ SEBEPLERE DAYALI OLDUĞUNUN İDDİA VE İSPAT EDİLEMEDİĞİ - H
276,22.2,Yargıtay,9,2019/8022,4414,2020-03-24,gebe×6 | travma×2 | TCK 87/88 | cenin/düşük,"…me göre işçinin dört aya kadar ücreti tutarında bir ücretten başka yoksun bırakıldığı haklarını da talep imkânı bulunmaktadır. Söz konusu fıkra metni emredici nitelikte olduğundan, anılan hükme aykırı olan sözleşme kuralları geçersizdir. Geçersizlik nedeniyle ortaya çıkan kural boşluğu eşit davranma ilkesinin gereklerine uygun olarak doldurulmalıdır. Eşit davranma borcuna aykırılığı ispat yükü işçide…",YARGITAY KARARI
277,22.2,Yargıtay,9,2019/8026,4418,2020-03-24,gebe×6 | travma×2 | TCK 87/88 | cenin/düşük,"…me göre işçinin dört aya kadar ücreti tutarında bir ücretten başka yoksun bırakıldığı haklarını da talep imkânı bulunmaktadır. Söz konusu fıkra metni emredici nitelikte olduğundan, anılan hükme aykırı olan sözleşme kuralları geçersizdir. Geçersizlik nedeniyle ortaya çıkan kural boşluğu eşit davranma ilkesinin gereklerine uygun olarak doldurulmalıdır. &nbsp; Eşit davranma borcuna aykırılığı ispat yükü…",ALACAK DAVASI - ÜCRET ALACAKLARININ MUVAZAYA DAYALI OLARAK EKSİK ÖDENMESİNİN DİL IRK CİNSİYET SİYASAL DÜŞÜNCE FELSEFİ İNANÇ DİN VE MEZHEP GİBİ SEBEPLERE DAYALI OLDUĞUNUN İDDİA VE İSPAT EDİLEMEDİĞİ - H
278,22.2,Yargıtay,9,2019/8024,4416,2020-03-24,gebe×6 | travma×2 | TCK 87/88 | cenin/düşük,"…me göre işçinin dört aya kadar ücreti tutarında bir ücretten başka yoksun bırakıldığı haklarını da talep imkânı bulunmaktadır. Söz konusu fıkra metni emredici nitelikte olduğundan, anılan hükme aykırı olan sözleşme kuralları geçersizdir. Geçersizlik nedeniyle ortaya çıkan kural boşluğu eşit davranma ilkesinin gereklerine uygun olarak doldurulmalıdır. &nbsp; Eşit davranma borcuna aykırılığı ispat yükü…",ALACAK DAVASI - ÜCRET ALACAKLARININ MUVAZAYA DAYALI OLARAK EKSİK ÖDENMESİNİN DİL IRK CİNSİYET SİYASAL DÜŞÜNCE FELSEFİ İNANÇ DİN VE MEZHEP GİBİ SEBEPLERE DAYALI OLDUĞUNUN İDDİA VE İSPAT EDİLEMEDİĞİ - H
279,22.2,Yargıtay,9,2019/8032,4424,2020-03-24,gebe×6 | travma×2 | TCK 87/88 | cenin/düşük,"…me göre işçinin dört aya kadar ücreti tutarında bir ücretten başka yoksun bırakıldığı haklarını da talep imkânı bulunmaktadır. Söz konusu fıkra metni emredici nitelikte olduğundan, anılan hükme aykırı olan sözleşme kuralları geçersizdir. Geçersizlik nedeniyle ortaya çıkan kural boşluğu eşit davranma ilkesinin gereklerine uygun olarak doldurulmalıdır. Eşit davranma borcuna aykırılığı ispat yükü işçide…",YARGITAY KARARI
280,22.2,Yargıtay,9,2019/8033,4425,2020-03-24,gebe×6 | travma×2 | TCK 87/88 | cenin/düşük,"…me göre işçinin dört aya kadar ücreti tutarında bir ücretten başka yoksun bırakıldığı haklarını da talep imkânı bulunmaktadır. Söz konusu fıkra metni emredici nitelikte olduğundan, anılan hükme aykırı olan sözleşme kuralları geçersizdir. Geçersizlik nedeniyle ortaya çıkan kural boşluğu eşit davranma ilkesinin gereklerine uygun olarak doldurulmalıdır. &nbsp; Eşit davranma borcuna aykırılığı ispat yükü…",ALACAK DAVASI - ÜCRET ALACAKLARININ MUVAZAYA DAYALI OLARAK EKSİK ÖDENMESİNİN DİL IRK CİNSİYET SİYASAL DÜŞÜNCE FELSEFİ İNANÇ DİN VE MEZHEP GİBİ SEBEPLERE DAYALI OLDUĞUNUN İDDİA VE İSPAT EDİLEMEDİĞİ - H
281,22.1,Anayasa,GK,2009/85,49,2011-03-10,gebe×7 | travma×5 | illiyet×3 | TCK 87/88 | aile içi,"…, evlendirme memuruna veya nüfus idaresine yapacağı yazılı başvuruyla kocasının soyadı önünde önceki soyadını da kullanabilmesine ilişkindir. Yasanın emredici düzenlemesi karşısında, kadının evlenmesi halinde tek başına kızlık soyadını kullanabilmesi olanaksız gibi görünmektedir. Nitekim, Anayasa Mahkemesi de 29 Ekim 1998 tarih esas 1997/61, karar 1998/59 sayılı kararında, önceki Medeni Kanun'un aynı…","ANAYASA MAHKEMESİNİN E: 2009/85 (4721 SAYILI KANUN İLE İLGİLİ), K: 2011/49 SAYILI KARARI"
282,22,A.İ.H.M.,A.İ.H.M.,2011/63034,,2016-06-28,gebe×8 | travma×98 | TCK 87/88 | aile içi,"…ddedilmesinin uygun olduğu kanaatine varmıştır. Bu nedenle, başka bir suçtan tutuklu ya da hükümlü değilse veyahut başka bir suçtan hakkında yakalama emri düzenlenmemişse şüphelinin derhal serbest bırakılmasına karar vermiştir. Bunun yanı sıra, S.B. nin haftada iki defa polis merkezine giderek imza atması yönünde adli kontrol tedbiri uygulanmasına karar verilmiş olup, söz konusu adli kontrol tedbirin…",HALİME KILIÇ - TÜRKİYE DAVASI 
283,21.8,Yargıtay,6,2019/992,3169,2019-05-20,gebe×4 | travma×3 | TCK 87/88 | cenin/düşük,"…Akdeniz Üniversitesi Tıp Fakültesi Adli Tıp Anabilim Dalı Başkanlığı&rsquo;nın 21.05.2018 günlü raporunda mağdurun &ldquo;10 gün sonra saptanan düşük/gebelik kaybının tam olarak ne zaman gerçekleştiği, olay gününe ait bir hususiyet olup olmadığı konularında kesin bir yargıya varılamayacağının&rdquo; belirtildiği, sanığın ise tüm aşamalarda suçlamayı kabul edip mağdurun hamile olduğunu bilmediğini ileri sürmes…",NİTELİKLİ YAĞMA SUÇU - 5237 SAYILI TCKNİN İLGİLİ MADDESİNDE DÜZENLENEN ORANTILILI İLKESİYLE BAĞDAŞMAYACAK ŞEKİLDE YERİNDE VE YETERLİ OLMAYACAK GEREKÇE İLE TEMEL CEZANIN EN ÜST HADDEN TAYİNİ BOZMAYI GE
284,21.7,Yargıtay,2,2023/4191,3561,2023-07-04,gebe×3 | travma×5 | illiyet×6 | cenin/düşük,"…mesini talep ve dava etmiştir. III. İLK DERECE MAHKEMESİ KARARI İlk Derece Mahkemesinin yukarıda tarih ve sayısı belirtilen kararı ile erkeğin, kadın düşük yaptığında ve en son doğumunda manevî olarak destek olmadığı yalnız bıraktığı, ailesinin yanında \""...alın kızınızı başınıza çalın...\"" diyerek kadını aşağıladığı, kadının maaşını erkeğe verdiği, çalışmasına rağmen cebinde parası olmadığı, harçlıksız ka…",YARGITAY KARARI
285,21.7,Yargıtay,2,2024/3369,4398,2024-06-10,gebe×3 | travma×5 | illiyet×6 | cenin/düşük,"…etmiştir. III. İLK DERECE MAHKEMESİ KARARI İlk Derece Mahkemesinin 23.06.2022 tarihli, 2021/135 Esas, 2022/434 Karar sayılı kararı ile erkeğin, kadın düşük yaptığında ve en son doğumunda manevî olarak destek olmadığı yalnız bıraktığı, ailesinin yanında \""...alın kızınızı başınıza çalın...\"" diyerek kadını aşağıladığı, kadının maaşını erkeğe verdiği, çalışmasına rağmen cebinde parası olmadığı, harçlıksız ka…",YARGITAY KARARI
286,21.6,Yargıtay,2,2023/1028,3481,2023-06-21,gebe×15 | travma×9 | illiyet×1 | cenin/düşük,"…davacı erkek ve ailesi tarafından ezildiğini, kendisini kuma gibi hissettiğini, görümcesi tarafından sürekli dışlandığını, kayınvalidesinin kendisine emrivaki cümleler sarf ettiğini ve akşam uyuyacakları zaman kapıyı vurmadan odalarına girdiğini kayınpederinin de bu şekilde davrandığını, kayınpederi ve kayınvalidesinin evde sürekli huzursuzluk çıkardıklarını, kadına hakaretler yağdırdıklarını, davalı…",YARGITAY KARARI
287,21.5,Anayasa,1,2019/34996,,2022-07-26,gebe×1 | travma×19 | illiyet×13 | trafik/iş kaz,"…17/10/2015 tarihinde Y.D.nin üç aya kadar tazyik hapsine tabi tutulmasına karar vermiştir. Başsavcılık 10/11/2015 tarihinde Y.D. hakkındaki yakalama emrini kaldırarak Y.D.ye on gün süre vermiştir. Verilen sürenin yerindeliği ve bu sürede kolluğun, hakkında birçok kayıt bulunan Y.D. hakkında tedbir almamasının ölüm olayına sebebiyet verdiği dikkate alınmalıdır. &nbsp; iv. Y.D. hakkında üç ceza yargıl…",ANAYASA MAHKEMESİNİN 26/7/2022 TARİHLİ VE 2019/34996 SAYILI KARARI (BİREYSEL BAŞVURU) 
288,21.5,Yargıtay,16,2019/11498,3604,2020-06-25,gebe×3 | travma×73 | illiyet×5 | TCK 87/88,"…etmek suretiyle de iştirak edebileceği görülmektedir. Konusu suç teşkil eden emir hiçbir surette yerine getirilemez. Aksi takdirde yerine getiren ile emri veren sorumlu olur (1982 Anayasasının 137/2, 5237 sayılı Türk Ceza Kanununun 24/3. maddesi). Askeri hizmete müteallik hususlarda verilen emir bir suç teşkil ederse bu suçun işlenmesinden emri veren mesuldür. Ancak amirin emrinin adli ve askeri bir…",YARGITAY KARARI
289,21.4,Danıştay,10,2019/6186,5714,2019-09-17,gebe×62 | travma×12 | illiyet×2 | TCK 87/88,"…kalp atışı negatif olan 39 haftalık gebelik tespit edilmiş, vajinal muayenede rahim ağzı açıklık 2 cm, silinme %50 olduğu belirlenmiş, hasta miadında intrauterin ölü fetüs tanısı ile yatırılmış, normal doğum kararı alınmış, saat 23:00&#39;da yapılan gebelik muayenesinde ise kollum açıklığı 7-8 cm olduğu tespit edilmiş, 13/04/2012 tarihinde, saat 00:30&#39;da normal vajinal doğum ile 3500 gr. ağırlığında ölü bir…",DANIŞTAY KARARI
290,21.4,Danıştay,10,2022/2208,2091,2025-04-17,gebe×21 | travma×2 | illiyet×1 | cenin/düşük | aile içi,"…eşlerden birinin ölümü ibaresinin iptali istemiyle açılmıştır. Dosyanın incelenmesinden, tüp bebek merkezinde tedavi işlemlerine başlayarak sağlıklı emriyo elde edildikten, ancak emriyo transferi işlemi gerçekleşmeden önce eşi ölen davacının davalı idareye 29/12/2021 tarihinde tebliğ edilen başvurusunda, kendisi ve eşine ait olan üreme hücreleri, gonad dokuları ve embriyoların dondurulmasının devamı…",DANIŞTAY KARARI
291,21.2,Yargıtay,4,2012/18482,16631,2013-10-30,gebe×16 | travma×7 | illiyet×18,"…an temyiz edilmiştir. Asıl davada; davacı ... dava dilekçesinde; ikiz hamilelik durumunun olduğu sırada davalıların kendisini darp etmeleri nedeniyle erken doğum yaptığını, doğumdan kısa bir süre sonra ikiz bebeklerinden birinin vefat ettiğini, diğerinin ise zeka ve bedensel özürlü olduğunun anlaşıldığını belirterek tedavi gideri ve manevi tazminat; birleşen dosyada ise; aynı olaydan dolayı erken doğum neden…",YARGITAY KARARI
292,21.2,Yargıtay,17,2016/10701,4984,2019-04-18,gebe×2 | travma×10 | illiyet×1 | cenin/düşük | trafik/iş kaz,"…ın ölümüne sebebiyet verdiğini, müvekkili ...'ın (1983 d.lu) 7 aylık hamile iken meydana gelen kazada çocukların hayati tehlike geçirmeleri nedeniyle erken doğum yapmak zorunda kaldığını, diğer ...'ın (1943 d.lu) ise meydana gelen kaza sonucunda uzun süre komadan çıkamadığını ve halen tedavi gördüğünü, ilgili Yargıtay kararlarında da belirtildiği üzere maddi ve manevi tazminata hükmedilebilmesi için ortada m…",YARGITAY KARARI
293,21.2,Yargıtay,3,2020/13784,17120,2020-11-24,gebe×4 | travma×2 | TCK 87/88 | cenin/düşük,"…ştekinin soruşturma aşamasındaki ifadesine, sanık savunması ve dinlenen tanık beyanı ile dosya kapsamına göre; müştekinin darp edildikten 5 gün sonra düşük yaptığı, 30.12.2015 tarihli Adli Tıp Kurumu 2. İhtisas Kurulunun raporuna göre ""...dolayısıyla, gebeliğin düşükle sonuçlanmasının travmaya mı bağlı olduğu yoksa gebeliğin kendisinden gelişen bir durum mu olduğu hususunda tıbben ayrım yapılamadığı""nın bi…",YARGITAY KARARI
294,21.1,Yargıtay,CG,2018/92,452,2022-06-21,gebe×7 | travma×96 | illiyet×3 | TCK 87/88,"…odaya geçerek durum değerlendirmesi yaptık, ikimizde bu eylemin yanlış bir karar olduğunu değerlendirdik, ... Kod ...'te bana bunun Berzan Öztürk'ün emri olduğunu ve bu emri yerine getireceğimizi belirtti, o gece orada kaldık. Sabahleyin ayrıldık, bundan bir süre önce ... benim dükkanıma geldi ve ... Kod ...'in talimatı ile bomba kalıpları yaptırdığını bunları, Bayrampaşa Semtinde bir tornacıya bomb…",YARGITAY KARARI
295,21.1,Yargıtay,3,2021/3304,3017,2022-05-26,gebe×1 | travma×9 | illiyet×6 | TCK 87/88,…yine icrai bir hareketle katılması mümkün olduğu gibi garantörlük yükümlülüğünü ihmal etmek suretiyle de iştirak edebileceği görülmektedir. Bağlayıcı emrin yerine getirilmesi kapsamında astların hukuki sorumluluğu: Ayrıntılarına Dairenin 09.12.2019 tarih ve 2019/6765 esas - 2019/8453 sayılı kararında yer verildiği üzere: 5237 sayılı TCK'nın benimsediği suç teorisine göre: tipe uygun ve hukuka aykırı…,YARGITAY KARARI
296,21.1,Danıştay,2,2024/2938,1595,2025-03-28,gebe×7 | travma×8 | illiyet×4 | TCK 87/88,"…hastalıkları hastanesinde kayıtsız şekilde muayene ettirmesi şeklindeki kabul edilemez davranışı karşısında ne yapacağını bilemediği, rızası hilafına emrivaki ile yapılan bu görüşmeyle derinden sarsıldığı ve etkilendiği; eski müdürü olan ...'nın, 23/12/2015 tarihinde hakkında düzenlediği Personel Gözlem raporuna binaen hak arama hezeyanına düçar olduğu iddiasıyla ...Sulh Hukuk Mahkemesinin E:... sayı…",DANIŞTAY KARARI
297,21.1,Yargıtay,HG,2018/246,470,2022-04-05,gebe×1 | travma×1 | illiyet×10 | TCK 87/88,"…e nakden ödenir. 40. Çeklerin devrinin nasıl yapılacağı TTK’nın 788. maddesinde poliçeden ayrı ve özel olarak düzenlenmiştir. Bu maddeye göre açıkça “emre yazılı” kaydıyla veya bu kayıt olmadan belirli bir kişi lehine ödenmesi şart kılınan bir çek, ciro ve zilyetliğin geçirilmesiyle devredilebilir. Keza TTK’nın 818. maddesinin göndermesi ile aynı Kanun’un 684. maddesine göre, ciro ve zilyetliğin geçi…",YARGITAY KARARI
298,21.1,Yargıtay,4,2009/11806,7278,2010-06-16,gebe×9 | travma×6 | cenin/düşük | trafik/iş kaz,"…iz itirazları reddedilmelidir. 2- Davalıların maddi tazminata ilişkin temyiz itirazına gelince; dava, trafik kazası nedeniyle, davacılardan Fatma'nın düşük yapmasından dolayı uğranılan maddi ve manevi zararın ödetilmesi istemine ilişkindir. Yerel mahkemece, istemin bir bölümü kabul edilmiş; karar, davalılar Metin ile Enver tarafından temyiz olunmuştur. Davacılar, davalı sürücünün kusuru ile meydana gelen t…",MADDİ VE MANEVİ TAZMİNAT DAVASI - DAVACININ TRAFİK KAZASI GEÇİRDİĞİ SIRADA HAMİLE OLDUĞU - KAZAYA BAĞLI OLARAK DÜŞÜK DURUMUNUN GERÇEKLEŞTİĞİ - CENİNİN KİŞİLİĞİNİN BULUNMADIĞI - CENİN İÇİN İSTENEN DEST
299,21,Yargıtay,12,2014/10391,9571,2015-06-02,gebe×13 | travma×4 | illiyet×3 | cenin/düşük,"…i söyleyerek ölene iki seçenek sunarak, tampon uygulaması yapılabileceğini ya da kürtaj ile çocuğun alınması gerektiğini söylediği, daha önce 3 sefer düşük yapmış olan ve 4 yıldır hamile kalabilmek için tedavi gören ölenin tampon uygulamasını kabul ettiği ve sanığın, ölene tampon uygulaması yaptığı, anılan uygulamadan sonra belirli aralıklarla kontrole gittiği, olay tarihinde tekrar ölenin suyunun gelmesi…",YARGITAY KARARI
300,21,Danıştay,15,2016/155,1472,2017-03-30,gebe×17 | travma×11 | cenin/düşük,"…mesince; .... İmam-Hatip Lisesi’nde coğrafya öğretmeni olarak görev yapan davacının ikiz gebelik nedeniyle doğum iznini kullandığı sırada 32 haftalık erken doğum ağrıları nedeniyle kontrollerini yapmakta olan doktorunun çalıştığı özel polikliniğe başvurduğu, doktoru tarafından burada yapılan kontrolde doğumun başladığının, bebeklerin kilolarının düşük olduğunun, yeni doğan yoğun bakım ünitesi olan bir sağlık…",DANIŞTAY KARARI
301,21,Yargıtay,11,2018/4239,5756,2019-09-24,gebe×13 | travma×4 | illiyet×3 | cenin/düşük,"…illerinden ...’un hamile olduğunu, Antalya’da bulunan doktorunun daha önceden yaptığı tetkikler neticesinde rahim ağzındaki açıklığın ileriki aylarda düşük yapma riskini % 90’lara çıkarabileceğini söyleyip 20/04/2015 tarihinde ameliyat yapılmak üzere müvekkiline randevu verildiğini, müvekkillerinin bileti daha önce alınmış 19/04/2015 tarihi saat 14:20’de Dubai-İstanbul seferini yapacak uçağa binmek üzere 3…",YARGITAY KARARI
302,21,Yargıtay,CG,2014/357,310,2017-06-06,gebe×30 | travma×19 | cenin/düşük,"…ontrol eden doktorun, kızlarının yedi aylık hamile olduğunu söylediğini, aynı gün akşam köylerine döndüklerini, evde ...'nın kendi kendine zıplayarak düşük yaptığını, ölü bebeği evde bulunan file torbaya koyarak sanığın kullandığı traktörle götürdükleri Murat Nehrine attıklarını, evde sanığın kendisine “Koynumuzda yılan beslemişiz, ben buna çok iyilik yaptım, ama bu benim çocuğuma tecavüz ettiği için ...'n…",YARGITAY KARARI
303,21,Danıştay,10,2022/5357,1227,2023-03-14,gebe×14 | travma×2 | illiyet×4 | cenin/düşük,"…yabet, annesinde ise kalp hastalığının olduğu, son adetinin 08/08/2015 günü gerçekleştiği, ilk adetin 13 yaşında başladığı, 3 kez gebelik yaşadığı, 1 abortusun olduğu, 1992 yılda 9 ay gebelik süresiyle, normal doğum yoluyla, 3.020 gr erkek bebek, 1997 yılında 9 ay gebelik süresiyle, normal doğum yoluyla, 3.200 gr erkek bebek doğumunun olduğu, Davacının serviks uterinin enflamatuar hastalığı tanısıyla 0…",DANIŞTAY KARARI
304,21,Yargıtay,1,2023/6393,1440,2024-03-05,gebe×56 | travma×10 | cenin/düşük,"…i bu olayı bir başkası yaşamış gibi reddettiği, hastaneye gittiğinde acilde görev yapan tanık olarak dinlenen doktor M.Y.'ye doğum yapıp yapmadığını, düşük yapıp yapmadığını defalarca sormasına rağmen yapmadım cevabını verdiği, böyle bir olay yokmuş gibi davranıp çevresindekilere de bu şekilde cevaplar verdiği, oysa ki tahlillerinde hamilelik geçirdiğinin rahatlıkla anlaşılabildiği, bunu bile bile soran do…",YARGITAY KARARI
305,20.9,Yargıtay,2,2024/266,7506,2024-10-16,gebe×1 | travma×4 | TCK 87/88 | cenin/düşük,"…aşlarının önünde küçük düşürdüğünü, en ufak şeyde tartışma çıkardığını, kendisini atmakla tehdit ettiğini, habersiz spiral taktırdığını, hamile kalıp düşük yaptığı şeklinde yalan söylediğini, her şeyi ailesine anlattığını, ailesi için kredi çektiğini, beddua ettiğini, büyü ve muska yaptırdığını, eski nişanlısı ile kıyasladığını, tehdit ettiğini, kardeşinin erkeğin kolunu ısırdığını, ailesini aşağıladığını,…",YARGITAY KARARI
306,20.9,Yargıtay,2,2024/2519,2709,2024-04-22,gebe×1 | travma×4 | TCK 87/88 | cenin/düşük,"…jlar gönderdiğini, kadının ailesi ile görüşmesinin yasaklandığını, erkeğin annesinin kadına hakaret ettiğini, erkeğin sorumsuz davranışları nedeniyle düşük yaptığını, erkeğin fiziksel şiddet uyguladığını ve kadının ailesine hakaret ettiğini belirterek karşı davanın kabulü ile 4721 sayılı Kanunun 166 ncı maddesinin birinci fıkrası uyarınca tarafların boşanmalarına, kadın yararına aylık 750,00 TL tedbir ve y…",BOŞANMA DAVASI - MAHKEMECE KESİNLEŞEN YOKSULLUK NAFAKASI İLE ERKEĞİN DAVASININ REDDİ NEDENİYLE KADIN YARARINA YENİDEN VEKALET ÜCRETİNE HÜKMEDİLMESİNİN HATALI OLDUĞU - BOZMAYI GEREKTİRDİĞİ - HÜKMÜN BOZ
307,20.9,Yargıtay,HG,2023/50,417,2024-09-12,gebe×1 | travma×4 | TCK 87/88 | cenin/düşük,"…vekili dava dilekçesinde; davalılardan ...'in müvekkilinin kızı diğer davalı ...'in ise damadı olduğunu, davalı ...’in evlendikten sonra hamile kalıp düşük yapması nedeniyle ruhsal bunalıma girdiğini, müvekkilinin o dönemde kızına sahip çıkmak için davalıların yanına yerleştiğini, evdeki temizlik işlerini yaptığını, çocukları olduktan sonra çocuğa da baktığını, davalıların müvekkiline; \""sen bizim yanımızd…",YARGITAY KARARI
308,20.8,Sayıştay,STK,,41769,2016-04-05,gebe×2 | travma×3 | TCK 87/88 | cenin/düşük,"…alar Kanunu ve 2822 Sayılı Toplu İş Sözleşmesi Grev ve Lokavt Kanunu (TİSGLK) ile düzenlendiğini, işyeri uygulamasında ve işçi-işveren ilişkilerinde, emredici yasa hükümlerinden sonraki kaynak olduğunu, çalışma koşulları ve ücreti belirleyen ""normatif' hükümler ile işçi sendikası ve işveren sendikası ya da sendika üyesi olmayan işveren arasındaki ilişkileri düzenleyen ""düzenleyici"" hükümlerinin bulun…",TAZMİN HÜKMÜNÜN KALDIRILMASI İSTEMİ - İŞVEREN HAKLI NEDENLERİN BULUNMASI DURUMUNDA ÜCRET BAKIMINDAN İŞÇİLER ARASINDA AYIRIM YAPABİLİR VE FARKLI ÜCRET TESPİT EDEBİLECEĞİ - TEMYİZ KURULU KARARININ DÜZEL
309,20.8,Danıştay,10,2022/445,2475,2025-05-08,gebe×34 | travma×5 | illiyet×4 | obstetrik komp.,"…yasının incelenmesinden, ...’ın ... tarihinde ... Hastanesine miadında suları gelen ağrılı gebe olarak başvurduğu, ilk gebeliği olduğu, saat 12.51’de erken membran rüptürü (gebelikte erken su gelişi) tanısı ile yatırıldığı, vajinal muayenede, kollum açıklığı: 1cm, silinme: %10, ÇKS:142 olduğu, su kesesi (-) olduğu tespitinin yapıldığı, gebelik USG tetkiki yapıldığı, saat 13.40’da NST (bebeğin anne karnındaki sağlık…",DANIŞTAY KARARI
310,20.8,Yargıtay,HG,2015/872,437,2017-03-08,gebe×2 | travma×3 | TCK 87/88 | cenin/düşük,"…alt işveren işçisi olarak gösterilen işçinin asıl işverenin kadrolu işçileri ile aynı ücreti talep etmesi 4857 sayılı İş Kanunu'nun 2 nci maddesinin emredici hükmüdür. Ayrıca asıl işverenin işyerinde uygulanan toplu iş sözleşmesinden yararlanması da mümkün olacaktır. ( Ünal, N.: Toplu İş İlişkileri, Yeni Mevzuata Göre Yazılmış 2. Baskı, s. 411) Öte yandan istek döneminde (01.05.2009-29.12.2009) yürü…",YARGITAY KARARI
311,20.8,Anayasa,GK,2013/3924,,2015-01-06,gebe×4 | travma×42 | illiyet×4 | TCK 87/88,"…remediği direniş karşısında, bu direnişi kırmak amacıyla ve kıracak ölçüde, c) Hakkında tutuklama, gözaltına alma, zorla getirme kararı veya yakalama emri verilmiş olan kişilerin ya da suçüstü halinde şüphelinin yakalanmasını sağlamak amacıyla ve sağlayacak ölçüde, silah kullanmaya yetkilidir. Polis, yedinci fıkranın (c) bendi kapsamında silah kullanmadan önce kişiye duyabileceği şekilde ""dur"" çağrıs…",ANAYASA MAHKEMESİNİN 6/1/2015 TARİHLİ VE 2013/3924 SAYILI KARARI (BİREYSEL BAŞVURU)
312,20.7,Yargıtay,2,2024/756,822,2024-02-13,gebe×3 | travma×2 | TCK 87/88 | cenin/düşük,"…e koymayıp zaman zaman şiddet uyguladıklarını iki kez hamile kalan davacının kendisinin ve kayınvalidesinin evinde çalıştırıldığı için doğuma az kala düşük yaptığını bu nedenle çocuklarının olmadığını müvekkilinin 05.07.2015 tarihinde hastaneye yatıp düşük yaptığını, davalı ...'un bunu öğrenince hastaneden ayrılıp davacının kardeşini arayarak “gidin hastaneden kardeşinizi alın, ben istemiyorum artık, doğum…",YARGITAY KARARI
313,20.7,Yargıtay,2,2023/4857,4565,2023-10-05,gebe×3 | travma×2 | TCK 87/88 | cenin/düşük,"…e koymayıp zaman zaman şiddet uyguladıklarını iki kez hamile kalan davacının kendisinin ve kayınvalidesinin evinde çalıştırıldığı için doğuma az kala düşük yaptığını bu nedenle çocuklarının olmadığını müvekkilinin 05.07.2015 tarihinde hastaneye yatıp düşük yaptığını, davalı ...'un bunu öğrenince hastaneden ayrılıp davacının kardeşini arayarak “ gidin hastaneden kardeşinizi alın, ben istemiyorum artık, doğu…",YARGITAY KARARI
314,20.6,Anayasa,1,2021/13476,,2025-01-15,gebe×4 | travma×1 | TCK 87/88 | cenin/düşük,"…e getirmediği sonucuna ulaşıldığı görülmüştür. (aydınlatılmış onama ilişkin birçok karar arasından bkz. Sultan Bulut ve diğerleri; Fındık Kılıçaslan; Emrah Egeç, B. No: 2015/9714, 11/12/2018; Ü.B.K, B. No: 2015/2536 4/7/2019; Göktürk Kurt ve diğerleri, B. No: 2018/19177, 19/10/2021; Ferit İşlek, B. No: 2019/11247, 3/5/2023; İhsan Yılmaz, B. No: 2021/54092, 22/5/2024). &nbsp; 24. Anılan gerekçelerle b…",ANAYASA MAHKEMESİNİN 15/1/2025 TARİHLİ VE 2021/13476 SAYILI KARARI (BİREYSEL BAŞVURU)
315,20.5,Yargıtay,3,2021/6268,3880,2022-06-23,gebe×1 | travma×24 | illiyet×5 | TCK 87/88,…ulduğu görülmektedir. 1632 sayılı Askeri Ceza Kanunu 41/3-B maddesinde de TCK’nın 220/5. maddesine paralel bir düzenlemeye yer verilmiştir. Bağlayıcı emrin yerine getirilmesi kapsamında astların hukuki sorumluluğu: Ayrıntılarına Dairenin 09.12.2019 tarih ve 2019/6765-2019/8453 karar sayılı kararında yer verildiği üzere: 5237 sayılı TCK'nın benimsediği suç teorisine göre: tipe uygun ve hukuka aykırı f…,YARGITAY KARARI
316,20.4,Yargıtay,9,2024/3413,7893,2024-05-07,gebe×38 | travma×3 | illiyet×3 | cenin/düşük,"…ilmesi gerektiği, her ne kadar davacı-karşı davalı dava dilekçesinde belirttiği şekilde işyerinde baskıya, bezdirmeye ve ayrımcılığa maruz kaldığını, erken doğum yaptığını iddia ile ayrımcılık tazminatı ile manevi tazminat talep etmiş ise de ispat külfeti altındaki davacı-karşı davalının dinlettiği tanıkların soyut beyanları dışında ispata elverişli delil sunmaması, davacı-karşı davalının yaşadığı ikiz gebel…",YARGITAY KARARI
317,20.4,A.İ.H.M.,A.İ.H.M.,2010/38477,,2020-05-26,gebe×38 | travma×7 | illiyet×1 | cenin/düşük,"…(yaklaşık 3.640 avro) talep etmişlerdir. &nbsp; 14. Niğde Asliye Hukuk Mahkemesinin talebi üzerine, 4 Aralık 2006 tarihinde, Adli Tıp Kurumu kurulu, erken doğumun Muhammet&rsquo;in sakatlığının nedeni olup olmadığı sorusunu cevaplamak için bir bilirkişi raporu düzenlemiştir. Bilirkişi raporu, diğer birçok hususun yanı sıra, aşağıdakileri de dikkate almıştır: &nbsp; - kaza gününde düzenlenen ve ikinci başvur…",RAFET KAYA VE ELMAS KAYA - TÜRKİYE DAVASI
318,20.3,Yargıtay,21,2019/2459,821,2020-02-17,gebe×1 | travma×14 | illiyet×9 | trafik/iş kaz,"…u tutulması gerektiği sonucuna varılmıştır. Ayrıca, mahkemece taleple bağlı olarak karar verilmesi gerektiği HUMK’nun 74 ve HMK ’nun 26. Maddelerinin emredici kuralıdır. Bunun yanında, gerek mülga BK’nun 47 ve gerekse yürürlükteki 6098 sayılı TBK’nun 56. maddesinde hakimin bir kimsenin bedensel bütünlüğünün zedelenmesi durumunda, olayın özelliklerini göz önünde tutarak, zarar görene veya ölenin yakın…",YARGITAY KARARI
319,20.3,Yargıtay,21,2019/91,6738,2019-11-11,gebe×1 | travma×13 | illiyet×9 | trafik/iş kaz,"…i İLK DERECE MAHKEMESİ: İş Mahkemesi A)Davacı İstemi Davacılar dava dilekçeleri ve ıslah ile eş için 226.210,27 TL maddi, 190.000,00 TL manevi, çocuk Emrem için 56.645,62 TL maddi, 145.000,00 TL manevi, çocuk Sultan için 89.223,54 TL maddi, 145.000,00 TL manevi, anne ve baba için 50.000,00'er TL manevi, kardeş için 100.000,00 TL manevi tazminat talep etmişlerdir. B)Davalıların Cevapları Davalılar vek…",YARGITAY KARARI
320,20.3,Yargıtay,21,2018/4729,5648,2019-10-01,gebe×1 | travma×12 | illiyet×9 | trafik/iş kaz,"…ktiği kabul edilmelidir. Bunlar yanında, mahkemece taleple bağlı olarak karar verilmesi gerektiği HUMK’nun 74 ve HMK ’nun 26. Maddelerinde düzenlenen emredici bir kuralıdır. Yukarıda yapılan açıklamalar ışığında, ölenin olayda hiç kusurunun bulunmadığının anlaşılıp kaza olayının meydana gelmesinde kusuru bulunanlar arasındaki kusur dağılımının kendi aralarında görülmesi muhtemel rücu davasında yenide…",YARGITAY KARARI
321,20.3,Yargıtay,13,2005/15820,2367,2005-02-23,gebe×1 | travma×1 | illiyet×1 | TCK 87/88 | cenin/düşük,"…ne bırakılmıştı. Bu kez temyiz dilekçesinin süresinde olduğu saptanarak dosya incelendi, gereği konuşulup düşünüldü: Karar: Davacı, 4 aylık gebe iken düşük yapması nedeniyle yapılan tetkikler sırasında sağ paraovarion kist tanısı konulduğu, davalı Doktor Sedat Tolgay'ın ameliyat önerdiğini, 11.11.1998 tarihinde İzmir Özel Altınordu Hastanesinde Doktor Sedat Tolgay'ın kist ameliyatı yaptığını, diğer davalı…",TAZMİNAT DAVASI - HATALI TEDAVİ NEDENİ İLE MADDİ VE MANEVİ TAZMİNAT İSTEMİ - VEKİLLİK SÖZLEŞMESİ - DOKTORUN MESLEK ALANI İÇİNDE OLAN BÜTÜN KUSURLARININ SORUMLULUĞUN UNSURU OLARAK KABUL EDİLMESİ GEREĞİ
322,20.3,Yargıtay,21,2019/277,7424,2019-12-03,gebe×1 | travma×13 | illiyet×9 | trafik/iş kaz,"…nazara alınması gerekli hukuki bir durumdur. ""Yine, mahkemece taleple bağlı olarak karar verilmesi gerektiği HUMK’nun 74 ve HMK’nun 26. Maddelerinin emredici kuralıdır. Hal böyle olunca ıslah dilekçesinde açıkça hüküm altına alınacak maddi tazminatlara dava tarihinden faiz işletilmesi talep edildiğine göre, mahkemece talep aşılarak olay tarihinden faiz işletilmesine karar verilmesi isabetsiz olmuştu…",YARGITAY KARARI
323,20.3,Yargıtay,21,2016/20301,9305,2017-11-14,gebe×1 | travma×13 | illiyet×9 | trafik/iş kaz,"…lar altında ....'ne devredildiği anlaşılmaktadır. 3-Mahkemece taleple bağlı olarak karar verilmesi gerektiği HUMK’nın 74 ve HMK ’nın 26. Maddelerinin emredici kuralı olduğu gibi gerekçe ve hüküm de bir bütündür. Bunun sonucu olarak bir davada hüküm ancak davanın tarafları arasında kurulabilir. Temyiz incelemesine konu hükmün gerekçesinde ""olayda davalıların dava dışı kurum/kuruluş yetkilileri/görevli…",YARGITAY KARARI
324,20.3,Yargıtay,10,2021/7267,14663,2021-11-23,gebe×1 | travma×13 | illiyet×9 | trafik/iş kaz,"…an işçilere ödenecek ücret miktarı 4857 sayılı Kanunun 39 uncu maddesi uyarınca belirlenen asgari ücretin iki katından az olamaz&#39;&#39; şeklindeki emredici hüküm nedeniyle maddi tazminatın 11.09.2014 tarihi sonrası için asgari ücretin iki katı tutarında hesaplanması gerekir. &nbsp; Somut olayda, iş kazasında vefat ettiği anlaşılan sigortalı Hakan Taşdemir&rsquo;in yer altı maden işçisi olup, sendi…",TAZMİNAT DAVASI - MAHKEMECE BU MADDİ VE HUKUKİ OLGULAR GÖZ ÖNÜNDE TUTULMAKSIZIN İLGİLİ ŞEKİLDE HÜKÜM KURULMASININ USUL VE YASAYA AYKIRI OLDUĞU - HÜKMÜN BOZULMASI
325,20.2,Yargıtay,CG,2020/13,508,2021-10-27,gebe×10 | travma×20 | illiyet×1 | TCK 87/88,"…dureden ayrıldığını ve sonrasında hiç görüşmediklerini, mağdurenin rahat yaşayan ve ailesinden korkmayan biri olduğunu, mağdureyi bir defasında Yunus Emre Park'ının yakınında yabancı erkeklerin arabasında gördüğünü, telefonla da başka erkeklerle görüştüğünü öğrendiğini, mağdureye kesinlikle cinsel istismarda bulunmadığını, rızasıyla ya da zorlamayla mağdureyle cinsel ilişkiye girmediğini, Mahkemede:…",YARGITAY KARARI
326,20.2,Yargıtay,12,2013/28973,26111,2014-12-19,gebe×2 | travma×2 | TCK 87/88 | cenin/düşük,"…nde, sağdan yola giden yayaya yaya geçidi üzerinde çarpması sonucu, yayanın hayati tehlike geçirecek, vücudunda birden fazla kemik kırığı oluşacak ve düşük yapacak şekilde yaralandığı olayda; tam kusurlu sanık hakkında temel ceza tayin edilirken, sanığın kusurunun yoğunluğu, meydana gelen zararın ağırlığı dikkate alınarak asgari hadden uzaklaşılması gerektiğinin gözetilmemesi 2- Temel ceza üzerinden artırı…",YARGITAY KARARI
327,20.2,Yargıtay,6,2023/12859,9972,2023-04-12,gebe×2 | travma×2 | TCK 87/88 | cenin/düşük,"….Şüpheden uzak delil olmadığına, 6.Beraatine karar verilmesi gerektiğine, 7.Vesaireye İlişkindir. III. OLAY VE OLGULAR 1.Suç tarihinde sanığın eşinin düşük yapması nedeniyle katılanı arayarak \""benim karım senin yüzünden düşük yaptı, bebeği kaybettik, pazartesi günü geleceğim, tüp bebek merkezini yakacağım, senin de boğazını keseceğim\"" diyerek tehditte bulunduğu, katılana iletilmek üzere aynı şekilde katı…",YARGITAY KARARI
328,20.1,Yargıtay,2,2023/9666,7398,2024-10-15,gebe×7 | travma×9 | illiyet×1 | cenin/düşük,"…z olduğunu beyan etmesine rağmen bekar erkek arkadaşlarını eve getirdiği, onlarla fazlaca vakit geçirdiği, kadının ameliyat olduğu ve ilk gebeliğinde düşük yaptığı zaman ilgilenmediği, yeterli maddî destekte bulunmadığı, kadın düşük yapınca ailesinin yanına gönderdiği ve ilgilenmediği, kadın hamile iken kendi ailesinin yanına gönderdiği, seyrek olarak ziyaretine gelerek yeterli para göndermediği, kadın ile…",YARGITAY KARARI
329,20.1,Yargıtay,3,2019/18455,2360,2020-02-10,gebe×7 | travma×5 | illiyet×3 | cenin/düşük,"…sanıklardan, mağdurun gebe olup olmadığını bilip bilmedikleri sorulması ve Adli Tıp Kurumu ilgili İhtisas Dairesinden sanıkların eylemi ile mağdurun düşük yapması arasında illiyet bağı bulunup bulunmadığı hususunda yeniden rapor aldırılmasından sonra sanıkların hukuki durumlarının tespit edilmesi gerektiği gözetilmeden eksik inceleme ile hüküm kurulması, 2) Kabule göre; Anayasa Mahkemesinin 24.11.2015 tar…",YARGITAY KARARI
330,19.9,Yargıtay,13,2016/23304,11117,2019-11-11,gebe×9 | travma×3 | illiyet×3 | cenin/düşük,"…nde Opr. Dr. ...'a kontrol amaçlı gittiğini ve ... Çocuk Hastanesine gönderildiğini, burada tedavi sonrası doğumun çok riskli olduğunun, doğal yoldan düşük yapması gerektiğinin söylendiğini, buna karşı çıkıp Dr. ...'ın yanına kanamalı halde gittiğini, burada ameliyata alındığını ve 2. çocuğunun sezaryanla ölü doğduğunu, doğum sonrası Dr. ...'ın çocuğun ölü olduğunu, çocuğu aldığını ancak çocuğun eşini alam…",YARGITAY KARARI
331,19.9,Yargıtay,CG,2017/280,228,2022-03-31,gebe×1 | travma×61 | illiyet×2 | TCK 87/88 | trafik/iş kaz,"…, 3. maddede belirtilen ve batın sol alt tarafına isabet eden kesici-delici aletin cilt-ciltaltı seyirle psoasa kadar uzandığı, maktulün kanında 2,70 promil alkol bulunduğu, kanda aranan diğer uyutucu-uyuşturucu maddelerinden hiçbirinin bulunmadığı, kanında 2,70 promil alkol tespit edilen maktulün kesici-delici alet yaralanmasına bağlı kalp kesisi ile kanama sonucu öldüğü, maktulda 3 adet kesici-delic…",YARGITAY KARARI
332,19.8,Yargıtay,13,2009/7607,13668,2009-11-23,gebe×4 | travma×3 | illiyet×5 | cenin/düşük,"…tetkiki ile maruz kaldığı radyasyon miktarının 1,18m Gy ışın dozu olduğunun tespit edildiği ve bu dozun 5m Gy altında olup tek başına tıbbi gerekçeli abortus endikasyonu oluşturmayacağı ve isteğe bağlı rahim tahliyesi uygulandığı” oybirliği ile mütalaa edilmiştir. Bu rapordan da anlaşılacağı üzere, davalı doktorun raporu üzerine başka bir Görüntüleme Merkezinde çektirilen BT tetkiki ile maruz kalınan r…",YARGITAY KARARI
333,19.8,Danıştay,İD,2024/2791,2260,2025-10-30,gebe×41 | travma×2 | illiyet×3 | cenin/düşük,"…bulunulduğu görülmektedir. Sonrasında, davacılardan ... ile Op. Dr. ...'ın şikayeti ve İl Sağlık Müdürlüğünün ... tarih ve disiplin ...sayılı yazılı emri üzerine Süleymaniye Doğum ve Kadın Hastalıkları Eğitim ve Araştırma Hastanesi Başhekim vekili Op. Dr. ... tarafından düzenlenen İnceleme Raporu'nda ise ... Doğum esnasında yırtılma nedenlerinden biri de aşırı uterus (rahim) içi basıçtır. ... adlı h…",DANIŞTAY KARARI
334,19.8,Yargıtay,3,2021/1946,2310,2022-04-22,gebe×2 | travma×20 | illiyet×4 | TCK 87/88,…ulduğu görülmektedir. 1632 sayılı Askeri Ceza Kanunu 41/3-B maddesinde de TCK’nın 220/5. maddesine paralel bir düzenlemeye yer verilmiştir. Bağlayıcı emrin yerine getirilmesi kapsamında astların hukuki sorumluluğu: Ayrıntılarına Dairenin 09.12.2019 tarih ve 2019/6765-2019/8453 karar sayılı kararında yer verildiği üzere: 5237 sayılı TCK'nın benimsediği suç teorisine göre: tipe uygun ve hukuka aykırı f…,YARGITAY KARARI
335,19.8,Anayasa,2,2014/14048,,2020-06-10,gebe×2 | travma×14 | illiyet×4 | TCK 87/88,"…dilekçeyle, Genel Müdürlük tarafından iletilen bu belgenin mağdurların beyanlarını doğruladığı, bu nedenle bu uçuşları icra eden personelin ve görev emrini veren amirlerin tespit edilerek beyanlarının alınmasını talep etmiştir. &nbsp; 23. Bu aşamadan sonraki soruşturma işlemleri AİHM tarafından olaya dair verilen Benzer ve diğerleri/Türkiye kararına dair inceleme kapsamında bulunmadığından sonraki s…",ANAYASA MAHKEMESİNİN 10/6/2020 TARİHLİ VE 2014/14048 SAYILI KARARI (BİREYSEL BAŞVURU)
336,19.8,Yargıtay,4,2023/4582,9951,2024-10-21,gebe×13 | travma×8 | cenin/düşük,"…müvekkili ...'in ameliyat sırasında böbreklerden birinin alındığını, müvekkili ...'in ise vurulduktan sonra kaldırıldığı Bergama Devlet Hastanesi'nde erken doğum yapmak zorunda kaldığını, müvekkili ...'in erken doğduğunu ve ölme riski taşıdığı için Ege Üniversitesi Tıp Fakültesi Hastanesi'ne gönderildiğini, saçmaların anne karnında bulunan ...'e de isabet ettiğini, davalı hakkında Bergama Ağır Ceza Mahkemesi…",YARGITAY KARARI
337,19.8,Anayasa,1,2019/36978,,2022-05-26,gebe×2 | travma×16 | illiyet×4 | TCK 87/88,"…i direniş karşısında, bu direnişi kırmak amacıyla ve kıracak ölçüde, &nbsp; c) Hakkında tutuklama, gözaltına alma, zorla getirme kararı veya yakalama emri verilmiş olan kişilerin ya da suçüstü halinde şüphelinin yakalanmasını sağlamak amacıyla ve sağlayacak ölçüde, &nbsp; d) (Ek: 27/3/2015-6638/4 md.) Kendisine veya başkalarına, işyerlerine, konutlara, kamu binalarına, okullara, yurtlara, ibadethanel…",ANAYASA MAHKEMESİNİN 26/5/2022 TARİHLİ VE 2019/36978 SAYILI KARARI (BİREYSEL BAŞVURU)
338,19.8,Yargıtay,2,2024/548,8818,2024-11-19,gebe×17 | travma×6 | illiyet×1 | cenin/düşük,"…vekili cevap dilekçesinde özetle; hakkındaki iddiaların doğru olmadığını, erkek eşin, müvekkilinin annesi ile yaptığı yazışmaları aldığını, iki kere düşük yapan müvekkiline hiç bir manevî desteğinin olmadığını, sürekli çeşitli bahanelerle evi terk ederek anne ve babasıyla yaşadığını, yurt dışında olduğu dönemlerde müvekkilini bir çok kez aldattığını, davacının Türk Hava Yollarında pilotluk eğitimine başla…",YARGITAY KARARI
339,19.6,Danıştay,10,2022/1473,2084,2025-04-17,gebe×14 | travma×1 | cenin/düşük | aile içi,"…eşlerden birinin ölümü ibaresinin iptali istemiyle açılmıştır. Dosyanın incelenmesinden, tüp bebek merkezinde tedavi işlemlerine başlayarak sağlıklı emriyo elde edilmeden önce eşi ölen davacının davalı idarelere yaptığı 08/12/2021 ve 14/12/2021 tarihli başvurularda, eşinin ölümünden önce dondurulan spermlerinin dondurulmasının devamına, imha edilmemesine ve davacıya transferine izin verilmesi istemi…",DANIŞTAY KARARI
340,19.5,Yargıtay,3,2021/11342,3251,2022-06-02,gebe×3 | travma×62 | illiyet×44,"…tmek suretiyle de iştirak edebileceği görülmektedir. Konusu suç teşkil eden emir hiçbir surette yerine getirilemez. Aksi takdirde, yerine getiren ile emri veren sorumlu olur (1982 Anayasasının 137/2. maddesi, 5237 sayılı Türk Ceza Kanununun 24/3. maddesi). Askeri hizmete müteallik hususlarda verilen emir bir suç teşkil ederse bu suçun işlenmesinden emri veren mesuldür. Ancak, amirin emrinin adli ve a…",YARGITAY KARARI
341,19.4,Yargıtay,11,2021/2927,8330,2022-11-24,gebe×43 | travma×4 | illiyet×10,"…Kanunu&#39;nun 26. maddesi tarafların bir sözleşmenin içeriğini kanunda öngörülen sınırlar içinde özgürce belirleyebileceğini 27. maddesi ise kanunun emredici hükümlerine, ahlaka, kamu düzenine, kişilik haklarına aykırı olan sözleşmelerin kesin olarak hükümsüz olacağını vazetmiştir. &nbsp; Keza Türk Ceza Kanunu&#39;nun 99. maddesi rızası olmaksızın bir kadının çocuğunu düşürten kişinin cezalandırılac…",TAZMİNAT DAVASI - DAVALI ALEYHİNE AÇILAN MADDİ VE MANEVİ TAZMİNAT DAVASININ KABULÜNE İŞ GÖREMEZLİK TAZMİNATI BAKICI ÜCRETİNİN VE MANEVİ TAZMİNATIN AVANS FAİZİ İLE BİRLİKTE DAVALIDAN TAHSİLİNE KARAR VE
342,19.3,Askeri Yargıtay,3,2006/88,87,2006-01-24,gebe×1 | travma×30 | illiyet×4 | TCK 87/88,"…yanda bulunularak süresinde temyiz edilmiştir. Tebliğnamede onama isteminde bulunulmuştur. Sarıkamış 9'uncu P.Tüm. Dst. Kt. Ord. Tb. G/Ds. Bl. K.lığı emrinde görevli bulunan sanık Ord.Kd.Çvş. K.Ö.'nün, 7.3.2003 günü öğleden sonraki bakım saatinde araçların bakım düzenini alması hususunda emir verdikten sonra, mağdur Ord. Onb. F.T.'nin aradan on, on beş dakika geçmesine rağmen, araçları yerine çekmedi…",ASTA MÜESSİR FİİL SUÇU - HAVASTAN VEYA AZADAN BİRİNİN DEVAMLI ZAAFI VEYAHUT ZİYAI - EYLEMİN NİTELİĞİ - MAĞDURUN İŞİTME DUYUSUNDA MEYDANA GELEN KAYIP - UYGULANMASI GEREKEN YASA MADDESİ
343,19.3,A.İ.H.M.,2,2009/52534,,2013-11-26,gebe×1 | travma×11 | illiyet×4 | TCK 87/88,"…şinin ellerinde silaha benzer cisimler bulunduğunu bildirmiştir. Ardından tim komutanı, başvuran ve erkek kardeşine 60 metre mesafedeyken durmalarını emretmiştir. Dur ihtarına uymadıklarından, jandarma görevlileri önce havaya uyarı atışı yapmış (3-5 el) ve ardından başvuran ve erkek kardeşinin ayaklarına doğru (13-14 el) ateş açmışlardır. Başvuran ve erkek kardeşi bağırarak köylü olduklarını söylediğ…",TAYDAŞ - TÜRKİYE DAVASI
344,19.2,Yargıtay,21,2017/595,9154,2018-12-11,gebe×2 | travma×1 | illiyet×8 | TCK 87/88,"…anun kuralı olarak değil de sözleşme kuralı olarak uygulanmaka devam eder meğerki bu "" Eski Kanundan İktibas edilen sözleşme kuralları"", yeni Kanunun emredici, aksine sözleşme yapılamayacak olan kurallarına aykırı olsun. Bu ihtimalde artık bu kurallar, sözleşme kuralı kılığında ortaya çıksalar dahi, sözleşme kurallarının emredici kuralları bertaraf edemeyeceği genel kuralı gereğince uygulanamazlar ve…",YARGITAY KARARI
345,19.2,Anayasa,1,2017/36555,,2021-02-10,gebe×24 | travma×1 | illiyet×3 | cenin/düşük,"…cısı gözaltı süresinin, her defasında bir günü geçmemek üzere, üç gün süreyle uzatılmasına yazılı olarak emir verebilir. Gözaltı süresinin uzatılması emri gözaltına alınana derhâl tebliğ edilir.&quot; &nbsp; 21. 5271 sayılı Kanun&rsquo;un &quot;Gözaltı İşlemlerinin Denetimi&quot; kenar başlıklı 92. maddesinin ilgili kısmı şöyledir: &nbsp; &quot;Cumhuriyet başsavcıları veya görevlendirecekleri Cumhuri…",ANAYASA MAHKEMESİNİN 10/2/2021 TARİHLİ VE 2017/36555 SAYILI KARARI (BİREYSEL BAŞVURU) 
346,19.2,Danıştay,15,2015/534,990,2016-02-18,gebe×95 | travma×3 | illiyet×2 | cenin/düşük,"…t Hastanesi'nde, davacının muayenesini yapan Kadın Hastalıkları ve Doğum Uzmanlarının, hastadan yeterli anamnez almadığı (gebenin önceki gebelikleri, abortus, parite, hb değerleri, kan tahlilleri gibi önemli risk faktörlerinin saptanması), Bandırma Devlet Hastanesi'nde yapılan USG'nin 1. Düzey olarak geçen ( fetal yaşama yeteneğini ve büyük anatomik bozuklukları saptamaya yönelik tarama amaçlı) USG cih…",MANEVİ TAZMİNAT İSTEMİ - SAĞLIK HİZMETİ SUNUMUNUN KUSURLU OLDUĞU SONUÇ VE KANAATİNE VARILDIĞI - DAVACILAR LEHİNE MANEVİ TAZMİNATA HÜKMEDİLMESİ GEREĞİ - HÜKMÜN BOZULDUĞU
347,19.2,Yargıtay,3,2020/11956,10540,2021-10-21,gebe×17 | travma×3 | illiyet×2 | cenin/düşük,"…alı doktor ...&#39;a başvurduğunu ve ... Çocuk Hastanesine gönderildiğini, burada kendisine tedavi sonrası doğumun çok riskli olduğunun, doğal yoldan düşük yapması gerektiğinin söylendiğini, tekrar davalı doktor ...&#39;ın yanına kanamalı halde gittiğini, burada ameliyata alındığını ve ikinci çocuğunun sezaryanla ölü doğduğunu, doğum sonrasında davalı doktorun çocuğun ölü doğduğunu, çocuğun alındığını anca…",TAZMİNAT DAVASI - YARGITAY DENETİMİNE ELVERİŞLİ RAPOR ALINACAĞI - DAVALILARIN KUSURLU OLUP OLMADIĞI BELİRLENEREK BİR KARAR VERİLMESİ GEREKTİĞİ - KARARIN BOZULMASI
348,18.9,Yargıtay,2,2023/466,3754,2023-07-05,gebe×1 | travma×4 | illiyet×5 | cenin/düşük,"…çocuğu 1,5 yaşında iken kadının hamile kaldığını, erkeğin kadını kürtaj olmaya zorladığını, bu dönemde uygulanan psikolojik şiddet sebebiyle kadının düşük yaptığını, erkeğin eve geç geldiğini, erkeğin regl dönemindeyken cinsel ilişkiye girmek istemesi nedeniyle kadının cinsel ilişkiyi reddettiğini, 2015 yılında kadını dini olarak boşadığını, gece saatlerinde geldiğini, hafta sonlarını ...da geçirdiğini, y…",KARŞILIKLI BOŞANMA DAVASI - VELÂYETİ ANNEYE VERİLEN ORTAK ÇOCUK YARARINA TAKDİR EDİLEN İŞTİRAK NAFAKASI AZ OLDUĞU - DAHA UYGUN MİKTARDA NAFAKAYA HÜKMEDİLMESİ GEREKTİĞİ - HÜKMÜN BOZULMASI
349,18.8,Yargıtay,3,2023/510,1952,2023-06-15,gebe×18 | travma×3 | illiyet×15,"…yasal faiz ile olmak üzere toplamda 2.563.189,37 TL'lik maddi tazminatın davalılardan ...'den alınarak davacılardan Dilek'e verilmesine, davacılardan Emre için ise 15.000,00 TL manevi tazminatın 11.12.2012 tarihinden itibaren işleyecek yasla faizi ile davalılardan ...'den alınarak davacılardan Emre'ye verilmesine, davacıların fazlaya ilişkin istemlerinin ve diğer davalılara yönelik taleplerinin ayrı…",YARGITAY KARARI
350,18.8,Yargıtay,12,2014/18577,7237,2015-04-30,gebe×8 | travma×2 | illiyet×3 | cenin/düşük,"…6.06.2013 tarihli raporunda ise kısaca ""bebeğin travmatik bir tesirle öldüğünün tıbbi delillerinin bulunmadığı, bebeğin canlı doğmuş olduğu, ölümünün prematüre doğuma bağlı solunum yetmezliği sonucu meydana gelmiş olduğu, annenin ifadesinde belirttiği şekilde doğumun meydana gelmiş olabileceği, doğum sonrasında annede oluşan kanamaya bağlı kısa süreli düşük tansiyona bağlı olarak annenin baygın kalmış olabileceğ…",YARGITAY KARARI
351,18.7,A.İ.H.M.,A.İ.H.M.,2022/8875,,2025-02-25,gebe×1 | travma×27 | illiyet×1 | TCK 87/88 | trafik/iş kaz,"…alı bir grup göstericinin (...) caddesini tamamen trafiğe kapattığı bilgisini aldık. 45 ve 75 kod nolu ekipler [araçlar] olayın olduğu yere gidilmesi emrini aldılar. (...) Bir süre sonra ekiplerin olay yerine ulaştığı ve toplanan grubun ekiplere Molotof kokteyli, havai fişek ve el yapımı patlayıcılarla saldırdığı bildirildi. Bunun üzerine toplanan gruba müdahale edilmesi emri verildi. (...) 75 ve 45…",ÖNER - TÜRKİYE DAVASI
352,18.6,Yargıtay,2,2023/919,3711,2023-07-05,gebe×13 | travma×6 | cenin/düşük,"…konutun anahtarının erkeğin annesinde olduğu, evin mahremiyetinin olmadığı, aileye müdahil oldukları, kadının sağ olan ortak çocuğun doğumundan önce ölü doğum yaptığında yaşanmış olumsuz olaylardan sonra evlilik devam ettiğinden affedilmiş sayılacağı ancak sonrasında benzer durumların devam ettiği, kadının ailesinin istenmediği, erkeğin ilgisiz davrandığı, eşin hamileliği döneminde ve doğumda ve sonrasınd…",YARGITAY KARARI
353,18.6,A.İ.H.M.,2,2007/36487,,2012-11-15,gebe×2 | travma×14 | illiyet×3 | TCK 87/88,"…andığı konusunda telefonla bilgilendirilmiş ve polis memurlarına kimlik kontrolü ve doktor muayenesinden sonra göstericilerin serbest bırakılmalarını emretmiştir. B. Başvurana karşı açılan kamu davası 14. Bu arada, polis memurları, 23 Haziran 2000 tarihinde, 2911 sayılı Toplantı ve Gösteri Yürüyüşleri Kanunu hükümlerine dayanarak, özellikle başvuran hakkında bir kamu davası açılması için Beyoğlu Cumh…",ÇELİK - TÜRKİYE DAVASI (NO 3)
354,18.6,Yargıtay,13,2014/26029,28819,2015-10-07,gebe×16 | travma×2 | illiyet×2 | cenin/düşük,"…n anlaşıldığı, 2.06.2010 tarihinde düşük tehdidi nedeniyle yatırılıp takibe alınarak 5.06.2010 tarihinde aktif vaginal kanama nedeniyle gelen hastaya inkomplet abort tanısı konularak küretaj yapılmasının uygun olduğu ancak patolojiye gönderilen materyalin raporuna göre kişide ektopik gebelik olabileceğini hekimin düşünmesi gerektiğinden hekimin eyleminin eksik olduğu, ancak bu eksikliğin kişinin tedavi şeklini d…",TAZMİNAT DAVASI - OLAYDA DOKTOR HATASI OLUP OLMADIĞINI GÖSTEREN NEDENLERİNİ AÇIKLAYICI TARAF MAHKEME VE YARGITAY DENETİMİNE ELVERİŞLİ RAPOR ALINMASI VE HASIL OLACAK SONUCA GÖRE HÜKÜM KURULMASI GEREKTİ
355,18.5,Yargıtay,16,2019/6765,8453,2019-12-09,gebe×1 | travma×33 | illiyet×17,"…yine icrai bir hareketle katılması mümkün olduğu gibi garantörlük yükümlülüğünü ihmal etmek suretiyle de iştirak edebileceği görülmektedir. Bağlayıcı emrin yerine getirilmesi kapsamında astların hukuki sorumluluğu: 5237 sayılı TCK'nın benimsediği suç teorisine göre: tipe uygun ve hukuka aykırı fiil, failin kusurlu olması halinde ceza yaptırımı uygulanmasını gerektirir. Her ceza hukuku normu, temelde…",YARGITAY KARARI
356,18.2,Yargıtay,12,2025/2283,7582,2025-11-04,gebe×11 | travma×9 | illiyet×4 | trafik/iş kaz,…ı kanunun ruhuna uygun düşmeyecektir. Bu eylemde kasti bir suç olmayıp taksirli suç olduğundan hem kusurlu davranış ile hak ehliyetine sahip varlığın erken doğumuna yol açıp akabindede doğumla kişilik kazanmış çocuğun ölümüne yol açan sanığın kişi henüz doğmadan eylem gerçekleşmiştir gibi bir yaklaşımla bu ölümden sorumlu tutulmaması da ceza hukukunun ve taksir suçunun temel ilkelerine ters düşecektir. Yukar…,YARGITAY KARARI
357,18.2,Yargıtay,9,2021/4027,7946,2023-12-04,gebe×8 | travma×7 | cenin/düşük,"…el ilişki yaşadığı iddiasıyla görülmekte olan yargılama neticesinde Mahkemesince 22.06.2013 tarihinde katılan mağdurenin başvurduğu sağlık kurumundan düşük yapması ile ceninden alınan materyaller ile suça sürüklenen çocuk ...'dan alınan kan örneklerinin mukayesesine dair uzmanlık raporunda adı geçenin biyolojik babalığının reddedilmediği, %99,99 ihtimalle ceninin biyolojik babası olabileceğinin belirtilmes…",YARGITAY KARARI
358,18,Anayasa,1,2017/29771,,2020-10-14,gebe×23 | travma×3 | illiyet×1 | cenin/düşük,"…n MENTEŞ &nbsp; Raportör: Hasan SARAÇ &nbsp; Başvurucu: Maşallah TOSUN &nbsp; Vekili: Av. Burak ATASOY &nbsp; I. BAŞVURUNUN KONUSU &nbsp; 1. Başvuru, ölü doğum yapılması nedeniyle kişinin maddi ve manevi varlığını koruma hakkının ihlal edildiği iddiasına ilişkindir. &nbsp; II. BAŞVURU SÜRECİ &nbsp; 2. Başvuru 3/7/2017 tarihinde yapılmıştır. &nbsp; 3. Başvuru, başvuru formu ve eklerinin idari yönden yapılan…",ANAYASA MAHKEMESİNİN 14/10/2020 TARİHLİ VE 2017/29771 SAYILI KARARI (BİREYSEL BAŞVURU) 
359,18,Danıştay,2,2021/17752,2152,2025-04-30,gebe×14 | travma×5 | cenin/düşük,"…cak İhtar Puanı Cetvelinin iptali istenilmektedir. DAVACININ İDDİALARI: Yönetmelik'in 6. maddesinin 3. fıkrası yönünden; valiye ait yetkinin, valinin emri altında olan müdüre verilmesine dair bir düzenleme yapılmasının hukuka aykırı olduğu, 7. maddesinin 1. ve 2. fıkraları yönünden; dava konusu düzenlemenin, kanuni dayanağının olmadığı, idareye geniş bir takdir hakkı tanıdığı, sözleşmenin yenilenip y…",DANIŞTAY KARARI
360,18,Yargıtay,11,1984/1005,1656,1984-03-22,gebe×2 | travma×5 | illiyet×5 | TCK 87/88,"…bulunulmasına engel teşkil etmez. Nasıl ki, bir ticari senedin düzenlenmesine taraflar arasındaki bir temel hukuk ilişkisi neden oluyarsa, mevcut bir emre muharre ticari senedin cirosuna da böyle bir temel hukuk ilişkisi neden olmaktadır. Burada da hamilin kamböyo hukukuna ve temel ilişkiye dayanan iki hakkı vardır. Kambiyo hukukuna dayanan ilişki herhangi bir sebeple düşmüş ise esas ilişkiye dayanar…",TAZMİNAT DAVASI - DAVACI İLE DAVALI BANKA ARASINDA VEKALET İLİŞKİSİ BULUNDUĞU - VEKİLİN GÖREVİNİ ÖZENLE İFA ETMEDİĞİ - DAVALININ SENET BORÇLUSUNA RÜCU HAKKININ SAKLI OLDUĞU
361,18,A.İ.H.M.,A.İ.H.M.,1999/46854,,,gebe×12 | travma×5 | cenin/düşük,"…kliniği'nde görevli doktor Birsen Turan tarafından muayene edilmiştir. Hazırlanan rapora göre 21 Ocak 1998 tarihinde on haftalık hamile olan başvuran düşük yapmıştır. 4 Mart 1998 tarihinde başvuran evine operasyon düzenleyen polisler hakkında Gebze Cumhuriyet Savcılığı'na şikayet dilekçesi vermiştir. Başvuran polislerin kendisini öldürmekle tehdit ettiklerini ve yere yatmaya zorlayıp, hamile olduğunu söyle…",VALİDE AKKUŞ - TÜRKİYE DAVASI
362,18,Yargıtay,2,2023/7263,4835,2024-06-25,gebe×4 | travma×10 | cenin/düşük,"…ortada bıraktığını, ilk evliliğinden olan çocukları için kadınla evlendiğini dile getirdiğini, kadını hamileyken dövdüğünü, bu nedenle kadının 5 kez düşük yaptığını, ortak çocukları olan ...'un otizimli olduğunu, onun hamileliğinde de fiziksel şiddet uyguladığını, ortak çocuklara da fiziksel şiddet uyguladığını, bu nedenle açılan ceza davasında ceza aldığını, erkeğin sürekli ağır hakaretler ettiğini, evi…",YARGITAY KARARI
363,18,Yargıtay,9,2021/13800,787,2023-02-21,gebe×14 | travma×5 | cenin/düşük,"…istenmeyen hamileliği sonlandırmak için sanık ...&#39;ın evine yerleşerek araştırma yaptıkları, burada tespit edilemeyen bir şekilde sanık ...&#39;ın düşük yapmasını sağladıkları, ceninin bulunamaması sebebiyle düşüğün kapsamına ilişkin adli rapor tanzim edilemediği, sanıkların aşamalarda alınan beyanlarında kendi içinde ve birbiriyle çelişkili beyanlarda bulundukları, sanık ...&#39;ın düşük sırasında ceni…",ÇOCUK DÜŞÜRTME SUÇU - SANIKLARIN BİRBİRLERİNİ SUÇLAYAN SOYUT İDDİALARI DIŞINDA BU SANIKLARIN ÜZERLERİNE ATILI SUÇU İŞLEDİKLERİNE DAİR HER TÜRLÜ ŞÜPHEDEN UZAK KESİN VE İNANDIRICI BİR DELİL BULUNMADIĞI 
364,17.8,Yargıtay,2,2023/2566,5302,2023-11-08,gebe×6 | travma×8 | cenin/düşük,"…önce hayatına giren kadınlardan övgüyle bahsettiğini, erkeğin kadını aşağıladığını, hamileliği sırasında kadına zorla ilaç içirmeye çalışarak eşinin düşük yapmasını istediğini, kadının ailesi ile görüşmesine izin vermediğini, hem kadını hem de ailesini evden kovduğunu, erkeğin, kadının ailesine karşı tehdit ve hakaretlerde bulunduğunu, kadını sürekli görüntülü arayarak baskı altında tutmak istediğini, ham…",YARGITAY KARARI
365,17.7,Yargıtay,CG,2018/7,161,2022-03-10,gebe×5 | travma×64 | illiyet×1 | TCK 87/88,"…a göre; katılanın ruh sağlığının bozulduğu, ... Devlet Hastanesince 28.01.2011 tarihinde düzenlenen genel adli muayene raporlarına göre; sanığın 0.41 promil alkollü olduğu, vücudunda darp cebir izi bulunmadığı; katılanın ise sağ kol iç yüzde sıkmayla oluşmuş 4 adet 1,5x1,5 cm'lik ekimoz, sol iliak çıkıntı üzerinde 2x5 cm sıyrık yarası, sağ diz kapağı üzerinde 2x2 cm kızarıklık bulunduğu, genital muaye…",YARGITAY KARARI
366,17.7,Yargıtay,2,2024/2965,3870,2024-05-27,gebe×1 | travma×4 | illiyet×4 | cenin/düşük,"…çocuğu 1,5 yaşında iken kadının hamile kaldığını, erkeğin kadını kürtaj olmaya zorladığını, bu dönemde uygulanan psikolojik şiddet sebebiyle kadının düşük yaptığını, erkeğin eve geç geldiğini, erkeğin regl dönemindeyken cinsel ilişkiye girmek istemesi nedeniyle kadının cinsel ilişkiyi reddettiğini, 2015 yılında kadını dini olarak boşadığını, gece saatlerinde geldiğini, hafta sonlarını Akçakoca&#39;da geçi…",BOŞANMA İSTEMİ - BOŞANMAYA NEDEN OLAN OLAYLARDA ERKEĞİN AĞIR KUSURLU OLDUĞU KUSURLARIN AYNI ZAMANDA KADININ KİŞİLİK HAKLARINA SALDIRI TEŞKİL ETTİĞİ - HÜKMÜN ONANMASI
367,17.6,Danıştay,15,2015/4214,8979,2015-12-17,gebe×12 | travma×1 | illiyet×20,"…maktadır. İdare Mahkemesince Adli Tıp Kurumu 3. Adli Tıp İhtisas Kurulu'nun 12.3.2010 tarih ve 2598 sayılı raporunda; hastanın 15. gebelik haftasında erken membran rüptürü tanısı ile geldiğinde enfeksiyon riski aileye anlatılarak gebeliğin sonlandırılmadan beklenebileceği, tampon uygulanabileceği, bu sürede antibiyotik tedavisinin enfeksiyonları azaltmada etkili olduğu, ama enfeksiyondan mutlaka korumayacağı, ayrıc…",İŞLEMİN İPTALİ İSTEMİ - SAĞLIK HİZMETİ NEDENİYLE DUYULAN SIKINTI VE ÜZÜNTÜNÜN KISMEN DE OLSA HAFİFLETİLEBİLMESİ GEREĞİ - TEMYİZE KONU KARARIN MANEVİ TAZMİNAT İSTEMİNİN REDDİNE İLİŞKİN KISMINDA HUKUKA 
368,17.5,Yargıtay,CG,2018/226,478,2022-06-23,gebe×7 | travma×60 | TCK 87/88,"…lidir. 5237 sayılı Türk Ceza Yasası'nda başlıca dört hukuka uygunluk nedeninden bahsedilmektedir. Bunlar; meşru savunma, hakkın kullanılması, kanunun emrini ifa ve ilgilinin rızasıdır. Gerçekleştirdiği eylemle ilgili olarak hukuka aykırılık vasfını ortadan kaldıran bir sebebin somut olayda var olduğunu düşünen kişi, bu hususta kaçınılmaz bir hataya düşmesi hâlinde 5237 sayılı TCK’nın 30/3. maddesi ge…",YARGITAY KARARI
369,17.5,Yargıtay,CG,2021/17,162,2023-03-15,gebe×7 | travma×134 | TCK 87/88,"…çakla kendi kendine zarar vermeye kalkıştığını, kendilerine zorluk da çıkardığını, sanığın arama kararını alıp buruşturarak yere attığını, Tanık ... Demre Asliye Ceza Mahkemesinde 09.02.2009 tarihinde; ihbar üzerine olay yerine gittiklerini, yabancı uyruklu kişilere fuhuş yaptırıldığını tespit ettiklerini, sanıkları karakola götürüp olay hakkında tutanak tuttuklarını, olayın üzerinden uzun zaman geçm…",YARGITAY KARARI
370,17.4,Yargıtay,9,2009/19835,46440,2011-11-29,gebe×25 | travma×4 | cenin/düşük,…göre işçinin dört aya kadar ücreti tutarında bir ücretten başka yoksun bırakıldığı haklarını da talep imkanı bulunmaktadır. İş Kanunu'nun 5. maddesi emredici nitelikte olduğundan anılan hükme aykırı olan sözleşme kuralları geçersizdir. Geçersizlik nedeniyle ortaya çıkan kural boşluğu eşit davranma ilkesinin gereklerine uygun olarak doldurulmalıdır. Eşit davranma borcuna aykırılığı ispat yükü işçide…,FESHİN GEÇERSİZLİĞİ VE İŞE İADE DAVASI - İŞÇİNİN DOĞUM İZNİNİ KULLANMASI SEBEBİYLE DAHA ALTTA TEKLİF EDİLEN GÖREVİ KABUL ETMEMESİ DOLAYISIYLA İŞ SÖZLEŞMESİNİN FESHİ - İŞVERENİN EŞİT DAVRANMA BORCUNA A
371,17.4,Yargıtay,9,2023/2681,4473,2023-06-21,gebe×15 | travma×4 | cenin/düşük,"…ği, Samsun Kadın Doğum ve Çocuk Hastalıkları Hastanesi 09.07.2021 tarihli yazısı ile mağdure ...'un altı haftalık gebeliğinin olduğu, 09.07.2021 günü düşük yaptığı ve akabinde kürtaj olduğu maddi vakıa olarak kabul edilmiştir. 2. Somut olaya bakıldığında, sanıklar atılı suçlamayı ısrarla reddetmiş iseler de, kendilerine iftira atmayı veya yalan beyanda bulunmayı gerektirir husumeti tespit edilemeyen mağdur…",YARGITAY KARARI
372,17.4,Yargıtay,9,2021/7251,4350,2023-06-15,gebe×18 | travma×4 | cenin/düşük,"…ı şekilde yanında sanıklar ... ve ... ile hastanenin acil servisine karın ağrısı şikayetiyle gittikleri, mağdurenin daha sonra hastanenin lavabosunda düşük yaptığını fark ettiği, durumu hastanedeki görevlilere söyleyip daha sonra aynı gün hastaneden taburcu olduğu, Adli Tıp Uzmanı raporuna göre mağdurede olay nedeniyle travma sonrası stres bozukluğu tespit edildiğinin anlaşıldığı, Sanıklar ... ve ...&#39;i…",ÇOCUK DÜŞÜRTME SUÇU - SANIKLARIN AŞAMALARDAKİ SUÇU İNKARA YÖNELİK SAVUNMALARININ AKSİNİ GÖSTEREN HER TÜRLÜ ŞÜPHEDEN UZAK KESİN VE İNANDIRICI BAŞKACA BİR DELİL BULUNMADIĞI - HÜKMÜN BOZULMASI
373,17.4,Yargıtay,2,2023/2370,468,2024-01-24,gebe×4 | travma×9 | cenin/düşük,"…astalığından dolayı boyundan delik açılmasına onay verdiğini, habersiz kredi çektiğini, araç aldığını, il dışına çıktığını, eşyalara zarar verdiğini, emrivaki davrandığını, müsrif davrandığını ileri sürerek 4721 sayılı Kanun’un 166 ncı maddesi gereğince asıl davanın reddine, davasının kabulüne, tarafların boşanmalarına, velâyetin anneye verilmesine, çocuk yararına aylık 3.000,00 TL tedbir ve iştirak…",YARGITAY KARARI
374,17.4,Danıştay,10,2021/6077,1637,2025-03-17,gebe×40 | travma×2 | illiyet×1 | cenin/düşük,"…cılardan anne ...’ın 26/02/2014 tarihinde Van Bölge Eğitim ve Araştırma Hastanesine miadında sancılı gebe olarak yatırıldığı, 4. gebeliği olduğu, bir düşük yaptığı, yatış muayenesinde; 3-4 açıklık, %60 silinme tespit edildiği, travay takibine başlandığı, saat 16.30’da normal vajinal doğum ile APGAR’ı 5-8 olan 5600 gr ağırlığında, baş çevresi 34 cm olan erkek bebek doğurduğu, mekonyumlu olarak doğan bebeğin…",DANIŞTAY KARARI
375,17.3,A.İ.H.M.,A.İ.H.M.,1998/44774,,2004-06-29,gebe×3 | travma×3 | illiyet×5 | TCK 87/88,"…, ECHR 2000-III) 9. Madde, bir din ya da inançtan kaynaklanan ya da esinlenilerek gerçekleştirilen bütün eylemleri korumaz ve kamu alanında bir dinin emrettiği şekilde davranma özgürlüğünü her durumda güvence altına almaz, (çok sayıdaki başka kararın yanı sıra bkz. Kalaç v.Türkiye, l Temmuz 1997, Karar Raporları 1997-IV, P. 1209, §27; Arrovvsmith v.İngiltere, no.7050/75,12 Ekim 1978 tarihli Komisyon…",LEYLA ŞAHİN - TÜRKİYE BAŞVURUSU
376,17.3,Yargıtay,2,2023/6104,4568,2023-10-05,gebe×3 | travma×3 | cenin/düşük | aile içi,"…olduğunu, davalının bu çocuğu istememesi üzerine davalı eş ile yollarını ayırmaya karar verdiklerini, bu yoğun üzüntü neticesinde müvekkilinin çocuğa düşük yaptığını belirterek tarafların 4721 sayılı Türk Medeni Kanunu'nun (4721 sayılı Kanun) 166 ncı maddesinin birinci fıkrası uyarınca boşanmalarına, kadın lehine 50.000,00 TL manevî tazminata ve aylık 1.000,00 TL nafakaya hükmedilmesini talep ve dava etmiş…",YARGITAY KARARI
377,17.3,Askeri Yargıtay,2,2006/1,1,2006-01-18,gebe×1 | travma×18 | illiyet×9,"…ilen mahkumiyet hükmünün tesis olunduğu anlaşılmıştır. Sanık, aşamalardaki tüm sorgu ve savunmalarında; gece dersine iştirak etmesi hususunda verdiği emre uymak istemeyen mağduru, sert bir şekilde ikaz etmesi üzerine, mağdurun kendisinin üzerine yürüyerek, kollarına yapışıp sarsması ve &lt;sen kim oluyorsun&gt; diye karşı gelmesi karşısında kapıldığı tahrik nedeniyle müsnet suçu işlediğini ileri sürm…",ASTA MÜESSİR FİİL VE KASTEN ÖLDÜRMEYE TEŞEBBÜS SUÇU - TARTIŞMANIN GECE EĞİTİMİ YOKLAMASINDAN KAYNAKLANDIĞI - SANIĞIN MAĞDURUN GÖĞSÜNE TORNAVİDA İLE VURMASI - HAKSIZ TAHRİK HUSUSUNUN DEĞERLENDİRİLMESİ
378,17.2,Danıştay,1,2018/675,526,2018-04-10,gebe×8 | travma×2 | illiyet×13,"…......&#39;e normal doğum yaptırılmasının, sezaryan kararı verilmemesinin tıbbi kurallara uygun olup olmadığı, adı geçenin ve bebeğin sağlık durumu, erken doğumun başlaması ve bebeğin henüz gelişimini tamamlayamamış olması karşısında, bebeğin doğumu için sezaryan kararı alınmamasının tıbbi kriterlere uygun olup olmadığı, bu durumun hekim hatası veya kusuru sayılıp sayılamayacağı, normal doğumda bebeğe zarar…",MENİ MUHAKEME DAVASI - ŞÜPHELİ HEMŞİRELERİN HANGİ EYLEMLERİ NEDENİYLE İSNAT EDİLEN SUÇLARLA İLLİYET BAĞLARI OLDUĞUNUN AÇIKLIĞA KAVUŞTURULMASI SURETİYLE YENİDEN SORUŞTURMA YAPILARAK USULÜNE UYGUN SORUŞ
379,17.2,Yargıtay,22,2015/35120,19675,2018-09-24,gebe×6 | travma×7 | cenin/düşük,"…me göre işçinin dört aya kadar ücreti tutarında bir ücretten başka yoksun bırakıldığı haklarını da talep imkânı bulunmaktadır. Söz konusu fıkra metni emredici nitelikte olduğundan, anılan hükme aykırı olan sözleşme kuralları geçersizdir. Geçersizlik sebebiyle ortaya çıkan kural boşluğu eşit davranma ilkesinin gereklerine uygun olarak doldurulmalıdır. Eşit davranma borcuna aykırılığı ispat yükü işçide…",YARGITAY KARARI
380,17.2,Anayasa,2,2018/37198,,2022-07-27,gebe×4 | travma×34 | illiyet×1 | TCK 87/88,"…n ilgili kısmı şöyledir: &nbsp; &nbsp;&ldquo;Cumhuriyet savcısının görev ve yetkileri &nbsp; Madde 161- (1) Cumhuriyet savcısı, doğrudan doğruya veya emrindeki adlî kolluk görevlileri aracılığı ile her türlü araştırmayı yapabilir; yukarıdaki maddede yazılı sonuçlara varmak için bütün kamu görevlilerinden her türlü bilgiyi isteyebilir. Cumhuriyet savcısı, adlî görevi gereğince nezdinde görev yaptığı m…",ANAYASA MAHKEMESİNİN 27/7/2022 TARİHLİ VE 2018/37198 SAYILI KARARI (BİREYSEL BAŞVURU)
381,17.2,Yargıtay,CG,2019/502,144,2023-03-08,gebe×4 | travma×68 | illiyet×1 | TCK 87/88,"…erin onaylanmasına karar verildiği, tüm aramalara rağmen ulaşılamayan sanık ... hakkında Ermenek Sulh Ceza Hâkimliğince 24.09.2015 tarihinde yakalama emri çıkartıldığı, 28.09.2015 tarihinde kendiliğinden polis merkezine teslim olan sanığın vücudunda herhangi bir patolojik bulguya rastlanılmadığı, 24.09.2015 tarihli araştırma ve adres tespit tutanağına göre; olayın meydana geldiği evin çevresinde Mobe…",YARGITAY KARARI
382,17.2,Yargıtay,2,2023/9700,6245,2024-09-23,gebe×6 | travma×7 | cenin/düşük,"…avacıya \"" ben seni parayla satın aldım, annenden satın aldım\"" dediği, tanık ...'un beyanına göre; davalının, davacının beyin tümörü rahatsızlığı ve düşük yaptığı süreçte davacı eşine destek olmadığı, davalının gece hayatını sevdiği, bir kısım tanıklarca gazinolarda, alkollü mekanlarda görüldüğü, yine bir gece alkollü geldiğinde ...'ye ve ...'a darp eylemi sebebiyle evliliğin fiilen bittiği, evlilik birli…",YARGITAY KARARI
383,17.2,Yargıtay,12,2025/886,5023,2025-05-28,gebe×4 | travma×3 | illiyet×2 | TCK 87/88 | trafik/iş kaz,"…uşturma evrelerinde alınan beyanlarla birlikte dikkate alınarak yapılan değerlendirmede; 14.01.2024 günü saat 21.00 sıralarında sanık ...&#39;in 1.66 promil alkollü olduğu halde sevk ve idaresindeki otomobil ile saat 21:00 sıralarında meskun mahalde gece vakti bölünmüş caddede seyir halindeyken kavşağa yaklaşırken dönemeçli ve virajlı yola girerken aracının hızını azaltmadığı ve bu nedenle aracın dire…",TAKSİRLE ÖLDÜRME SUÇU - SANIĞIN ASLİ KUSURLU EYLEMİ NETİCESİNDE ÜÇ KİŞİNİN ÖLÜMÜNE NEDEN OLDUĞU OLAYDA MAHKEMECE TAYİN EDİLEN TEMEL CEZA MİKTARINDA İSABETSİZLİK BULUNMADIĞI - HÜKMÜN BOZULMASI
384,17.1,Yargıtay,3,2016/9395,3090,2017-03-21,gebe×5 | travma×3 | illiyet×4 | TCK 87/88,"…inde görülmeyen diğer temyiz itirazlarının reddine, ancak; 1)Sanığın hamile olan mağdur eşini kasten yaralaması ile mağdur eşin sancılarının başlayıp erken doğum ile dünyaya gelen bebeğin ileri derecede prematürite olması ve gelişen komplikasyonlar nedeniyle bir gün içinde vefat etmesi arasında illiyet bağının bulunduğunun Adli Tıp Kurumu Başkanlığı 1. İhtisas Kurulunun 27.03.2013 tarihli raporundan anlaşıld…",YARGITAY KARARI
385,17.1,Danıştay,VD,2025/155,1037,2025-12-03,gebe×1 | travma×5 | illiyet×3 | cenin/düşük,"…si, vergi ziyaı cezası ve gecikme faizinden oluşan borçlarının tahsili amacıyla müteselsil sorumlu sıfatıyla düzenlenen ... tarih ve ... sayılı ödeme emrinin iptali istemiyle dava açılmıştır. ... Çelik Anonim Şirketinin sahte fatura düzenleme fiiline katıldığı sonucuna varılan davacı adına düzenlenen ödeme emrinde hukuka aykırılık bulunmadığı gerekçesiyle davanın reddi yolunda verilen mahkeme kararın…",DANIŞTAY KARARI
386,17,Yargıtay,1,2009/278,191,2011-01-26,gebe×11 | travma×16 | künt/batın,"…ığı, daha sonra bebeği bir beze sarıp poşete koyarak üçüncü kattaki evin arka balkonundan bahçe duvarına doğru attığı, ertesi gün polikliniğe giderek ölü doğum yaptığını beyan ettiği, bu beyanının dosyadaki poliklinik yazısından da anlaşıldığı, tanıklar tarafından bebeğin bulunduğu ve yapılan soruşturma sonucu olayın ortaya çıktığı, hazırlık aşamasında alınan Adli Tıp Morg İhtisas Dairesinin 06/02/2007 tar…",YARGITAY KARARI
387,17,Yargıtay,2,2023/9304,6579,2024-09-30,gebe×2 | travma×8 | illiyet×1 | cenin/düşük,"…olabilmek için biriktirdiği parayı kaptırdığını, davacıyı maddi ve manevi mağdur ettiğini, davalı ve ailesinden kaynaklı nedenlerle davacının iki kez düşük yaptığını, çalışma ortamında hakaret ve küfür ettiğini, yanlarında elaman çalışmadığını, davacının yıllarca tek başına çalıştığını, yükümlülüklerini eksiksiz olarak yerine getirdiğini, ev işleri ve iş hayatını birlikte yürüttüğünü, davalının annesine ba…",YARGITAY KARARI
388,17,Yargıtay,11,2022/6485,1040,2023-02-22,gebe×48 | travma×4 | illiyet×8,"…&#39;nun 26 ncı maddesi tarafların bir sözleşmenin içeriğini kanunda öngörülen sınırlar içinde özgürce belirleyebileceğini 27 nci maddesi ise kanunun emredici hükümlerine, ahlaka, kamu düzenine, kişilik haklarına aykırı olan sözleşmelerin kesin olarak hükümsüz olacağını vazetmiştir. &nbsp; Keza Türk Ceza Kanunu&#39;nun 99 uncu maddesi rızası olmaksızın bir kadının çocuğunu düşürten kişinin cezalandır…",TAZMİNAT DAVASI - MAHKEMECE İSPAT YÜKÜNÜN DAVALIDA OLDUĞU NAZARA ALINIP UZMAN BİLİRKİŞİ RAPORU ALINARAK VARILACAK SONUCA GÖRE KARAR VERİLMESİ GEREKİRKEN EKSİK İNCELEMEYE DAYALI KARAR VERİLMESİNİN DOĞR
389,16.9,Anayasa,1,2016/557,,2020-01-29,gebe×1 | travma×51 | illiyet×2 | TCK 87/88,"…ermemişlerdir. Olayla ilgili olarak talimatları alınmak üzere aranan Ankara Cumhuriyet savcısının şiddet eyleminde bulunan göstericilerin yakalanması emri vermesi üzerine önce sıvı göz yaşartıcı gaz, daha sonra tüfek marifeti ile atılan göz yaşartıcı gazla göstericilere müdahale edilmiştir. Müdahale sonrası Güven Park istikametine doğru kaçan göstericiler kendilerini takip eden kolluk görevlilerine t…",ANAYASA MAHKEMESİNİN 29/1/2020 TARİHLİ VE 2016/557 SAYILI KARARI (BİREYSEL BAŞVURU) 
390,16.8,Danıştay,15,2015/2607,3893,2016-05-30,gebe×15 | travma×3 | cenin/düşük,"…k faktör rol oynar. Bunların arasında gestasyonel yaş, düşük doğum tartısı ve oksijen tedavisinin süresi sayılabilir. Tüm bunların yanında tek başına prematüre doğumda ROP gelişmesinde büyük faktördür. Özellikle 1000 gr. altında ve 32. haftadan küçük doğan bebeklerde erken dönemde ROP gelişebileceği için tüm bebeklerin ROP muayenesinin yapılması gerekmektedir. Davacı 'ın hamileliğin 31. haftasında doğum gerçekle…",İŞLEMİN İPTALİ İSTEMİ - TIBBİ AMELİYE KAPSAMINDA DAHİL EDİLEMEYECEK BİR TAKIM BAKIM GÖZETİM VE DİĞER YAN YÜKÜMLÜLÜKLERDE OLUŞACAK ZARARLARDA İDARENİN SORUMLULUĞUNA GİDİLEBİLECEĞİ - TAZMİNAT TALEPLERİN
391,16.8,Yargıtay,3,2022/599,2108,2022-03-10,gebe×61 | travma×3 | cenin/düşük,"…ım ünitesine alındığını, doğum sonrası bebekte oluştuğu iddia edilen durumun doğum sürecine bağlı olmadığını, davacı annenin daha öncesinde beş aylık gebelik kaybı öyküsü de göz önünde bulundurulduğunda bu durumun altında başka bir sebebin olmasının kuvvetle muhtemel olduğunu, literatür incelendiğinde perinetal asfiksinin önemli bir kısmının doğum öncesi süreçte başladığının ortaya koyulduğunu savunarak davan…",YARGITAY KARARI
392,16.8,Danıştay,10,2019/6657,5316,2021-11-04,gebe×14 | travma×1 | illiyet×1 | cenin/düşük,"…tüsün anne karnında canlılığını yitirmesi zemininde gelişen DİC (Yaygın Damar İçi Pıhtılaşma) ve komplikasyonlarından meydana gelmiş olduğu, hastanın abortus insipiens tanısı aldığı, önlenemez düşük olup gebeliğin sonlandırılmasının önerildiği, hastanın kabul etmediği, yatışı süresince günlük takip ve tedavilerinin yapılmış olduğu, 08/01/2014 sabahı hastanın rahatsızlandığı, gece konsültasyonunun yapıl…",DANIŞTAY KARARI
393,16.8,Yargıtay,3,2025/1365,4834,2025-10-15,gebe×28 | travma×1 | illiyet×1 | cenin/düşük,"…tespit edildiği, bilirkişi raporunun hükme esas almaya elverişli olduğu, davacının daha önceki gebeliğinde de down sendromu teşhis edilmesi nedeniyle düşük yaptırıldığı, önceki gebeliğinde geçirilen süreç dikkate alındığında davacının down sendromu riskinin bulunduğunu ve down sendromunun tespiti için yapılması gereken işlemleri bildiğinin kabulünün gerektiği, gebelik takibi sürecinde yapılacak işlemler iç…",TAZMİNAT İSTEMİ - HASTAYA AYRINTILI ULTRASON SIRASINDA DA AMNİYOSENTEZ ÖNERİLİP DAVACI HASTANIN İSTEMEDİĞİ - DAVACI HASTANIN GEBELİK TAKİBİYLE İLGİLİ OLARAK DAVALI DOKTOR VE HASTANENİN EKSİK VE HATALI
394,16.7,A.İ.H.M.,1,1998/39272,,2003-12-04,gebe×3 | travma×25 | illiyet×1 | TCK 87/88,"…suretiyle tacizde bulunduklarını belirtmişlerdir. 48. Savcı bu şikayetler üzerine 25 Ekim 1995 tarihinde polis tarafından bir soruşturma yapılmasını emretmiştir. Eylül ve Ekim 1995 tarihleri arasında birçok kişi dinlenmiş ve yazılı ifade vermişlerdir. 49. 25 Ekim 1995 tarihinde polis, başvurucu ve annesinin anlattıklarına inanmayan ve açıkça P. ve A'nın ifadelerine itibar eden bir rapor hazırlamıştı…",M.C. - BULGARİSTAN DAVASI
395,16.5,Yargıtay,2,2023/3092,716,2024-02-08,gebe×1 | travma×11 | cenin/düşük,"…tanbul'da annesinin yanında iken arayıp sormadığını, müvekkili aradığında \""ayrılmak istediğini, başka birisini bulmasını\"" söylediğini, müvekkilinin düşük yaptığını, annesinin evliliklerine karıştığını, erkeğin müvekkiline 16.02.2020 tarihinde şiddet uyguladığını, müvekkilini öldürmekle tehdit ettiğini, \""eve dönersen almam\"" demesi üzerine müvekkilinin İstanbul'a gittiğini, uzaklaştırma kararı aldığını,…",YARGITAY KARARI
396,16.5,Yargıtay,2,2023/3451,4721,2023-10-12,gebe×1 | travma×15 | cenin/düşük,"…kadınlarla evliymiş gibi yaşadığını, alkol alarak kadına fiziksel şiddet uyguladığını, eve geç geldiğini, bazen hiç gelmediğini, beş aylık hamileyken düşük yaptığında erkeğin evde olmadığını, ikinci düşüğünün de cinsel yolla bulaşan bir virüs nedeni ile gerçekleştiğini, tüp bebek tedavisi için karar verildiğini ancak tedaviye gelmediğini, 2003 yılında evi terk ederek Marmaris'e gittiğini, burada restoran a…",YARGITAY KARARI
397,16.3,Yargıtay,CG,2021/70,785,2022-12-08,gebe×5 | travma×6 | illiyet×6 | trafik/iş kaz,"…üzeyde tali kusurlu olduğu, Erzurum Valiliği İl Sağlık Müdürlüğünün 25.11.2014 havale tarihli yazısına göre; sanığın İl Ambulans Servisi Başhekimliği emrinde (657 Sayılı Kanuna göre memur) şoför olarak görev yaptığı, Sanık hakkında düzenlenen sosyal ve ekonomik araştırma tutanağına göre; sanığın İl Sağlık Müdürlüğünde ambulans şoförü olduğu, Cumhuriyet savcılığınca izin alınmaksızın yürütülen soruştu…",YARGITAY KARARI
398,16.3,Yargıtay,2,2022/10216,636,2023-02-21,gebe×3 | travma×4 | illiyet×2 | cenin/düşük,"…lümlerinin 6100 sayılı Kanun'un 370 inci maddesinin birinci fıkrası uyarınca ONANMASINA, Peşin alınan temyiz karar harcının istek halinde temyiz eden Emre'ye iadesine, Aşağıda yazılı temyiz karar harcının temyiz eden ...'ya yükletilmesine, Dosya Bölge Adliye Mahkemesine gönderilmesine, 21.02.2023 tarihinde oy birliği ile karar verildi.",YARGITAY KARARI
399,16.2,Yargıtay,12,2021/4048,1193,2022-02-17,gebe×8 | travma×1 | illiyet×3 | obstetrik komp.,"…015 tarih, 13664 sayılı kararında ve Adli Tıp Kurumu 8. Adli Tıp İhtisas Kurulu’nun 23.10.2019 tarih, 2465 sayılı raporunda “kişinin ölümünün bebeğin intrauterin ölümü ve plesentanın erken ayrılmasına bağlı gelişen komplikasyonlar (hemorajik hipoolemik şok, DIC) sonucu meydana geldiğinin belirlendiği, dosyada kayıtlı belgelere göre 8 aylık gebe hastanın intrauterin ex bebek ve plasenta dekolmanı tanısıyla Dr....…",YARGITAY KARARI
400,16.2,Yargıtay,CG,2019/205,588,2019-10-10,gebe×2 | travma×91 | illiyet×1 | TCK 87/88,"…ıvası ile birlikte kesilerek alındığının bildirildiği, İzmir Adli Tıp Grup Başkanlığınca düzenlenen 07.05.2012 tarihli raporda; maktulün kanında 0,15 promil alkol bulunduğu, kanda ve idrarda uyuşturucu madde kalıntısına rastlanılmadığı tespitlerine yer verildiği,, Isparta Emniyet Müdürlüğü Olay Yeri İnceleme ve Kimlik Tespit Şube Büro Amirliğince düzenlenen 16.05.2012 tarihli uzmanlık raporunda; olay…",YARGITAY KARARI
401,16.2,Yargıtay,8,2013/16626,22479,2015-10-12,gebe×4 | travma×7 | cenin/düşük,"…a göreve başladığı günden itibaren sürekli ve yoğun bir baskı, tehdit iklimi oluşturduğu, ""Bolu'da benden üstün kimse yok, valiye ve emniyet müdürüne emrederim, C. Savcısına rica ederim"" diyerek baskı kurmaya ve sindirmeye başladığı ve soruşturma ile ilgili olarak ve müfettişle ilgili olarak dışarıda başkalarına herhangi bir şey söylediği takdirde açığa aldıracağını söyleyip yine tanık anlatımında if…",GÖREVİ KÖTÜYE KULLANMA SUÇU - EYLEM ÇOKLUĞU VE MAĞDUR SAYISININ ÇOKLUĞU NAZARA ALINARAK YASAL VE YETERSİZ GEREKÇEYLE HÜKMÜN AÇIKLANMASININ GERİ BIRAKILMASINA YER OLMADIĞINA KARAR VERİLMESİNİN İSABETSİ
402,16.1,Yargıtay,2,2023/8970,7086,2024-10-09,gebe×5 | travma×4 | illiyet×1 | cenin/düşük,"…det, mahremiyet paylaşımı, seni sevmiyorum beyanıyla davalı tarafından boğazının sıkıldığını, ölüsü de dirisi de para denildiğini, kendisinin dövülme emri verildiğini, kadının evi terk ettiğini, küçümsendiğini, telefonun engellendiğini, yeşil altın alımından kaynaklı hakarete uğradığını ve ben senin karın değilim beyanıyla karşılaştığı vakalarına dayanmıştır. Yapılan yargılama toplanan deliller ve di…",YARGITAY KARARI
403,16.1,Anayasa,2,2020/36910,,2024-03-19,gebe×9 | travma×2 | illiyet×2 | TCK 87/88,"…uyulan devlet memurunun güven ve itibar duygusunu sarsacak nitelikteki davranışlardan olduğunu kabul etmek gerekir (benzer değerlendirmeler için bkz. Emre Kaya, B. No: 2018/26675, 20/12/2022, &sect; 16; Kadriye Karabiber, B. No: 2018/18181, 8/2/2023, &sect; 17; hastanede yapılan izinsiz toplantının değerlendirildiği karar için bkz. Gülfidan Yıldırım, B. No: 2014/12290, 19/7/2017, &sect; 45; kamu göre…",ANAYASA MAHKEMESİNİN 19/3/2024 TARİHLİ VE 2020/36910 SAYILI KARARI (BİREYSEL BAŞVURU)
404,16.1,Yargıtay,CG,2019/1-542,42,2021-02-18,gebe×1 | travma×90 | illiyet×8,"…n incelenmesi sonucunda, kanda 15 mg/dL etanol bulunduğu, her iki elde çamaşırcı eli görünümü, el ve ayaklarda kurumuş ... bulaşıkları mevcut olduğu, prominentia laryngeanın hemen altında boyun eksenine dik solda kulak memesinin 6 cm altından sağda kulak memesinin 6 cm altından devam eden, soldaki hattın ensede saçlı deri içinde sonlandığı, sağda ise sternokleidomastoid 1/3 orta dış kenarında sonlanan…",NİTELİKLİ KASTEN ÖLDÜRME SUÇU - SANIKLARIN NİTELİKLİ KASTEN ÖLDÜRME SUÇUNA BİR BAŞINA AZMETTİRMESİNİN HAYATIN OLAĞAN AKIŞI İLE BAĞDAŞMAYACAK OLUŞU - SUÇA AZMETTİRMENİN SABİT OLDUĞU - YARGITAY CUMHURİY
405,16,Yargıtay,7,2015/1548,13327,2016-06-15,gebe×6 | travma×5 | cenin/düşük,"…me göre işçinin dört aya kadar ücreti tutarında bir ücretten başka yoksun bırakıldığı haklarını da talep imkânı bulunmaktadır. Söz konusu fıkra metni emredici nitelikte olduğundan, anılan hükme aykırı olan sözleşme kuralları geçersizdir. Geçersizlik nedeniyle ortaya çıkan kural boşluğu eşit davranma ilkesinin gereklerine uygun olarak doldurulmalıdır. Somut olayda, davacı kendisine ayrımcılık yapıldığ…",YARGITAY KARARI
406,16,Yargıtay,7,2014/16433,19855,2014-10-30,gebe×6 | travma×5 | cenin/düşük,"…me göre işçinin dört aya kadar ücreti tutarında bir ücretten başka yoksun bırakıldığı haklarını da talep imkânı bulunmaktadır. Söz konusu fıkra metni emredici nitelikte olduğundan, anılan hükme aykırı olan sözleşme kuralları geçersizdir. Geçersizlik nedeniyle ortaya çıkan kural boşluğu eşit davranma ilkesinin gereklerine uygun olarak doldurulmalıdır. Somut olayda, davacı kendisine ayrımcılık yapıldığ…",YARGITAY KARARI
407,16,Yargıtay,7,2015/1644,13326,2016-06-15,gebe×6 | travma×5 | cenin/düşük,"…me göre işçinin dört aya kadar ücreti tutarında bir ücretten başka yoksun bırakıldığı haklarını da talep imkânı bulunmaktadır. Söz konusu fıkra metni emredici nitelikte olduğundan, anılan hükme aykırı olan sözleşme kuralları geçersizdir. Geçersizlik nedeniyle ortaya çıkan kural boşluğu eşit davranma ilkesinin gereklerine uygun olarak doldurulmalıdır. Somut olayda, davacı kendisine ayrımcılık yapıldığ…",YARGITAY KARARI
408,16,Yargıtay,3,2024/1103,355,2025-01-20,gebe×80 | travma×5 | TCK 87/88,"…şiminin normal izlendiğini, bir hafta sonra 14.08.2017 tarihinde karın ağrısı ile müvekkiline başvurduğunu, düzenli rahim kasılmaları tespit edilerek erken doğum tehdidi tanısı ile yatırıldığını, vajinal kanaması olmadığını, doğumun erken dönemde olacağı düşünülerek bebeğin akciğer gelişimini hızlandırmak için tedbirler alındığını, tedaviyle rahim kasılmalarının durduğunu, ağrı şikayetinin gerilemesi üzerine…",YARGITAY KARARI
409,16,Yargıtay,7,2015/4432,13328,2016-06-15,gebe×6 | travma×5 | cenin/düşük,"…me göre işçinin dört aya kadar ücreti tutarında bir ücretten başka yoksun bırakıldığı haklarını da talep imkânı bulunmaktadır. Söz konusu fıkra metni emredici nitelikte olduğundan, anılan hükme aykırı olan sözleşme kuralları geçersizdir. Geçersizlik nedeniyle ortaya çıkan kural boşluğu eşit davranma ilkesinin gereklerine uygun olarak doldurulmalıdır. Somut olayda, davacı kendisine ayrımcılık yapıldığ…",YARGITAY KARARI
410,16,Anayasa,1,2018/25890,,2022-02-22,gebe×24 | travma×5 | TCK 87/88,"…larında hasta hakları ve aydınlatılma yükümlülüğüne ilişkin mevzuata yer vermiştir (Ahmet Acartürk, B. No: 2013/2084, 15/10/2015, &sect;&sect; 19-25; Emrah Egeç, B. No: 2015/9714, 11/12/2018, &sect;&sect; 16-19; Ü.B.K., B. No: 2015/2536, 4/7/2019, &sect;&sect; 22-25). &nbsp; 18. 11/4/1928 tarihli ve 1219 sayılı Tababet ve Şuabatı San&#39;atlarının Tarzı İcrasına Dair Kanun&rsquo;un 70. maddesinin bir…",ANAYASA MAHKEMESİNİN 22/2/2022 TARİHLİ VE 2018/25890 SAYILI KARARI (BİREYSEL BAŞVURU) 
411,15.9,Yargıtay,2,2023/9516,5905,2024-09-17,gebe×1 | travma×9 | cenin/düşük,"…ini köle olarak gördüğünü ve müvekkiline karşı hakaret ve küfürlerde bulunduğunu, 2020 yılı ocak aylarında hamile iken erkeğin şiddet uyguladığını ve düşük yaptığını, annesi ve kardeşi ile telefonda konuşurken bir anda karşı yanın hışımla eve geldiğini, annesine ve kardeşine müvekkilinin nerede olduğunu sorduğunu, ...'nin müvekkilinin sabahtan beri telefonda konuştuğunu söylemesi üzerine müvekkilinin bulun…",YARGITAY KARARI
412,15.9,Yargıtay,CG,2022/60,613,2023-11-22,gebe×7 | travma×4 | cenin/düşük,"…ir görgüsünün olmadığı, tanıklar Özlem, Rebiye ve Ersevinç'in sanığın yakın akrabaları olduğu, sanığın katılan eşinin bir dönem hamile olduğunu ancak düşük yaptığını kabul etmesi karşısında bu tanıkların her gün birlikte olduklarını söyledikleri katılanın hamile olduğunu bilmediklerini söylemeleri, yine katılanın olaydan önce hamilelik testi için sağlık ocağına gittiği ancak gebe olmadığının anlaşıldığı, y…",YARGITAY KARARI
413,15.8,Yargıtay,HG,2012/9-847,200,2013-02-06,gebe×8 | travma×3 | cenin/düşük,…göre işçinin dört aya kadar ücreti tutarında bir ücretten başka yoksun bırakıldığı haklarını da talep imkanı bulunmaktadır. İş Kanunu'nun 5. maddesi emredici nitelikte olduğundan anılan hükme aykırı olan sözleşme kuralları geçersizdir. Geçersizlik nedeniyle ortaya çıkan kural boşluğu eşit davranma ilkesinin gereklerine uygun olarak doldurulmalıdır. Eşit davranma borcuna aykırılığı ispat yükü işçide…,İŞÇİLİK ALACAKLARI DAVASI - ÇALIŞMA SAATLERİNE GÖRE ORANLAMA YAPILMAKSIZIN DAVACININ İŞÇİLİK ALACAKLARI MİKTARI BELİRLENEREK HÜKÜM KURULMASI GEREKTİĞİ - DİRENME KARARININ BOZULMASI GEREĞİ
414,15.8,Sayıştay,STK,,30138,2008-05-06,gebe×6 | travma×2 | illiyet×3 | TCK 87/88,"…şinin bünyesinde değil de müstakil olarak yapılan; 7.Bölge Müd. yollarında kar mücadelesi için gerekli olan kaya tuzu temini ve nakliyesi işi (Verile emri No:2115), (Samsun- Çorum ) Ayr Amasya Devlet Yolu (Sulova Geçişi) Malzeme Nakli (Verile emri No:5746), Makine Teçhizat Bakım Onarım Gideri (Verile emri No:6407), Çorum İli Çevresinde Yolların Bakım ve Onarımı İçin Ocak Taşından Konkasörle Kırılmış…",YERSİZ OLARAK SÜREKLİ GÖREV YOLLUĞU ÖDENDİĞİ GEREKÇESİ İLE VERİLEN TAZMİN HÜKMÜ - 5216 SAYILI KANUNLA YAPILAN DEĞİŞİKLİKLERİN ETKİSİ - VERİLEN TAZMİN HÜKMÜNÜN KONUSUZ KALMIŞ OLMASI
415,15.8,Yargıtay,12,2020/1231,1743,2022-03-08,gebe×36 | travma×6 | illiyet×6,"…rı ve Doğum servisi takibi ile doğumhaneye alınarak takibine başlandığı, genel durumunun bozulduğu, tansiyonunun düştüğü, saat 02:05 de vajinal yolla ölü doğum yaptırıldığı; bebek üzerinde yapılan otopsi sonucunda bebeğin intrauterin gelişim geriliği gösterdiği, tıbbi belgelerde mevcut ultrasonografi ölçüleri ile doğum ölçüleri ve otopsi bulgularına göre intrauterin gelişim geriliği gösteren bebeğin intrau…",YARGITAY KARARI
416,15.8,Danıştay,10,2021/3596,1132,2025-02-25,gebe×21 | travma×4 | illiyet×7,"…si’nde muayenesinin ve gerekli tetkiklerin yapılarak, yenidoğan yoğun bakım ünitesinde yer olmadığı gerekçesiyle sevk edildiği, 36 haftalık Prematüre(erken doğum) gebenin yenidoğan ünitesinde yer olmaması nedeniyle yapılan sevk işleminin tıp kurallarına uygun olduğu, sevk edildiği ...Hastanesi’nde yapılan sezaryen işlemi sırasında plasenta akreata tespit edildiği, vakaya Kadın Doğum ve Üroloji branşlarından…",DANIŞTAY KARARI
417,15.7,Yargıtay,22,2016/28921,17592,2018-07-13,gebe×9 | travma×2 | cenin/düşük,"…me göre işçinin dört aya kadar ücreti tutarında bir ücretten başka yoksun bırakıldığı haklarını da talep imkânı bulunmaktadır. Söz konusu fıkra metni emredici nitelikte olduğundan, anılan hükme aykırı olan sözleşme kuralları geçersizdir. Geçersizlik nedeniyle ortaya çıkan kural boşluğu eşit davranma ilkesinin gereklerine uygun olarak doldurulmalıdır. Eşit davranma borcuna aykırılığı ispat yükü işçide…",YARGITAY KARARI
418,15.7,Yargıtay,3,2020/5809,7071,2021-06-23,gebe×9 | travma×2 | cenin/düşük,"…anakla tespit edileceği, rıza formlarının arşiv mevzuatına uygun olarak muhafaza edileceği&quot;, yine Hekim Etiği Kuralları 26. Maddesinde de benzer emredici hükümler mevcuttur. &nbsp; Dava konusu olayda, davacı tüplerin bağlanması operasyonuna maruz kaldığını İsveçte kontrol olduğu doktordan öğrendiğini ve büyük travma yaşadığını belirtmektedir. Bu müdahaleye hastanın onay verdiğini operasyonu gerç…",TAZMİNAT DAVASI - YENİ BİR BİLİRKİŞİ HEYETİ OLUŞTURULARAK TARAF MAHKEME VE YARGITAY DENETİMİNE AÇIK VE YETERLİ BİLİRKİŞİ RAPORU ALINARAK KARAR VERİLMESİ - EKSİK İNCELEME - HÜKMÜN BOZULDUĞU
419,15.6,Yargıtay,22,2017/21775,10953,2019-05-16,gebe×16 | travma×1 | cenin/düşük,"…me göre işçinin dört aya kadar ücreti tutarında bir ücretten başka yoksun bırakıldığı haklarını da talep imkânı bulunmaktadır. Söz konusu fıkra metni emredici nitelikte olduğundan, anılan hükme aykırı olan sözleşme kuralları geçersizdir. Geçersizlik nedeniyle ortaya çıkan kural boşluğu eşit davranma ilkesinin gereklerine uygun olarak doldurulmalıdır. &nbsp; Eşit davranma borcuna aykırılığı ispat yükü…",ALACAK DAVASI - DAVACI TANIKLARININ DAVACIYLA AYNI İŞYERİNDE ÇALIŞMADIKLARI KOMŞU İŞYERLERİNDE ÇALIŞTIKLARI NAZARA ALINDIĞINDA SADECE DAVALI TANIK BEYANLARINA GÖRE FAZLA MESAİ HESAPLANMASI GEREĞİ - HÜ
420,15.6,Yargıtay,9,2015/13409,15065,2017-10-05,gebe×35 | travma×1 | cenin/düşük,…erinden rapor verilemediği ikinci kez hastaneye başvurmadığını ... üzerinden giriş yapılarak istirahat raporunun verildiği davacının 27 haftalık iken erken doğum yaptığı yönünde savunmalara mevcut raporlarla örtüşmesi nedeniyle itibar edildiği görülmüş bu durum karşısında davacının sağlık mazereti ve raporlu olduğu dönemde devamsızlığa dayalı feshin geçerli ve haklı nedene dayanmadığı davacının kıdem ve ihba…,YARGITAY KARARI
421,15.6,Yargıtay,9,2013/7613,741,2015-01-15,gebe×17 | travma×1 | cenin/düşük,"…me göre işçinin dört aya kadar ücreti tutarında bir ücretten başka yoksun bırakıldığı haklarını da talep imkanı bulunmaktadır. Söz konusu fıkra metni emredici nitelikte olduğundan, anılan hükme aykırı olan sözleşme kuralları geçersizdir. Geçersizlik nedeniyle ortaya çıkan kural boşluğu eşit davranma ilkesinin gereklerine uygun olarak doldurulmalıdır. Eşit davranma borcuna aykırılığı ispat yükü işçide…",EŞİT DAVRANMAMA BORCUNA AYKIRILIKTAN KAYNAKLANAN TAZMİNAT ALACAKLARININ ÖDETİLMESİ İSTEMİ - EŞİT DAVRANMA BORCUNA AYKIRILIĞI İSPAT YÜKÜNÜN İŞÇİDE OLDUĞU - HAMİLE KALAN İŞÇİNİN İŞ SÖZLEŞMESİNİN SIRF BU
422,15.6,Yargıtay,12,2016/3491,2285,2018-03-01,gebe×23 | travma×1 | cenin/düşük,"…hli raporunda; kişinin üçlü test sonucu yüksek olması sebebi ile amniosentez endikasyonunun doğru olduğu, bütün amniosentez işlemi sonrası %1-5 arası intrauterin ölüm veya düşük ile sonuçlanabileceği dikkate alındığında kişiye amniosentez yapan Kadın Hastalıkları Uzmanı Dr. ...’a atf-ı kabil kusurun bulunmadığı görüşüne yer verildiği, mahkemece bu rapor doğrultusunda kusuru bulunmadığı kabul ve tespit edilen san…",YARGITAY KARARI
423,15.6,Yargıtay,8,2010/14557,2772,2011-04-05,gebe×11 | travma×1 | cenin/düşük,"…başladığı, müştekinin doğacak çocuğunun hayatından endişe etmesi üzerine yapılan soruşturma neticesinde fazla kilolu olması sebebiyle evde veya yolda düşük yaptığı yönündeki şüpheli savunmasının tıbben geçerli olamayacağı, 28. haftadan sonra meydana gelen düşük vakasının erken doğum olarak gerçekleşebileceği ve doğan ceninin de erken doğan bebek olarak canlı yada ölü olup olmadığının adli makamlarca değerl…",ÇOCUK DÜŞÜRME SUÇU - ŞÜPHELİNİN DÜŞÜK YAPTIĞI VE ÇOCUĞU ALDIKLARI ŞEKLİNDE ÇELİŞKİLİ BEYANLARDA BULUNMASI - ERKEN DOĞUM HALİNDE BEBEĞİN CANLI VEYA ÖLÜ OLUP OLMADIĞI - KAMU DAVASININ AÇILMASINA KARAR V
424,15.5,Anayasa,2,2016/10643,,2021-06-08,gebe×3 | travma×37 | TCK 87/88,"…kında disiplin işlemleri başlatılması talebiyle İçişleri Bakanlığına başvurmuştur. &nbsp; 17. Başvurucunun şikâyeti hakkında 15/8/2014 tarihli tahkik emri ile disiplin soruşturması başlatılmış, dördüncü sınıf emniyet müdürü O.E. hakkında 18/11/2014 tarihli disiplin soruşturması raporu hazırlanmış ve Savcılığa gönderilmiştir. Anılan disiplin soruşturması sırasında polis memurları A.E., F.K., G.D., Y.U…",ANAYASA MAHKEMESİNİN 8/6/2021 TARİHLİ VE 2016/10643 SAYILI KARARI (BİREYSEL BAŞVURU)
425,15.5,Yargıtay,CG,2020/153,278,2022-04-19,gebe×3 | travma×35 | TCK 87/88,"…n aramada; girişe göre sol tarafta bulunan oda içerisinde bilgisayar masası çekmecesinde 47 adet CD'nin ele geçirildiği, Cumhuriyet savcısının yazılı emri üzerine yapılan aramada ele geçirilen delillerle ilgili ... (Kapatılan) 2. Sulh Ceza Mahkemesinin 10.04.2009 tarihli ve 759 sayılı kararıyla el koymanın onaylanmasına karar verildiği, 10.04.2009 tarihli CD ön izleme tutanağına göre; sanığın ikameti…",YARGITAY KARARI
426,15.5,Yargıtay,CG,2018/121,388,2021-09-14,gebe×3 | travma×93 | TCK 87/88,"…uğu, sağ kulak zarı intakt, sol kulak zarı ön ve arka kenarlarında skolorotik plak bulunduğu, hematimpanium (?), olduğu, temporal CT’de sol temporal memran ön yüzüne uzanan kırık bulunduğu, temporo mandibular eklemi içeren kırık hattı nedeni ile çene hareketlerinin kısıtlı olduğu, psikiyatri konsültasyonunda kooperasyon kısıtlı yer ve zaman oryantasyonunun bozuk olduğu, nörodol damla verildiği, 10.06…",YARGITAY KARARI
427,15.4,Yargıtay,2,2022/8429,5,2023-01-09,gebe×6 | travma×4 | cenin/düşük,"…belirtilen kararı ile; tarafların sevgi, hoşgörü ve ufak tefek kusurların tolere edilmesi bağlamında gereken özveriyi göstermediklerini, erkeğin eşi düşük yaptığında destek olması gerekirken bilakis çıkan ilk tartışma ve arefesinde eşini ailesinin yanına gönderdiğini, eşini ...'ye bıraktıktan sonra arayıp sormadığını, iletişimi tamamen kapattığını, erkeğin çalışmadığı dönemde ona madden ve manen kadının d…",YARGITAY KARARI
428,15.4,Yargıtay,2,2023/9850,932,2024-02-15,gebe×6 | travma×4 | cenin/düşük,"…n birlikteliğini davacıya itiraf ettiği, davacının bu sırada hamile olduğu ve rahatsızlandığı, bu yüzden Ege Üniversitesi Hastanesinde tedavi olduğu, erken doğum yaptığı, çocuğunun vefat ettiği, bu sırada davalı eşinin davacıyla ilgilenmediği, yanında olmadığı, bu olaylardan sonra tarafların evliliklerine devam ettiği, ancak erkeğin, çocuklarının vefat yıl dönümünde eskorta gittiği, bu durumu kabul ettiği, t…",YARGITAY KARARI
429,15.4,Yargıtay,2,2022/6573,2958,2023-06-06,gebe×6 | travma×4 | cenin/düşük,"…n birlikteliğini davacıya itiraf ettiği, davacının bu sırada hamile olduğu ve rahatsızlandığı, bu yüzden Ege Üniversitesi Hastanesinde tedavi olduğu, erken doğum yaptığı, çocuğunun vefat ettiği, bu sırada davalı eşinin davacıyla ilgilenmediği, yanında olmadığı, bu olaylardan sonra tarafların evliliklerine devam ettiği, ancak erkeğin, çocuklarının vefat yıl dönümünde eskorta gittiği, bu durumu kabul ettiği, t…",YARGITAY KARARI
430,15.3,Yargıtay,17,2016/5910,56,2019-01-14,gebe×1 | travma×3 | cenin/düşük | trafik/iş kaz,"…u, müvekkilinin kusuru bulunmadığını, kazada müvekkilleri ... ve eşi ...’ün yaralandığını, kaza anında 1,5 aylık hamile olan ...'ün kazanın etkisiyle düşük yaptığını, bunlarla beraber kaza anında ...’ün kafasından da darbe aldığını, almış olduğu darbe sonucu yüzünde elle hissedilebilir kalıcı izler kaldığını, müvekkili ...'e ait olan aracın değer kaybına uğradığını belirterek müvekkili ... için 25.000,00 T…",YARGITAY KARARI
431,15.3,Yargıtay,CG,2020/35,664,2023-12-13,gebe×5 | travma×8 | TCK 87/88,"…ında mülga 353 sayılı Askeri Mahkemeler Kuruluşu ve Yargılama Usulü Kanunu'nun 8 ve 95. maddeleri uyarınca görevi kötüye kullanma suçundan soruşturma emri verildiği, Gölcük Donanma Komutanlığı Askeri Savcılığınca Donanma Komutanlığına hitaben düzenlenen 29.07.2015 tarihli ve 423 sayılı yazı ile; görevi kötüye kullanmak suçundan sanık hakkında yürütülmekte olan soruşturma sırasında sanığın bilişim sis…",YARGITAY KARARI
432,15.2,Yargıtay,12,2019/10119,2255,2021-03-03,gebe×22 | travma×5 | illiyet×6,"…adığının şüpheye yer bırakmayacak şekilde tespit edilmediği anlaşılmakla, dosyanın bir kez de Adli Tıp Kurumu Genel Kuruluna gönderilmesi ile bebeğin ölü doğumu ile sanığın eylemi arasında uygun illiyet bağının bulunup bulunmadığına ilişkin ayrıntılı raporun düzenlenmesinin sağlanması ile neticesine göre sanığın hukuki durumunun takdir ve tayininin gerektiğinin gözetilmemesi, Kabul ve uygulamaya göre ise,…",YARGITAY KARARI
433,15.2,Yargıtay,17,2014/10846,9217,2016-10-24,gebe×2 | travma×2 | cenin/düşük | trafik/iş kaz,"…n idaresindeki araca çarpmasıyla oluşan kazada davacıların yaralandığını, davacı ...&#39;ın yaralanması sonucu 6 aylık hamileliğinin son bulduğunu ve düşük yaptığını, davacıların ilk bebeklerini bu kaza nedeniyle kaybettiklerini, yaralanmaları nedeniyle uzunca tedavi görüp masraf yaptıklarını, çalışamayıp gelir kaybına uğradıklarını, manevi zarara uğradıklarını, araçlarının pert olduğunu ve sigortacıdan al…",TAZMİNAT DAVASI - YARALAMALI TRAFİK KAZASI - MANEVİ TAZMİNATIN TAKDİRİNDE ÖZEL HALLER DİKKATE ALINARAK HAK VE NESAFET KURALLARI ÇERÇEVESİNDE HÜKÜM KURULMUŞ OLMASI - YERİNDE GÖRÜLMEYEN TÜM TEMYİZ İTİRA
434,15.2,Yargıtay,2,2024/224,8553,2024-11-11,gebe×2 | travma×7 | cenin/düşük,"…i küçümsediğini \""senin vasfın ne vizyonun ne bu eve ne gibi bir katkın var gibi\"" beyanlarda bulunduğunu, müvekkilinin 2 kez hamile kalmasına rağmen düşük yaptığı için tarafların müşterek çocuğunun bulunmadığını, müvekkili hamile kaldığı ilk yıllarda davacının erken olduğunu, kendini hazır hissetmediğini söylediğini, müvekkilinin aldığı arabanın anahtarını kargo ile davacıya gönderdiğini, davacının eczane…",YARGITAY KARARI
435,15.2,Sayıştay,STK,,44039,2018-01-31,gebe×2 | travma×1 | illiyet×3 | cenin/düşük,"…lan harcamaların bütçe ilke ve esaslarına, kanun, tüzük ve yönetmelikler ile diğer mevzuata uygunluğundan; asli bir gerçekleştirme belgesi olan ödeme emri belgesini düzenleyen sıfatıyla imzalayan gerçekleştirme görevlileri de, düzenlediği belge ile birlikte harcama sürecindeki diğer belgelerin doğruluğundan ve mevzuata uygunluğundan harcama yetkilisi ile birlikte sorumludurlar. Dolayısıyla ilgilinin…",İŞÇİLERİN MAAŞ ÖDEMELERİNDE 01.03.2005 TARİHİNDEN SONRA İŞE GİRECEKLERE UYGULANACAK ÜCRET SKALASI OLAN EK 1/B YERİNE BU TARİHTEN ÖNCE İŞE GİRENLERE UYGULANACAK OLAN EK 1/A ÜCRET SKALASININ UYGULANMASI
436,15.2,Yargıtay,2,2023/5284,1725,2024-03-13,gebe×2 | travma×7 | cenin/düşük,"…aşvurularının ziynet alacağı yönünden işin esası incelenmeksizin kabulü ile İlk Derece Mahkemesi hükmünün bu yönden kaldırılarak açıklanan sebeplerle emredici usul kurallarına uygun olarak hüküm tesis edilmesi için dosyanın İlk Derece Mahkemesine gönderilmesine, taraf vekillerinin boşanma ve fer'îlerine yönelik sair istinaf taleplerinin esastan reddine karar verilmiştir. Bölge Adliye Mahkemesi kararı…",YARGITAY KARARI
437,15.2,Yargıtay,12,2013/1211,24197,2013-11-01,gebe×2 | travma×1 | illiyet×3 | cenin/düşük,"…cu down sendromu riskinin yüksek çıkması nedeniyle, 14.02.2008 tarihinde amniosentez işleminin uygulandığı, daha sonra 19.02.2008 tarihinde katılanın düşük yaptığı, katılanın, sanık doktorun söz konusu işlem sırasında kendisinden 3 adet iğne ile 3'er defadan 9 defa sıvı almaya çalıştığını, ancak alamadığını beyan ettiği, sanığın ise soruşturma aşamasında alınan beyanında; ambien sıvısını 9 farklı yerden iğ…",TAKSİRLE YARALAMA SUÇU - SANIĞIN TIBBİ AÇIDAN KUSURLU BULUNUP BULUNMADIĞININ SAVUNMASI - SANIĞIN EYLEMİ İLE MEYDANA GELEN SONUÇ ARASINDA İLLİYET BAĞI BULUNUP BULUNMADIĞININ TESPİTİ - HÜKMÜN BOZULMASI
438,15,A.İ.H.M.,A.İ.H.M.,1996/32446,,2004-11-02,gebe×2 | travma×8 | illiyet×1 | TCK 87/88,"…i olduğuna, ancak derogasyona göre bunun Adana ilini kapsamadığına işaret eder. Fakat, başvuranın yakalanıp alıkonulması Adana Cumhuriyet Savcısı'nın emri ile Adana'da gerçekleşmiştir. 69. Bu davada AİHM, söz konusu derogasyonun bölgesel kapsamını değerlendirirken, bu derogasyonun etkisini derogasyonun içeriğinde açıkça beyan edilmemiş bir bölgeyi de kapsayacak şekilde ele aldığı takdirde, 15. madden…",ABDÜLSAMET YAMAN - TÜRKİYE DAVASI
439,15,Yargıtay,CG,2020/346,527,2020-12-17,gebe×2 | travma×85 | TCK 87/88,"…ıvası ile birlikte kesilerek alındığının bildirildiği, İzmir Adli Tıp Grup Başkanlığınca düzenlenen 07.05.2012 tarihli raporda; maktulün kanında 0,15 promil alkol bulunduğu, kanda ve idrarda uyuşturucu madde kalıntısına rastlanılmadığı tespitlerine yer verildiği,, Isparta Emniyet Müdürlüğü Olay Yeri İnceleme ve Kimlik Tespit Şube Büro Amirliğince düzenlenen 16.05.2012 tarihli uzmanlık raporunda; olay…",YARGITAY KARARI
440,14.9,Yargıtay,16,2019/11091,5748,2020-11-05,gebe×1 | travma×21 | illiyet×7,…ulduğu görülmektedir. 1632 sayılı Askeri Ceza Kanunu 41/3-B maddesinde de TCK’nın 220/5. maddesine paralel bir düzenlemeye yer verilmiştir. Bağlayıcı emrin yerine getirilmesi kapsamında astların hukuki sorumluluğu: Ayrıntılarına Dairenin 09.12.2019 tarih ve 2019/6765-2019/8453 karar sayılı kararında yer verildiği üzere: 5237 sayılı TCK'nın benimsediği suç teorisine göre: tipe uygun ve hukuka aykırı f…,YARGITAY KARARI
441,14.8,Yargıtay,7,2015/5683,4546,2016-02-26,gebe×6 | travma×1 | illiyet×1 | cenin/düşük,"…me göre işçinin dört aya kadar ücreti tutarında bir ücretten başka yoksun bırakıldığı haklarını da talep imkânı bulunmaktadır. Söz konusu fıkra metni emredici nitelikte olduğundan, anılan hükme aykırı olan sözleşme kuralları geçersizdir. Geçersizlik nedeniyle ortaya çıkan kural boşluğu eşit davranma ilkesinin gereklerine uygun olarak doldurulmalıdır. Eşit davranma borcuna aykırılığı ispat yükü işçide…",YARGITAY KARARI
442,14.8,Yargıtay,12,2023/2412,3409,2024-06-26,gebe×8 | travma×6 | illiyet×6,"…adığının şüpheye yer bırakmayacak şekilde tespit edilmediği anlaşılmakla, dosyanın bir kez de Adli Tıp Kurumu Genel Kuruluna gönderilmesi ile bebeğin ölü doğumu ile sanığın eylemi arasında uygun illiyet bağının bulunup bulunmadığına ilişkin ayrıntılı raporun düzenlenmesinin sağlanması ile neticesine göre sanığın hukuki durumunun takdir ve tayini gereğiyle bozulmasına karar verildiği, bozma ilamına uyularak…",YARGITAY KARARI
443,14.8,Yargıtay,7,2014/12859,19854,2014-10-30,gebe×6 | travma×3 | cenin/düşük,"…me göre işçinin dört aya kadar ücreti tutarında bir ücretten başka yoksun bırakıldığı haklarını da talep imkânı bulunmaktadır. Söz konusu fıkra metni emredici nitelikte olduğundan, anılan hükme aykırı olan sözleşme kuralları geçersizdir. Geçersizlik nedeniyle ortaya çıkan kural boşluğu eşit davranma ilkesinin gereklerine uygun olarak doldurulmalıdır. Somut olayda, davacı kendisine ayrımcılık yapıldığ…",YARGITAY KARARI
444,14.7,Yargıtay,2,2022/11015,2091,2023-05-03,gebe×1 | travma×7 | cenin/düşük,"…i ve yakın akrabaları olduğunu, beyanlarını kabul etmediklerini, kadının ortak konutu terk ettiğini ve kusurlu olduğunu, hastane kayıtlarında kadının düşük yaptığına ilişkin bir kaydın bulunmadığını, maddî ve manevî tazminat ile nafakaya hükmedilmesinin hatalı olduğunu, miktarlarının yüksek olduğunu ve kaldırılmasını, aksi halde miktarlarının indirilmesi gerektiğini beyanla, asıl davanın kabulü ile karşı d…",YARGITAY KARARI
445,14.6,Yargıtay,2,2023/9943,7117,2024-10-09,gebe×2 | travma×4 | illiyet×1 | cenin/düşük,"…ak dayanmadığından erkeğe yüklenen kusurlardan çıkarılması gerektiği, gerçekleşen ve mahkemece belirlenene göre erkeğe \""eşi hamileyken rahatsızlanıp düşük yaptığında ilgilenmediği, eşi ailesinin yanına ziyarete gittiğinde arayıp sormadığı ve ilgilenmediği, ekonomik olarak eşine destek olmadığı, evin ihtiyaçlarını yeterince karşılamadığı ve en son evin anahtarını alıp eşini evde tek başına bırakarak kendi…",YARGITAY KARARI
446,14.6,Danıştay,10,2022/1680,4813,2025-10-27,gebe×74 | travma×2 | illiyet×7,"…ve normal doğumun hatalı olduğunun göstergesi olduğu, idarenin kusurunu gizlemek adına bebeğin doğumdan sonra tartılamadığının kayıt altına alındığı, ölü doğumun da kayıtlara canlı doğum olarak yansıtıldığı, hastane kayıtlarının incelenmesinden ...'nın uzun süre içerde kalması nedeniyle solunum güçlüğü yaşadığının, olayda idarenin kusuru bulunduğunun görüleceği, bebekte meydana gelen engellilik halinin doğ…",DANIŞTAY KARARI
447,14.6,Yargıtay,2,2022/9533,273,2023-01-18,gebe×2 | travma×6 | cenin/düşük,"…valının müvekkilinin zorla ailesinin yanına köye sık sık götürdüğünü, hakaret ve tehdit ettiğini, şiddet uyguladığını, küfrettiğini, hamileliğinde ve düşük yaptığı dönemlerde yanında olmadığını ve ilgilenmediğini, son fiili ayrılıkta kapı kilidini değiştirerek evi boşalttığını iddia ederek tarafların evlilik birliginin temelinden sarsılması sebebi ile boşanmalarına, ortak çocupun velâyetinin müvekkiline ve…",YARGITAY KARARI
448,14.5,A.İ.H.M.,A.İ.H.M.,2013/8228,,2018-12-04,gebe×3 | travma×5 | cenin/düşük,"…başlığı altında, başvuran ile ilgili bir tıbbi rapor yayımlanmıştı. Makalede, başvuranın, çevik kuvvetin elinde kötü muameleye maruz kaldıktan sonra düşük yaptığı yönündeki iddialarının aksine, söz konusu rapor kapsamında, ilgilinin vücudunda darp ve yara izi bulunmadığı sonucuna varıldığı belirtilmekteydi. &nbsp; 9. Başvuran 3 Şubat 2011 tarihinde, Bakırköy Cumhuriyet Savcısına (&ldquo;Cumhuriyet Savcısı…",EZGİ ÖZEN - TÜRKİYE DAVASI
449,14.2,Yargıtay,7,2014/16097,23029,2014-12-22,gebe×6 | travma×2 | cenin/düşük,"…me göre işçinin dört aya kadar ücreti tutarında bir ücretten başka yoksun bırakıldığı haklarını da talep imkânı bulunmaktadır. Söz konusu fıkra metni emredici nitelikte olduğundan, anılan hükme aykırı olan sözleşme kuralları geçersizdir. Geçersizlik nedeniyle ortaya çıkan kural boşluğu eşit davranma ilkesinin gereklerine uygun olarak doldurulmalıdır. Eşit davranma borcuna aykırılığı ispat yükü işçide…",İŞÇİ ALACAKLARI DAVASI - DİĞER ALACAKLARIN FAİZLERİNİN DOĞDUKLARI TARİHTEN İTİBAREN HÜKÜM ALTINA ALINMASI GEREĞİ - DAVA VE ISLAH TARİHLERİNE GÖRE İŞLEYECEK EN YÜKSEK BANKA MEVDUAT FAİZ ORANIYLA BİRLİK
450,14.2,Yargıtay,9,2016/19747,17312,2019-10-03,gebe×6 | travma×2 | cenin/düşük,"…me göre işçinin dört aya kadar ücreti tutarında bir ücretten başka yoksun bırakıldığı haklarını da talep imkânı bulunmaktadır. Söz konusu fıkra metni emredici nitelikte olduğundan, anılan hükme aykırı olan sözleşme kuralları geçersizdir. Geçersizlik nedeniyle ortaya çıkan kural boşluğu eşit davranma ilkesinin gereklerine uygun olarak doldurulmalıdır. Eşit davranma borcuna aykırılığı ispat yükü işçide…",YARGITAY KARARI
451,14.2,Yargıtay,22,2016/15581,15077,2017-06-21,gebe×6 | travma×2 | cenin/düşük,"…me göre işçinin dört aya kadar ücreti tutarında bir ücretten başka yoksun bırakıldığı haklarını da talep imkânı bulunmaktadır. Söz konusu fıkra metni emredici nitelikte olduğundan, anılan hükme aykırı olan sözleşme kuralları geçersizdir. Geçersizlik nedeniyle ortaya çıkan kural boşluğu eşit davranma ilkesinin gereklerine uygun olarak doldurulmalıdır. Eşit davranma borcuna aykırılığı ispat yükü işçide…",YARGITAY KARARI
452,14.2,Yargıtay,9,2017/9036,1503,2019-01-17,gebe×6 | travma×2 | cenin/düşük,"…me göre işçinin dört aya kadar ücreti tutarında bir ücretten başka yoksun bırakıldığı haklarını da talep imkânı bulunmaktadır. Söz konusu fıkra metni emredici nitelikte olduğundan, anılan hükme aykırı olan sözleşme kuralları geçersizdir. Geçersizlik nedeniyle ortaya çıkan kural boşluğu eşit davranma ilkesinin gereklerine uygun olarak doldurulmalıdır. Eşit davranma borcuna aykırılığı ispat yükü işçide…",YARGITAY KARARI
453,14.2,Yargıtay,9,2019/186,1842,2019-01-22,gebe×6 | travma×2 | cenin/düşük,"…me göre işçinin dört aya kadar ücreti tutarında bir ücretten başka yoksun bırakıldığı haklarını da talep imkânı bulunmaktadır. Söz konusu fıkra metni emredici nitelikte olduğundan, anılan hükme aykırı olan sözleşme kuralları geçersizdir. Geçersizlik nedeniyle ortaya çıkan kural boşluğu eşit davranma ilkesinin gereklerine uygun olarak doldurulmalıdır. Eşit davranma borcuna aykırılığı ispat yükü işçide…",YARGITAY KARARI
454,14.1,Yargıtay,17,2014/10568,9503,2016-10-31,gebe×1 | travma×1 | cenin/düşük | trafik/iş kaz,"…ıların yaralandıklarını, kazada yaralanan davacıların işgücü kaybına uğrayıp tedavi görmek zorunda kaldıklarını ve 8 aylık hamile olan davacı ...'nın düşük yaptığını, kaza nedeniyle oluşan maddi ve manevi zararlardan davalıların sorumlu olduğunu belirterek fazlaya ilişkin hakları saklı kalmak kaydıyla 1.000,00 TL. maddi tazminatın ve davacı ... için 30.000,00 TL. ile ... için 20.000,00 TL. manevi tazminatı…",YARGITAY KARARI
455,14,Yargıtay,13,2013/22814,22861,2014-07-03,gebe×32 | travma×1 | illiyet×7,"…dımcı Üreme Teknikleri Merkezi'ne başvurduklarını, bir çeşit tüp bebek yöntemi olan mikroenjeksiyon yöntemi ile hamile kalmasının sağlandığını, küçük Emre'nin anne karnındaki gelişiminin izlenmesi amacı ile düzenli kontrollerinin ve işlemlerinin yapıldığını, anne karnında 6. ayına gelindiğinde davalı Dr. A.. N.. tarafından Emre'nin renkli ve detaylı ultrasonunun çekildiğini ve nihayetinde 04.10.1999…",YARGITAY KARARI
456,14,Yargıtay,2,2023/7477,4370,2024-06-06,gebe×2 | travma×5 | cenin/düşük,"…ini, ihtiyaçlarını dahi karşılamadığını, hizmetçi muamelesinin yapıldığını, kadının kürtaj yaptırmadığını, çocuğun anne karnında vefat etmesi üzerine düşük yaptığını daha sonra kalan parçaların alınması için kürtaj olduğunu, bu hususun erkeğin bilgisi dahilinde yapıldığını, pornografik filmler izlediğini kadının erkeğin askerlik yaptığı yere gittiğini ancak kadını oradan kovduğunu, daha sonra kadının eltis…",YARGITAY KARARI
457,14,Yargıtay,2,2022/7064,3843,2023-09-12,gebe×2 | travma×5 | cenin/düşük,"…ları olduğunu söylediğinde eşi ve kayınvalidesinin yalancı sancıdır diye hastaneye götürmediklerini, ailesi gelip kendisini hastaneye götürdüklerinde düşük yaptığını anladıklarını ve bu sebeple kürtaj olduğunu, daha sonra müvekkili yeni ameliyattan çıkmasına rağmen karşı tarafın müvekkiline küfür ettiğini ve tokat attığını, müvekkilinin 2010 yılında yeniden hamile kaldığını, 2 aylık iken yine kanama ve ...…",YARGITAY KARARI
458,13.9,Yargıtay,3,2008/10169,9394,2011-06-28,gebe×3 | travma×4 | cenin/düşük,"…rgıtay Ceza Genel Kurulunun istikrarlı uygulamaları ve özel ceza dairelerinin buna uyum gösteren kararlarında belirtildiği üzere gebe olan mağdurenin düşük yapmasına neden olan yaralama eyleminden ceza hükmü tesis edilirken temel cezanın 5237 sayılı TCK'nun 86/1 maddesi uyarınca tayininden sonra artırım ve indirim uygulamalarının tatbiki sonucu netice cezanın belirlenmesi gerektiğinin gözetilmemesi, 3-Sanı…",YARGITAY KARARI
459,13.8,Danıştay,10,2022/6873,7130,2024-12-26,gebe×2 | travma×6 | illiyet×1 | TCK 87/88,"…konusu ve sonuçları hakkında muayenehanede bilgilendirileceğine ilişkin kısmı dayanağı 1219 sayılı Kanun'un 12. maddesinin üçüncü fıkrasında yer alan emredici hükme paralel olarak düzenlenmiş olmakla birlikte, söz konusu cümlenin devamında ve dava konusu edilen kısmında, hastanın bilgilerinin tedavi olacağı tıp merkezine, Muayene Bilgi Yönetim Sistemi (MBYS) üzerinden gönderileceği de kurala bağlanmı…",DANIŞTAY KARARI
460,13.8,Danıştay,10,2022/6952,7135,2024-12-26,gebe×2 | travma×6 | illiyet×1 | TCK 87/88,"…konusu ve sonuçları hakkında muayenehanede bilgilendirileceğine ilişkin kısmı dayanağı 1219 sayılı Kanun'un 12. maddesinin üçüncü fıkrasında yer alan emredici hükme paralel olarak düzenlenmiş olmakla birlikte, söz konusu cümlenin devamında ve dava konusu edilen kısmında, hastanın bilgilerinin tedavi olacağı tıp merkezine, Muayene Bilgi Yönetim Sistemi (MBYS) üzerinden gönderileceği de kurala bağlanmı…",DANIŞTAY KARARI
461,13.8,Danıştay,10,2022/7531,7310,2024-12-27,gebe×2 | travma×6 | illiyet×1 | TCK 87/88,"…ayenehanede bilgilendirileceği kısmına ilişkin olarak; söz konusu hükmün dayanağı olan 1219 sayılı Kanun'un 12. maddesinin üçüncü fıkrasında yer alan emredici hükme paralel olarak düzenlendiği anlaşılmakta olup, dava konusu düzenlemenin anılan kısmında hukuka ve üst hukuk kurallarına aykırılık bulunmamaktadır. 2) Bununla birlikte, dava konusu beşinci cümlenin devamında, hastanın bilgilerinin tedavi o…",DANIŞTAY KARARI
462,13.8,Danıştay,10,2022/6825,7121,2024-12-26,gebe×2 | travma×6 | illiyet×1 | TCK 87/88,"…konusu ve sonuçları hakkında muayenehanede bilgilendirileceğine ilişkin kısmı dayanağı 1219 sayılı Kanun'un 12. maddesinin üçüncü fıkrasında yer alan emredici hükme paralel olarak düzenlenmiş olmakla birlikte, söz konusu cümlenin devamında ve dava konusu edilen kısmında, hastanın bilgilerinin tedavi olacağı tıp merkezine, Muayene Bilgi Yönetim Sistemi (MBYS) üzerinden gönderileceği de kurala bağlanmı…",DANIŞTAY KARARI
463,13.8,Danıştay,10,2022/6875,7132,2024-12-26,gebe×2 | travma×6 | illiyet×1 | TCK 87/88,"…konusu ve sonuçları hakkında muayenehanede bilgilendirileceğine ilişkin kısmı dayanağı 1219 sayılı Kanun'un 12. maddesinin üçüncü fıkrasında yer alan emredici hükme paralel olarak düzenlenmiş olmakla birlikte, söz konusu cümlenin devamında ve dava konusu edilen kısmında, hastanın bilgilerinin tedavi olacağı tıp merkezine, Muayene Bilgi Yönetim Sistemi (MBYS) üzerinden gönderileceği de kurala bağlanmı…",DANIŞTAY KARARI
464,13.8,Danıştay,10,2022/6787,7115,2024-12-26,gebe×2 | travma×6 | illiyet×1 | TCK 87/88,"…konusu ve sonuçları hakkında muayenehanede bilgilendirileceğine ilişkin kısmı dayanağı 1219 sayılı Kanun'un 12. maddesinin üçüncü fıkrasında yer alan emredici hükme paralel olarak düzenlenmiş olmakla birlikte, söz konusu cümlenin devamında ve dava konusu edilen kısmında, hastanın bilgilerinin tedavi olacağı tıp merkezine, Muayene Bilgi Yönetim Sistemi (MBYS) üzerinden gönderileceği de kurala bağlanmı…",DANIŞTAY KARARI
465,13.8,Danıştay,10,2022/6887,7327,2024-12-27,gebe×2 | travma×6 | illiyet×1 | TCK 87/88,"…yenehanede bilgilendirileceği kısmına ilişkin olarak; söz konusu hükmün, dayanağı olan 1219 sayılı Kanun'un 12. maddesinin üçüncü fıkrasında yer alan emredici hükme paralel olarak düzenlendiği anlaşılmakta olup, dava konusu düzenlemenin anılan kısmında hukuka ve üst hukuk kurallarına aykırılık bulunmamaktadır. 2) Bununla birlikte, dava konusu beşinci cümlenin devamında, hastanın bilgilerinin tedavi o…",DANIŞTAY KARARI
466,13.8,Danıştay,10,2022/6866,7125,2024-12-26,gebe×2 | travma×6 | illiyet×1 | TCK 87/88,"…konusu ve sonuçları hakkında muayenehanede bilgilendirileceğine ilişkin kısmı dayanağı 1219 sayılı Kanun'un 12. maddesinin üçüncü fıkrasında yer alan emredici hükme paralel olarak düzenlenmiş olmakla birlikte, söz konusu cümlenin devamında ve dava konusu edilen kısmında, hastanın bilgilerinin tedavi olacağı tıp merkezine, Muayene Bilgi Yönetim Sistemi (MBYS) üzerinden gönderileceği de kurala bağlanmı…",DANIŞTAY KARARI
467,13.8,Danıştay,10,2022/6789,7117,2024-12-26,gebe×2 | travma×6 | illiyet×1 | TCK 87/88,"…konusu ve sonuçları hakkında muayenehanede bilgilendirileceğine ilişkin kısmı dayanağı 1219 sayılı Kanun'un 12. maddesinin üçüncü fıkrasında yer alan emredici hükme paralel olarak düzenlenmiş olmakla birlikte, söz konusu cümlenin devamında ve dava konusu edilen kısmında, hastanın bilgilerinin tedavi olacağı tıp merkezine, Muayene Bilgi Yönetim Sistemi (MBYS) üzerinden gönderileceği de kurala bağlanmı…",DANIŞTAY KARARI
468,13.8,Danıştay,10,2022/6872,7129,2024-12-26,gebe×2 | travma×6 | illiyet×1 | TCK 87/88,"…konusu ve sonuçları hakkında muayenehanede bilgilendirileceğine ilişkin kısmı dayanağı 1219 sayılı Kanun'un 12. maddesinin üçüncü fıkrasında yer alan emredici hükme paralel olarak düzenlenmiş olmakla birlikte, söz konusu cümlenin devamında ve dava konusu edilen kısmında, hastanın bilgilerinin tedavi olacağı tıp merkezine, Muayene Bilgi Yönetim Sistemi (MBYS) üzerinden gönderileceği de kurala bağlanmı…",DANIŞTAY KARARI
469,13.8,Danıştay,10,2022/6871,7128,2024-12-26,gebe×2 | travma×6 | illiyet×1 | TCK 87/88,"…konusu ve sonuçları hakkında muayenehanede bilgilendirileceğine ilişkin kısmı dayanağı 1219 sayılı Kanun'un 12. maddesinin üçüncü fıkrasında yer alan emredici hükme paralel olarak düzenlenmiş olmakla birlikte, söz konusu cümlenin devamında ve dava konusu edilen kısmında, hastanın bilgilerinin tedavi olacağı tıp merkezine, Muayene Bilgi Yönetim Sistemi (MBYS) üzerinden gönderileceği de kurala bağlanmı…",DANIŞTAY KARARI
470,13.8,Danıştay,10,2022/6786,7114,2024-12-26,gebe×2 | travma×6 | illiyet×1 | TCK 87/88,"…konusu ve sonuçları hakkında muayenehanede bilgilendirileceğine ilişkin kısmı dayanağı 1219 sayılı Kanun'un 12. maddesinin üçüncü fıkrasında yer alan emredici hükme paralel olarak düzenlenmiş olmakla birlikte, söz konusu cümlenin devamında ve dava konusu edilen kısmında, hastanın bilgilerinin tedavi olacağı tıp merkezine, Muayene Bilgi Yönetim Sistemi (MBYS) üzerinden gönderileceği de kurala bağlanmı…",DANIŞTAY KARARI
471,13.8,Danıştay,10,2022/6860,7122,2024-12-26,gebe×2 | travma×6 | illiyet×1 | TCK 87/88,"…konusu ve sonuçları hakkında muayenehanede bilgilendirileceğine ilişkin kısmı dayanağı 1219 sayılı Kanun'un 12. maddesinin üçüncü fıkrasında yer alan emredici hükme paralel olarak düzenlenmiş olmakla birlikte, söz konusu cümlenin devamında ve dava konusu edilen kısmında, hastanın bilgilerinin tedavi olacağı tıp merkezine, Muayene Bilgi Yönetim Sistemi (MBYS) üzerinden gönderileceği de kurala bağlanmı…",DANIŞTAY KARARI
472,13.7,Yargıtay,3,2023/12611,6359,2023-09-28,gebe×1 | travma×55 | illiyet×6,"…aşam alanlarımızın talanına izin vermeyeceğiz. Gezi Parkı'ndaki direnişten başlayarak halkın demokratik hak kullanımını engelleyen, şiddetle bastırma emrini veren, bu emri uygulatan, yüzlerce insanın yaralanmasına neden olan sorumlular, başta ... valisi, Emniyet genel müdürü olmak üzere derhal istifa etmelidir. Gaz bombası kullanılması yasaklanmalıdır. Ülkenin dört bir yanında direnişe katıldığı için…",YARGITAY KARARI
473,13.7,Yargıtay,3,2023/16986,2369,2024-02-20,gebe×1 | travma×12 | illiyet×6,"…suçlardan cezalandırılmaları imkânı bulunmamaktadır. Konusu suç teşkil eden emir hiçbir surette yerine getirilemez. Aksi takdirde yerine getiren ile emri veren sorumlu olur (1982 Anayasasının 137/2, 5237 sayılı Türk Ceza Kanunu’nun 24/3. maddesi). Askeri hizmete müteallik hususlarda verilen emir bir suç teşkil ederse bu suçun işlenmesinden emri veren mesuldür. Ancak amirin emrinin adli ve askeri bir…",YARGITAY KARARI
474,13.7,Yargıtay,1,2023/572,747,2025-02-05,gebe×5 | travma×2 | cenin/düşük,"…revlilerin sanığın ve yanındaki çantasını sedyeye koyup acile götürdükleri ve acildeki doktorun vaginal kanama nedeniyle sanığın, çocuk doğurmuş veya düşük yapmış olabileceğini tespit etmesi üzerine ilgili servise yönlendirdiği, görevlilerin çocuk sesi duyduklarını söylemeleri üzerine bebeğin sanığın yanındaki çantada bulunduğu, tanık ...'in beyanına göre doğduğunda çocuğun nefes aldığı ancak solunum sıkın…",YARGITAY KARARI
475,13.6,Yargıtay,9,2017/9096,7347,2019-04-01,gebe×6 | travma×1 | cenin/düşük,"…me göre işçinin dört aya kadar ücreti tutarında bir ücretten başka yoksun bırakıldığı haklarını da talep imkânı bulunmaktadır. Söz konusu fıkra metni emredici nitelikte olduğundan, anılan hükme aykırı olan sözleşme kuralları geçersizdir. Geçersizlik nedeniyle ortaya çıkan kural boşluğu eşit davranma ilkesinin gereklerine uygun olarak doldurulmalıdır. Eşit davranma borcuna aykırılığı ispat yükü işçide…",YARGITAY KARARI
476,13.6,Yargıtay,9,2012/8945,14146,2014-04-30,gebe×6 | travma×1 | cenin/düşük,"…me göre işçinin dört aya kadar ücreti tutarında bir ücretten başka yoksun bırakıldığı haklarını da talep imkânı bulunmaktadır. Söz konusu fıkra metni emredici nitelikte olduğundan, anılan hükme aykırı olan sözleşme kuralları geçersizdir. Geçersizlik nedeniyle ortaya çıkan kural boşluğu eşit davranma ilkesinin gereklerine uygun olarak doldurulmalıdır. Eşit davranma borcuna aykırılığı ispat yükü işçide…",YARGITAY KARARI
477,13.6,Yargıtay,9,2009/40818,4135,2012-02-15,gebe×6 | travma×1 | cenin/düşük,"…me göre işçinin dört aya kadar ücreti tutarında bir ücretten başka yoksun bırakıldığı haklarını da talep imkanı bulunmaktadır. Söz konusu fıkra metni emredici nitelikte olduğundan, anılan hükme aykırı olan sözleşme kuralları geçersizdir. Geçersizlik nedeniyle ortaya çıkan kural boşluğu eşit davranma ilkesinin gereklerine uygun olarak doldurulmalıdır. Eşit davranma borcuna aykırılığı ispat yükü işçide…",EŞİT DAVRANMA İLKESİNİN İHLALİNİN TESPİTİ İSTEMİ - İŞVERENİN GÜVENLİKÇİYİ KIDEMLİ GÜVENLİK GÖREVLİSİ OLARAK ATAMASI - EŞİT DAVRANMAMA TAZMİNATININ EŞİTLİĞE AYKIRI OLARAK ATAMANIN YAPILDIĞI TARİHTEKİ Ü
478,13.6,Yargıtay,9,2011/43914,30924,2013-11-26,gebe×6 | travma×1 | cenin/düşük,"…me göre işçinin dört aya kadar ücreti tutarında bir ücretten başka yoksun bırakıldığı haklarını da talep imkânı bulunmaktadır. Söz konusu fıkra metni emredici nitelikte olduğundan, anılan hükme aykırı olan sözleşme kuralları geçersizdir. Geçersizlik nedeniyle ortaya çıkan kural boşluğu eşit davranma ilkesinin gereklerine uygun olarak doldurulmalıdır. Eşit davranma borcuna aykırılığı ispat yükü işçide…",YARGITAY KARARI
479,13.6,Yargıtay,9,2020/7393,3768,2021-02-15,gebe×6 | travma×1 | cenin/düşük,"…iddia ederek, davalılar arasındaki hizmet alım sözleşmesinin muvazaalı olduğunun kabulü ile müvekkilinin en başından beri davalı ... Zabıta Müdürlüğü emrinde zabıta memuru olduğunun tespitine; 02.03.2006 tarihinden dava tarihine kadar ücret farkları, ikramiye, ödenekler, tazminatlar, yıllık izin harçlıkları, bayram harçlıkları gibi mahrum bırakıldığı haklar, İş Kanunu&rsquo;nun 5. maddesi gereğince e…",ALACAK DAVASI - DAVACI İŞÇİ ZABITA GÖREVLİSİ OLARAK BAŞTAN İTİBAREN BELEDİYE İŞÇİSİ SAYILDIĞINDAN İLAVE TEDİYE ALACAĞI DA TOPLU İŞ SÖZLEŞMESİ YERİNE ALMAKTA OLDUĞU ÜCRETİ ÜZERİNDEN HESAPLANARAK HÜKÜM 
480,13.6,Yargıtay,9,2016/34268,17873,2020-12-09,gebe×6 | travma×1 | cenin/düşük,"…me göre işçinin dört aya kadar ücreti tutarında bir ücretten başka yoksun bırakıldığı haklarını da talep imkânı bulunmaktadır. Söz konusu fıkra metni emredici nitelikte olduğundan, anılan hükme aykırı olan sözleşme kuralları geçersizdir. Geçersizlik nedeniyle ortaya çıkan kural boşluğu eşit davranma ilkesinin gereklerine uygun olarak doldurulmalıdır. &nbsp; Eşit davranma borcuna aykırılığı ispat yükü…",ALACAK DAVASI - DAVACI İŞÇİ ZABITA GÖREVLİSİ OLARAK BAŞTAN İTİBAREN BELEDİYE İŞÇİSİ SAYILDIĞINDAN İLAVE TEDİYE ALACAĞI YİNE TOPLU İŞ SÖZLEŞMESİ YERİNE ALMAKTA OLDUĞU ÜCRETİ ÜZERİNDEN HESAPLANARAK HÜKÜ
481,13.5,Danıştay,9,2024/1419,3853,2024-07-03,gebe×1 | travma×5 | cenin/düşük,"…ilik hizmeti sunduğu ... Demir Çelik Anonim Şirketinin vergi borçları nedeniyle müteselsil sorumlu sıfatıyla düzenlenen ... tarih ve ... sayılı ödeme emrinin iptali istemine ilişkindir. &nbsp; Bölge İdare Mahkemesi kararının özeti: Danıştay Dördüncü Dairesince, yetkili vergi dairesince düzenlenen ödeme emrinin iptali istemiyle açılan davada işin esasının incelenmesi gerektiği gerekçesiyle verilen boz…",ÖDEME EMRİNİN İPTALİ İSTEMİ - KAMU ALACAĞINDAN ASIL BORÇLUYLA BİRLİKTE MÜTESELSİLEN SORUMLU TUTULMASINDA HUKUKA AYKIRILIK BULUNMADIĞI AKSİ YÖNDEKİ GEREKÇEYLE ÖDEME EMRİNİ İPTAL EDEN BİM KARARINDA HUKU
482,13.5,Danıştay,9,2024/4106,5932,2024-11-05,gebe×1 | travma×5 | cenin/düşük,"…ilik hizmeti sunduğu ... Demir Çelik Anonim Şirketinin vergi borçları nedeniyle müteselsil sorumlu sıfatıyla düzenlenen ... tarih ve ... sayılı ödeme emrinin iptali istemine ilişkindir. Bölge İdare Mahkemesi kararının özeti: Danıştay Dördüncü Dairesince, yetkili vergi dairesince düzenlenen ödeme emrinin iptali istemiyle açılan davada işin esasının incelenmesi gerektiği gerekçesiyle verilen bozma kara…",DANIŞTAY KARARI
483,13.5,Danıştay,9,2024/5491,5954,2024-11-05,gebe×1 | travma×5 | cenin/düşük,"…mirlerinin iptali istemine ilişkindir. Bölge İdare Mahkemesi kararının özeti: Danıştay Dördüncü Dairesince, yetkili vergi dairesince düzenlenen ödeme emrinin iptali istemiyle açılan davada işin esasının incelenmesi gerektiği gerekçesiyle verilen bozma kararına uyularak dosyanın yeniden incelenmesi suretiyle, davacı hakkında düzenlenen sorumluluk raporunun incelenmesinden, dava konusu ödeme emri içeri…",DANIŞTAY KARARI
484,13.4,Yargıtay,1,2018/2984,7258,2021-04-20,gebe×14 | travma×2 | illiyet×6,"…erine yazılı şekilde TCK&rsquo;nin 39. maddesi kapsamında sorumlu tutularak eksik ceza tayini, &nbsp; b) &ndash; Sanık ...&rsquo;in bebeğin alınması, ölü doğum yaptırılması yönündeki teklifleri kabul etmemekle birlikte, teklif edilen para karşılığı bebeği canlı olarak doğurtarak diğer sanıklara teslim ettiği, Yüksek Sağlık Şurası kararına göre bu işlem sırasında tıbbi olarak yapması gerekenleri yapmadığı,…",KASTEN ÖLDÜRMEYE YARDIM ETME SUÇU - SANIĞIN EYLEMLERİNE UYAN GÖREVİ KÖTÜYE KULLANMA SUÇU YÖNÜNDEN GEREĞİNE TEVESSÜL EDİLMESİ YERİNE OLUŞA VE BİLİMSEL RAPORLARIN İÇERİKLERİNE UYGUN DÜŞMEYEN GEREKÇE İLE
485,13.3,Danıştay,10,2022/7055,7137,2024-12-26,gebe×1 | travma×6 | illiyet×1 | TCK 87/88,"…u ile tıbbi müdahalenin konusu ve sonuçları hakkında muayenehanede bilgilendirileceğine ilişkin kısmı 1219 sayılı Kanun'un üçüncü fıkrasında yer alan emredici hükme paralel olarak düzenlenmiş olmakla birlikte, söz konusu cümlenin devamında ve dava konusu edilen kısmında, hastanın bilgilerinin tedavi olacağı özel hastaneye, Muayene Bilgi Yönetim Sistemi (MBYS) üzerinden Bakanlıkça belirlenen form ile…",DANIŞTAY KARARI
486,13.3,Danıştay,10,2022/8891,7314,2024-12-27,gebe×1 | travma×6 | illiyet×1 | TCK 87/88,"…yenehanede bilgilendirileceği kısmına ilişkin olarak; söz konusu hükmün, dayanağı olan 1219 sayılı Kanun'un 12. maddesinin üçüncü fıkrasında yer alan emredici hükme paralel olarak düzenlendiği anlaşılmakta olup, dava konusu düzenlemenin anılan kısmında hukuka ve üst hukuk kurallarına aykırılık bulunmamaktadır. 2) Bununla birlikte, dava konusu beşinci cümlenin devamında, hastanın bilgilerinin tedavi o…",DANIŞTAY KARARI
487,13.3,Danıştay,10,2022/6993,7136,2024-12-26,gebe×1 | travma×6 | illiyet×1 | TCK 87/88,"…onusu ve sonuçları hakkında muayenehanede bilgilendirileceğine ilişkin kısmı, dayanağı 1219 sayılı Kanun'un 12. maddesinin üçüncü fıkrasında yer alan emredici hükme paralel olarak düzenlenmiş olmakla birlikte, söz konusu cümlenin devamında ve dava konusu edilen kısmında, hastanın bilgilerinin tedavi olacağı tıp merkezine, Muayene Bilgi Yönetim Sistemi (MBYS) üzerinden gönderileceği de kurala bağlanmı…",DANIŞTAY KARARI
488,13.3,Danıştay,10,2022/8220,7140,2024-12-26,gebe×1 | travma×6 | illiyet×1 | TCK 87/88,"…ayenehanede bilgilendirileceği kısmına ilişkin olarak; söz konusu hükmün dayanağı olan 1219 sayılı Kanun'un 12. maddesinin üçüncü fıkrasında yer alan emredici hükme paralel olarak düzenlendiği anlaşılmakta olup, dava konusu düzenlemenin anılan kısmında hukuka ve üst hukuk kurallarına aykırılık bulunmamaktadır. 2) Bununla birlikte, dava konusu beşinci cümlenin devamında, hastanın bilgilerinin tedavi o…",DANIŞTAY KARARI
489,13.3,A.Y.İ.M.,1,1998/289,52,1999-01-26,gebe×7 | travma×1 | illiyet×1 | TCK 87/88,"…suçlar ile kaçakçılık, resmi ihale ve alım-satımlara fesat karıştırma suçlarından birisinden mahkum olması, II- Firar, amir veya üste fiilen taarruz, emre itaatsizlikte ısrar, üste hakaret, mukavemet, fesat, isyan suçlan ile Askeri Ceza Kanununun 148 nci maddesinin (A) fıkrasında belirtilen suçlardan mahkum olmaması, III- Taksirli suçlar hariç olmak üzere, yukarıda (I) ve (Il)'de belirtilen suçların…",KADEME İLERLEMESİ YAPILMAMASI İŞLEMİNİN İPTALİ İSTEMİ - LİSANSÜSTÜ ÖĞRENİM KIDEMİNİN VERİLME USULÜ - DAVACININ DOKTORA ÖĞRENİMİ GÖRDÜĞÜ DALIN İNSANGÜCÜ TEMİN VE YETİŞTİRME PLANINDA GÖSTERİLMİŞ OLMASI 
490,13.2,A.İ.H.M.,2,2003/33860,,2013-07-09,gebe×2 | travma×7 | TCK 87/88,"…ertip olunacak ceza üçte birden yarıya kadar artırılır."" Madde 245 "" .zabıta ve ihzar memurları memuriyetlerini icrada ve mafevkinde bulunan amirinin emrini infazda kanun ve nizamın tayin ettiği ahvalde başka surette bir kimse hakkında suimuamele veya cismen eza verecek hale cüret eder yahut o kimseyi darp ve cerheylerse üç aydan üç seneye kadar hapis ve muvakkaten memuriyetten mahrumiyet cezaları il…",BOZDEMİR VE YEŞİLMEN - TÜRKİYE DAVASI
491,13.2,Yargıtay,2,2023/6675,3774,2024-05-23,gebe×4 | travma×2 | cenin/düşük,"…valı erkek vekili dava ve birleşen dava cevap dilekçelerinde özetle; kadının birlik görevlerine aykırı davrandığını, çocuk sahibi olmak istemediğini, düşük yapmadan önceki süreçte sigara kullanarak ve folik asit ilaçlarını düzenli içmeyerek gereken özeni göstermediğini, evle ilgili sorumluluklarını yerine getirmediğini, ailesinin hakaret ettiğini iddia ederek asıl davanın kabulüne birleşen davanın reddine,…",YARGITAY KARARI
492,13.1,Yargıtay,13,2012/24069,247,2013-01-14,gebe×5 | travma×1 | cenin/düşük,"…asında alınan beyanında, kendisine teslim edilen 7 adet inekten 5 adedinin gebe olduğunu kabul ederek, 2012/24069-2013/247 gebe ineklerden 4 adedinin düşük yaptığını, bu durumu veteriner hekime göstermediğini ve hayvanların kendisine geçmesinden sonra sigortalatmadığı için herhangi bir bildirimde bulunmadığını savunmuştur. Mahkemece davalının bu savunmasına itibar edilerek hüküm tesis edilmiş ise de, dosya…",YARGITAY KARARI
493,13.1,Yargıtay,13,1994/8557,2138,1994-03-04,gebe×7 | travma×6 | illiyet×5,"…i tazminatın ortaklaşa ve zincirleme davalılardan alınmasına karar verilmesini istemişlerdir. Davalılar; hastanın muayenesinde elde edilen bulgularla erken doğum yapma zorunluluğunun tespit edildiğini, doğumundan sonra 25-26 haftalık doğan bebeğin yaşama şansının az olduğunun, prematüre servisi olan fakülteye götürülebileceğinin hasta sahiplerine bildirdikleri halde kabul edilmediğini, bebeğin aspire edilip…",TAZMİNAT DAVASI - HATALI TEDAVİ NEDENİNE DAYALI TAZMİNAT İSTEMİ - ÖLMEYEN BİR BEBEĞE ÖLÜ RAPORU DÜZENLENİP VERİLDİĞİ - TIP BİLİMİNİN KABUL ETTİĞİ BÜTÜN KURALLARA UYGUN MÜDAHALE VE TEDBİRLER ALINARAK B
494,13.1,Yargıtay,9,2015/23057,21248,2018-11-22,gebe×5 | travma×1 | cenin/düşük,"…yına kadar aralıksız olarak çalıştığını, öncelikle 2009 yılında hamile iken kasa ve şarküteri olmak üzere iki reyona bakmaya zorlandığını, bu nedenle düşük yaptığını, daha sonra 2012 yılı haziran ayında 2. çocuğunun doğumundan sonra ise gece çalışması olarak tabir edilen 12:00-22:00 saatleri arasında çalışmaya zorlandığını, 08,00-18,00 saatleri arasında çalışmak istediğini belirten davacıya işe gelmemesini…",YARGITAY KARARI
495,12.9,Yargıtay,2,2020/1362,2238,2020-03-16,gebe×1 | travma×4 | cenin/düşük,"…t uyguladığı, devamlı ailesi ile birlikte yaşamaya zorladığı sağlık sorunları ile ilgilenmeyip hamile iken şiddet uygulaması sebebiyle eşinin iki kez düşük yapmasına neden olduğu gerekçesiyle asıl davanın reddi ile karşı davanın kabulü ile tarafların boşanmalarına ve ferilerine karar verilmiştir. Anılan karara karşı taraflarca temyiz kanun yoluna başvurulması üzerine, Dairemizin 05.02.2018 tarih 2016/10472…",YARGITAY KARARI
496,12.9,Yargıtay,9,2014/4384,15619,2014-05-13,gebe×1 | travma×4 | cenin/düşük,"…eçersiz kılınabilir. Bireysel veya toplu iş sözleşmesi ile altı aylık sürenin kısaltılması ya da tamamen kaldırılması mümkündür. Çünkü bu hüküm nisbi emredicidir. Söz konusu sürenin, işverenin bildirim süresine ait ücreti peşin vermek suretiyle iş sözleşmesini feshetmesi durumunda 17’nci maddedeki ihbar süreleri ile doldurulması mümkün değildir. Kanunda kıdemin esas alındığı haklarda, kıdem tazminatı…",YARGITAY KARARI
497,12.8,Danıştay,1,2019/1778,2039,2019-12-24,gebe×35 | travma×1 | illiyet×6,"…ri değerlendirmesi, sonuçta şüphelilerin lüzum-u muhakemeleri veya men-i muhakemeleri yönünde kanaatini belirterek düzenleyeceği fezlekeyi soruşturma emri veren makama teslim etmesi, yetkili kurulun da iddia konusu suçun şüphelilerle illiyet bağını irdelemek suretiyle bir karar vermesi gerekmektedir. &nbsp; Dosyanın incelenmesinden, şikayetçi Ş. K.&#39;ün gebelik takipleri farklı dış merkezlerde yapı…",MEN-İ MUHAKEME İSTEMİ - EKSİKLİKLER GİDERİLMEK SURETİYLE YENİDEN YAPILACAK SORUŞTURMA SONUCUNDA DÜZENLENECEK FEZLEKE GÖZ ÖNÜNE ALINARAK YETKİLİ KURULCA YENİ BİR KARAR VERİLMESİ GEREKTİĞİ - DOSYANIN KA
498,12.8,Yargıtay,3,2010/4084,9572,2012-03-13,gebe×2 | travma×3 | cenin/düşük,"…n hüküm temyiz edilmekle evrak okunarak; Gereği görüşülüp düşünüldü; Yerinde görülmeyen sair itirazların reddine.Ancak; 1)Katılan ...’nun darp sonucu düşük yaptığını beyan ettiği, darp sonrası düzenlenen ilk raporda gebelik şüphesinden bahsedildiği, katılan vekilinin dilekçesinde katılanın darp sonucu bebeğini kaybettiği ve bu hususların daha sonra sunacakları raporlar ile anlaşılacağını beyan ve iddia etm…",YARGITAY KARARI
499,12.8,Yargıtay,12,2018/1409,5929,2018-05-24,gebe×2 | travma×3 | cenin/düşük,"…r vermek üzere hemen işin gerçeğini araştırmaya başlar. Cumhuriyet savcısı, maddî gerçeğin araştırılması ve adil bir yargılamanın yapılabilmesi için, emrindeki adlî kolluk görevlileri marifetiyle, şüphelinin lehine ve aleyhine olan delilleri toplayarak muhafaza altına almakla ve şüphelinin haklarını korumakla yükümlüdür.” şeklindeki düzenleme karşısında, Cumhuriyet savcısının soruşturma yapmak zorund…",YARGITAY KARARI
500,12.8,Yargıtay,11,2024/2190,2314,2025-04-10,gebe×2 | travma×3 | cenin/düşük,"…talep etme hakkını haiz olduğunu, diğer bir deyişle seçimlik hakkın bu noktada intifa senetlerinin sahipleri üzerinde doğduğunu, fakat somut olayda, emrivaki ve hukuka aykırı bir şekilde bu hakkın birleşen şirketler tarafından intifa senedi sahiplerinin görüşüne dahi sunulmadan ve herhangi bir bildirimde bulunmaksızın kullanılmış ve devralan şirket bünyesinde eşdeğer haklar tanınması mümkün olmasına…",YARGITAY KARARI
501,12.7,Danıştay,10,2022/7937,7363,2024-12-27,gebe×1 | travma×5 | illiyet×1 | TCK 87/88,"…ayenehanede bilgilendirileceği kısmına ilişkin olarak; söz konusu hükmün dayanağı olan 1219 sayılı Kanun'un 12. maddesinin üçüncü fıkrasında yer alan emredici hükme paralel olarak düzenlendiği anlaşılmakta olup, dava konusu düzenlemenin anılan kısmında hukuka ve üst hukuk kurallarına aykırılık bulunmamaktadır. 2) Bununla birlikte, dava konusu beşinci cümlenin devamında, hastanın bilgilerinin tedavi o…",DANIŞTAY KARARI
502,12.7,Anayasa,GK,2014/253,,2015-01-09,gebe×1 | travma×3 | illiyet×2 | TCK 87/88,…Vekili: Av. Murat ÖZKAN 6. Başvurucu: Zeki MESTEN Vekili: Av. Kasım KUTBOĞA 7. Başvurucu: Hakan ÖZERGÜN Vekili: Av. Selçuk ÇELİK 8. Başvurucu: Mehmet Emrah KÜÇÜKAKÇA Vekili: Av. Murat ERGÜN 9. Başvurucu: Erkan DEMİR Vekili: Av. Celal ÜLGEN 10. Başvurucu: Tuna EROL Vekili: Av. Celal ÜLGEN 11. Başvurucu: Deniz Mehmet IRAK Vekili: Av. Celal ÜLGEN 12. Başvurucu: Burak ÇETİN Vekili: Av. Celal ÜLGEN 13. Ba…,ANAYASA MAHKEMESİNİN 9/1/2015 TARİHLİ VE 2014/253 SAYILI KARARI (BİREYSEL BAŞVURU)
503,12.7,Danıştay,10,2022/8274,7014,2024-12-26,gebe×1 | travma×5 | illiyet×1 | TCK 87/88,"…konusu ve sonuçları hakkında muayenehanede bilgilendirileceğine ilişkin kısmı dayanağı 1219 sayılı Kanun'un 12. maddesinin üçüncü fıkrasında yer alan emredici hükme paralel olarak düzenlenmiş olmakla birlikte, söz konusu cümlenin devamında ve dava konusu edilen kısmında, hastanın bilgilerinin tedavi olacağı tıp merkezine, Muayene Bilgi Yönetim Sistemi (MBYS) üzerinden gönderileceği de kurala bağlanmı…",DANIŞTAY KARARI
504,12.7,Danıştay,10,2023/1245,7517,2024-12-30,gebe×1 | travma×5 | illiyet×1 | TCK 87/88,"…yenehanede bilgilendirileceği kısmına ilişkin olarak; söz konusu hükmün, dayanağı olan 1219 sayılı Kanun'un 12. maddesinin üçüncü fıkrasında yer alan emredici hükme paralel olarak düzenlendiği anlaşılmakta olup, dava konusu düzenlemenin anılan kısmında hukuka ve üst hukuk kurallarına aykırılık bulunmamaktadır. 2) Bununla birlikte, dava konusu altıncı cümlenin devamında, hastanın bilgilerinin tedavi o…",DANIŞTAY KARARI
505,12.7,Danıştay,10,2023/881,7523,2024-12-30,gebe×1 | travma×5 | illiyet×1 | TCK 87/88,"…onusu ve sonuçları hakkında muayenehanede bilgilendirileceğine ilişkin kısmı, dayanağı 1219 sayılı Kanun'un 12. maddesinin üçüncü fıkrasında yer alan emredici hükme paralel olarak düzenlenmiş olmakla birlikte, söz konusu cümlenin devamında ve dava konusu edilen kısmında, hastanın bilgilerinin tedavi olacağı tıp merkezine, Muayene Bilgi Yönetim Sistemi (MBYS) üzerinden gönderileceği de kurala bağlanmı…",DANIŞTAY KARARI
506,12.7,Danıştay,10,2022/7623,7361,2024-12-27,gebe×1 | travma×5 | illiyet×1 | TCK 87/88,"…ayenehanede bilgilendirileceği kısmına ilişkin olarak; söz konusu hükmün dayanağı olan 1219 sayılı Kanun'un 12. maddesinin üçüncü fıkrasında yer alan emredici hükme paralel olarak düzenlendiği anlaşılmakta olup, dava konusu düzenlemenin anılan kısmında hukuka ve üst hukuk kurallarına aykırılık bulunmamaktadır. 2) Bununla birlikte, dava konusu beşinci cümlenin devamında, hastanın bilgilerinin tedavi o…",DANIŞTAY KARARI
507,12.7,Danıştay,10,2022/8142,7366,2024-12-27,gebe×1 | travma×5 | illiyet×1 | TCK 87/88,"…ayenehanede bilgilendirileceği kısmına ilişkin olarak; söz konusu hükmün dayanağı olan 1219 sayılı Kanun'un 12. maddesinin üçüncü fıkrasında yer alan emredici hükme paralel olarak düzenlendiği anlaşılmakta olup, dava konusu düzenlemenin anılan kısmında hukuka ve üst hukuk kurallarına aykırılık bulunmamaktadır. 2) Bununla birlikte, dava konusu beşinci cümlenin devamında, hastanın bilgilerinin tedavi o…",DANIŞTAY KARARI
508,12.7,Danıştay,10,2022/7970,7365,2024-12-27,gebe×1 | travma×5 | illiyet×1 | TCK 87/88,"…ayenehanede bilgilendirileceği kısmına ilişkin olarak; söz konusu hükmün dayanağı olan 1219 sayılı Kanun'un 12. maddesinin üçüncü fıkrasında yer alan emredici hükme paralel olarak düzenlendiği anlaşılmakta olup, dava konusu düzenlemenin anılan kısmında hukuka ve üst hukuk kurallarına aykırılık bulunmamaktadır. 2) Bununla birlikte, dava konusu beşinci cümlenin devamında, hastanın bilgilerinin tedavi o…",DANIŞTAY KARARI
509,12.7,Danıştay,10,2022/7968,7364,2024-12-27,gebe×1 | travma×5 | illiyet×1 | TCK 87/88,"…ayenehanede bilgilendirileceği kısmına ilişkin olarak; söz konusu hükmün dayanağı olan 1219 sayılı Kanun'un 12. maddesinin üçüncü fıkrasında yer alan emredici hükme paralel olarak düzenlendiği anlaşılmakta olup, dava konusu düzenlemenin anılan kısmında hukuka ve üst hukuk kurallarına aykırılık bulunmamaktadır. 2) Bununla birlikte, dava konusu beşinci cümlenin devamında, hastanın bilgilerinin tedavi o…",DANIŞTAY KARARI
510,12.7,Danıştay,10,2022/7624,7362,2024-12-27,gebe×1 | travma×5 | illiyet×1 | TCK 87/88,"…ayenehanede bilgilendirileceği kısmına ilişkin olarak; söz konusu hükmün dayanağı olan 1219 sayılı Kanun'un 12. maddesinin üçüncü fıkrasında yer alan emredici hükme paralel olarak düzenlendiği anlaşılmakta olup, dava konusu düzenlemenin anılan kısmında hukuka ve üst hukuk kurallarına aykırılık bulunmamaktadır. 2) Bununla birlikte, dava konusu beşinci cümlenin devamında, hastanın bilgilerinin tedavi o…",DANIŞTAY KARARI
511,12.6,Yargıtay,9,2023/2570,2887,2023-05-09,gebe×4 | travma×1 | cenin/düşük,"…let Hastanesinden Van Yüzüncü Yıl Üniversitesi Dursun Odabaş Tıp Merkezine sevk edildiği, burada yapılan tetkikler sonucu mağdurenin hamile olduğu ve düşük yaptığı, mağdureden, suça sürüklenen çocuk'tan ve plesantadan alınan biyolojik numunelerin yapılan incelemesi sonucu Trabzon Adli Grup Başkanlığı tarafından düzenlenen 12.05.2020 tarihli raporda ...'ın %99,99 ihtimalle erkek ceninin biyolojik babası ola…",YARGITAY KARARI
512,12.6,Yargıtay,9,2023/1603,7165,2023-05-16,gebe×4 | travma×1 | cenin/düşük,"…göre işçinin dört aya kadar ücreti tutarında bir tazminattan başka yoksun bırakıldığı haklarını da talep imkânı bulunmaktadır. Söz konusu fıkra metni emredici nitelikte olduğundan, anılan hükme aykırı olan sözleşme hükümleri geçersizdir. Geçersizlik nedeniyle ortaya çıkan kural boşluğu eşit davranma ilkesinin gereklerine uygun olarak doldurulmalıdır. 9. Yerleşik hâle gelen içtihatlar uyarınca 4857 sa…",YARGITAY KARARI
513,12.5,Yargıtay,HG,2017/2740,1496,2021-11-25,gebe×3 | travma×1 | illiyet×2 | TCK 87/88,"…ımından genel hükümlere dayalıdır ve normal bir hukuk davası olarak açılır. 15. Eş söyleyişle kendisine karşı icra takibi yapılmış olan borçlu, ödeme emrine itiraz edilmemiş veya itiraz edilmiş olmakla birlikte yerinde görülmemiş olması sebebiyle icra takibi kesinleşse dahi maddi hukuk bakımından borçlu olmadığını ileri sürebilir. Bunun için, takip devam ederken alacaklıya karşı menfi tespit davası a…",YARGITAY KARARI
514,12.3,Yargıtay,2,2023/6012,5403,2024-07-04,gebe×1 | travma×3 | cenin/düşük,"…telefonda vakit geçirdiğini, oyun oynadığını, hastalandığında ilgilenmediğini, hamileyken ilgilenmediğini, kardeşinin aşağılamasına sessiz kaldığını, düşük yaptığında ilgilenmediğini, başka kadınlarla mesajlaştığını, küfür ettiğini, ailesinin evliliğe müdahil olduğunu, her şeyi ailesine anlattığını, evlilik birliğinden doğan hiçbir sorumluluğunu yerine getirmediğini, kadını ve doğması muhtemel bebeklerini…",YARGITAY KARARI
515,12.2,Yargıtay,11,2022/7955,4390,2024-03-27,gebe×2 | travma×2 | cenin/düşük,"…uçlamaları kabul etmemiştir. 3. Katılan ve eşi olan tanık E.İ., sanığa çok güvendiklerini, tüm mali ödemelerini sanığın yaptığını, 2013 yılında ödeme emri gelince durumu anladıklarını, sanığın bunun dışında 6 aylık muhasebeci ücretini, SGK ve aidat ödemelerinin de yapılmadığını öğrendiklerini, sanığa yıllarca kızları gibi güvendikleri için şikayet etmediklerini, ancak Eylül ayında ofisin aidat borçla…",YARGITAY KARARI
516,12.2,Yargıtay,11,2020/342,6946,2021-12-08,gebe×67 | travma×4 | illiyet×4,"…Kanunu&#39;nun 26. maddesi tarafların bir sözleşmenin içeriğini kanunda öngörülen sınırlar içinde özgürce belirleyebileceğini 27. maddesi ise kanunun emredici hükümlerine, ahlaka, kamu düzenine, kişilik haklarına aykırı olan sözleşmelerin kesin olarak hükümsüz olacağını vazetmiştir. &nbsp; Keza Türk Ceza Kanunu&#39;nun 99. maddesi rızası olmaksızın bir kadının çocuğunu düşürten kişinin cezalandırılac…",TAZMİNAT DAVASI - SİGORTA POLİÇESİ EKSİKSİZ OLARAK DOSYAYA SUNULDUKTAN SONRA MAHKEMECE BİR DEĞERLENDİRME YAPILARAK SONUCA VARILMASI GEREKİRKEN TAZMİNAT KLOZUNUN VARLIĞI YADA YOKLUĞU HUSUSUNDA HİÇBİR D
517,12.2,Yargıtay,HG,2017/1905,1220,2017-10-25,gebe×2 | travma×2 | cenin/düşük,"…gelişen bu durum karşısında ve müvekkilinin sabit bir gelirinin olmaması nedeniyle tarafların davalının ailesi ile birlikte yaşadıklarını, davacının düşük yapması yönündeki iddiaların da doğru olmadığını, ziynet eşyalarının davacıdan hiçbir zaman alınmadığını, taraflar arasında herhangi bir geçimsizlik olmadığını belirterek davanın reddine karar verilmesi gerektiğini savunmuştur. Yerel Mahkemece müşterek…",YARGITAY KARARI
518,12.2,Yargıtay,2,2022/10450,1471,2024-03-05,gebe×6 | travma×2 | TCK 87/88,"…aştırma yapılmış olduğu anlaşılmakla; davacılar vekilinin tüm temyiz itirazları yerinde görülmemiştir. 2. Davalı Bakanlık vekili ve dahili davalılar Semra ve ... vekilinin temyiz itirazlarının incelenmesine gelince; 4721 sayılı Kanun'un 324 üncü maddesinin ikinci fıkrası gereğince kişisel ilişki sebebiyle çocuğun huzuru tehlikeye girerse ya da diğer önemli sebepler varsa, kişisel ilişki kurma hakkı r…",YARGITAY KARARI
519,12.2,Yargıtay,9,2015/9821,3897,2018-02-22,gebe×2 | travma×2 | cenin/düşük,"…m edildiği, Köy Hizmetleri İl Müdürlüğünün 5286 sayılı Kanun ile kapatılarak işyerlerinin İl Özel İdaresine devredildiği, davacının en son davalı ... emrinde çalıştığı ve 2012 yılında emekli olduğu anlaşılmaktadır. Bu durumda davalı idare tarafından davacının sürekli işçi kadrosuna alınması suretiyle tüm yıl benzer işlerde çalıştırılıyor olması daha önceki mevsimlik çalışmalarının niteliğini değiştir…",YARGITAY KARARI
520,12.2,Yargıtay,3,2015/11949,21067,2015-12-24,gebe×2 | travma×2 | cenin/düşük,"…""senden ev hanımı olmaz, senden kadın olmaz"" diyerek rencide ettiği, arkadaşlarının yanında azarlayarak aşağıladığı, olumsuz ortam nedeniyle kadının düşük yaptığı, sonraki hamileliği sırasında hastaneye gittiklerinde, karı koca ve her iki tarafın aileleri arasında tartışma çıktığı, hastahaneden eve dönüldükten sonra taraflar arasındaki tartışmaların devam ettiği, kocanın kayın pederine saldırdığı, çıkan k…",YARGITAY KARARI
521,12.2,Yargıtay,2,2002/15268,21390,2004-11-25,gebe×2 | travma×2 | cenin/düşük,…azığ Devlet Hastanesine sevk edildiği mağdurun 25 4 2002 tarihli celsede maddi sıkıntı nedeniyle hastaneye gidemediğini ve olaydan 6-7 gün sonra evde düşük yaptığını hazırlık beyanında da sanığın hamile olduğunu bilerek karnına tekme ile vurduğunu ileri sürmesi karşısında Sanığın eyleminin bu niteliği itibariyle TCK'nun 456/3. maddesi kapsamında değerlendirilmesi gerektiği bu halde davaya bakma ve deliller…,MÜESSİR FİİL SUÇU - SANIĞIN HAMİLE OLAN MAĞDURUN KARNINA BİLEREK TEKME ATTIĞI - EYLEMİNİN BU NİTELİĞİ İTİBARİYLE AĞIRLAŞTIRILMIŞ MÜESSİR FİİL OLARAK DEĞERLENDİRİLMESİ GEREKTİĞİ - AĞIR CEZA MAHKEMESİNİ
522,12.1,Yargıtay,4,2006/5351,16285,2006-11-15,gebe×3 | travma×1 | cenin/düşük,"…lmasının gerekmesine rağmen, muayene dahi olamadan karakola götürülerek tahkikat işlemlerine başlanılması sonucu muayene ve tedavisi geciken hastanın düşük yaptığı ve bu şekilde şüpheli polis memurlarının görevlerinde, yetkiyi kötüye kullandıkları şeklindeki iddiada, polis memuru şüphelilerin yaptıkları işlemlerin adli görev kapsamında olup, işlendiği iddia edilen bir suçun soruşturulması ve buna ilişkin i…",GÖREVDE YETKİYİ KÖTÜYE KULLANMA SUÇU - POLİS MEMURLARININ ŞİKAYET ÜZERİNE SORUŞTURMA İŞLEMLERİNE BAŞLAMALARI - ADLİ GÖREVLİLİK - GÖREV YERİNE GETİRİLİRKEN İŞLENEN KÖTÜYE KULLANMA VE SAVSAMA SUÇLARINDA
523,12.1,Uyuşmazlık Mahkemesi,CEZA,1997/1,13,1997-04-11,gebe×3 | travma×1 | cenin/düşük,"(765 S. K. m. 65, 80, 414, 418, 430, 434, 435, 465, 470) (353 S. K. m. 9, 12, 18) (2247 S. K. m. 14) OLAY: Ankara-Öncel 4. Ana Jet üs Komutanlığı emrinde görevli Astsubay Kıdemli Çavuş Sanık M.A. E.'in; 1994 yılında tanışıp, arkadaşlık kurduğu on beş yaşından küçük B.A.'yı 1995 yılı Ocak Ay'ı içerisinde kendi evine götürerek manevi cebir ile birden ziyade ırzına geçerek kızlığını bozduğu, sonrada…",ON BEŞ YAŞINDAN KÜÇÜK MAĞDURENİN ZORLA IRZINA GEÇMEK DÜŞÜK YAPTIRMAK VE FUHUŞA TEŞVİK ETMEK SUÇLARI - ASKERİ MAHKEMELERİN GÖREV ALANI - ASKERİ SUÇ KAVRAMI VE UNSURLARI - SUÇUN ASKERİ CEZA YASASINDA OL
524,11.9,Yargıtay,16,2018/4797,7819,2019-11-11,gebe×1 | travma×5 | illiyet×7,"…etmek suretiyle de iştirak edebileceği görülmektedir. Konusu suç teşkil eden emir hiçbir surette yerine getirilemez. Aksi takdirde yerine getiren ile emri veren sorumlu olur (1982 Anayasasının 137/2, 5237 sayılı Türk Ceza Kanununun 24/3. maddesi). Askeri hizmete müteallik hususlarda verilen emir bir suç teşkil ederse bu suçun işlenmesinden emri veren mesuldür. Ancak amirin emrinin adli ve askeri bir…",YARGITAY KARARI
525,11.9,Yargıtay,3,2024/16702,18463,2024-12-17,gebe×1 | travma×9 | illiyet×5,"…yine icrai bir hareketle katılması mümkün olduğu gibi garantörlük yükümlülüğünü ihmal etmek suretiyle de iştirak edebileceği görülmektedir. Bağlayıcı emrin yerine getirilmesi kapsamında astların hukuki sorumluluğu: Ayrıntılarına Dairenin 09.12.2019 tarih ve 2019/6765-2019/8453 sayılı Kararında yer verildiği üzere: 5237 sayılı TCK'nın benimsediği suç teorisine göre: tipe uygun ve hukuka aykırı fiil, f…",YARGITAY KARARI
526,11.5,Danıştay,10,2023/2140,7283,2024-12-27,gebe×1 | travma×3 | illiyet×1 | TCK 87/88,"…ayenehanede bilgilendirileceği kısmına ilişkin olarak; söz konusu hükmün dayanağı olan 1219 sayılı Kanun'un 12. maddesinin üçüncü fıkrasında yer alan emredici hükme paralel olarak düzenlendiği anlaşılmakta olup, dava konusu düzenlemenin anılan kısmında hukuka ve üst hukuk kurallarına aykırılık bulunmamaktadır. 2) Bununla birlikte, dava konusu beşinci cümlenin devamında, hastanın bilgilerinin tedavi o…",DANIŞTAY KARARI
527,11.3,Yargıtay,3,2021/3160,10579,2021-12-07,gebe×1 | travma×24 | illiyet×4,…etmek suretiyle de iştirak edebileceği görülmektedir. Konusu suç teşkil eden emir hiçbir surette yerine getirilemez. Aksi takdirde yerine getiren ile emri veren sorumlu olur (1982 Anayasasının 137/2 ve 5237 sayılı TCK’nın 24/3. maddeleri). Askeri hizmete müteallik hususlarda verilen emir bir suç teşkil ederse bu suçun işlenmesinden emri veren mesuldür. Ancak amirin emrinin adli ve askeri bir suç maks…,YARGITAY KARARI
528,11.3,Anayasa,2,2015/18372,,2019-01-09,gebe×1 | travma×8 | illiyet×5,"…t edilen ilgili olaylar özetle şöyledir: &nbsp; 6. Başvurucular, Hakkari&#39;nin Yüksekova ilçesi 7. Hudut Alayı 6. Motorize Piyade Bölük Komutanlığı emrinde piyade er olarak askerliğini ifa ederken 23/12/2014 tarihinde yaşamını yitiren 1992 doğumlu S.T.nin annesi ve kardeşleridir. &nbsp; 7. Olay hakkında yürütülen soruşturma dosyasındaki bilgi ve belgelere göre, S.T.nin 23/12/2014 tarihinde komutanl…",ANAYASA MAHKEMESİNİN 9/1/2019 TARİHLİ VE 2015/18372 SAYILI KARARI (BİREYSEL BAŞVURU)
529,11.3,Yargıtay,CG,2015/1183,182,2017-03-21,gebe×1 | travma×6 | illiyet×6,"…özel belge türleri yasa tarafından özel olarak resmi belge düzeyinde korumaya alınmıştır. Bu tür belgeler TCK 210/1. maddede gösterilmiştir. Bunlar; emre veya hamile yazılı kambiyo senedi, tahvil, hisse senedi, emtiayı temsil eden belge ve vasiyetnamedir. Belirtilen türdeki belgelerin, resmi belge sayılabilmesi için, kanunda öngörülen usul ve şekil şartlarının bulunması zorunludur. TCK 210/2. madded…",YARGITAY KARARI
530,11.2,A.İ.H.M.,A.İ.H.M.,2013/37283,,2019-09-10,gebe×4 | travma×2 | TCK 87/88,"…bakım tedbirinin kaldırılmasını gerektirecek bir durumun olmadığına hükmetmiştir. &nbsp; Bu karara karşı üst mahkemeye gidilmemiştir. &nbsp; 2. Bakım Emrine İlişkin Süreç &nbsp; İlgili belediye, 28 Kasım 2008 tarihinde, çocuğun çeşitli ihtiyaçlarına yönelik bakım becerilerinden birinci başvuranın yoksun olduğu gerekçesiyle bakım emri çıkartılmasını İlçe Sosyal Bakım Kurulundan talep etmiştir. &nbsp;…",STRAND LOBBEN VE DİĞERLERİ - NORVEÇ KARARI
531,11.1,Yargıtay,14,2011/15749,11853,2013-11-20,gebe×1 | travma×1 | cenin/düşük,…î nikâhlı evli olan sanıkların çocuk sahibi olamamaları nedeniyle gördükleri tedavi neticesinde hamile kalan sanık ...'nin suç tarihinden üç gün önce düşük yapmasının ardından 30.06.2008 günü işten çıkan her iki sanığın sokakta gördükleri üç yaşındaki mağdureyi hukuka aykırı şekilde yanlarına alarak evlerine götürdükleri ve burada konudan haberdar edilip ...'in kardeşi olan tanık ...'ın yönlendirmesiyle ma…,YARGITAY KARARI
532,11.1,Yargıtay,4,2015/9577,8509,2018-12-27,gebe×1 | travma×1 | cenin/düşük,"…nu iddia ederek uğradığı manevi zararının ve ilişkiyi öğrendiğinde 8 haftalık hamile olması nedeniyle yaşadığı üzüntü ve stresten dolayı İngiltere'de düşük yaptığını belirterek tedavi masrafları nedeniyle de maddi zararlarının giderilmesi isteminde bulunmuştur. Davalı, davanın reddi gerektiğini savunmuştur. Mahkemece; davalının, davacının kocasıyla girdiği kabul edilen ilişkinin ibraz edilen belge ve bilgi…",YARGITAY KARARI
533,11.1,Yargıtay,3,2009/25795,5734,2010-03-31,gebe×1 | travma×1 | cenin/düşük,"…rgıtay Ceza Genel Kurulunun istikrarlı uygulamaları ve özel ceza dairelerinin buna uyum gösteren kararlarında belirtildiği üzere gebe olan mağdurenin düşük yapmasına neden olan yaralama eyleminden ceza hükmü tesis edilirken temel cezanın 5237 sayılı TCK'nun 86/1 maddesi uyarınca tayininden sonra artırım ve indirim uygulamalarının tatbiki sonucu netice cezanın belirlenmesi gerektiğinin gözetilmemesi, Bozmay…",YARGITAY KARARI
534,11.1,Yargıtay,12,2013/29920,21664,2014-11-03,gebe×1 | travma×1 | cenin/düşük,"…ulanan teşdit oranının takdirinde yanılgıya düşülerek fazla cezaya hükmedilmesi, 2-Olay nedeniyle pişmanlığını dile getiren, olay anında hamile olan, düşük yapma riski nedeniyle kocası tarafından suçu üstlenilen ancak yargılama aşamasında herhangi bir olumsuzluğu saptanmayan sanık hakkında, dosya kapsamına uymayan ve cezanın ıslah amacına hizmet etmeyen gerekçelerle TCK'nın 50. maddesinin uygulanmamasına k…",YARGITAY KARARI
535,11,Danıştay,10,2019/6133,6464,2019-10-09,gebe×66 | travma×6 | illiyet×2,"…E:2013/119, K:2014/748 sayılı kararla; Adli Tıp Kurumunun 19/02/2014 tarih ve 678 sayılı Raporunda özetle; davacılardan ...&#39;ın 02/03/2011 tarihli ölü doğum yapması olayında, tıbbi belgelerde bebeğin travmatik bir tesirle öldüğüne dair delillerin bulunmadığı, &hellip;&#39;ın ikisi doğumdan hemen sonra ölüm ile sonlanan 9 normal doğum yaptığı, hastaneye başvurudan hemen sonra saat 09:00 sıralarında yapıl…",TAZMİNAT DAVASI - KİŞİLİK KAZANAMAYAN VE HAK EHLİYETİ DE BULUNMAYAN CENİNİN İLERİDE DAVACILARA DESTEK OLACAĞININ DÜŞÜNÜLMESİNE HUKUKEN İMKAN BULUNMADIĞI - TEMYİZ İSTEMİNİN KISMEN KABUL EDİLMESİ
536,11,Yargıtay,CG,2020/420,277,2021-06-15,gebe×88 | travma×174,"…urumdan detaylı olarak haberdar olduğunu, ...'la beraber Nişantaşı-Taksim taraflarında gezdikleri bir gün sanığın ofisine uğradıklarını, ...’ın biraz emrivaki bir şekilde \""Babam da baksın. Nasıl olsa doktor.\"" dediğini, o gün sanığın normal bir şekilde kendisini kontrol ettiğini, ...’ın da yan odada bulunduğunu, anormal bir durum yaşanmadığını, sanığın daha sonra kendisini tekrar muayeneye çağırdığı…",YARGITAY KARARI
537,10.7,Yargıtay,CG,2019/193,651,2022-10-20,gebe×1 | travma×112 | illiyet×1 | trafik/iş kaz,"…oğrudur. Mağdur düştükten sonra ben de balkona çıktım. Ben balkona düşmeden önce çıkmadım düştükten sonra çıktım.”, Tanık ... aşamalarda; “Soruşturma emrinde bildirilen 0534 *** 83 71 nolu hat eskiden kullanmış olduğum hattır....’yı tanırım sadece benim internette görüştüğüm bir arkadaşımdır...Daha sonra yine tarihini hatırlamadığım bir zamanda ...beni arayarak evine gittiği bir akrabasının kendisine…",YARGITAY KARARI
538,10.6,Danıştay,1,2017/798,1393,2017-07-05,gebe×8 | travma×3 | illiyet×4,"(2547 S. K. m. 53) (5271 S. K. m. 147, 233) &nbsp; Suçları: Darıca Farabi Devlet Hastanesindeki muayenesinde erken doğum riski nedeniyle acilen küvöz bulunan bir hastaneye gitmesi önerilen şikayetçi .....&#39;in otuz beş haftalık gebe olan eşi &hellip;..&#39;i bekletip adı geçene acil müdahalede bulunmayarak, gecikmeksizin sezaryene almayarak Hastaneye gelindiğinde sa…",MEN-İ MUHAKEME KARARININ İNCELENMESİ - BİLDİRİM ALINDILARI İLE BİRLİKTE İTİRAZ EDİLMESİ HALİNDE İTİRAZ DİLEKÇELERİ DE EKLENEREK DAİREYE GÖNDERİLMESİ İÇİN DOSYANIN KARAR EKLİ OLARAK KOCAELİ ÜNİVERSİTES
539,10.5,Yargıtay,CG,2019/619,180,2023-03-22,gebe×9 | travma×39,"…rşiv kayıtlarında doğum yapıldığına dair bilgi ve belgeye rastlanılmadığının belirtildiği, 18.10.2017 tarihinde CMK’nın 98. maddesi uyarınca yakalama emri çıkartılan sanığın çocuğun nitelikli cinsel istismarı suçundan 31.10.2017 tarihinde tutuklandığı, 12.02.2019 tarihinde ise Özel Dairece tahliye edildiği, Anlaşılmaktadır. Mağdur ...’in Çocuk İzlem Merkezinde Cumhuriyet savcısı tarafından 15.05.2017…",YARGITAY KARARI
540,10.4,Danıştay,15,2016/4602,1155,2017-03-13,gebe×42 | travma×7 | illiyet×1,"…Savunma verilmemiştir. Tetkik Hakimi Düşüncesi : Dava; davacılar tarafından ....Devlet Hastanesi'nde 21.01.2000 tarihinde meydana gelen çocuklarının ölü doğumu nedeniyle oluşan zararlarının tazmini istemiyle açılmış olup, İdare Mahkemesi tarafından idari hizmet kusurlu, hekim uygulamaları da hatalı bulunarak maddi ve manevi tazminat taleplerinin kabulü yönünden verilen karar Dairemiz tarafından manevi taz…",DANIŞTAY KARARI
541,10.4,Yargıtay,1,2023/1043,5543,2023-09-21,gebe×12 | travma×3 | illiyet×3,"…uya gerçekleştirerek iştirak ettiğinden bahisle kamu davası açılmıştır. Mahkemece bozma sonrası yapılan yargılama sonucu; \""Sanığın bebeğin alınması, ölü doğum yaptırılması yönündeki teklifleri kabul etmemekle birlikte, teklif edilen para karşılığı bebeği canlı olarak doğurtarak diğer sanıklara teslim ettiği sanık beyanları ve otopsi raporuyla sabittir. Sanık ...'in Yüksek Sağlık Şurası kararına göre bu iş…",YARGITAY KARARI
542,10.4,Danıştay,10,2019/6371,6208,2020-12-14,gebe×43 | travma×1 | illiyet×4,"…n, 28/10/2012 tarihinde Gaziantep Cengiz Gökçek Kadın Hastalıkları ve Doğum Hastanesi'nde (75. Yıl Kadın Hastalıkları ve Doğum Hastanesi) gerçekleşen erken doğum sonucu bebeğin hayatını kaybettiği, anne …'in ise rahminin alındığı ve meydana gelen olayların davalı idarenin hizmet kusurundan kaynaklandığı iddia edilerek, zararlarına karşılık olmak üzere her biri için 50.000,00 TL olmak üzere toplam 100.000,00…",DANIŞTAY KARARI
543,10.4,Yargıtay,4,2022/14805,6431,2023-05-15,gebe×12 | travma×3 | illiyet×3,"…nli olarak devam ettiğini, davacı ...'nın hamileliğinin 28 inci haftasında bel ağrısı şikayeti ile Zübeyde Hanım Doğumevi Hastanesine başvurduğunu ve erken doğum ihtimali nedeniyle hastaneye yattığını, bu sırada hastane görevlisi olan bir hemşirenin davacı ...'nın serumuna bir ilaç enjekte ettiğini, bu ilacın verilmesinden sonra davacı ...'nın doğum sancılarının başladığını ve davacı ...'ın dünyaya geldiğini…",YARGITAY KARARI
544,10,Yargıtay,12,2023/2409,2414,2023-07-05,gebe×2 | travma×27 | trafik/iş kaz,"…vlilerince yakalandıkları, kazadan yaklaşık 2 saat 3 dakika sonra saat 23.43 sıralarında alınan numuneye göre sanığın 169 miligram / desilitre - 1,69 promil alkollü olduğunun belirlendiği, ayrıca, sanığın (B) sınıfı sürücü belgesinin mevcut olduğunun tespit edildiği, trafik kazasının hemen ardından hastaneye kaldırılan motosiklet sürücüsü Koray'ın yapılan tüm müdahalelere rağmen kurtarılamayarak, gene…",YARGITAY KARARI
545,10,Yargıtay,12,2020/1204,662,2021-01-26,gebe×2 | travma×12 | trafik/iş kaz,"…r vermek üzere hemen işin gerçeğini araştırmaya başlar. Cumhuriyet savcısı, maddî gerçeğin araştırılması ve adil bir yargılamanın yapılabilmesi için, emrindeki adlî kolluk görevlileri marifetiyle, şüphelinin lehine ve aleyhine olan delilleri toplayarak muhafaza altına almakla ve şüphelinin haklarını korumakla yükümlüdür.&rdquo; şeklindeki düzenleme karşısında, Cumhuriyet savcısının soruşturma yapmak…",TAKSİRLE BİRDEN FAZLA KİŞİNİN YARALANMASINA NEDEN OLMA SUÇU - ŞÜPHELİNİN KUSUR DURUMUNUN TESPİTİ AMACIYLA OLUŞA UYGUN ŞEKLİNDE BİLİRKİŞİ İNCELEMESİ YAPILIP SONUCUNA GÖRE KARAR VERİLMESİ GEREKTİĞİ - HÜ
546,9.8,Yargıtay,3,2024/2955,3054,2025-05-27,gebe×19 | travma×2 | illiyet×3,"…ollerini düzenli olarak Trabzon ... Hastanesinde yaptırdığını, İstanbul&#39;a gittiği sırada rahatsızlanması sonucunda davalı hastaneye başvurduğunu, erken doğum tehlikesine karşı doğum sürecinin durdurulmasına yönelik ilaç verildiğini, sonrasında ise doktorun bilgilendirilmesinin ardından doğuma alındığını, doğum sonrasında bebekte sıra dışı davranışlar görüldüğünü, nedeninin anlaşılamadığını, davacının Tra…",TAZMİNAT İSTEMİ - BEBEĞİN YENİDOĞAN DÖNEMİNDEKİ YATIŞI SIRASINDA UYGUN TIBBİ MÜDAHALE VE TEDAVİLERİN UYGULANDIĞI BİLDİRİLMİŞ OLUP BİLİRKİŞİ RAPORLARININ YARGITAY TARAF VE MAHKEME DENETİMİNE AÇIK DENET
547,9.8,Danıştay,10,2020/1655,270,2024-02-20,gebe×63 | travma×2 | illiyet×3,"…sında hasta günlük izlem formuna yaşı gereği hastaya üçlü tarama testi ve amniyosentez tetkiki önerisinde bulunuldu şeklinde not düşüldüğü, davacının erken doğum tehdidi nedeniyle 04/05/2009 tarihinde (26. gebelik haftası) ikinci kez hastaneye yatışının yapıldığı, burada yapılan tetkiklerde USG raporunun sonuna UTT ve amniyosentez tetkiki testlerin yapılmadığı? ya da görülemediği notunun düşüldüğü, davacının…",DANIŞTAY KARARI
548,9.5,Yargıtay,2,2023/9249,7414,2024-10-15,gebe×7 | travma×10,"…talebin ve tercihin, talep eden eş yönünden kusur olarak değerlendirilemeyeceği, kadın gebeliğini sonlandırırken, erkeğin de onamını almış olması ve gebelik sonlandıktan sonra da tarafların birlikte yaşamayı sürdürmüş olmaları nedeniyle gebeliği sonlandırılması eyleminin kadına kusur olarak yüklenemeyeceği, kadına diğer atfedilen kusurlarında usulüne uygun kanıtlanamadığı, karşı dava yönünden ise; erkeğin işi i…",YARGITAY KARARI
549,9.2,Anayasa,1,2017/17026,,2020-07-22,gebe×36 | travma×3 | illiyet×2,"…İncelemekte olduğunuz karar Resmi Gazete&rsquo;de yayımlanmamış olup kararlar bilgibankasi.anayasa.gov.tr adresinden alınmıştır. &nbsp; KARAR &nbsp; EMRULLAH NUHBAŞA BAŞVURUSU &nbsp; Başvuru Numarası: 2017/17026 &nbsp; Karar Tarihi: 22/7/2020 &nbsp; Başkan: Hasan Tahsin GÖKCAN &nbsp; Üyeler: Serdar ÖZGÜLDÜR &nbsp; Hicabi DURSUN &nbsp; Muammer TOPAL &nbsp; Yusuf Şevki HAKYEMEZ &nbsp; Raportör: Eser A…",ANAYASA MAHKEMESİNİN 22/7/2020 TARİHLİ VE 2017/17026 SAYILI KARARI (BİREYSEL BAŞVURU) 
550,8.9,Danıştay,1,2018/1070,977,2018-06-06,gebe×7 | travma×3 | illiyet×3,"…ya lüzum-u muhakemeleri yönünde öneri getirmesi, tüm bilgi ve belgelerin yazılı olarak bulunduğu soruşturma dosyasını fezleke ile birlikte soruşturma emri veren makama teslim etmesi, Yetkili Kurulun da suç konusu eylemlerin şüphelilerle illiyet bağını irdelemek suretiyle bir karar vermesi gerekmektedir. &nbsp; Dosyanın incelenmesinden, şikayetçi .....&#39;e Bingöl Devlet Hastanesinde dış gebelik teşh…",MENİ MUHAKEME DAVASI - HASTANIN AĞRI VE ACISININ SPEKULUMDAN KAYNAKLANIP KAYNAKLANMADIĞI BU HUSUSLARDA HEKİM HATASI İHMALİ VEYA KUSURU OLUP OLMADIĞI HUSUSLARINI AYDINLATAN BİLİRKİŞİ RAPORU TEMİN EDİLM
551,8.5,Yargıtay,12,2023/2410,2660,2023-09-06,gebe×5 | travma×19,"…sol ön camı kırık vaziyette park halinde olduğunun görüldüğü; ayrıca, 09.02.2022 tarihinde saat 07.22'de düzenlenen alkol raporuna göre sanığın 0,72 promil alkollü olduğu, c) 09.02.2022 tarihli olay yeri inceleme raporu formunda; olayın Ahmetli Polis Merkezi Amirliği idaresi Barbaros Mahallesi Akınsoy Petrol arkasında bulunan toprak yol üzerinde meydana geldiği, toprak yol üzerinde kapsül kısmı üzeri…",YARGITAY KARARI
552,8.2,Yargıtay,CG,2004/1-47,101,2004-04-20,gebe×2 | travma×113 | illiyet×1,"…erek tüm sanıklar hakkındaki yargılamanın birlikte sürdürüldüğü, Yargıtay 1.Ceza Dairesindeki yargılama sonunda, sanıklardan Fatih Y......'ın yasanın emrini icrada aşırılığa kaçmak suretiyle kastı aşan etkili eylem sonucu adam öldürme suçundan TCY'nın 448. maddesi aracılığı ile 452/1, 49/1. maddesi aracılığı ile 50. ve 59. maddeleri uyarınca 2 sene 1 ay hapis cezası ile cezalandırılmasına, TCY'nın 50…",KASTI AŞAN ETKİLİ EYLEM SONUCU ADAM ÖLDÜRME SUÇU - AVUKATLIK ÜCRETİNİN YARGILAMA GİDERLERİNDEN OLDUĞU VE DAVA SONUNDA KARŞI TARAFA YÜKLENECEĞİ - VEKALET ÜCRETİNİN KENDİSİNİ VEKİLLE TEMSİL ETTİREN KATI
553,8.2,Yargıtay,3,2022/1559,491,2023-02-14,gebe×2 | travma×4 | illiyet×4,"…suçlardan cezalandırılmaları imkânı bulunmamaktadır. Konusu suç teşkil eden emir hiçbir surette yerine getirilemez. Aksi takdirde yerine getiren ile emri veren sorumlu olur (1982 Anayasasının 137/2, 5237 sayılı Türk Ceza Kanununun 24/3. maddesi). Askeri hizmete müteallik hususlarda verilen emir bir suç teşkil ederse bu suçun işlenmesinden emri veren mesuldür. Ancak amirin emrinin adli ve askeri bir…",YARGITAY KARARI
554,8.2,Yargıtay,12,2014/15575,21442,2014-10-31,gebe×2 | travma×2 | künt/batın,"…aracında yolcu olarak bulunan ...'ın kaza yerinde öldüğü, aynı araçta yolcu olarak bulunan ve 6 aylık hamile olan ...'in kazanın etkisiyle sezeryanla erken doğum yaptığı, dünyaya gelen ve daha sonradan ... ismi verilen bebeğin ise yaklaşık 8 saat yaşadıktan sonra, anne karnında maruz kaldığı künt travma sonucu beyin kanamasına bağlı solunum ve dolaşım yetmezliği sonucu hayatını kaybettiği olayda; sanığın ...…",YARGITAY KARARI
555,7.9,Yargıtay,3,2023/2354,338,2024-01-23,gebe×5 | travma×1 | illiyet×4,"…tedavi edilmediğini ve tıbbi olanaklara erişiminin engellendiğini, kısıtlı ağır şizofreni hastası olması nedeniyle bebeğin sakat ya da anomali ya da erken doğum tehlikesi olduğunun bilinmesine rağmen hamilelikte kullanılması kesinlikle yasak olan ilaçların kullandırıldığını, doğan bebeğin bu nedenlere bağlı olarak bir ay sonra öldüğünü, davalılardan ... ve ...Sağlık Rehabilitasyon Eğitim Merkezinin Avrupa İ…",YARGITAY KARARI
556,7.9,Yargıtay,1,2022/11785,6841,2023-11-07,gebe×5 | travma×3 | illiyet×3,"…ten öldürmeye teşebbüs suçunu işlediği anlaşılmıştır. 2. Adli Tıp Kurumu 1. İhtisas Kurulunun 24.11.2021 tarih sayılı otopsi raporuna göre; \""Bebeğin ölü doğumuyla, annenin yaralanması arasında illiyet bağı bulunduğu\"" Görüşüne yer verildiği belirlenmiştir. 3. Adli Tıp Kurumu 2. İhtisas Kurulunun 05.01.2022 tarih sayılı raporuna göre; \""Katılan ...'in yaralanmasının hayati tehlikeye neden olduğu\"" Görüşüne…",YARGITAY KARARI
557,7.8,Yargıtay,1,2022/6865,1908,2024-03-21,gebe×6 | travma×2 | illiyet×3,"…anları, olay yeri krokisi ve olay yeri inceleme tespit tutanağı içerikleri, tutanaklar, dosya içerisinde bulunan raporlar dikkate alındığında sanığın erken doğumla sağ doğurduğu bebeğin özel bakım gerektiren durumu olduğunu bildiği halde 4721 sayılı Medeni Kanun tarafından kendisine yüklenen velayet ve annelik sıfatından kaynaklanan yükümlülüklerini yerine getirmediği, bebeğin sağlığını koruma, tehlikelerden…",YARGITAY KARARI
558,7.7,Yargıtay,12,2014/1348,25066,2014-12-09,gebe×7 | travma×1 | illiyet×3,"…emesi üzerine de katılanı müşahede altına alarak, aralıklarla 2. ve 3. NTS çekilmesini sağlayıp, bebeğin anne karnında öldüğünü tespit etmesi sonrası ölü fetüsü sezaryenle anne karnından aldığı olayda; İstanbul İl Sağlık Müdürlüğü muhakkik raporu ve İstanbul Tabip Odası disiplin kusurlu kararı ile de teyit edilen ve hükme esas alınan Yüksek Sağlık Şurası’nın “sabahtan itibaren bebeğin hareketlerini hisse…",YARGITAY KARARI
559,7.7,Yargıtay,3,2023/12119,3544,2024-03-11,gebe×1 | travma×2 | illiyet×5,"…tmek suretiyle de iştirak edebileceği görülmektedir. Konusu suç teşkil eden emir hiçbir surette yerine getirilemez. Aksi takdirde, yerine getiren ile emri veren sorumlu olur (1982 Anayasasının 137/2. maddesi, 5237 sayılı Türk Ceza Kanunu'nun 24/3 üncü maddesi). Askeri hizmete müteallik hususlarda verilen emir bir suç teşkil ederse bu suçun işlenmesinden emri veren mesuldür. Ancak, amirin emrinin adli…",YARGITAY KARARI
560,7.1,Yargıtay,3,2021/12703,6981,2022-10-31,gebe×1 | travma×1 | illiyet×5,"…tmek suretiyle de iştirak edebileceği görülmektedir. Konusu suç teşkil eden emir hiçbir surette yerine getirilemez. Aksi takdirde, yerine getiren ile emri veren sorumlu olur (1982 Anayasasının 137/2. maddesi, 5237 sayılı Türk Ceza Kanununun 24/3. maddesi). Askeri hizmete müteallik hususlarda verilen emir bir suç teşkil ederse bu suçun işlenmesinden emri veren mesuldür. Ancak, amirin emrinin adli ve a…",YARGITAY KARARI
561,6.8,Anayasa,2,2018/3171,,2021-10-07,gebe×39 | travma×3,"…inceleyen İhtisas Kurulunca hazırlanan 17/11/2017 tarihli görüşte; &nbsp; - Kendisinde kromozomal (kromozomla ilgili) anomali bulunan ve erkendoğan (prematüre doğumla dünyaya gelen) M.Ö.G.nin ölümünün prematürite doğum ve gelişen komplikasyonları sonucu meydana gelmiş olduğu, &nbsp; - Gebenin takibinde ve gebelik haftasına uygun yapılan tetkiklerde, fetüste kromozalbozukluk saptanması üzerine gebeliğin sonlandı…",ANAYASA MAHKEMESİNİN 7/10/2021 TARİHLİ VE 2018/3171 SAYILI KARARI (BİREYSEL BAŞVURU) 
562,6.5,Anayasa,1,2015/16073,,2018-10-11,gebe×1 | travma×14,"…anığı E.M. ise Cumhuriyet Başsavcılığı tarafından fotoğraf teşhisi için önce kayıtlı adresinden ve telefonundan aranmış, sonra hakkında zorla getirme emri çıkarılmıştır. Ancak kolluk kayıtlarında firari olarak görünen E.M.ye ulaşılamadığından teşhis işlemi yaptırılamamıştır. &nbsp; 17. Cumhuriyet Başsavcılığı tarafından yukarıda bahsedilen delilerin toplanmasının ardından 20/5/2015 tarihinde tekrar k…",ANAYASA MAHKEMESİNİN 11/10/2018 TARİHLİ VE 2015/16073 SAYILI KARARI (BİREYSEL BAŞVURU)
563,6.5,Yargıtay,CG,2020/417,285,2023-05-17,gebe×1 | travma×23,"…lanmasının basit tıbbi müdahaleyle giderilebilecek ölçüde hafif nitelikte olduğu, 09.04.2010 tarihinde saat 05.29'da yapılan ölçüme göre sanığın 1,31 promil alkollü olduğu, ... Prof. Dr. ... Ruh ve Sinir Hastalıkları Eğitim Araştırma Hastanesinin 14.02.2011 tarihli raporuna göre; yaşadığı olaydan dolayı mağdurda travma sonrası stres bozukluğu geliştiği, bu belirtilerin azalmakla birlikte hâlen sürdüğü…",YARGITAY KARARI
564,6.4,Yargıtay,16,2020/544,2924,2020-06-18,gebe×2 | travma×1 | illiyet×4,"…de başka şeyler olursa onu bilemeyeceğini söylediği, 16 Temmuz sabah saatlerinde darbe gecesi Marmaris'te bulunan Cumhurbaşkanına operasyon yapılması emrini verdiği iddia olunan dönemin Kartepe Deniz Hava Üs Komutanı Tuğamiral... ile telefonla görüştüğü anlaşılmıştır. Anayasayı İhlal suçunda hal ve koşullara göre neticeyi önleme yönünden hukuki yükümlülüğü bulunan sanığın, Çanakkale Boğaz komutanlığı…",YARGITAY KARARI
565,6.3,Yargıtay,1,2012/1090,3643,2012-05-08,gebe×3 | travma×2 | illiyet×3,"…üphelinin hastalara gereği gibi bakmayarak hastaneyi ve hastaları maddi ve manevi zarara uğrattığı, 30 haftalık gebeliği bulunan T. B. isimli hastayı erken doğum yapacağının belirlenmesine karşın hastaneye kabul etmeyeceğini bildiren şüphelinin, bu hastanın başka hastaneye gitmesine ve sonrasında da hastanın bebeğini başka hastanede kaybetmesine neden olmak suretiyle şirketlerini zarara uğrattığı iddiası ile…",YARGITAY KARARI
566,5.9,A.İ.H.M.,2,2003/29933,,2010-05-20,gebe×1 | travma×1 | illiyet×4,"…ktaşlarıyla yapmış olduğu konuşmaların içeriği nedeniyle başvuranın Türkiye'ye yeniden giriş yapması yasaklanmıştır. 1986 yılındaki sınır dışı edilme emrine rağmen, bu tarihten sonra birçok kez Türkiye'ye girebilmiştir. Ancak, 31 Ağustos 1996'da Türkiye'yi terk ederken pasaportuna damgalanmış yasak ibaresinden haberdar olduğunda, yasağın iptali için başvuruda bulunmuştur. İdari mahkemeler, bu talebi…",COX - TÜRKİYE DAVASI
567,5.2,Yargıtay,16,2019/3292,5795,2019-09-26,gebe×2 | travma×1 | illiyet×3,"…de başka şeyler olursa onu bilemeyeceğini söylediği, 16 Temmuz sabah saatlerinde darbe gecesi Marmaris'te bulunan Cumhurbaşkanına operasyon yapılması emrini verdiği iddia olunan dönemin Kartepe Deniz Hava Üs Komutanı Tuğamiral Tezcan Kızılelma ile telefonla görüştüğü anlaşılmıştır. Anayasayı İhlal suçunda hal ve koşullara göre neticeyi önleme yönünden hukuki yükümlülüğü bulunan sanığın, ...Boğaz komu…",YARGITAY KARARI
568,4.7,A.İ.H.M.,2,2008/6644,,2011-05-24,gebe×1 | travma×1 | illiyet×3,"…şvuranı sorgulamıştır. Başvuran, Kırklareli Cezaevine gitmek üzere cezaevi arabasına koyulmadan önce, 11 Haziran 2007 tarihinde bir jandarma çavuş ve emrindeki on jandarma tarafından Bayrampaşa Cezaevi'nde tuvalete itildiğini, dövüldüğünü, testislerinin sıkıldığını, boğazına copla vurulduğunu ve hakarete uğradığını iddia etmiştir. Bu muamelenin, naklinden önce yüzüklerini çıkarıp teslim etmesine dair…",FIRAT CAN - TÜRKİYE DAVASI
569,4.1,Anayasa,1,2017/14734,,2020-09-16,gebe×1 | travma×6,…zere hiçbirinden bir talep yahut şikayet gelmedi. zaten tıbbi gerekçeye dayalı müracaatlar konusunda mevzuatımız her zaman hassas ve titiz davranmayı emretmekte. ancak dediğim gibi bana herhangi bir sağlık şikayeti ve müracaatı olmadı. ancak ölüm meydana geldikten sonra koğuştaki diğer vatandaşlardan vefat eden şahsın bir takım rahatsızlıkları olduğu bilgisini aldık. ben kabul işlemleri sonrasında ke…,ANAYASA MAHKEMESİNİN 16/9/2020 TARİHLİ VE 2017/14734 SAYILI KARARI (BİREYSEL BAŞVURU)
570,1.7,A.Y.İ.M.,3,2003/523,133,2003-10-31,gebe×1 | travma×2,"…rsus Asliye Hukuk Mahkemesine verdiği ve bu yolla 30.05.2003 tarihinde AYİM'de kayda geçen dava dilekçesinde özetle; Adana Jandarma Bölge Komutanlığı emrinde görevli iken 13.05.1999 tarihinde malulen emekliye sevk edildiğini, emekliye sevk edilmeden önce 14.12.1998 tarihinde Gazi Üniversitesi Sosyal Bilimler Enstitüsü Çalışma Ekonomisi ve Endüstri İlişkileri Anabilim Dalında Lisansüstü öğrenimini tam…",LİSANSÜSTÜ ÖĞRENİM KIDEMİ ALABİLMEK İÇİN YAPILAN BAŞVURUNUN REDDİ İŞLEMİNİN İPTALİ İSTEMİ - BAŞVURU TARİHİNDEKİ STATÜSÜNE SİCİL NOTLARI ORTALAMASINA VE NİTELİK BELGESİNE GÖRE İDARE TARAFINDAN NASİP DÜ
571,1.1,Yargıtay,10,2023/1875,3615,2023-04-03,gebe×1 | travma×1,"…verildiği, ..., Vazife Malullüğü Tespit Kurulunun 19.01.2018 tarih, 85 sayılı kararında; &ldquo;Emniyet Genel Müdürlüğü Özel Harekat Daire Başkanlığı emrinde polis memuru olarak görev yapan, 15.07.2016 tarihinde FETÖ/PDY terör örgütü tarafından gerçekleştirilen darbe girişimi esnasında evinde iken aranarak göreve çağrılması üzerine Gölbaşı Özel Harekat Daire Başkanlığı binasına giden ve burada darbec…",VAZİFE MALULÜ OLDUĞUNUN TESPİTİ DAVASI - VAZİFE MALULÜ SAYILMAYACAĞININ MÜTALAA EDİLDİĞİ - ADLİ TIP KURUMU ÜÇÜNCÜ İHTİSAS KURULUNUN RAPORU DİKKATE ALINARAK VERİLEN KARARIN YERİNDE OLDUĞU - HÜKMÜN ONAN